id	wave	module	module_evidence	count	priority_max	priority_mean	address_min	address_max	list	outbound_dependencies	inbound_neighbors
0001_backend_target	backend_target	class:backend_t	vtable	96	25.0	19.781	00401024	004a4615	batch_lists/0001_backend_target.tsv	0398_unclustered:28;0365_unclustered:26;0278_unclustered:25;0377_unclustered:22;0318_unclustered:17;0121_frontend_bridge:13;0330_unclustered:12;0285_unclustered:11	
0002_backend_target	backend_target	class:backend_t	vtable	70	17.83	17.755	00406414	00486b57	batch_lists/0002_backend_target.tsv		
0003_backend_target	backend_target	src/asm/ease/easedis.cc	address	15	25.0	17.151	00797333	007991de	batch_lists/0003_backend_target.tsv	0452_unclustered:36;0301_unclustered:12;0431_unclustered:9;0453_unclustered:9;0199_runtime_support:8;0423_unclustered:5;0010_backend_target:5;0302_unclustered:4	0029_optimizer:2;0030_optimizer:2
0004_backend_target	backend_target	vtable_shared:other	vtable	96	22.744	19.112	004e2d50	009947c2	batch_lists/0004_backend_target.tsv	0324_unclustered:14;0365_unclustered:13;0355_unclustered:10;0302_unclustered:7;0318_unclustered:5;0348_unclustered:4;0450_unclustered:4;0278_unclustered:3	
0005_backend_target	backend_target	vtable_shared:other	vtable	12	17.83	17.707	005bca8e	0073b65e	batch_lists/0005_backend_target.tsv		
0006_backend_target	backend_target	src/asm/ease/easetarg.cc	address	53	22.019	18.837	0078dd43	00790abd	batch_lists/0006_backend_target.tsv	0464_unclustered:29;0422_unclustered:11;0441_unclustered:8;0452_unclustered:4;0199_runtime_support:3;0423_unclustered:3;0010_backend_target:2;0302_unclustered:2	
0007_backend_target	backend_target	src/shared/indinst/indinstop.cc	address	14	21.201	18.887	0079d993	0079e5db	batch_lists/0007_backend_target.tsv	0422_unclustered:3;0423_unclustered:2;0452_unclustered:2;0453_unclustered:1	
0008_backend_target	backend_target	src/compilers/indep/indcod.cc	graph	4	21.0	19.35	004ccd37	0050a241	batch_lists/0008_backend_target.tsv	0426_unclustered:9;0400_unclustered:8;0121_frontend_bridge:7;0289_unclustered:6;0425_unclustered:4;0287_unclustered:3;0359_unclustered:3;0390_unclustered:2	0351_unclustered:8;0388_unclustered:8;0367_unclustered:7;0405_unclustered:7;0287_unclustered:5;0290_unclustered:5;0295_unclustered:5;0361_unclustered:5
0009_backend_target	backend_target	src/shared/indoutputgen.cc	address	6	20.522	18.444	007a0e99	007a1191	batch_lists/0009_backend_target.tsv	0441_unclustered:2;0199_runtime_support:2;0301_unclustered:2;0217_unclustered:1;0422_unclustered:1;0423_unclustered:1	0349_unclustered:1;0290_unclustered:1
0010_backend_target	backend_target	src/asm/ease/easefield.cc	address	13	20.515	17.299	007865dc	00790442	batch_lists/0010_backend_target.tsv	0199_runtime_support:4;0422_unclustered:1;0423_unclustered:1	0003_backend_target:5;0465_unclustered:4;0452_unclustered:4;0217_unclustered:2;0006_backend_target:2;0004_backend_target:1;0412_unclustered:1;0035_optimizer:1
0011_backend_target	backend_target	src/shared/indinst/indinstparsers.cc	address	6	20.503	18.368	0079b63f	0079c8c8	batch_lists/0011_backend_target.tsv	0302_unclustered:1	
0012_backend_target	backend_target	class:IndInst::IndInstInterface	vtable	2	20.424	20.044	0079f959	0079f9bd	batch_lists/0012_backend_target.tsv	0422_unclustered:2;0452_unclustered:1	
0013_backend_target	backend_target	class:Disassembler	vtable	13	19.839	18.144	00795c8c	00796ef1	batch_lists/0013_backend_target.tsv	0452_unclustered:1	
0014_backend_target	backend_target	class:IndInst::instop	vtable	1	19.33	19.33	0079d717	0079d717	batch_lists/0014_backend_target.tsv	0423_unclustered:1	
0015_backend_target	backend_target	class:IndInst::instopimm	vtable	1	19.33	19.33	0079d765	0079d765	batch_lists/0015_backend_target.tsv	0423_unclustered:1	
0016_backend_target	backend_target	class:IndInst::instopreg	vtable	1	19.33	19.33	0079d73e	0079d73e	batch_lists/0016_backend_target.tsv	0423_unclustered:1	
0017_backend_target	backend_target	src/shared/indinst/indinst.cc	address	4	18.227	16.863	007a0028	007a0ad3	batch_lists/0017_backend_target.tsv	0452_unclustered:5;0453_unclustered:1	
0018_optimizer	optimizer	unknown_0067xxxx	none	1	25.887	25.887	006747de	006747de	batch_lists/0018_optimizer.tsv	0393_unclustered:11;0284_unclustered:7;0439_unclustered:4;0394_unclustered:4;0023_optimizer:2;0400_unclustered:2;0438_unclustered:2;0056_optimizer:1	0019_optimizer:1
0019_optimizer	optimizer	unknown_006axxxx	none	8	25.662	23.976	006a0b1d	006ae504	batch_lists/0019_optimizer.tsv	0439_unclustered:18;0438_unclustered:11;0315_unclustered:6;0428_unclustered:5;0408_unclustered:4;0319_unclustered:4;0308_unclustered:4;0122_frontend_bridge:3	0334_unclustered:2;0390_unclustered:1;0438_unclustered:1
0020_optimizer	optimizer	unknown_006exxxx	none	1	25.278	25.278	006ef6cb	006ef6cb	batch_lists/0020_optimizer.tsv	0321_unclustered:5;0324_unclustered:4;0323_unclustered:2;0357_unclustered:2;0326_unclustered:1;0400_unclustered:1;0365_unclustered:1;0438_unclustered:1	0324_unclustered:1
0021_optimizer	optimizer	unknown_0069xxxx	none	1	24.819	24.819	0069bf55	0069bf55	batch_lists/0021_optimizer.tsv	0408_unclustered:2;0380_unclustered:2;0282_unclustered:1;0407_unclustered:1;0319_unclustered:1;0328_unclustered:1;0359_unclustered:1;0417_unclustered:1	0019_optimizer:2;0398_unclustered:1;0316_unclustered:1;0438_unclustered:1
0022_optimizer	optimizer	unknown_0066xxxx	none	1	24.577	24.577	0066fad9	0066fad9	batch_lists/0022_optimizer.tsv	0071_optimizer:4;0428_unclustered:4;0393_unclustered:1;0390_unclustered:1;0354_unclustered:1;0348_unclustered:1;0391_unclustered:1;0438_unclustered:1	0018_optimizer:1;0019_optimizer:1
0023_optimizer	optimizer	unknown_0073xxxx	none	2	24.279	24.194	00739e6a	0073a363	batch_lists/0023_optimizer.tsv	0451_unclustered:7;0450_unclustered:3;0438_unclustered:2;0285_unclustered:2;0365_unclustered:2;0348_unclustered:2;0293_unclustered:2;0319_unclustered:1	0018_optimizer:2;0019_optimizer:1
0024_optimizer	optimizer	vtable_shared:optimizer/analysis	vtable	27	24.0	19.429	0061fc27	007711eb	batch_lists/0024_optimizer.tsv	0330_unclustered:13;0365_unclustered:7;0357_unclustered:6;0412_unclustered:5;0284_unclustered:5;0321_unclustered:4;0373_unclustered:2;0287_unclustered:2	
0025_optimizer	optimizer	class:list_scheduler	vtable	1	23.504	23.504	00737c92	00737c92	batch_lists/0025_optimizer.tsv	0451_unclustered:6;0450_unclustered:2;0285_unclustered:1;0365_unclustered:1;0348_unclustered:1;0293_unclustered:1	0042_optimizer:1;0043_optimizer:1
0026_optimizer	optimizer	class:RBFwdDataFlow	vtable	8	23.421	21.167	0074e21a	0076e876	batch_lists/0026_optimizer.tsv	0330_unclustered:7;0373_unclustered:6;0331_unclustered:5;0199_runtime_support:3;0371_unclustered:3;0412_unclustered:3;0284_unclustered:2;0365_unclustered:2	
0027_optimizer	optimizer	vtable_shared:scheduler	vtable	19	23.348	20.021	00486b90	00739ae2	batch_lists/0027_optimizer.tsv	0451_unclustered:15;0348_unclustered:8;0285_unclustered:7;0293_unclustered:2;0199_runtime_support:2;0365_unclustered:2	
0028_optimizer	optimizer	class:pt_alias	vtable	5	23.147	19.569	0061f047	0061f226	batch_lists/0028_optimizer.tsv	0321_unclustered:4;0324_unclustered:3;0391_unclustered:1;0356_unclustered:1;0308_unclustered:1;0438_unclustered:1;0348_unclustered:1;0357_unclustered:1	
0029_optimizer	optimizer	class:register_range	vtable	16	23.019	19.993	00742a3b	007a12dd	batch_lists/0029_optimizer.tsv	0464_unclustered:5;0199_runtime_support:4;0302_unclustered:4;0413_unclustered:3;0452_unclustered:3;0431_unclustered:3;0363_unclustered:2;0003_backend_target:2	
0030_optimizer	optimizer	class:register_set	vtable	16	23.019	19.947	00742c51	007a135e	batch_lists/0030_optimizer.tsv	0464_unclustered:5;0302_unclustered:4;0413_unclustered:3;0431_unclustered:3;0363_unclustered:2;0355_unclustered:2;0452_unclustered:2;0199_runtime_support:2	
0031_optimizer	optimizer	class:register_implicit	vtable	9	23.016	20.126	00742ef7	007a13df	batch_lists/0031_optimizer.tsv	0464_unclustered:5;0302_unclustered:4;0355_unclustered:3;0431_unclustered:3;0363_unclustered:2;0199_runtime_support:2;0365_unclustered:1;0413_unclustered:1	
0032_optimizer	optimizer	class:backend_dataflow	vtable	19	22.695	18.445	0074dae0	0076ce1e	batch_lists/0032_optimizer.tsv	0365_unclustered:4;0373_unclustered:4;0321_unclustered:1;0330_unclustered:1;0287_unclustered:1;0357_unclustered:1;0324_unclustered:1;0355_unclustered:1	
0033_optimizer	optimizer	class:VNFwdDataFlow	vtable	13	22.671	19.319	00774486	0077a910	batch_lists/0033_optimizer.tsv	0370_unclustered:6;0365_unclustered:4;0371_unclustered:3;0321_unclustered:2;0431_unclustered:2;0369_unclustered:1;0465_unclustered:1;0422_unclustered:1	
0034_optimizer	optimizer	class:ame_resource_scheduler	vtable	3	22.478	20.049	0048a852	0048af87	batch_lists/0034_optimizer.tsv	0286_unclustered:2;0438_unclustered:1;0334_unclustered:1;0354_unclustered:1;0365_unclustered:1;0042_optimizer:1	
0035_optimizer	optimizer	vtable_shared:other	vtable	20	22.416	18.849	00742622	0079b5b0	batch_lists/0035_optimizer.tsv	0302_unclustered:7;0365_unclustered:2;0450_unclustered:1;0121_frontend_bridge:1;0438_unclustered:1;0393_unclustered:1;0285_unclustered:1;0355_unclustered:1	
0036_optimizer	optimizer	class:PostLivenessDf	vtable	2	22.327	19.986	00500d3f	00500d44	batch_lists/0036_optimizer.tsv	0302_unclustered:2;0425_unclustered:2;0303_unclustered:2;0365_unclustered:1	
0037_optimizer	optimizer	class:g4_resource_scheduler	vtable	2	22.311	20.743	00486cbc	00487f47	batch_lists/0037_optimizer.tsv	0284_unclustered:1;0438_unclustered:1;0334_unclustered:1;0365_unclustered:1;0042_optimizer:1	
0038_optimizer	optimizer	class:RBBkwdDataFlow	vtable	9	22.082	20.076	0074e300	0076ec9e	batch_lists/0038_optimizer.tsv	0330_unclustered:9;0373_unclustered:2;0331_unclustered:2;0412_unclustered:2;0390_unclustered:1;0324_unclustered:1;0325_unclustered:1;0321_unclustered:1	
0039_optimizer	optimizer	class:RegReNameBkwdDataFlow	vtable	7	22.022	19.999	0074e3d6	0076a793	batch_lists/0039_optimizer.tsv	0373_unclustered:7;0348_unclustered:3;0321_unclustered:2;0325_unclustered:1;0425_unclustered:1;0438_unclustered:1;0330_unclustered:1	
0040_optimizer	optimizer	class:ppc970_resource_scheduler	vtable	2	21.92	21.415	00487ff2	00488266	batch_lists/0040_optimizer.tsv	0451_unclustered:3;0354_unclustered:2;0365_unclustered:2;0042_optimizer:1	
0041_optimizer	optimizer	class:ls_window_scheduler	vtable	13	21.642	19.058	00735ac3	0073add4	batch_lists/0041_optimizer.tsv	0451_unclustered:3;0450_unclustered:3;0324_unclustered:2;0283_unclustered:1;0354_unclustered:1;0388_unclustered:1;0357_unclustered:1	
0042_optimizer	optimizer	class:resource_model_scheduler	vtable	1	21.503	21.503	0073950f	0073950f	batch_lists/0042_optimizer.tsv	0025_optimizer:1;0199_runtime_support:1	0037_optimizer:1;0040_optimizer:1;0034_optimizer:1
0043_optimizer	optimizer	class:compat_list_scheduler	vtable	3	21.182	20.349	0073a7f7	0073a849	batch_lists/0043_optimizer.tsv	0451_unclustered:3;0354_unclustered:2;0025_optimizer:1;0071_optimizer:1	
0044_optimizer	optimizer	class:HoistDelayDf	vtable	2	21.112	20.225	005f9e3d	005f9e65	batch_lists/0044_optimizer.tsv	0362_unclustered:3;0363_unclustered:1	
0045_optimizer	optimizer	class:HoistRedundantDf	vtable	2	21.099	20.18	005f9c19	005f9c39	batch_lists/0045_optimizer.tsv	0362_unclustered:3;0363_unclustered:1	
0046_optimizer	optimizer	class:LivenessDf	vtable	2	21.073	21.037	00500b9f	00500cd7	batch_lists/0046_optimizer.tsv	0303_unclustered:4;0302_unclustered:2;0300_unclustered:1	
0047_optimizer	optimizer	class:AddMachopVisitor	vtable	1	21.072	21.072	007013f2	007013f2	batch_lists/0047_optimizer.tsv	0355_unclustered:1;0357_unclustered:1;0439_unclustered:1	0326_unclustered:1
0048_optimizer	optimizer	class:Split64DoVisitor	vtable	2	21.021	20.988	006ac165	006ac246	batch_lists/0048_optimizer.tsv	0438_unclustered:3;0121_frontend_bridge:1;0439_unclustered:1;0357_unclustered:1	
0049_optimizer	optimizer	class:alloc_table_hash	vtable	4	20.718	19.741	0071dfdd	0071f38a	batch_lists/0049_optimizer.tsv	0423_unclustered:2;0328_unclustered:2;0329_unclustered:2	
0050_optimizer	optimizer	class:DelayedDf	vtable	2	20.685	19.944	005d9789	005d97a4	batch_lists/0050_optimizer.tsv	0362_unclustered:3	
0051_optimizer	optimizer	class:DownSafetyDf	vtable	2	20.668	19.935	005d940a	005d9425	batch_lists/0051_optimizer.tsv	0362_unclustered:3	
0052_optimizer	optimizer	class:Split64TestVisitor	vtable	2	20.655	20.223	006abe80	006abfb6	batch_lists/0052_optimizer.tsv	0121_frontend_bridge:1;0439_unclustered:1;0357_unclustered:1	
0053_optimizer	optimizer	class:UpSafetyDf	vtable	2	20.64	19.921	005d9566	005d9581	batch_lists/0053_optimizer.tsv	0362_unclustered:3	
0054_optimizer	optimizer	class:HoistAvailDf	vtable	2	20.591	20.399	005f9a83	005f9adc	batch_lists/0054_optimizer.tsv	0362_unclustered:3;0363_unclustered:1	
0055_optimizer	optimizer	class:alloc_table_bcl	vtable	4	20.581	19.878	0071e19f	0071e388	batch_lists/0055_optimizer.tsv	0329_unclustered:2;0423_unclustered:1;0364_unclustered:1;0365_unclustered:1	
0056_optimizer	optimizer	src/compilers/indep/indcase.cc	graph	11	20.289	19.287	004185fe	007261cb	batch_lists/0056_optimizer.tsv	0388_unclustered:7;0278_unclustered:5;0365_unclustered:5;0355_unclustered:3;0422_unclustered:3;0431_unclustered:3;0199_runtime_support:3;0400_unclustered:3	0316_unclustered:20;0388_unclustered:12;0278_unclustered:11;0393_unclustered:11;0280_unclustered:9;0282_unclustered:8;0354_unclustered:7;0394_unclustered:6
0057_optimizer	optimizer	class:CopyPropDf	vtable	2	20.255	20.208	005fc273	005fc3a0	batch_lists/0057_optimizer.tsv	0367_unclustered:1;0363_unclustered:1;0364_unclustered:1	
0058_optimizer	optimizer	class:alloc_table_btree	vtable	4	20.239	19.763	0071e0a4	0071f497	batch_lists/0058_optimizer.tsv	0329_unclustered:4;0423_unclustered:1;0328_unclustered:1	
0059_optimizer	optimizer	src/shared/indtime.c	graph	6	20.085	17.749	005aeced	00a93380	batch_lists/0059_optimizer.tsv	0199_runtime_support:2;0431_unclustered:2	0316_unclustered:3;0354_unclustered:2;0390_unclustered:2;0292_unclustered:2;0301_unclustered:2;0456_unclustered:2;0408_unclustered:2;0439_unclustered:2
0060_optimizer	optimizer	class:LatestDf	vtable	2	20.047	18.846	005d98f5	005d98fa	batch_lists/0060_optimizer.tsv	0362_unclustered:1	
0061_optimizer	optimizer	class:IsolatedDf	vtable	2	20.003	19.602	005d9a1d	005d9a38	batch_lists/0061_optimizer.tsv	0362_unclustered:2	
0062_optimizer	optimizer	class:HoistUsableDf	vtable	2	19.991	19.596	005fa155	005fa170	batch_lists/0062_optimizer.tsv	0362_unclustered:2	
0063_optimizer	optimizer	class:GcseLiveDf	vtable	2	19.981	19.621	005d9d5b	005d9d7b	batch_lists/0063_optimizer.tsv	0362_unclustered:2	
0064_optimizer	optimizer	class:EarliestDf	vtable	2	19.944	18.795	005d96aa	005d96af	batch_lists/0064_optimizer.tsv	0362_unclustered:1	
0065_optimizer	optimizer	class:HoistFinal2Df	vtable	2	19.944	19.916	005f9fc1	005fa09b	batch_lists/0065_optimizer.tsv	0362_unclustered:1;0363_unclustered:1	
0066_optimizer	optimizer	class:BooleanAccurateAliasAnalyzer	vtable	2	19.932	19.922	005db3f1	005db4b8	batch_lists/0066_optimizer.tsv	0365_unclustered:2	
0067_optimizer	optimizer	class:ValueNeededDf	vtable	2	19.65	19.301	005ea90a	005ea96a	batch_lists/0067_optimizer.tsv	0306_unclustered:1	
0068_optimizer	optimizer	class:TouchesDf	vtable	2	19.639	19.496	00500898	00500b42	batch_lists/0068_optimizer.tsv	0303_unclustered:1	
0069_optimizer	optimizer	class:HoistHelpfulDf	vtable	2	19.439	18.543	005f9bdf	005f9be4	batch_lists/0069_optimizer.tsv	0362_unclustered:1	
0070_optimizer	optimizer	class:alloc_table	vtable	1	19.33	19.33	0071dcd0	0071dcd0	batch_lists/0070_optimizer.tsv	0423_unclustered:1	
0071_optimizer	optimizer	src/compilers/indep/ghspascal.h	address	11	19.301	17.693	004836e4	0066f13e	batch_lists/0071_optimizer.tsv	0354_unclustered:6;0422_unclustered:5;0285_unclustered:4;0348_unclustered:3;0428_unclustered:2;0293_unclustered:2;0365_unclustered:1;0295_unclustered:1	0428_unclustered:5;0393_unclustered:5;0022_optimizer:4;0354_unclustered:1;0451_unclustered:1;0043_optimizer:1
0072_optimizer	optimizer	class:MachopVisitor	vtable	1	19.214	19.214	00696dd5	00696dd5	batch_lists/0072_optimizer.tsv	0357_unclustered:1	
0073_optimizer	optimizer	class:FinalDf	vtable	2	18.999	18.322	005d9b39	005d9b3e	batch_lists/0073_optimizer.tsv		
0074_optimizer	optimizer	class:GcseFinalDf	vtable	2	18.915	18.28	005d9e6d	005d9e72	batch_lists/0074_optimizer.tsv		
0075_optimizer	optimizer	class:HoistFinalDf	vtable	2	18.865	18.255	005f9d89	005f9d8e	batch_lists/0075_optimizer.tsv		
0076_optimizer	optimizer	class:GcseSelectDf	vtable	2	18.859	18.787	005d9c3c	005d9caf	batch_lists/0076_optimizer.tsv		
0077_optimizer	optimizer	class:HoistFinal3Df	vtable	2	18.812	18.229	005fa269	005fa26e	batch_lists/0077_optimizer.tsv		
0078_optimizer	optimizer	class:FCEReachingWriteDf	vtable	2	18.792	18.219	005f5279	005f5c56	batch_lists/0078_optimizer.tsv		
0079_optimizer	optimizer	class:TimeAccurateAliasAnalyzer	vtable	2	18.522	18.349	005cf40e	005cf451	batch_lists/0079_optimizer.tsv		
0080_optimizer	optimizer	class:objectdata	vtable	2	17.865	17.755	004a5d05	004dea14	batch_lists/0080_optimizer.tsv		
0081_optimizer	optimizer	class:objectdata_arithifi	vtable	2	17.865	17.755	004a6147	004dea9b	batch_lists/0081_optimizer.tsv		
0082_optimizer	optimizer	class:objectdata_arrayop	vtable	2	17.865	17.755	004a5d19	004dea1e	batch_lists/0082_optimizer.tsv		
0083_optimizer	optimizer	class:objectdata_block	vtable	2	17.865	17.755	004a6165	004deaaa	batch_lists/0083_optimizer.tsv		
0084_optimizer	optimizer	class:objectdata_call	vtable	2	17.865	17.755	004a5d69	004dea46	batch_lists/0084_optimizer.tsv		
0085_optimizer	optimizer	class:objectdata_casm	vtable	2	17.865	17.755	004a6183	004deab9	batch_lists/0085_optimizer.tsv		
0086_optimizer	optimizer	class:objectdata_commentop	vtable	2	17.865	17.755	004a6197	004deac3	batch_lists/0086_optimizer.tsv		
0087_optimizer	optimizer	class:objectdata_complexop	vtable	2	17.865	17.755	004a6115	004dea82	batch_lists/0087_optimizer.tsv		
0088_optimizer	optimizer	class:objectdata_compoundop	vtable	2	17.865	17.755	004a5d2d	004dea28	batch_lists/0088_optimizer.tsv		
0089_optimizer	optimizer	class:objectdata_data	vtable	2	17.865	17.755	004a611f	004dea87	batch_lists/0089_optimizer.tsv		
0090_optimizer	optimizer	class:objectdata_dot	vtable	2	17.865	17.755	004a5d4b	004dea37	batch_lists/0090_optimizer.tsv		
0091_optimizer	optimizer	class:objectdata_entryop	vtable	2	17.865	17.755	004a5d7d	004dea50	batch_lists/0091_optimizer.tsv		
0092_optimizer	optimizer	class:objectdata_floatconst	vtable	2	17.865	17.755	004a60f7	004dea73	batch_lists/0092_optimizer.tsv		
0093_optimizer	optimizer	class:objectdata_fourop	vtable	2	17.865	17.755	004a6179	004deab4	batch_lists/0093_optimizer.tsv		
0094_optimizer	optimizer	class:objectdata_generic	vtable	2	17.865	17.755	004a5daf	004dea69	batch_lists/0094_optimizer.tsv		
0095_optimizer	optimizer	class:objectdata_ifop	vtable	2	17.865	17.755	004a6151	004deaa0	batch_lists/0095_optimizer.tsv		
0096_optimizer	optimizer	class:objectdata_leavescope	vtable	2	17.865	17.755	004a61ab	004deacd	batch_lists/0096_optimizer.tsv		
0097_optimizer	optimizer	class:objectdata_lineop	vtable	2	17.865	17.755	004a618d	004deabe	batch_lists/0097_optimizer.tsv		
0098_optimizer	optimizer	class:objectdata_magictype	vtable	2	17.865	17.755	004a5d37	004dea2d	batch_lists/0098_optimizer.tsv		
0099_optimizer	optimizer	class:objectdata_predcode	vtable	2	17.865	17.755	004a615b	004deaa5	batch_lists/0099_optimizer.tsv		
0100_optimizer	optimizer	class:objectdata_qaddrs	vtable	2	17.865	17.755	004a5d91	004dea5a	batch_lists/0100_optimizer.tsv		
0101_optimizer	optimizer	class:objectdata_qindex	vtable	2	17.865	17.755	004a5d41	004dea32	batch_lists/0101_optimizer.tsv		
0102_optimizer	optimizer	class:objectdata_qjcond	vtable	2	17.865	17.755	004a6129	004dea8c	batch_lists/0102_optimizer.tsv		
0103_optimizer	optimizer	class:objectdata_qjmp	vtable	2	17.865	17.755	004a6133	004dea91	batch_lists/0103_optimizer.tsv		
0104_optimizer	optimizer	class:objectdata_qjtab	vtable	2	17.865	17.755	004a613d	004dea96	batch_lists/0104_optimizer.tsv		
0105_optimizer	optimizer	class:objectdata_recordtyp	vtable	2	17.865	17.755	004a5d55	004dea3c	batch_lists/0105_optimizer.tsv		
0106_optimizer	optimizer	class:objectdata_rouconstr	vtable	2	17.865	17.755	004a5d73	004dea4b	batch_lists/0106_optimizer.tsv		
0107_optimizer	optimizer	class:objectdata_scalconst	vtable	2	17.865	17.755	004a60ed	004dea6e	batch_lists/0107_optimizer.tsv		
0108_optimizer	optimizer	class:objectdata_setconstructor	vtable	2	17.865	17.755	004a610b	004dea7d	batch_lists/0108_optimizer.tsv		
0109_optimizer	optimizer	class:objectdata_startscope	vtable	2	17.865	17.755	004a61a1	004deac8	batch_lists/0109_optimizer.tsv		
0110_optimizer	optimizer	class:objectdata_statexpr	vtable	2	17.865	17.755	004a61bf	004dead7	batch_lists/0110_optimizer.tsv		
0111_optimizer	optimizer	class:objectdata_statfunc	vtable	2	17.865	17.755	004a5d87	004dea55	batch_lists/0111_optimizer.tsv		
0112_optimizer	optimizer	class:objectdata_strconst	vtable	2	17.865	17.755	004a6101	004dea78	batch_lists/0112_optimizer.tsv		
0113_optimizer	optimizer	class:objectdata_subrangeop	vtable	2	17.865	17.755	004a5d5f	004dea41	batch_lists/0113_optimizer.tsv		
0114_optimizer	optimizer	class:objectdata_twoop	vtable	2	17.865	17.755	004a5d0f	004dea19	batch_lists/0114_optimizer.tsv		
0115_optimizer	optimizer	class:objectdata_undefop	vtable	2	17.865	17.755	004a616f	004deaaf	batch_lists/0115_optimizer.tsv		
0116_optimizer	optimizer	class:objectdata_varargsop	vtable	2	17.865	17.755	004a61b5	004dead2	batch_lists/0116_optimizer.tsv		
0117_optimizer	optimizer	class:objectdata_varfield	vtable	2	17.865	17.755	004a5da5	004dea64	batch_lists/0117_optimizer.tsv		
0118_optimizer	optimizer	class:objectdata_variable	vtable	2	17.865	17.755	004a5d9b	004dea5f	batch_lists/0118_optimizer.tsv		
0119_optimizer	optimizer	class:objectdata_vectorop	vtable	2	17.865	17.755	004a5d23	004dea23	batch_lists/0119_optimizer.tsv		
0120_optimizer	optimizer	class:AliasAnalyzer	vtable	2	17.83	17.738	005cf400	005cf409	batch_lists/0120_optimizer.tsv		
0121_frontend_bridge	frontend_bridge	src/compilers/edg/ghs_be.cc	graph	96	21.0	18.463	004a969d	009c0920	batch_lists/0121_frontend_bridge.tsv	0333_unclustered:41;0365_unclustered:27;0289_unclustered:23;0400_unclustered:19;0334_unclustered:16;0376_unclustered:16;0422_unclustered:13;0301_unclustered:12	0287_unclustered:134;0333_unclustered:108;0398_unclustered:85;0316_unclustered:82;0390_unclustered:77;0367_unclustered:76;0400_unclustered:54;0305_unclustered:50
0122_frontend_bridge	frontend_bridge	src/compilers/edg/ghs_be.cc	address	94	20.228	16.817	005aed39	009d6334	batch_lists/0122_frontend_bridge.tsv	0334_unclustered:22;0376_unclustered:16;0199_runtime_support:13;0365_unclustered:12;0159_frontend:10;0301_unclustered:9;0121_frontend_bridge:8;0422_unclustered:6	0168_frontend:14;0173_frontend:11;0141_frontend:8;0376_unclustered:7;0334_unclustered:4;0363_unclustered:3;0380_unclustered:3;0019_optimizer:3
0123_frontend_bridge	frontend_bridge	src/compilers/edg/ghs_debug.c	graph	17	19.778	17.857	005a6986	009dc6fe	batch_lists/0123_frontend_bridge.tsv	0460_unclustered:6;0339_unclustered:6;0462_unclustered:4;0340_unclustered:4;0302_unclustered:2;0461_unclustered:2;0201_runtime_support:1;0200_runtime_support:1	0380_unclustered:8;0381_unclustered:7;0292_unclustered:2;0454_unclustered:2;0336_unclustered:2;0293_unclustered:1;0295_unclustered:1;0303_unclustered:1
0124_frontend_bridge	frontend_bridge	src/compilers/edg/ghs_tdeh.cc	address	9	19.051	17.127	009bfdcd	009c11d9	batch_lists/0124_frontend_bridge.tsv	0121_frontend_bridge:9;0422_unclustered:4;0365_unclustered:3;0303_unclustered:3;0302_unclustered:2;0337_unclustered:2;0407_unclustered:1;0391_unclustered:1	0337_unclustered:2;0308_unclustered:1;0322_unclustered:1;0475_unclustered:1
0125_frontend	frontend	src/edg/src/il_display.c	address	61	22.824	17.687	0087777c	00a98157	batch_lists/0125_frontend.tsv	0469_unclustered:76;0175_frontend:5;0199_runtime_support:4;0202_runtime_support:2;0431_unclustered:2;0203_runtime_support:2;0129_frontend:1;0200_runtime_support:1	0469_unclustered:68;0467_unclustered:6;0404_unclustered:3;0324_unclustered:2;0402_unclustered:2;0403_unclustered:2;0420_unclustered:2;0295_unclustered:1
0126_frontend	frontend	src/edg/src/host_envir.c	address	67	22.597	17.141	0085725f	00a99b14	batch_lists/0126_frontend.tsv	0199_runtime_support:42;0430_unclustered:11;0200_runtime_support:10;0176_frontend:9;0383_unclustered:7;0159_frontend:7;0455_unclustered:6;0459_unclustered:5	0127_frontend:17;0148_frontend:12;0147_frontend:10;0159_frontend:5;0164_frontend:5;0430_unclustered:4;0441_unclustered:3;0152_frontend:3
0127_frontend	frontend	src/edg/src/pch.c	address	38	22.227	17.817	00911440	00a9949e	batch_lists/0127_frontend.tsv	0199_runtime_support:33;0459_unclustered:18;0126_frontend:17;0414_unclustered:8;0159_frontend:7;0383_unclustered:7;0176_frontend:3;0431_unclustered:3	0414_unclustered:6;0385_unclustered:2;0420_unclustered:2;0455_unclustered:1;0456_unclustered:1;0457_unclustered:1;0422_unclustered:1;0415_unclustered:1
0128_frontend	frontend	src/edg/src/decls.c	address	90	20.969	17.485	007ed2be	009918b3	batch_lists/0128_frontend.tsv	0159_frontend:81;0133_frontend:41;0473_unclustered:32;0130_frontend:16;0156_frontend:16;0129_frontend:11;0459_unclustered:11;0177_frontend:8	0138_frontend:7;0135_frontend:6;0151_frontend:3;0146_frontend:3;0168_frontend:3;0149_frontend:2;0147_frontend:2;0148_frontend:1
0129_frontend	frontend	src/edg/src/il.c	address	96	20.969	18.335	0085c54f	008700c2	batch_lists/0129_frontend.tsv	0199_runtime_support:52;0133_frontend:39;0430_unclustered:30;0161_frontend:30;0473_unclustered:10;0130_frontend:9;0175_frontend:6;0176_frontend:4	0171_frontend:97;0153_frontend:79;0143_frontend:59;0135_frontend:50;0141_frontend:48;0154_frontend:39;0178_frontend:32;0144_frontend:25
0130_frontend	frontend	src/edg/src/il.c	address	96	20.674	17.991	0085f2a1	00872323	batch_lists/0130_frontend.tsv	0161_frontend:22;0199_runtime_support:19;0133_frontend:13;0459_unclustered:12;0473_unclustered:9;0430_unclustered:6;0467_unclustered:3;0159_frontend:3	0171_frontend:38;0153_frontend:33;0143_frontend:27;0135_frontend:22;0128_frontend:16;0141_frontend:16;0140_frontend:14;0178_frontend:14
0131_frontend	frontend	src/edg/src/il.c	address	96	18.361	16.876	008474a4	008726e5	batch_lists/0131_frontend.tsv	0161_frontend:13;0133_frontend:12;0199_runtime_support:11;0159_frontend:6;0473_unclustered:5;0430_unclustered:4;0459_unclustered:4;0166_frontend:3	0191_frontend:4;0171_frontend:4;0414_unclustered:4;0128_frontend:3;0136_frontend:3;0148_frontend:3;0154_frontend:3;0141_frontend:2
0132_frontend	frontend	src/edg/src/il.c	address	6	15.562	15.251	00864d9c	0086e345	batch_lists/0132_frontend.tsv		0128_frontend:1
0133_frontend	frontend	src/edg/src/types.c	address	96	20.906	18.584	00972653	0097e9dc	batch_lists/0133_frontend.tsv	0473_unclustered:71;0159_frontend:12;0459_unclustered:11;0199_runtime_support:7;0130_frontend:7;0129_frontend:7;0430_unclustered:5;0140_frontend:3	0135_frontend:206;0144_frontend:118;0141_frontend:78;0138_frontend:62;0136_frontend:44;0128_frontend:41;0129_frontend:39;0171_frontend:37
0134_frontend	frontend	src/edg/src/types.c	address	62	18.312	16.692	00972a0f	0097e970	batch_lists/0134_frontend.tsv	0473_unclustered:21;0130_frontend:2;0146_frontend:2;0157_frontend:2;0459_unclustered:1;0131_frontend:1	0135_frontend:15;0144_frontend:5;0138_frontend:4;0146_frontend:4;0171_frontend:3;0179_frontend:3;0142_frontend:2;0141_frontend:2
0135_frontend	frontend	src/edg/src/expr.c	address	96	20.887	18.999	007fb076	0090dddc	batch_lists/0135_frontend.tsv	0133_frontend:206;0141_frontend:199;0159_frontend:109;0473_unclustered:77;0129_frontend:50;0459_unclustered:38;0142_frontend:33;0136_frontend:30	0141_frontend:19;0136_frontend:18;0476_unclustered:11;0144_frontend:9;0180_frontend:2;0472_unclustered:2;0142_frontend:2;0177_frontend:1
0136_frontend	frontend	src/edg/src/expr.c	address	72	19.802	17.405	0080be53	00937a1c	batch_lists/0136_frontend.tsv	0133_frontend:44;0141_frontend:35;0159_frontend:18;0135_frontend:18;0130_frontend:11;0473_unclustered:11;0129_frontend:11;0142_frontend:8	0135_frontend:30;0476_unclustered:12;0141_frontend:5;0144_frontend:3;0138_frontend:1;0183_frontend:1;0128_frontend:1;0142_frontend:1
0137_frontend	frontend	src/edg/src/declarator.c	address	22	20.869	17.378	007e4393	00973a48	batch_lists/0137_frontend.tsv	0159_frontend:19;0133_frontend:17;0473_unclustered:10;0129_frontend:8;0148_frontend:6;0471_unclustered:5;0161_frontend:3;0472_unclustered:2	0180_frontend:3;0128_frontend:2;0174_frontend:1;0133_frontend:1
0138_frontend	frontend	src/edg/src/class_decl.c	address	96	20.853	17.706	007a7f01	00873e93	batch_lists/0138_frontend.tsv	0133_frontend:62;0159_frontend:51;0459_unclustered:31;0473_unclustered:30;0199_runtime_support:27;0156_frontend:17;0430_unclustered:15;0466_unclustered:15	0146_frontend:4;0158_frontend:3;0133_frontend:2;0137_frontend:1;0128_frontend:1;0129_frontend:1;0144_frontend:1;0157_frontend:1
0139_frontend	frontend	src/edg/src/class_decl.c	address	8	16.29	16.094	007a800d	007af01c	batch_lists/0139_frontend.tsv	0383_unclustered:2;0133_frontend:1	0138_frontend:1;0157_frontend:1
0140_frontend	frontend	src/edg/src/folding.c	address	72	20.801	17.844	007ca490	00985770	batch_lists/0140_frontend.tsv	0459_unclustered:69;0473_unclustered:36;0161_frontend:32;0181_frontend:31;0159_frontend:23;0468_unclustered:21;0133_frontend:18;0130_frontend:14	0459_unclustered:11;0141_frontend:4;0133_frontend:3;0159_frontend:2;0135_frontend:2;0171_frontend:2;0136_frontend:1;0142_frontend:1
0141_frontend	frontend	src/edg/src/exprutil.c	address	96	20.719	18.226	0083103e	0090a943	batch_lists/0141_frontend.tsv	0133_frontend:78;0129_frontend:48;0473_unclustered:42;0159_frontend:40;0135_frontend:19;0130_frontend:16;0161_frontend:10;0122_frontend_bridge:8	0135_frontend:199;0144_frontend:45;0136_frontend:35;0145_frontend:3;0182_frontend:2;0129_frontend:2;0171_frontend:2;0476_unclustered:1
0142_frontend	frontend	src/edg/src/exprutil.c	address	49	20.19	17.347	00800259	0097e785	batch_lists/0142_frontend.tsv	0133_frontend:14;0130_frontend:13;0129_frontend:12;0473_unclustered:8;0159_frontend:6;0459_unclustered:4;0166_frontend:3;0134_frontend:2	0135_frontend:33;0136_frontend:8;0144_frontend:5;0153_frontend:3;0128_frontend:1;0141_frontend:1;0129_frontend:1;0172_frontend:1
0143_frontend	frontend	src/edg/src/lower_eh.c	address	66	20.716	17.587	008c8548	008cda0a	batch_lists/0143_frontend.tsv	0129_frontend:59;0153_frontend:38;0130_frontend:27;0161_frontend:24;0154_frontend:19;0171_frontend:17;0133_frontend:13;0482_unclustered:7	0171_frontend:2;0153_frontend:1;0154_frontend:1;0172_frontend:1
0144_frontend	frontend	src/edg/src/overload.c	address	96	20.715	17.915	0081d2e1	00973bee	batch_lists/0144_frontend.tsv	0133_frontend:118;0141_frontend:45;0159_frontend:43;0473_unclustered:37;0129_frontend:25;0199_runtime_support:15;0135_frontend:9;0459_unclustered:9	0135_frontend:14;0145_frontend:4;0136_frontend:3;0141_frontend:3;0142_frontend:2;0140_frontend:1;0129_frontend:1;0178_frontend:1
0145_frontend	frontend	src/edg/src/overload.c	address	23	18.176	17.09	008fe3b3	0093f56c	batch_lists/0145_frontend.tsv	0133_frontend:7;0159_frontend:7;0473_unclustered:5;0129_frontend:5;0144_frontend:4;0130_frontend:3;0157_frontend:3;0141_frontend:3	0136_frontend:3;0135_frontend:1
0146_frontend	frontend	src/edg/src/templates.c	address	96	20.706	17.7	007ccc82	00988985	batch_lists/0146_frontend.tsv	0159_frontend:38;0473_unclustered:26;0133_frontend:22;0459_unclustered:17;0156_frontend:13;0161_frontend:13;0199_runtime_support:13;0148_frontend:13	0135_frontend:8;0138_frontend:5;0128_frontend:4;0383_unclustered:4;0163_frontend:3;0144_frontend:3;0133_frontend:2;0134_frontend:2
0147_frontend	frontend	src/edg/src/templates.c	address	81	18.627	17.005	00871fea	00961e54	batch_lists/0147_frontend.tsv	0159_frontend:17;0199_runtime_support:16;0126_frontend:10;0459_unclustered:7;0383_unclustered:6;0161_frontend:4;0156_frontend:4;0157_frontend:4	0146_frontend:4;0138_frontend:1;0468_unclustered:1;0148_frontend:1;0133_frontend:1
0148_frontend	frontend	src/edg/src/lexical.c	address	96	20.701	17.784	00820ce5	009598a2	batch_lists/0148_frontend.tsv	0199_runtime_support:39;0159_frontend:25;0459_unclustered:19;0126_frontend:12;0474_unclustered:11;0383_unclustered:11;0160_frontend:6;0156_frontend:5	0414_unclustered:30;0168_frontend:20;0135_frontend:17;0158_frontend:15;0151_frontend:15;0146_frontend:13;0128_frontend:8;0472_unclustered:8
0149_frontend	frontend	src/edg/src/lexical.c	address	50	19.312	17.012	007fb251	00956a82	batch_lists/0149_frontend.tsv	0199_runtime_support:13;0159_frontend:10;0130_frontend:7;0201_runtime_support:6;0383_unclustered:5;0176_frontend:4;0133_frontend:4;0459_unclustered:3	0414_unclustered:16;0185_frontend:6;0146_frontend:2;0173_frontend:1;0180_frontend:1;0137_frontend:1;0472_unclustered:1;0152_frontend:1
0150_frontend	frontend	src/edg/src/trans_corresp.c	address	86	20.633	17.371	00968130	009719c2	batch_lists/0150_frontend.tsv	0199_runtime_support:8;0133_frontend:7;0157_frontend:7;0130_frontend:4;0156_frontend:3;0332_unclustered:3;0159_frontend:3;0473_unclustered:2	0133_frontend:2;0138_frontend:1;0468_unclustered:1;0146_frontend:1
0151_frontend	frontend	src/edg/src/statements.c	address	72	20.537	17.834	0085ed59	0092cea0	batch_lists/0151_frontend.tsv	0159_frontend:36;0459_unclustered:30;0148_frontend:15;0199_runtime_support:8;0129_frontend:8;0161_frontend:6;0332_unclustered:5;0133_frontend:5	0332_unclustered:4;0168_frontend:2
0152_frontend	frontend	src/edg/src/fe_init.c	address	12	20.46	18.15	0084489b	00938896	batch_lists/0152_frontend.tsv	0383_unclustered:9;0199_runtime_support:8;0472_unclustered:6;0414_unclustered:6;0431_unclustered:5;0478_unclustered:5;0473_unclustered:5;0332_unclustered:5	0441_unclustered:2;0414_unclustered:1;0179_frontend:1
0153_frontend	frontend	src/edg/src/lower_il.c	address	96	20.442	17.667	008ce230	008dcf03	batch_lists/0153_frontend.tsv	0129_frontend:79;0130_frontend:33;0133_frontend:23;0473_unclustered:15;0161_frontend:13;0159_frontend:11;0171_frontend:8;0199_runtime_support:8	0171_frontend:47;0143_frontend:38;0178_frontend:11;0174_frontend:7;0154_frontend:4;0172_frontend:4;0479_unclustered:2;0186_frontend:1
0154_frontend	frontend	src/edg/src/lower_il.c	address	96	19.383	17.191	008ce47b	008dd54c	batch_lists/0154_frontend.tsv	0129_frontend:39;0130_frontend:14;0199_runtime_support:8;0133_frontend:7;0161_frontend:6;0171_frontend:5;0430_unclustered:5;0153_frontend:4	0171_frontend:21;0143_frontend:19;0172_frontend:7;0153_frontend:5;0178_frontend:4;0191_frontend:2;0179_frontend:2;0468_unclustered:1
0155_frontend	frontend	src/edg/src/lower_il.c	address	16	16.321	16.023	008ce266	008dd428	batch_lists/0155_frontend.tsv	0129_frontend:2;0469_unclustered:1;0159_frontend:1;0131_frontend:1;0482_unclustered:1	0171_frontend:2;0178_frontend:1
0156_frontend	frontend	src/edg/src/symbol_tbl.c	address	96	20.355	17.671	00933aa8	0093fcc8	batch_lists/0156_frontend.tsv	0159_frontend:30;0459_unclustered:24;0383_unclustered:13;0199_runtime_support:10;0473_unclustered:9;0133_frontend:4;0469_unclustered:3;0466_unclustered:3	0138_frontend:17;0128_frontend:16;0146_frontend:13;0163_frontend:11;0164_frontend:7;0141_frontend:6;0414_unclustered:6;0148_frontend:5
0157_frontend	frontend	src/edg/src/symbol_tbl.c	address	67	18.639	16.825	007aac96	0093fdd8	batch_lists/0157_frontend.tsv	0383_unclustered:11;0473_unclustered:8;0133_frontend:7;0459_unclustered:7;0159_frontend:5;0466_unclustered:2;0199_runtime_support:2;0161_frontend:1	0163_frontend:7;0150_frontend:7;0146_frontend:6;0138_frontend:5;0147_frontend:4;0128_frontend:3;0145_frontend:3;0156_frontend:3
0158_frontend	frontend	src/edg/src/layout.c	address	44	20.328	17.194	008a081b	008a3d6e	batch_lists/0158_frontend.tsv	0159_frontend:18;0459_unclustered:18;0148_frontend:15;0199_runtime_support:10;0133_frontend:8;0473_unclustered:6;0138_frontend:3;0160_frontend:2	0177_frontend:1;0152_frontend:1
0159_frontend	frontend	src/edg/src/error.c	address	96	20.132	17.845	0080644e	0080b61f	batch_lists/0159_frontend.tsv	0199_runtime_support:26;0431_unclustered:5;0126_frontend:5;0455_unclustered:4;0130_frontend:3;0122_frontend_bridge:2;0140_frontend:2;0337_unclustered:2	0135_frontend:109;0128_frontend:81;0138_frontend:51;0144_frontend:43;0141_frontend:40;0414_unclustered:40;0146_frontend:38;0151_frontend:36
0160_frontend	frontend	src/edg/src/error.c	address	33	19.81	16.978	00806500	009878c0	batch_lists/0160_frontend.tsv	0159_frontend:8;0199_runtime_support:7;0383_unclustered:3;0332_unclustered:1;0175_frontend:1;0130_frontend:1;0148_frontend:1	0414_unclustered:9;0148_frontend:6;0168_frontend:5;0138_frontend:4;0180_frontend:4;0135_frontend:4;0173_frontend:3;0128_frontend:3
0161_frontend	frontend	src/edg/src/il_alloc.c	address	73	20.126	17.296	00873394	0087645e	batch_lists/0161_frontend.tsv	0469_unclustered:36;0459_unclustered:20;0159_frontend:5;0199_runtime_support:2;0130_frontend:2;0383_unclustered:1;0140_frontend:1;0129_frontend:1	0140_frontend:32;0129_frontend:30;0143_frontend:24;0130_frontend:22;0135_frontend:13;0131_frontend:13;0146_frontend:13;0153_frontend:13
0162_frontend	frontend	src/edg/src/symbol_ref.c	address	7	20.125	17.021	0092dbd1	0092e7a9	batch_lists/0162_frontend.tsv	0332_unclustered:3;0161_frontend:3;0157_frontend:1;0148_frontend:1	0138_frontend:4;0128_frontend:4;0146_frontend:2
0163_frontend	frontend	src/edg/src/lookup.c	address	43	20.117	17.433	008bc6f0	00933c57	batch_lists/0163_frontend.tsv	0133_frontend:19;0156_frontend:11;0473_unclustered:8;0157_frontend:7;0459_unclustered:7;0199_runtime_support:5;0421_unclustered:3;0146_frontend:3	0128_frontend:3;0149_frontend:2;0138_frontend:1;0137_frontend:1;0482_unclustered:1;0146_frontend:1
0164_frontend	frontend	src/edg/src/macro.c	address	62	20.105	17.433	007cc225	008f9f2c	batch_lists/0164_frontend.tsv	0199_runtime_support:34;0159_frontend:24;0459_unclustered:9;0148_frontend:8;0383_unclustered:7;0156_frontend:7;0201_runtime_support:5;0126_frontend:5	0414_unclustered:5;0148_frontend:2;0152_frontend:1;0149_frontend:1;0156_frontend:1;0165_frontend:1;0146_frontend:1
0165_frontend	frontend	src/edg/src/sys_predef.c	address	9	20.087	18.761	009413c8	00944eb3	batch_lists/0165_frontend.tsv	0130_frontend:10;0129_frontend:8;0161_frontend:4;0199_runtime_support:3;0156_frontend:3;0122_frontend_bridge:2;0159_frontend:1;0466_unclustered:1	0478_unclustered:2;0190_frontend:1
0166_frontend	frontend	src/edg/src/il_walk.c	address	23	20.042	17.365	00891ed8	0096778f	batch_lists/0166_frontend.tsv	0130_frontend:6;0133_frontend:5;0430_unclustered:4;0167_frontend:3;0199_runtime_support:3;0131_frontend:2;0481_unclustered:2;0473_unclustered:1	0142_frontend:3;0131_frontend:3;0130_frontend:2;0153_frontend:2;0154_frontend:2;0150_frontend:2;0137_frontend:1;0430_unclustered:1
0167_frontend	frontend	src/edg/src/debug.c	address	3	19.881	18.145	007ccbf1	007ccdd1	batch_lists/0167_frontend.tsv	0459_unclustered:2;0157_frontend:1;0431_unclustered:1;0199_runtime_support:1;0383_unclustered:1	0130_frontend:3;0166_frontend:3;0146_frontend:2;0138_frontend:1;0131_frontend:1;0414_unclustered:1;0187_frontend:1;0480_unclustered:1
0168_frontend	frontend	src/edg/src/pragma_ghs.c	address	96	19.835	17.32	00875c48	009888b6	batch_lists/0168_frontend.tsv	0199_runtime_support:35;0148_frontend:20;0122_frontend_bridge:14;0159_frontend:13;0161_frontend:10;0459_unclustered:9;0473_unclustered:5;0201_runtime_support:5	0143_frontend:6;0138_frontend:4;0170_frontend:4;0173_frontend:2;0128_frontend:1;0153_frontend:1;0479_unclustered:1;0127_frontend:1
0169_frontend	frontend	src/edg/src/pragma_ghs.c	address	27	16.231	15.454	0097feef	0098866a	batch_lists/0169_frontend.tsv	0199_runtime_support:2;0170_frontend:2;0127_frontend:1;0122_frontend_bridge:1	0173_frontend:8;0135_frontend:2;0127_frontend:2;0141_frontend:1;0414_unclustered:1;0470_unclustered:1;0122_frontend_bridge:1
0170_frontend	frontend	src/edg/src/pragma.c	address	23	19.814	17.437	009148d3	00985fff	batch_lists/0170_frontend.tsv	0459_unclustered:6;0168_frontend:4;0159_frontend:3;0199_runtime_support:2;0383_unclustered:1;0148_frontend:1;0200_runtime_support:1	0414_unclustered:8;0128_frontend:6;0470_unclustered:4;0148_frontend:3;0151_frontend:3;0138_frontend:2;0164_frontend:2;0332_unclustered:2
0171_frontend	frontend	src/edg/src/lower_init.c	address	96	19.793	17.834	008c9bd8	008eb109	batch_lists/0171_frontend.tsv	0129_frontend:97;0153_frontend:47;0130_frontend:38;0133_frontend:37;0154_frontend:21;0473_unclustered:15;0161_frontend:12;0159_frontend:10	0143_frontend:17;0153_frontend:8;0154_frontend:5;0178_frontend:3;0141_frontend:1;0191_frontend:1;0482_unclustered:1;0479_unclustered:1
0172_frontend	frontend	src/edg/src/lower_init.c	address	36	17.532	16.467	0086c7db	008eb7fd	batch_lists/0172_frontend.tsv	0129_frontend:16;0154_frontend:7;0130_frontend:6;0161_frontend:4;0153_frontend:4;0131_frontend:2;0143_frontend:1;0142_frontend:1	0178_frontend:2;0143_frontend:1;0154_frontend:1;0179_frontend:1
0173_frontend	frontend	src/edg/src/cmd_line.c	address	40	19.731	16.995	007bc070	0080978b	batch_lists/0173_frontend.tsv	0122_frontend_bridge:11;0169_frontend:8;0199_runtime_support:7;0159_frontend:7;0160_frontend:3;0472_unclustered:2;0200_runtime_support:2;0168_frontend:2	
0174_frontend	frontend	src/edg/src/lower_name.c	graph+address	64	19.712	17.244	008eb8cc	008f0c9d	batch_lists/0174_frontend.tsv	0199_runtime_support:16;0431_unclustered:7;0153_frontend:7;0473_unclustered:4;0122_frontend_bridge:3;0159_frontend:2;0201_runtime_support:2;0130_frontend:2	0153_frontend:3;0143_frontend:2;0146_frontend:2;0191_frontend:1;0147_frontend:1
0175_frontend	frontend	src/edg/src/il_to_str.c	address	50	19.567	17.302	00880736	0092ea40	batch_lists/0175_frontend.tsv	0133_frontend:15;0199_runtime_support:8;0473_unclustered:6;0159_frontend:5;0459_unclustered:5;0467_unclustered:5;0134_frontend:2;0179_frontend:1	0467_unclustered:8;0129_frontend:6;0125_frontend:5;0430_unclustered:2;0332_unclustered:2;0160_frontend:1
0176_frontend	frontend	src/edg/src/mem_manage.c	address	12	19.511	17.57	008fb7aa	008fbd89	batch_lists/0176_frontend.tsv	0383_unclustered:8;0199_runtime_support:4;0459_unclustered:3	0126_frontend:9;0148_frontend:5;0129_frontend:4;0149_frontend:4;0383_unclustered:3;0127_frontend:3;0468_unclustered:2;0430_unclustered:2
0177_frontend	frontend	src/edg/src/attribute.c	address	24	19.452	17.247	007a3998	007a7593	batch_lists/0177_frontend.tsv	0159_frontend:23;0133_frontend:5;0148_frontend:4;0473_unclustered:3;0383_unclustered:1;0135_frontend:1;0459_unclustered:1;0474_unclustered:1	0128_frontend:8;0138_frontend:6;0137_frontend:2;0151_frontend:2;0157_frontend:1;0156_frontend:1
0178_frontend	frontend	src/edg/src/lower_c99.c	address	40	19.442	17.377	008c46cc	00972b3f	batch_lists/0178_frontend.tsv	0129_frontend:32;0130_frontend:14;0133_frontend:11;0153_frontend:11;0161_frontend:5;0199_runtime_support:5;0154_frontend:4;0473_unclustered:3	0153_frontend:3;0135_frontend:1;0152_frontend:1;0171_frontend:1
0179_frontend	frontend	src/edg/src/dsp_c.c	address	21	19.338	17.352	00972bf5	0098c968	batch_lists/0179_frontend.tsv	0130_frontend:10;0129_frontend:7;0133_frontend:5;0181_frontend:4;0161_frontend:3;0134_frontend:3;0473_unclustered:2;0154_frontend:2	0140_frontend:3;0175_frontend:1;0470_unclustered:1
0180_frontend	frontend	src/edg/src/decl_spec.c	address	36	19.309	17.219	007d5eff	0093387a	batch_lists/0180_frontend.tsv	0159_frontend:24;0133_frontend:11;0148_frontend:7;0473_unclustered:7;0160_frontend:4;0199_runtime_support:4;0156_frontend:3;0137_frontend:3	0146_frontend:4;0128_frontend:2;0138_frontend:1;0137_frontend:1;0129_frontend:1;0147_frontend:1;0148_frontend:1
0181_frontend	frontend	src/edg/src/float_pt.c	address	26	19.244	17.305	00848591	0084a39b	batch_lists/0181_frontend.tsv	0468_unclustered:24;0423_unclustered:7;0199_runtime_support:3;0293_unclustered:2;0424_unclustered:2;0201_runtime_support:1;0431_unclustered:1;0122_frontend_bridge:1	0140_frontend:31;0179_frontend:4;0459_unclustered:3;0421_unclustered:3;0130_frontend:2;0175_frontend:1;0174_frontend:1
0182_frontend	frontend	src/edg/src/func_def.c	address	14	19.205	17.115	00853921	00856990	batch_lists/0182_frontend.tsv	0133_frontend:7;0473_unclustered:6;0301_unclustered:4;0459_unclustered:4;0129_frontend:3;0141_frontend:2;0430_unclustered:2;0161_frontend:2	
0183_frontend	frontend	src/edg/src/decl_inits.c	address	20	19.119	17.47	007cd190	00875973	batch_lists/0183_frontend.tsv	0133_frontend:12;0161_frontend:7;0159_frontend:7;0129_frontend:5;0473_unclustered:5;0148_frontend:4;0199_runtime_support:3;0157_frontend:1	0135_frontend:1;0332_unclustered:1
0184_frontend	frontend	src/edg/src/pragma_asmsym.c	address	17	19.112	17.189	0098f3b6	009912c9	batch_lists/0184_frontend.tsv	0199_runtime_support:14;0133_frontend:6;0473_unclustered:3;0159_frontend:2;0455_unclustered:2;0122_frontend_bridge:1;0200_runtime_support:1;0454_unclustered:1	0470_unclustered:2;0168_frontend:1;0334_unclustered:1;0335_unclustered:1
0185_frontend	frontend	src/edg/src/ms_attrib.c	address	13	18.924	16.875	008fc537	008fd600	batch_lists/0185_frontend.tsv	0159_frontend:8;0149_frontend:6;0148_frontend:6;0199_runtime_support:3;0459_unclustered:2;0160_frontend:2;0161_frontend:2;0135_frontend:1	0138_frontend:1;0128_frontend:1;0130_frontend:1
0186_frontend	frontend	src/edg/src/inline.c	address	13	18.909	16.807	0089de45	008cf3c3	batch_lists/0186_frontend.tsv	0129_frontend:2;0159_frontend:2;0430_unclustered:1;0136_frontend:1;0199_runtime_support:1;0153_frontend:1;0468_unclustered:1;0133_frontend:1	0153_frontend:1
0187_frontend	frontend	src/edg/src/trans_copy.c	address	19	18.903	16.985	009638c3	009678e5	batch_lists/0187_frontend.tsv	0130_frontend:2;0459_unclustered:2;0469_unclustered:1;0167_frontend:1;0430_unclustered:1;0199_runtime_support:1;0154_frontend:1;0161_frontend:1	0191_frontend:1
0188_frontend	frontend	src/edg/src/scope_stk.c	address	41	18.899	16.872	0091a9c0	00921f68	batch_lists/0188_frontend.tsv	0199_runtime_support:5;0159_frontend:5;0383_unclustered:3;0459_unclustered:2;0130_frontend:2;0414_unclustered:1;0157_frontend:1;0156_frontend:1	0128_frontend:4;0151_frontend:3;0193_frontend:3;0138_frontend:2;0414_unclustered:2;0146_frontend:2;0180_frontend:1;0468_unclustered:1
0189_frontend	frontend	src/edg/src/extasm.c	address	13	18.872	16.839	00842310	00843f75	batch_lists/0189_frontend.tsv	0159_frontend:6;0122_frontend_bridge:1;0161_frontend:1;0201_runtime_support:1;0129_frontend:1;0199_runtime_support:1;0469_unclustered:1;0160_frontend:1	0469_unclustered:2;0468_unclustered:1
0190_frontend	frontend	src/edg/src/dsp_c_targ.c	address	3	18.572	17.705	0098d0d2	0098da93	batch_lists/0190_frontend.tsv	0129_frontend:4;0130_frontend:3;0165_frontend:1;0133_frontend:1;0134_frontend:1;0159_frontend:1	0470_unclustered:2
0191_frontend	frontend	src/edg/src/fe_wrapup.c	address	14	18.514	17.107	008471bf	00847b6f	batch_lists/0191_frontend.tsv	0131_frontend:4;0431_unclustered:3;0199_runtime_support:3;0154_frontend:2;0174_frontend:1;0149_frontend:1;0188_frontend:1;0187_frontend:1	
0192_frontend	frontend	src/edg/src/disambig.c	address	3	18.11	17.424	008049c1	00804fa7	batch_lists/0192_frontend.tsv	0472_unclustered:5;0156_frontend:1	
0193_frontend	frontend	src/edg/src/trans_unit.c	address	9	17.732	16.736	00971b15	00971f29	batch_lists/0193_frontend.tsv	0199_runtime_support:5;0188_frontend:3;0473_unclustered:1;0383_unclustered:1	0146_frontend:2;0138_frontend:1
0194_frontend	frontend	src/edg/src/literals.c	address	4	17.224	16.797	008ba780	008bbb57	batch_lists/0194_frontend.tsv	0161_frontend:2;0130_frontend:1	
0195_frontend	frontend	src/edg/src/target.c	address	1	17.157	17.157	00946a4f	00946a4f	batch_lists/0195_frontend.tsv	0473_unclustered:1	0133_frontend:1
0196_frontend	frontend	src/edg/src/preproc.c	address	1	16.442	16.442	00918566	00918566	batch_lists/0196_frontend.tsv	0126_frontend:1	
0197_runtime_support	runtime_support	class:std::length_error	vtable	12	21.212	20.084	007860e8	00a92805	batch_lists/0197_runtime_support.tsv	0431_unclustered:7;0423_unclustered:6;0452_unclustered:3;0464_unclustered:2	0452_unclustered:9;0464_unclustered:8;0431_unclustered:1
0198_runtime_support	runtime_support	class:std::out_of_range	vtable	16	21.042	20.098	004058dd	00a92846	batch_lists/0198_runtime_support.tsv	0431_unclustered:9;0423_unclustered:8;0278_unclustered:1;0281_unclustered:1;0398_unclustered:1;0349_unclustered:1;0408_unclustered:1;0464_unclustered:1	0281_unclustered:2;0003_backend_target:2;0278_unclustered:1;0001_backend_target:1;0398_unclustered:1;0349_unclustered:1;0408_unclustered:1;0318_unclustered:1
0199_runtime_support	runtime_support	unknown_00a9xxxx	none	96	21.0	18.675	00a93910	00a9fe35	batch_lists/0199_runtime_support.tsv	0202_runtime_support:103;0203_runtime_support:85;0200_runtime_support:43;0204_runtime_support:31;0431_unclustered:22;0432_unclustered:16;0477_unclustered:5	0202_runtime_support:103;0203_runtime_support:95;0204_runtime_support:78;0206_runtime_support:77;0336_unclustered:66;0200_runtime_support:64;0454_unclustered:59;0402_unclustered:58
0200_runtime_support	runtime_support	unknown_00a9xxxx	none	96	19.772	17.436	00a93784	00a9ffb5	batch_lists/0200_runtime_support.tsv	0199_runtime_support:64;0202_runtime_support:39;0203_runtime_support:35;0431_unclustered:12;0204_runtime_support:8;0477_unclustered:3;0205_runtime_support:2;0432_unclustered:2	0199_runtime_support:43;0203_runtime_support:27;0204_runtime_support:18;0202_runtime_support:18;0402_unclustered:15;0455_unclustered:14;0381_unclustered:14;0206_runtime_support:14
0201_runtime_support	runtime_support	unknown_00a9xxxx	none	47	20.369	17.006	00a93d00	00a9fbd1	batch_lists/0201_runtime_support.tsv	0202_runtime_support:18;0203_runtime_support:8;0200_runtime_support:6;0477_unclustered:6;0204_runtime_support:5;0432_unclustered:3;0275_unclustered:3;0205_runtime_support:1	0418_unclustered:31;0431_unclustered:23;0416_unclustered:19;0419_unclustered:14;0203_runtime_support:14;0202_runtime_support:14;0448_unclustered:9;0477_unclustered:9
0202_runtime_support	runtime_support	unknown_00aaxxxx	none	96	20.386	18.078	00aa00df	00aafef1	batch_lists/0202_runtime_support.tsv	0199_runtime_support:103;0203_runtime_support:69;0206_runtime_support:21;0200_runtime_support:18;0201_runtime_support:14;0477_unclustered:10;0432_unclustered:2	0199_runtime_support:103;0203_runtime_support:78;0200_runtime_support:39;0206_runtime_support:39;0201_runtime_support:18;0477_unclustered:6;0454_unclustered:4;0126_frontend:3
0203_runtime_support	runtime_support	unknown_00aaxxxx	none	96	20.218	17.41	00aa011c	00aafeda	batch_lists/0203_runtime_support.tsv	0199_runtime_support:95;0202_runtime_support:78;0200_runtime_support:27;0204_runtime_support:21;0477_unclustered:18;0201_runtime_support:14;0206_runtime_support:9;0431_unclustered:1	0199_runtime_support:85;0202_runtime_support:69;0200_runtime_support:35;0206_runtime_support:17;0204_runtime_support:10;0201_runtime_support:8;0454_unclustered:5;0477_unclustered:5
0204_runtime_support	runtime_support	unknown_00aaxxxx	none	96	19.576	16.875	00aa00ba	00aafe1e	batch_lists/0204_runtime_support.tsv	0199_runtime_support:78;0200_runtime_support:18;0203_runtime_support:10;0477_unclustered:10;0206_runtime_support:10;0201_runtime_support:4;0404_unclustered:1	0199_runtime_support:31;0203_runtime_support:21;0454_unclustered:14;0418_unclustered:8;0200_runtime_support:8;0395_unclustered:7;0431_unclustered:7;0206_runtime_support:7
0205_runtime_support	runtime_support	unknown_00aaxxxx	none	11	15.958	15.499	00aa3992	00aaf6a6	batch_lists/0205_runtime_support.tsv	0477_unclustered:1;0206_runtime_support:1;0431_unclustered:1;0200_runtime_support:1	0200_runtime_support:2;0431_unclustered:1;0201_runtime_support:1;0477_unclustered:1;0206_runtime_support:1
0206_runtime_support	runtime_support	unknown_00abxxxx	none	65	20.05	17.198	00ab0060	00ab68f0	batch_lists/0206_runtime_support.tsv	0199_runtime_support:77;0202_runtime_support:39;0203_runtime_support:17;0200_runtime_support:14;0204_runtime_support:7;0201_runtime_support:3;0477_unclustered:3;0447_unclustered:3	0202_runtime_support:21;0204_runtime_support:10;0203_runtime_support:9;0477_unclustered:4;0205_runtime_support:1;0275_unclustered:1
0207_runtime_support	runtime_support	class:std::logic_error	vtable	22	20.049	19.536	00405876	00a927c4	batch_lists/0207_runtime_support.tsv	0431_unclustered:12;0423_unclustered:11;0452_unclustered:3;0464_unclustered:2;0278_unclustered:1;0281_unclustered:1;0398_unclustered:1;0349_unclustered:1	
0208_runtime_support	runtime_support	class:std::overflow_error	vtable	6	20.049	19.838	0040598e	004e17d6	batch_lists/0208_runtime_support.tsv	0423_unclustered:3;0431_unclustered:3;0278_unclustered:1;0281_unclustered:1;0349_unclustered:1	0278_unclustered:1;0281_unclustered:1;0349_unclustered:1
0209_runtime_support	runtime_support	class:std::runtime_error	vtable	6	20.049	19.546	00405927	004e178c	batch_lists/0209_runtime_support.tsv	0423_unclustered:3;0431_unclustered:3;0278_unclustered:1;0281_unclustered:1;0349_unclustered:1	
0210_runtime_support	runtime_support	class:std::bad_alloc	vtable	24	19.33	19.177	004051c8	00a91fd9	batch_lists/0210_runtime_support.tsv	0423_unclustered:12;0431_unclustered:12	
0211_runtime_support	runtime_support	class:std::exception	vtable	24	19.33	18.488	00405190	00a9284f	batch_lists/0211_runtime_support.tsv	0423_unclustered:12	
0212_runtime_support	runtime_support	vtable_shared:runtime/std	vtable	26	18.227	18.085	004051b7	00a927a7	batch_lists/0212_runtime_support.tsv		
0213_unclustered	unclustered	class:CheckerFlow	vtable	2	25.0	21.323	006032db	00611205	batch_lists/0213_unclustered.tsv	0405_unclustered:13;0308_unclustered:7;0361_unclustered:2;0426_unclustered:2;0406_unclustered:1;0365_unclustered:1;0363_unclustered:1;0422_unclustered:1	
0214_unclustered	unclustered	class:compose	vtable	7	23.875	20.872	00744328	007a1562	batch_lists/0214_unclustered.tsv	0318_unclustered:4;0365_unclustered:4;0390_unclustered:4;0302_unclustered:4;0412_unclustered:3;0450_unclustered:3;0278_unclustered:3;0324_unclustered:2	
0215_unclustered	unclustered	class:bytereverser	vtable	2	23.766	21.048	0062036f	006204c7	batch_lists/0215_unclustered.tsv	0121_frontend_bridge:3;0400_unclustered:3;0382_unclustered:2;0390_unclustered:2;0297_unclustered:1;0367_unclustered:1;0301_unclustered:1;0425_unclustered:1	
0216_unclustered	unclustered	class:immediate	vtable	4	23.617	22.417	007432aa	0078cd07	batch_lists/0216_unclustered.tsv	0318_unclustered:4;0453_unclustered:3;0452_unclustered:3;0356_unclustered:2;0365_unclustered:2;0287_unclustered:2;0413_unclustered:2;0199_runtime_support:2	0234_unclustered:1
0217_unclustered	unclustered	vtable_shared:other	vtable	86	23.616	18.999	005bca13	007a14e1	batch_lists/0217_unclustered.tsv	0365_unclustered:11;0427_unclustered:9;0413_unclustered:8;0121_frontend_bridge:5;0302_unclustered:5;0356_unclustered:4;0390_unclustered:3;0406_unclustered:3	0001_backend_target:1;0382_unclustered:1;0009_backend_target:1
0218_unclustered	unclustered	class:UninitMemChecker	vtable	7	23.6	20.216	0060375a	006080a8	batch_lists/0218_unclustered.tsv	0405_unclustered:20;0406_unclustered:3;0289_unclustered:2;0287_unclustered:1;0121_frontend_bridge:1;0390_unclustered:1;0348_unclustered:1	
0219_unclustered	unclustered	class:NoFlowChecker	vtable	7	22.924	18.494	00603aa9	00606a4a	batch_lists/0219_unclustered.tsv	0405_unclustered:6;0406_unclustered:3;0390_unclustered:1;0358_unclustered:1	
0220_unclustered	unclustered	class:DerefNULLChecker	vtable	7	22.79	18.815	006038c0	0060b64b	batch_lists/0220_unclustered.tsv	0405_unclustered:8;0121_frontend_bridge:1;0406_unclustered:1;0289_unclustered:1;0359_unclustered:1;0287_unclustered:1	
0221_unclustered	unclustered	class:ConstChecker	vtable	7	22.716	20.689	006035fe	00606314	batch_lists/0221_unclustered.tsv	0405_unclustered:17;0297_unclustered:2;0121_frontend_bridge:1;0390_unclustered:1;0358_unclustered:1;0289_unclustered:1;0406_unclustered:1;0290_unclustered:1	0308_unclustered:1
0222_unclustered	unclustered	class:FreeChecker	vtable	7	22.602	18.984	00603870	0060b30d	batch_lists/0222_unclustered.tsv	0405_unclustered:11;0390_unclustered:1;0406_unclustered:1;0289_unclustered:1	
0223_unclustered	unclustered	class:StrictUninitChecker	vtable	7	22.584	19.265	00603ad6	006084ef	batch_lists/0223_unclustered.tsv	0405_unclustered:6;0297_unclustered:2;0302_unclustered:1;0359_unclustered:1;0289_unclustered:1;0121_frontend_bridge:1;0301_unclustered:1	
0224_unclustered	unclustered	class:MemLeakChecker	vtable	7	22.508	20.278	00603769	00606982	batch_lists/0224_unclustered.tsv	0405_unclustered:17;0199_runtime_support:1;0406_unclustered:1;0287_unclustered:1;0390_unclustered:1;0289_unclustered:1	
0225_unclustered	unclustered	class:FreeCheckerBackwards	vtable	7	22.494	18.649	006038a2	0060b448	batch_lists/0225_unclustered.tsv	0405_unclustered:8;0390_unclustered:1;0121_frontend_bridge:1;0406_unclustered:1	
0226_unclustered	unclustered	class:NULLCheckChecker	vtable	7	22.444	19.448	00603801	0060af20	batch_lists/0226_unclustered.tsv	0405_unclustered:12;0199_runtime_support:1;0406_unclustered:1;0121_frontend_bridge:1;0390_unclustered:1	
0227_unclustered	unclustered	class:LocalScopeChecker	vtable	7	22.369	19.126	006038de	0060b8bd	batch_lists/0227_unclustered.tsv	0405_unclustered:13;0406_unclustered:2;0390_unclustered:1	
0228_unclustered	unclustered	class:NULLCheckCheckerBackwards	vtable	7	22.337	18.922	00603852	0060b0eb	batch_lists/0228_unclustered.tsv	0405_unclustered:9;0121_frontend_bridge:1;0390_unclustered:1;0289_unclustered:1	
0229_unclustered	unclustered	class:MemLeakCheckerBackwards	vtable	7	22.232	19.193	006037b0	00606659	batch_lists/0229_unclustered.tsv	0405_unclustered:6;0199_runtime_support:1;0406_unclustered:1;0287_unclustered:1;0390_unclustered:1;0365_unclustered:1;0308_unclustered:1	
0230_unclustered	unclustered	class:pt_dead	vtable	6	22.219	19.218	0061ed77	0061ef23	batch_lists/0230_unclustered.tsv	0324_unclustered:3;0308_unclustered:2;0321_unclustered:2;0356_unclustered:1;0348_unclustered:1;0355_unclustered:1	
0231_unclustered	unclustered	class:UnreadCheckerBackwards	vtable	7	22.191	18.769	0060399c	0060c2f2	batch_lists/0231_unclustered.tsv	0405_unclustered:6;0289_unclustered:1;0308_unclustered:1	
0232_unclustered	unclustered	class:NULLCheckDerefChecker	vtable	7	22.09	19.151	006039ce	0060c46a	batch_lists/0232_unclustered.tsv	0405_unclustered:10;0406_unclustered:1;0121_frontend_bridge:1;0289_unclustered:1	
0233_unclustered	unclustered	class:NewSingleChecker	vtable	7	22.004	18.991	0060391a	0060bc06	batch_lists/0233_unclustered.tsv	0405_unclustered:8;0302_unclustered:2;0406_unclustered:1;0390_unclustered:1	
0234_unclustered	unclustered	class:immediate_implicit	vtable	5	21.995	19.573	0073b890	00743a1f	batch_lists/0234_unclustered.tsv	0365_unclustered:3;0216_unclustered:1;0355_unclustered:1;0441_unclustered:1;0287_unclustered:1;0348_unclustered:1;0422_unclustered:1;0285_unclustered:1	
0235_unclustered	unclustered	class:RangeChecker	vtable	7	21.911	20.192	00603764	006063ad	batch_lists/0235_unclustered.tsv	0405_unclustered:14;0365_unclustered:1;0289_unclustered:1;0348_unclustered:1	
0236_unclustered	unclustered	class:NewArrayChecker	vtable	7	21.906	18.992	00603938	0060bded	batch_lists/0236_unclustered.tsv	0405_unclustered:8;0302_unclustered:2;0406_unclustered:1;0390_unclustered:1	
0237_unclustered	unclustered	class:EquivChecker	vtable	7	21.662	19.635	00603603	00607581	batch_lists/0237_unclustered.tsv	0405_unclustered:10;0008_backend_target:1;0406_unclustered:1;0348_unclustered:1	
0238_unclustered	unclustered	class:ReadOnlyWriteChecker	vtable	7	21.597	18.925	006038fc	0060ba1b	batch_lists/0238_unclustered.tsv	0405_unclustered:8;0406_unclustered:1;0390_unclustered:1;0358_unclustered:1	
0239_unclustered	unclustered	class:UninitReadCheckerBackwards	vtable	7	21.497	19.474	00603a05	0060c694	batch_lists/0239_unclustered.tsv	0405_unclustered:8;0199_runtime_support:1;0308_unclustered:1	
0240_unclustered	unclustered	class:Cmm	vtable	3	21.38	19.843	00748266	00748805	batch_lists/0240_unclustered.tsv	0413_unclustered:3;0422_unclustered:2;0365_unclustered:1	
0241_unclustered	unclustered	class:statictext	vtable	4	21.336	19.665	00743bcd	0078dbf2	batch_lists/0241_unclustered.tsv	0452_unclustered:2;0365_unclustered:1;0302_unclustered:1;0413_unclustered:1;0199_runtime_support:1;0200_runtime_support:1	
0242_unclustered	unclustered	class:MachopChecker	vtable	2	21.315	20.902	007005b0	007005ed	batch_lists/0242_unclustered.tsv	0326_unclustered:4;0324_unclustered:1;0357_unclustered:1	0326_unclustered:1
0243_unclustered	unclustered	class:pt_const	vtable	4	21.291	18.695	0061fb3d	0061fe53	batch_lists/0243_unclustered.tsv	0308_unclustered:2;0326_unclustered:1;0391_unclustered:1	
0244_unclustered	unclustered	class:vn_advisor_ppc_consolshift	vtable	4	21.26	19.822	00401010	00401490	batch_lists/0244_unclustered.tsv	0278_unclustered:2;0356_unclustered:2;0324_unclustered:1;0283_unclustered:1;0365_unclustered:1	
0245_unclustered	unclustered	class:backend_basetype2	vtable	96	21.22	18.219	00734b3a	0077efbe	batch_lists/0245_unclustered.tsv	0365_unclustered:22;0369_unclustered:4;0438_unclustered:1;0322_unclustered:1;0324_unclustered:1;0428_unclustered:1;0429_unclustered:1	0001_backend_target:2
0246_unclustered	unclustered	class:backend_basetype2	vtable	41	17.83	17.671	00734b30	00735062	batch_lists/0246_unclustered.tsv		
0247_unclustered	unclustered	class:pt_condcodes	vtable	4	21.203	18.673	0061eb9b	0061ebb6	batch_lists/0247_unclustered.tsv	0308_unclustered:2;0348_unclustered:1	
0248_unclustered	unclustered	class:var_multimap_impl	vtable	10	20.945	20.346	0074a392	0074a61d	batch_lists/0248_unclustered.tsv	0413_unclustered:20;0359_unclustered:4;0425_unclustered:1;0358_unclustered:1;0008_backend_target:1	
0249_unclustered	unclustered	class:var_disjointsets_impl	vtable	4	20.795	19.842	0074a780	0074a869	batch_lists/0249_unclustered.tsv	0408_unclustered:3;0413_unclustered:2;0409_unclustered:1;0008_backend_target:1	
0250_unclustered	unclustered	class:UnreadChecker	vtable	7	20.657	18.593	0060397e	0060c0f0	batch_lists/0250_unclustered.tsv	0405_unclustered:4;0300_unclustered:1	
0251_unclustered	unclustered	class:UninitReadChecker	vtable	7	20.571	18.709	006039e7	0060c53a	batch_lists/0251_unclustered.tsv	0405_unclustered:5;0365_unclustered:1	
0252_unclustered	unclustered	class:suffix	vtable	4	20.556	19.208	007912d2	00791425	batch_lists/0252_unclustered.tsv	0302_unclustered:1;0199_runtime_support:1;0452_unclustered:1	
0253_unclustered	unclustered	class:Mem	vtable	2	20.462	19.146	00747ed8	00747ee1	batch_lists/0253_unclustered.tsv	0365_unclustered:1;0355_unclustered:1	
0254_unclustered	unclustered	class:choose	vtable	8	20.437	19.454	0074563b	007a15e3	batch_lists/0254_unclustered.tsv	0302_unclustered:4;0413_unclustered:3;0365_unclustered:2	
0255_unclustered	unclustered	class:join	vtable	5	20.435	20.07	00790fa6	0079118f	batch_lists/0255_unclustered.tsv	0441_unclustered:2;0302_unclustered:2;0301_unclustered:1;0452_unclustered:1	
0256_unclustered	unclustered	class:Ncm	vtable	2	20.29	19.06	007482e8	00748388	batch_lists/0256_unclustered.tsv	0365_unclustered:1;0413_unclustered:1	
0257_unclustered	unclustered	class:NoReturnChecker	vtable	7	20.152	18.382	00603956	0060bffe	batch_lists/0257_unclustered.tsv	0405_unclustered:1;0406_unclustered:1;0365_unclustered:1	
0258_unclustered	unclustered	class:MachopObjectInvalidator	vtable	1	20.132	20.132	006d77d0	006d77d0	batch_lists/0258_unclustered.tsv	0328_unclustered:1;0439_unclustered:1	
0259_unclustered	unclustered	class:vn_advisor_consolshift	vtable	4	20.074	19.482	00665fc4	006662e1	batch_lists/0259_unclustered.tsv	0356_unclustered:2;0427_unclustered:1	
0260_unclustered	unclustered	class:MachopImmpropClearer	vtable	1	20.037	20.037	006d7ef3	006d7ef3	batch_lists/0260_unclustered.tsv	0450_unclustered:1;0439_unclustered:1	
0261_unclustered	unclustered	class:ScavengingFixup	vtable	8	19.922	18.155	007808d0	00780a92	batch_lists/0261_unclustered.tsv	0365_unclustered:1	
0262_unclustered	unclustered	class:Bot	vtable	2	19.782	18.806	00747dd5	00747dde	batch_lists/0262_unclustered.tsv	0365_unclustered:1	
0263_unclustered	unclustered	class:Uop	vtable	2	19.772	18.801	007483f8	00748401	batch_lists/0263_unclustered.tsv	0365_unclustered:1	
0264_unclustered	unclustered	class:multiple_fields	vtable	9	19.758	18.546	00745783	0078a9b3	batch_lists/0264_unclustered.tsv	0365_unclustered:1	
0265_unclustered	unclustered	class:vn_advisor_consoladd	vtable	4	19.75	19.399	00665e3b	00665f70	batch_lists/0265_unclustered.tsv	0356_unclustered:2;0427_unclustered:1	
0266_unclustered	unclustered	class:Num	vtable	2	19.702	18.766	00747cd2	00747cdb	batch_lists/0266_unclustered.tsv	0365_unclustered:1	
0267_unclustered	unclustered	class:backend_basetype	vtable	96	19.661	18.215	005ba5da	005bd9e8	batch_lists/0267_unclustered.tsv	0365_unclustered:30	
0268_unclustered	unclustered	class:backend_basetype	vtable	57	17.83	17.712	005ba5d0	005babad	batch_lists/0268_unclustered.tsv		
0269_unclustered	unclustered	class:objpairlist_searchiter	vtable	3	19.58	18.792	0074afa4	0074d3ac	batch_lists/0269_unclustered.tsv	0365_unclustered:1	
0270_unclustered	unclustered	class:MachopBitoffsetClearer	vtable	1	19.537	19.537	0070136d	0070136d	batch_lists/0270_unclustered.tsv	0439_unclustered:1	
0271_unclustered	unclustered	class:var_map<objectlist>::var_map_iter	vtable	3	19.458	18.774	0074a284	0074a33b	batch_lists/0271_unclustered.tsv	0365_unclustered:1	
0272_unclustered	unclustered	class:textset	vtable	6	19.272	18.797	0078a871	007a1460	batch_lists/0272_unclustered.tsv	0302_unclustered:4	
0273_unclustered	unclustered	class:DebugOutputGen	vtable	1	19.202	19.202	007a1239	007a1239	batch_lists/0273_unclustered.tsv	0454_unclustered:1	
0274_unclustered	unclustered	class:OutputGen	vtable	1	18.471	18.471	007a0ddc	007a0ddc	batch_lists/0274_unclustered.tsv		
0275_unclustered	unclustered	unknown_00abxxxx	none	18	18.287	15.206	00ab37da	00ab68a0	batch_lists/0275_unclustered.tsv	0206_runtime_support:1;0477_unclustered:1	0402_unclustered:18;0395_unclustered:13;0446_unclustered:4;0420_unclustered:3;0201_runtime_support:3;0206_runtime_support:2;0404_unclustered:1;0403_unclustered:1
0276_unclustered	unclustered	class:objectlist_iter	vtable	3	18.189	18.128	0074a350	0074a37d	batch_lists/0276_unclustered.tsv		
0277_unclustered	unclustered	class:singleton_iter	vtable	3	18.115	18.098	0074a248	0074a26f	batch_lists/0277_unclustered.tsv		
0278_unclustered	unclustered	unknown_0040xxxx	none	96	18.0	15.16	004015d1	0040ff9b	batch_lists/0278_unclustered.tsv	0355_unclustered:63;0316_unclustered:36;0365_unclustered:25;0438_unclustered:18;0280_unclustered:17;0431_unclustered:13;0393_unclustered:13;0318_unclustered:11	0280_unclustered:97;0316_unclustered:48;0282_unclustered:36;0354_unclustered:26;0001_backend_target:25;0281_unclustered:25;0283_unclustered:23;0286_unclustered:22
0279_unclustered	unclustered	unknown_0040xxxx	none	17	13.45	12.617	004014f7	0040727c	batch_lists/0279_unclustered.tsv	0365_unclustered:3;0423_unclustered:2;0422_unclustered:1;0330_unclustered:1	0286_unclustered:5;0354_unclustered:2;0280_unclustered:1;0431_unclustered:1
0280_unclustered	unclustered	unknown_0041xxxx	none	61	18.0	15.89	00410227	0041e9a0	batch_lists/0280_unclustered.tsv	0278_unclustered:97;0355_unclustered:78;0316_unclustered:57;0394_unclustered:44;0121_frontend_bridge:36;0365_unclustered:35;0393_unclustered:30;0438_unclustered:27	0316_unclustered:34;0278_unclustered:17;0282_unclustered:15;0408_unclustered:9;0398_unclustered:7;0393_unclustered:7;0407_unclustered:7;0285_unclustered:6
0281_unclustered	unclustered	unknown_0042xxxx	none	52	18.0	14.805	00421a05	0042fcf0	batch_lists/0281_unclustered.tsv	0355_unclustered:27;0318_unclustered:26;0278_unclustered:25;0431_unclustered:16;0365_unclustered:15;0199_runtime_support:10;0394_unclustered:9;0121_frontend_bridge:8	0328_unclustered:18;0283_unclustered:6;0373_unclustered:5;0285_unclustered:4;0001_backend_target:3;0284_unclustered:3;0358_unclustered:3;0393_unclustered:3
0282_unclustered	unclustered	unknown_0044xxxx	none	74	18.0	14.842	00440127	0044cb14	batch_lists/0282_unclustered.tsv	0316_unclustered:85;0355_unclustered:65;0438_unclustered:39;0278_unclustered:36;0394_unclustered:35;0398_unclustered:29;0121_frontend_bridge:25;0365_unclustered:23	0283_unclustered:7;0001_backend_target:5;0319_unclustered:5;0278_unclustered:2;0019_optimizer:2;0398_unclustered:1;0285_unclustered:1;0390_unclustered:1
0283_unclustered	unclustered	unknown_0045xxxx	none	47	18.0	15.265	00452b05	0045f976	batch_lists/0283_unclustered.tsv	0355_unclustered:52;0321_unclustered:25;0438_unclustered:23;0278_unclustered:23;0318_unclustered:21;0356_unclustered:18;0365_unclustered:18;0324_unclustered:16	0280_unclustered:8;0284_unclustered:8;0388_unclustered:7;0281_unclustered:4;0278_unclustered:3;0282_unclustered:2;0001_backend_target:2;0286_unclustered:2
0284_unclustered	unclustered	unknown_0046xxxx	none	60	18.0	14.795	0046456c	0046ffe0	batch_lists/0284_unclustered.tsv	0355_unclustered:48;0318_unclustered:21;0321_unclustered:20;0438_unclustered:15;0278_unclustered:13;0324_unclustered:11;0365_unclustered:11;0285_unclustered:10	0393_unclustered:37;0464_unclustered:15;0283_unclustered:10;0326_unclustered:10;0319_unclustered:9;0321_unclustered:9;0323_unclustered:9;0285_unclustered:8
0285_unclustered	unclustered	unknown_0047xxxx	none	76	18.0	14.5	004700e1	0047f1a6	batch_lists/0285_unclustered.tsv	0365_unclustered:18;0355_unclustered:16;0348_unclustered:13;0301_unclustered:12;0400_unclustered:10;0318_unclustered:10;0278_unclustered:9;0356_unclustered:9	0328_unclustered:16;0348_unclustered:14;0318_unclustered:13;0438_unclustered:12;0001_backend_target:11;0284_unclustered:10;0393_unclustered:10;0316_unclustered:10
0286_unclustered	unclustered	unknown_0049xxxx	none	91	18.0	14.783	0049061d	0049fdef	batch_lists/0286_unclustered.tsv	0365_unclustered:36;0355_unclustered:29;0278_unclustered:22;0348_unclustered:17;0382_unclustered:16;0318_unclustered:14;0438_unclustered:12;0356_unclustered:9	0283_unclustered:8;0284_unclustered:8;0400_unclustered:8;0001_backend_target:7;0281_unclustered:4;0285_unclustered:4;0278_unclustered:3;0280_unclustered:3
0287_unclustered	unclustered	unknown_004bxxxx	none	96	18.0	15.381	004b00f9	004bd105	batch_lists/0287_unclustered.tsv	0121_frontend_bridge:134;0400_unclustered:81;0289_unclustered:72;0390_unclustered:52;0365_unclustered:42;0301_unclustered:19;0359_unclustered:17;0391_unclustered:15	0367_unclustered:19;0308_unclustered:12;0316_unclustered:12;0323_unclustered:12;0365_unclustered:10;0301_unclustered:10;0295_unclustered:8;0438_unclustered:8
0288_unclustered	unclustered	unknown_004bxxxx	none	8	15.334	14.665	004b004e	004bc2df	batch_lists/0288_unclustered.tsv	0365_unclustered:6;0289_unclustered:5;0121_frontend_bridge:5;0359_unclustered:3;0401_unclustered:3;0400_unclustered:2;0363_unclustered:2;0390_unclustered:1	0333_unclustered:2;0289_unclustered:1;0425_unclustered:1;0290_unclustered:1;0378_unclustered:1;0438_unclustered:1;0439_unclustered:1;0357_unclustered:1
0289_unclustered	unclustered	unknown_004cxxxx	none	62	18.0	15.16	004c5866	004cff9d	batch_lists/0289_unclustered.tsv	0121_frontend_bridge:40;0365_unclustered:27;0400_unclustered:15;0363_unclustered:13;0423_unclustered:13;0406_unclustered:11;0401_unclustered:8;0299_unclustered:8	0287_unclustered:72;0367_unclustered:66;0390_unclustered:41;0305_unclustered:30;0290_unclustered:29;0295_unclustered:26;0280_unclustered:25;0359_unclustered:24
0290_unclustered	unclustered	unknown_0051xxxx	none	96	18.0	14.845	0051068b	0051fe29	batch_lists/0290_unclustered.tsv	0425_unclustered:37;0121_frontend_bridge:37;0289_unclustered:29;0297_unclustered:25;0293_unclustered:25;0365_unclustered:22;0348_unclustered:18;0426_unclustered:15	0351_unclustered:12;0293_unclustered:9;0301_unclustered:9;0363_unclustered:5;0300_unclustered:4;0308_unclustered:4;0425_unclustered:3;0377_unclustered:3
0291_unclustered	unclustered	unknown_0051xxxx	none	14	14.104	13.28	005116c1	0051c57c	batch_lists/0291_unclustered.tsv	0299_unclustered:7;0425_unclustered:2;0394_unclustered:1;0390_unclustered:1	0300_unclustered:2;0301_unclustered:2;0299_unclustered:1;0408_unclustered:1
0292_unclustered	unclustered	unknown_0052xxxx	none	96	18.0	14.977	00521860	0052eb45	batch_lists/0292_unclustered.tsv	0301_unclustered:49;0365_unclustered:30;0121_frontend_bridge:28;0422_unclustered:20;0310_unclustered:20;0302_unclustered:19;0289_unclustered:17;0300_unclustered:16	0295_unclustered:39;0366_unclustered:26;0365_unclustered:21;0298_unclustered:18;0333_unclustered:13;0314_unclustered:12;0315_unclustered:10;0312_unclustered:9
0293_unclustered	unclustered	unknown_0052xxxx	none	96	17.079	14.311	005201e4	0052e2c6	batch_lists/0293_unclustered.tsv	0423_unclustered:20;0348_unclustered:19;0422_unclustered:16;0365_unclustered:10;0290_unclustered:9;0285_unclustered:9;0301_unclustered:9;0292_unclustered:8	0290_unclustered:25;0348_unclustered:22;0292_unclustered:16;0438_unclustered:11;0358_unclustered:10;0359_unclustered:9;0295_unclustered:9;0349_unclustered:8
0294_unclustered	unclustered	unknown_0052xxxx	none	32	14.012	12.958	00521778	0052db90	batch_lists/0294_unclustered.tsv	0423_unclustered:9;0365_unclustered:3;0301_unclustered:3;0300_unclustered:2;0422_unclustered:2;0424_unclustered:2;0390_unclustered:1;0203_runtime_support:1	0295_unclustered:5;0303_unclustered:5;0359_unclustered:2;0366_unclustered:2;0365_unclustered:2;0301_unclustered:2;0400_unclustered:1;0296_unclustered:1
0295_unclustered	unclustered	unknown_0053xxxx	none	96	18.0	15.016	005302e6	0053e69c	batch_lists/0295_unclustered.tsv	0121_frontend_bridge:44;0292_unclustered:39;0400_unclustered:38;0365_unclustered:33;0289_unclustered:26;0297_unclustered:21;0359_unclustered:20;0422_unclustered:18	0308_unclustered:7;0425_unclustered:6;0299_unclustered:6;0311_unclustered:5;0393_unclustered:5;0388_unclustered:5;0290_unclustered:4;0377_unclustered:4
0296_unclustered	unclustered	unknown_0053xxxx	none	41	15.684	13.765	005325d1	0053e876	batch_lists/0296_unclustered.tsv	0199_runtime_support:22;0301_unclustered:8;0454_unclustered:4;0456_unclustered:4;0293_unclustered:3;0431_unclustered:3;0455_unclustered:3;0121_frontend_bridge:3	0292_unclustered:4;0295_unclustered:2;0297_unclustered:2;0308_unclustered:2;0315_unclustered:2;0148_frontend:2;0285_unclustered:1;0354_unclustered:1
0297_unclustered	unclustered	unknown_0057xxxx	none	96	18.0	14.928	00573a01	0057faa0	batch_lists/0297_unclustered.tsv	0121_frontend_bridge:47;0390_unclustered:31;0365_unclustered:30;0289_unclustered:22;0400_unclustered:16;0391_unclustered:11;0425_unclustered:10;0302_unclustered:10	0299_unclustered:43;0290_unclustered:25;0295_unclustered:21;0365_unclustered:21;0367_unclustered:16;0287_unclustered:15;0425_unclustered:14;0300_unclustered:14
0298_unclustered	unclustered	unknown_0057xxxx	none	62	16.328	13.632	00572236	0057e035	batch_lists/0298_unclustered.tsv	0365_unclustered:21;0292_unclustered:18;0366_unclustered:12;0334_unclustered:5;0293_unclustered:5;0301_unclustered:4;0199_runtime_support:4;0406_unclustered:4	0299_unclustered:13;0359_unclustered:3;0365_unclustered:3;0438_unclustered:3;0357_unclustered:3;0285_unclustered:2;0328_unclustered:2;0334_unclustered:2
0299_unclustered	unclustered	unknown_0058xxxx	none	96	18.0	14.7	00580b8a	0058fd09	batch_lists/0299_unclustered.tsv	0297_unclustered:43;0121_frontend_bridge:28;0289_unclustered:24;0400_unclustered:21;0365_unclustered:19;0390_unclustered:19;0359_unclustered:13;0298_unclustered:13	0351_unclustered:28;0367_unclustered:28;0377_unclustered:26;0295_unclustered:13;0390_unclustered:11;0378_unclustered:10;0297_unclustered:10;0439_unclustered:10
0300_unclustered	unclustered	unknown_0058xxxx	none	64	16.319	13.657	00580b0d	0058ffb0	batch_lists/0300_unclustered.tsv	0297_unclustered:14;0121_frontend_bridge:9;0390_unclustered:7;0289_unclustered:7;0199_runtime_support:7;0365_unclustered:6;0348_unclustered:5;0359_unclustered:5	0292_unclustered:16;0295_unclustered:13;0425_unclustered:9;0290_unclustered:4;0328_unclustered:4;0293_unclustered:3;0365_unclustered:3;0415_unclustered:3
0301_unclustered	unclustered	unknown_0059xxxx	none	96	18.0	14.871	0059077e	0059eed9	batch_lists/0301_unclustered.tsv	0121_frontend_bridge:31;0289_unclustered:22;0400_unclustered:17;0199_runtime_support:16;0302_unclustered:13;0365_unclustered:12;0287_unclustered:10;0290_unclustered:9	0454_unclustered:53;0292_unclustered:49;0422_unclustered:41;0380_unclustered:40;0349_unclustered:34;0408_unclustered:31;0359_unclustered:28;0455_unclustered:28
0302_unclustered	unclustered	unknown_0059xxxx	none	96	17.082	14.508	005901e3	0059fa6b	batch_lists/0302_unclustered.tsv	0348_unclustered:21;0199_runtime_support:15;0301_unclustered:15;0365_unclustered:10;0431_unclustered:5;0292_unclustered:4;0299_unclustered:4;0422_unclustered:4	0348_unclustered:28;0402_unclustered:21;0292_unclustered:19;0420_unclustered:18;0454_unclustered:14;0425_unclustered:13;0301_unclustered:13;0422_unclustered:13
0303_unclustered	unclustered	unknown_0059xxxx	none	96	15.288	13.515	00590070	0059ffa2	batch_lists/0303_unclustered.tsv	0199_runtime_support:17;0365_unclustered:9;0294_unclustered:5;0424_unclustered:5;0121_frontend_bridge:5;0200_runtime_support:3;0422_unclustered:3;0292_unclustered:2	0334_unclustered:6;0376_unclustered:6;0425_unclustered:5;0287_unclustered:4;0358_unclustered:4;0046_optimizer:4;0423_unclustered:4;0313_unclustered:4
0304_unclustered	unclustered	unknown_0059xxxx	none	19	12.022	11.512	0059016f	0059fb01	batch_lists/0304_unclustered.tsv	0424_unclustered:1	0366_unclustered:1
0305_unclustered	unclustered	unknown_005exxxx	none	96	18.0	14.95	005e0b25	005efe4f	batch_lists/0305_unclustered.tsv	0121_frontend_bridge:50;0365_unclustered:41;0306_unclustered:38;0289_unclustered:30;0361_unclustered:29;0400_unclustered:22;0362_unclustered:22;0368_unclustered:16	0363_unclustered:36;0306_unclustered:8;0361_unclustered:5;0362_unclustered:2;0364_unclustered:2
0306_unclustered	unclustered	unknown_005exxxx	none	96	17.835	14.311	005e0334	005eb5b8	batch_lists/0306_unclustered.tsv	0365_unclustered:27;0361_unclustered:22;0121_frontend_bridge:20;0362_unclustered:19;0368_unclustered:17;0367_unclustered:15;0390_unclustered:13;0289_unclustered:13	0305_unclustered:38;0361_unclustered:18;0363_unclustered:18;0362_unclustered:7;0368_unclustered:2;0067_optimizer:1;0364_unclustered:1
0307_unclustered	unclustered	unknown_005exxxx	none	7	13.049	12.308	005e13d2	005eb2c4	batch_lists/0307_unclustered.tsv	0367_unclustered:2;0301_unclustered:1;0363_unclustered:1;0199_runtime_support:1;0289_unclustered:1	
0308_unclustered	unclustered	unknown_0061xxxx	none	96	18.0	14.563	00610177	0061f597	batch_lists/0308_unclustered.tsv	0405_unclustered:45;0406_unclustered:28;0121_frontend_bridge:26;0359_unclustered:21;0348_unclustered:16;0289_unclustered:15;0287_unclustered:12;0390_unclustered:11	0213_unclustered:7;0405_unclustered:4;0019_optimizer:4;0313_unclustered:3;0247_unclustered:2;0230_unclustered:2;0243_unclustered:2;0312_unclustered:2
0309_unclustered	unclustered	unknown_0061xxxx	none	38	10.792	10.792	0061bf30	0061c060	batch_lists/0309_unclustered.tsv		
0310_unclustered	unclustered	unknown_0064xxxx	none	96	18.0	14.493	00640092	0064efba	batch_lists/0310_unclustered.tsv	0415_unclustered:101;0422_unclustered:38;0311_unclustered:33;0365_unclustered:27;0361_unclustered:12;0363_unclustered:8;0423_unclustered:7;0302_unclustered:6	0292_unclustered:20;0311_unclustered:9;0415_unclustered:4;0314_unclustered:3;0391_unclustered:2;0295_unclustered:1
0311_unclustered	unclustered	unknown_0064xxxx	none	96	17.215	13.914	00641205	0064fe7f	batch_lists/0311_unclustered.tsv	0422_unclustered:18;0423_unclustered:10;0302_unclustered:10;0415_unclustered:9;0310_unclustered:9;0365_unclustered:8;0289_unclustered:8;0121_frontend_bridge:6	0314_unclustered:44;0310_unclustered:33;0292_unclustered:2;0391_unclustered:1;0308_unclustered:1;0312_unclustered:1
0312_unclustered	unclustered	unknown_0064xxxx	none	48	16.358	14.096	006457d6	0064fef8	batch_lists/0312_unclustered.tsv	0365_unclustered:9;0292_unclustered:9;0422_unclustered:8;0302_unclustered:7;0423_unclustered:7;0314_unclustered:6;0301_unclustered:5;0359_unclustered:4	0314_unclustered:23;0315_unclustered:14;0391_unclustered:4;0311_unclustered:4;0438_unclustered:2;0282_unclustered:1;0287_unclustered:1;0358_unclustered:1
0313_unclustered	unclustered	unknown_0065xxxx	none	96	18.0	14.395	00658970	0065fe8f	batch_lists/0313_unclustered.tsv	0423_unclustered:15;0422_unclustered:13;0301_unclustered:13;0302_unclustered:10;0365_unclustered:9;0292_unclustered:8;0428_unclustered:8;0199_runtime_support:6	0429_unclustered:10;0314_unclustered:4;0428_unclustered:2;0441_unclustered:1
0314_unclustered	unclustered	unknown_0065xxxx	none	96	17.041	14.529	0065019d	0065ffb3	batch_lists/0314_unclustered.tsv	0311_unclustered:44;0312_unclustered:23;0365_unclustered:22;0121_frontend_bridge:18;0422_unclustered:18;0315_unclustered:13;0292_unclustered:12;0301_unclustered:11	0412_unclustered:14;0315_unclustered:8;0312_unclustered:6;0292_unclustered:4;0310_unclustered:4;0311_unclustered:4;0313_unclustered:4;0361_unclustered:3
0315_unclustered	unclustered	unknown_0065xxxx	none	72	16.889	14.042	0065001d	0065b57b	batch_lists/0315_unclustered.tsv	0121_frontend_bridge:22;0365_unclustered:18;0301_unclustered:16;0312_unclustered:14;0292_unclustered:10;0423_unclustered:9;0367_unclustered:8;0314_unclustered:8	0314_unclustered:13;0295_unclustered:10;0363_unclustered:7;0019_optimizer:6;0292_unclustered:4;0310_unclustered:4;0305_unclustered:3;0308_unclustered:3
0316_unclustered	unclustered	unknown_0068xxxx	none	96	18.0	15.487	00680050	0068feab	batch_lists/0316_unclustered.tsv	0121_frontend_bridge:82;0355_unclustered:52;0278_unclustered:48;0390_unclustered:47;0365_unclustered:45;0400_unclustered:41;0394_unclustered:36;0393_unclustered:34	0282_unclustered:85;0280_unclustered:57;0278_unclustered:36;0398_unclustered:24;0407_unclustered:22;0408_unclustered:17;0355_unclustered:11;0356_unclustered:10
0317_unclustered	unclustered	unknown_0068xxxx	none	15	16.041	13.832	00680b04	0068f99e	batch_lists/0317_unclustered.tsv	0121_frontend_bridge:10;0355_unclustered:8;0280_unclustered:6;0289_unclustered:4;0056_optimizer:4;0365_unclustered:3;0356_unclustered:2;0393_unclustered:2	0282_unclustered:4;0278_unclustered:2;0280_unclustered:2;0316_unclustered:2;0283_unclustered:1;0407_unclustered:1
0318_unclustered	unclustered	unknown_006cxxxx	none	96	18.0	15.017	006c00fe	006cfded	batch_lists/0318_unclustered.tsv	0121_frontend_bridge:31;0365_unclustered:23;0355_unclustered:20;0438_unclustered:17;0285_unclustered:13;0356_unclustered:10;0390_unclustered:9;0199_runtime_support:8	0281_unclustered:26;0324_unclustered:26;0321_unclustered:25;0283_unclustered:21;0284_unclustered:21;0323_unclustered:19;0398_unclustered:18;0001_backend_target:17
0319_unclustered	unclustered	unknown_006cxxxx	none	96	16.511	14.266	006c0025	006cfc6b	batch_lists/0319_unclustered.tsv	0365_unclustered:30;0121_frontend_bridge:16;0408_unclustered:12;0301_unclustered:9;0284_unclustered:9;0355_unclustered:9;0400_unclustered:8;0438_unclustered:8	0408_unclustered:11;0355_unclustered:9;0316_unclustered:8;0438_unclustered:8;0328_unclustered:6;0278_unclustered:5;0280_unclustered:4;0019_optimizer:4
0320_unclustered	unclustered	unknown_006cxxxx	none	39	13.003	12.215	006c054d	006cfc4d	batch_lists/0320_unclustered.tsv	0365_unclustered:16;0289_unclustered:1;0355_unclustered:1;0390_unclustered:1;0423_unclustered:1;0363_unclustered:1;0422_unclustered:1	0393_unclustered:9;0019_optimizer:1;0324_unclustered:1;0464_unclustered:1
0321_unclustered	unclustered	unknown_006dxxxx	none	96	18.0	15.484	006d023a	006dff93	batch_lists/0321_unclustered.tsv	0355_unclustered:71;0324_unclustered:51;0390_unclustered:39;0326_unclustered:36;0318_unclustered:25;0322_unclustered:22;0365_unclustered:21;0356_unclustered:16	0323_unclustered:253;0324_unclustered:128;0326_unclustered:105;0450_unclustered:41;0328_unclustered:34;0283_unclustered:25;0388_unclustered:25;0284_unclustered:20
0322_unclustered	unclustered	unknown_006dxxxx	none	58	17.532	14.13	006d004e	006dbb78	batch_lists/0322_unclustered.tsv	0365_unclustered:23;0324_unclustered:23;0348_unclustered:12;0355_unclustered:10;0321_unclustered:7;0425_unclustered:5;0438_unclustered:4;0302_unclustered:4	0321_unclustered:22;0323_unclustered:17;0324_unclustered:14;0326_unclustered:10;0450_unclustered:8;0284_unclustered:6;0319_unclustered:3;0283_unclustered:2
0323_unclustered	unclustered	unknown_006exxxx	none	55	18.0	16.175	006e0809	006efc02	batch_lists/0323_unclustered.tsv	0321_unclustered:253;0355_unclustered:125;0324_unclustered:107;0326_unclustered:72;0390_unclustered:59;0318_unclustered:19;0357_unclustered:18;0356_unclustered:18	0324_unclustered:43;0020_optimizer:2;0321_unclustered:1;0329_unclustered:1;0328_unclustered:1
0324_unclustered	unclustered	unknown_006fxxxx	none	96	18.0	15.151	006f03d8	006ffcc0	batch_lists/0324_unclustered.tsv	0321_unclustered:128;0355_unclustered:60;0326_unclustered:49;0323_unclustered:43;0318_unclustered:26;0390_unclustered:22;0365_unclustered:20;0438_unclustered:16	0323_unclustered:107;0388_unclustered:80;0326_unclustered:64;0321_unclustered:51;0450_unclustered:45;0427_unclustered:28;0328_unclustered:25;0322_unclustered:23
0325_unclustered	unclustered	unknown_006fxxxx	none	29	14.313	13.15	006f5cc0	006fe990	batch_lists/0325_unclustered.tsv	0364_unclustered:9;0365_unclustered:8;0199_runtime_support:4;0363_unclustered:3;0464_unclustered:2;0422_unclustered:2;0390_unclustered:1;0359_unclustered:1	0321_unclustered:4;0326_unclustered:4;0319_unclustered:3;0329_unclustered:3;0438_unclustered:2;0388_unclustered:2;0373_unclustered:2;0284_unclustered:1
0326_unclustered	unclustered	unknown_0070xxxx	none	96	18.0	14.879	0070027c	0070ffdf	batch_lists/0326_unclustered.tsv	0321_unclustered:105;0355_unclustered:80;0324_unclustered:64;0390_unclustered:38;0365_unclustered:21;0356_unclustered:18;0318_unclustered:17;0357_unclustered:10	0323_unclustered:72;0324_unclustered:49;0321_unclustered:36;0328_unclustered:23;0450_unclustered:12;0283_unclustered:11;0284_unclustered:9;0280_unclustered:6
0327_unclustered	unclustered	unknown_0070xxxx	none	3	12.115	11.784	007016d6	00702183	batch_lists/0327_unclustered.tsv	0366_unclustered:1;0325_unclustered:1	
0328_unclustered	unclustered	unknown_0071xxxx	none	96	18.0	14.825	0071014d	0071ffea	batch_lists/0328_unclustered.tsv	0355_unclustered:46;0321_unclustered:34;0324_unclustered:25;0326_unclustered:23;0422_unclustered:23;0365_unclustered:20;0281_unclustered:18;0390_unclustered:17	0388_unclustered:19;0281_unclustered:7;0324_unclustered:6;0321_unclustered:3;0049_optimizer:2;0286_unclustered:1;0021_optimizer:1;0258_unclustered:1
0329_unclustered	unclustered	unknown_0071xxxx	none	33	16.256	13.532	00711854	0071f6c3	batch_lists/0329_unclustered.tsv	0365_unclustered:6;0355_unclustered:3;0325_unclustered:3;0301_unclustered:3;0422_unclustered:3;0390_unclustered:2;0321_unclustered:2;0324_unclustered:2	0326_unclustered:5;0058_optimizer:4;0281_unclustered:3;0324_unclustered:3;0055_optimizer:2;0049_optimizer:2;0425_unclustered:1;0408_unclustered:1
0330_unclustered	unclustered	unknown_0075xxxx	none	96	18.0	15.199	00750230	0075f560	batch_lists/0330_unclustered.tsv	0412_unclustered:76;0365_unclustered:54;0324_unclustered:16;0355_unclustered:14;0199_runtime_support:11;0438_unclustered:9;0356_unclustered:7;0321_unclustered:7	0373_unclustered:29;0024_optimizer:13;0001_backend_target:12;0038_optimizer:9;0026_optimizer:7;0279_unclustered:1;0412_unclustered:1;0039_optimizer:1
0331_unclustered	unclustered	unknown_0075xxxx	none	8	13.92	13.244	00751ca9	00755ff0	batch_lists/0331_unclustered.tsv	0412_unclustered:3;0355_unclustered:1;0199_runtime_support:1;0348_unclustered:1;0365_unclustered:1;0366_unclustered:1	0026_optimizer:5;0038_optimizer:2;0373_unclustered:2
0332_unclustered	unclustered	unknown_0092xxxx	none	33	18.0	13.86	00922101	0092eee2	batch_lists/0332_unclustered.tsv	0199_runtime_support:21;0473_unclustered:6;0133_frontend:6;0129_frontend:4;0151_frontend:4;0130_frontend:3;0170_frontend:2;0159_frontend:2	0138_frontend:5;0128_frontend:5;0152_frontend:5;0151_frontend:5;0146_frontend:4;0162_frontend:3;0466_unclustered:3;0150_frontend:3
0333_unclustered	unclustered	unknown_0099xxxx	none	96	18.0	14.819	0099314a	0099fd10	batch_lists/0333_unclustered.tsv	0121_frontend_bridge:108;0365_unclustered:44;0400_unclustered:33;0289_unclustered:15;0292_unclustered:13;0301_unclustered:12;0390_unclustered:8;0366_unclustered:7	0121_frontend_bridge:41;0400_unclustered:6;0287_unclustered:6;0315_unclustered:6;0314_unclustered:4;0366_unclustered:3;0368_unclustered:3;0305_unclustered:3
0334_unclustered	unclustered	unknown_0099xxxx	none	96	16.943	13.869	0099150c	0099f6b3	batch_lists/0334_unclustered.tsv	0365_unclustered:38;0121_frontend_bridge:23;0301_unclustered:19;0199_runtime_support:17;0400_unclustered:16;0422_unclustered:11;0359_unclustered:10;0303_unclustered:6	0122_frontend_bridge:22;0121_frontend_bridge:16;0365_unclustered:10;0366_unclustered:10;0380_unclustered:8;0282_unclustered:5;0298_unclustered:5;0333_unclustered:5
0335_unclustered	unclustered	unknown_0099xxxx	none	87	12.865	11.43	009915e0	0099cdee	batch_lists/0335_unclustered.tsv	0348_unclustered:2;0184_frontend:1;0301_unclustered:1;0400_unclustered:1;0285_unclustered:1;0292_unclustered:1	0280_unclustered:6;0282_unclustered:3;0376_unclustered:3;0001_backend_target:2;0359_unclustered:2;0302_unclustered:2;0121_frontend_bridge:2;0285_unclustered:1
0336_unclustered	unclustered	unknown_009cxxxx	none	96	18.0	14.711	009c29c2	009cfd2b	batch_lists/0336_unclustered.tsv	0431_unclustered:67;0199_runtime_support:66;0337_unclustered:39;0340_unclustered:28;0339_unclustered:18;0422_unclustered:13;0456_unclustered:11;0454_unclustered:11	0460_unclustered:27;0337_unclustered:10;0308_unclustered:5;0428_unclustered:4;0314_unclustered:3;0405_unclustered:2;0310_unclustered:2;0313_unclustered:2
0337_unclustered	unclustered	unknown_009cxxxx	none	96	16.475	13.959	009c00a1	009cf9ea	batch_lists/0337_unclustered.tsv	0199_runtime_support:30;0454_unclustered:17;0121_frontend_bridge:16;0302_unclustered:13;0340_unclustered:13;0423_unclustered:12;0431_unclustered:10;0336_unclustered:10	0336_unclustered:39;0460_unclustered:17;0308_unclustered:5;0461_unclustered:5;0423_unclustered:3;0405_unclustered:3;0366_unclustered:2;0456_unclustered:2
0338_unclustered	unclustered	unknown_009cxxxx	none	27	13.212	12.412	009c000c	009c8e72	batch_lists/0338_unclustered.tsv	0423_unclustered:5;0431_unclustered:5;0363_unclustered:3;0475_unclustered:2;0199_runtime_support:2;0422_unclustered:1;0200_runtime_support:1;0302_unclustered:1	0460_unclustered:3;0406_unclustered:1;0405_unclustered:1
0339_unclustered	unclustered	unknown_009exxxx	none	96	18.0	14.091	009e00ac	009ee92f	batch_lists/0339_unclustered.tsv	0442_unclustered:76;0444_unclustered:22;0340_unclustered:17;0461_unclustered:14;0445_unclustered:13;0374_unclustered:12;0199_runtime_support:11;0443_unclustered:8	0374_unclustered:103;0461_unclustered:76;0462_unclustered:75;0460_unclustered:61;0336_unclustered:18;0443_unclustered:17;0340_unclustered:10;0123_frontend_bridge:6
0340_unclustered	unclustered	unknown_009exxxx	none	96	16.858	13.811	009e057f	009edff1	batch_lists/0340_unclustered.tsv	0431_unclustered:19;0199_runtime_support:11;0339_unclustered:10;0341_unclustered:8;0423_unclustered:5;0454_unclustered:4;0422_unclustered:2;0201_runtime_support:1	0460_unclustered:61;0461_unclustered:59;0443_unclustered:36;0336_unclustered:28;0339_unclustered:17;0462_unclustered:14;0337_unclustered:13;0374_unclustered:10
0341_unclustered	unclustered	unknown_009exxxx	none	96	16.33	12.902	009e006a	009ee103	batch_lists/0341_unclustered.tsv	0431_unclustered:34;0199_runtime_support:33;0340_unclustered:9;0443_unclustered:4;0461_unclustered:2;0462_unclustered:2;0423_unclustered:2;0444_unclustered:2	0374_unclustered:101;0460_unclustered:10;0340_unclustered:8;0375_unclustered:7;0461_unclustered:2;0463_unclustered:2
0342_unclustered	unclustered	unknown_009exxxx	none	66	11.357	10.869	009e22e7	009ee036	batch_lists/0342_unclustered.tsv		
0343_unclustered	unclustered	unknown_00a3xxxx	none	96	18.0	14.049	00a334a1	00a3fd7f	batch_lists/0343_unclustered.tsv	0434_unclustered:41;0384_unclustered:32;0433_unclustered:28;0436_unclustered:17;0435_unclustered:16;0385_unclustered:11;0444_unclustered:8;0386_unclustered:6	0404_unclustered:9;0436_unclustered:7;0344_unclustered:6;0434_unclustered:5
0344_unclustered	unclustered	unknown_00a3xxxx	none	96	17.358	14.444	00a30286	00a3f1c2	batch_lists/0344_unclustered.tsv	0384_unclustered:87;0433_unclustered:39;0385_unclustered:36;0436_unclustered:25;0386_unclustered:25;0444_unclustered:18;0301_unclustered:15;0454_unclustered:14	0436_unclustered:12;0435_unclustered:10;0433_unclustered:9;0434_unclustered:6;0343_unclustered:5;0437_unclustered:3;0345_unclustered:1
0345_unclustered	unclustered	unknown_00a3xxxx	none	96	14.51	13.317	00a31b84	00a3f8e3	batch_lists/0345_unclustered.tsv	0384_unclustered:25;0435_unclustered:15;0385_unclustered:9;0434_unclustered:9;0444_unclustered:7;0454_unclustered:7;0433_unclustered:6;0442_unclustered:5	0435_unclustered:11;0433_unclustered:11;0436_unclustered:4;0434_unclustered:4;0437_unclustered:3;0404_unclustered:1
0346_unclustered	unclustered	unknown_00a3xxxx	none	96	13.017	12.104	00a3212e	00a3fa37	batch_lists/0346_unclustered.tsv	0384_unclustered:9;0385_unclustered:7;0435_unclustered:6;0386_unclustered:5;0436_unclustered:4;0444_unclustered:2;0434_unclustered:2;0432_unclustered:1	0436_unclustered:2;0435_unclustered:2
0347_unclustered	unclustered	unknown_00a3xxxx	none	36	11.339	11.236	00a32194	00a3f8ce	batch_lists/0347_unclustered.tsv		
0348_unclustered	unclustered	unknown_004exxxx	none	96	17.997	15.465	004e2050	004efeb5	batch_lists/0348_unclustered.tsv	0365_unclustered:62;0380_unclustered:37;0358_unclustered:36;0302_unclustered:28;0349_unclustered:25;0121_frontend_bridge:23;0301_unclustered:22;0293_unclustered:22	0358_unclustered:73;0359_unclustered:40;0351_unclustered:38;0367_unclustered:34;0302_unclustered:21;0293_unclustered:19;0290_unclustered:18;0438_unclustered:18
0349_unclustered	unclustered	unknown_004exxxx	none	96	16.968	14.272	004e0250	004ee601	batch_lists/0349_unclustered.tsv	0365_unclustered:34;0301_unclustered:34;0358_unclustered:18;0431_unclustered:14;0348_unclustered:13;0302_unclustered:10;0199_runtime_support:9;0285_unclustered:9	0348_unclustered:25;0359_unclustered:10;0290_unclustered:7;0358_unclustered:4;0293_unclustered:4;0292_unclustered:4;0328_unclustered:4;0284_unclustered:3
0350_unclustered	unclustered	unknown_004exxxx	none	24	13.945	13.149	004e0230	004e9745	batch_lists/0350_unclustered.tsv	0365_unclustered:7;0299_unclustered:5;0423_unclustered:3;0358_unclustered:2;0359_unclustered:2;0293_unclustered:2;0363_unclustered:1;0422_unclustered:1	0359_unclustered:2;0380_unclustered:2;0381_unclustered:2;0310_unclustered:2;0290_unclustered:1;0366_unclustered:1;0019_optimizer:1;0328_unclustered:1
0351_unclustered	unclustered	unknown_0055xxxx	none	96	17.978	14.918	00550034	0055fc97	batch_lists/0351_unclustered.tsv	0377_unclustered:43;0121_frontend_bridge:42;0348_unclustered:38;0299_unclustered:28;0359_unclustered:23;0425_unclustered:22;0352_unclustered:22;0400_unclustered:19	0352_unclustered:28;0365_unclustered:26;0377_unclustered:8;0367_unclustered:5;0316_unclustered:3;0366_unclustered:2;0281_unclustered:1;0001_backend_target:1
0352_unclustered	unclustered	unknown_0055xxxx	none	96	17.587	14.449	0055135b	0055fa28	batch_lists/0352_unclustered.tsv	0365_unclustered:30;0351_unclustered:28;0289_unclustered:13;0377_unclustered:12;0400_unclustered:9;0299_unclustered:8;0348_unclustered:7;0121_frontend_bridge:5	0365_unclustered:73;0351_unclustered:22;0367_unclustered:7;0366_unclustered:4;0287_unclustered:3;0422_unclustered:2;0358_unclustered:1;0425_unclustered:1
0353_unclustered	unclustered	unknown_0055xxxx	none	28	14.253	13.357	005502fc	0055e822	batch_lists/0353_unclustered.tsv	0377_unclustered:4;0365_unclustered:4;0359_unclustered:3;0285_unclustered:3;0394_unclustered:2;0367_unclustered:1;0299_unclustered:1;0297_unclustered:1	0365_unclustered:23;0366_unclustered:2;0367_unclustered:1
0354_unclustered	unclustered	unknown_0048xxxx	none	87	17.954	14.383	004816a0	0048fb35	batch_lists/0354_unclustered.tsv	0278_unclustered:26;0365_unclustered:24;0355_unclustered:19;0121_frontend_bridge:16;0438_unclustered:14;0348_unclustered:12;0400_unclustered:11;0199_runtime_support:10	0071_optimizer:6;0393_unclustered:4;0319_unclustered:3;0282_unclustered:2;0040_optimizer:2;0348_unclustered:2;0359_unclustered:2;0428_unclustered:2
0355_unclustered	unclustered	unknown_006bxxxx	none	96	17.947	15.146	006b0159	006bfe34	batch_lists/0355_unclustered.tsv	0365_unclustered:35;0121_frontend_bridge:31;0356_unclustered:20;0390_unclustered:16;0318_unclustered:13;0278_unclustered:13;0438_unclustered:12;0400_unclustered:11	0323_unclustered:125;0326_unclustered:80;0280_unclustered:78;0321_unclustered:71;0282_unclustered:65;0278_unclustered:63;0324_unclustered:60;0283_unclustered:52
0356_unclustered	unclustered	unknown_006bxxxx	none	96	17.715	14.759	006b0266	006bffdd	batch_lists/0356_unclustered.tsv	0355_unclustered:51;0121_frontend_bridge:37;0357_unclustered:27;0365_unclustered:26;0289_unclustered:20;0400_unclustered:17;0438_unclustered:12;0390_unclustered:11	0316_unclustered:26;0355_unclustered:20;0283_unclustered:18;0323_unclustered:18;0326_unclustered:18;0321_unclustered:16;0280_unclustered:14;0324_unclustered:14
0357_unclustered	unclustered	unknown_006bxxxx	none	79	16.733	14.327	006b003c	006bfff5	batch_lists/0357_unclustered.tsv	0365_unclustered:19;0356_unclustered:13;0289_unclustered:9;0422_unclustered:7;0285_unclustered:7;0438_unclustered:7;0348_unclustered:6;0400_unclustered:5	0356_unclustered:27;0388_unclustered:19;0393_unclustered:18;0323_unclustered:18;0373_unclustered:14;0321_unclustered:12;0438_unclustered:11;0324_unclustered:11
0358_unclustered	unclustered	unknown_004fxxxx	none	96	17.936	14.879	004f042c	004ffff1	batch_lists/0358_unclustered.tsv	0348_unclustered:73;0365_unclustered:30;0301_unclustered:23;0380_unclustered:16;0121_frontend_bridge:14;0422_unclustered:14;0293_unclustered:10;0400_unclustered:9	0348_unclustered:36;0407_unclustered:21;0349_unclustered:18;0308_unclustered:9;0363_unclustered:7;0295_unclustered:6;0314_unclustered:6;0464_unclustered:6
0359_unclustered	unclustered	unknown_004fxxxx	none	96	17.644	14.734	004f0e3f	004fffaa	batch_lists/0359_unclustered.tsv	0121_frontend_bridge:42;0348_unclustered:40;0400_unclustered:31;0365_unclustered:28;0301_unclustered:28;0289_unclustered:24;0422_unclustered:14;0390_unclustered:10	0377_unclustered:24;0351_unclustered:23;0308_unclustered:21;0295_unclustered:20;0287_unclustered:17;0425_unclustered:14;0388_unclustered:14;0299_unclustered:13
0360_unclustered	unclustered	unknown_004fxxxx	none	15	12.846	12.134	004f2da2	004ffe49	batch_lists/0360_unclustered.tsv	0349_unclustered:2;0365_unclustered:2;0366_unclustered:2;0439_unclustered:1;0348_unclustered:1	0334_unclustered:2;0292_unclustered:1;0295_unclustered:1;0377_unclustered:1;0019_optimizer:1;0357_unclustered:1
0361_unclustered	unclustered	unknown_005dxxxx	none	96	17.929	15.013	005d05f0	005dfeb4	batch_lists/0361_unclustered.tsv	0121_frontend_bridge:42;0365_unclustered:26;0368_unclustered:26;0289_unclustered:21;0390_unclustered:20;0367_unclustered:19;0306_unclustered:18;0363_unclustered:14	0363_unclustered:47;0305_unclustered:29;0306_unclustered:22;0368_unclustered:21;0310_unclustered:12;0364_unclustered:10;0405_unclustered:9;0367_unclustered:8
0362_unclustered	unclustered	unknown_005dxxxx	none	55	17.392	14.352	005d1033	005dc6db	batch_lists/0362_unclustered.tsv	0365_unclustered:12;0121_frontend_bridge:10;0400_unclustered:8;0289_unclustered:7;0306_unclustered:7;0199_runtime_support:7;0358_unclustered:5;0348_unclustered:4	0363_unclustered:37;0305_unclustered:22;0306_unclustered:19;0361_unclustered:7;0308_unclustered:5;0405_unclustered:4;0051_optimizer:3;0053_optimizer:3
0363_unclustered	unclustered	unknown_005fxxxx	none	96	17.924	15.13	005f0152	005ffd22	batch_lists/0363_unclustered.tsv	0361_unclustered:47;0365_unclustered:41;0362_unclustered:37;0305_unclustered:36;0367_unclustered:33;0368_unclustered:29;0390_unclustered:23;0121_frontend_bridge:19	0406_unclustered:21;0427_unclustered:18;0361_unclustered:14;0289_unclustered:13;0306_unclustered:11;0305_unclustered:10;0369_unclustered:10;0405_unclustered:9
0364_unclustered	unclustered	unknown_005fxxxx	none	35	16.246	14.255	005f05ce	005ff133	batch_lists/0364_unclustered.tsv	0361_unclustered:10;0121_frontend_bridge:8;0365_unclustered:6;0368_unclustered:6;0390_unclustered:6;0289_unclustered:5;0400_unclustered:5;0362_unclustered:3	0405_unclustered:14;0368_unclustered:13;0305_unclustered:10;0325_unclustered:9;0292_unclustered:7;0361_unclustered:7;0308_unclustered:7;0428_unclustered:7
0365_unclustered	unclustered	unknown_0056xxxx	none	96	17.916	14.736	005605bd	0056f976	batch_lists/0365_unclustered.tsv	0352_unclustered:73;0351_unclustered:26;0353_unclustered:23;0289_unclustered:23;0297_unclustered:21;0292_unclustered:21;0121_frontend_bridge:18;0390_unclustered:17	0369_unclustered:70;0348_unclustered:62;0330_unclustered:54;0427_unclustered:49;0316_unclustered:45;0333_unclustered:44;0287_unclustered:42;0305_unclustered:41
0366_unclustered	unclustered	unknown_0056xxxx	none	60	16.675	14.163	00561c0b	0056f21b	batch_lists/0366_unclustered.tsv	0292_unclustered:26;0365_unclustered:15;0199_runtime_support:10;0334_unclustered:10;0348_unclustered:6;0289_unclustered:5;0422_unclustered:5;0301_unclustered:5	0298_unclustered:12;0348_unclustered:10;0359_unclustered:9;0365_unclustered:9;0280_unclustered:7;0358_unclustered:7;0292_unclustered:7;0333_unclustered:7
0367_unclustered	unclustered	unknown_005cxxxx	none	96	17.915	15.111	005c0501	005cf8e1	batch_lists/0367_unclustered.tsv	0121_frontend_bridge:76;0400_unclustered:70;0289_unclustered:66;0348_unclustered:34;0390_unclustered:31;0299_unclustered:28;0365_unclustered:20;0423_unclustered:19	0363_unclustered:33;0361_unclustered:19;0306_unclustered:15;0305_unclustered:9;0308_unclustered:9;0315_unclustered:8;0426_unclustered:5;0314_unclustered:5
0368_unclustered	unclustered	unknown_005cxxxx	none	86	15.984	13.958	005c0178	005cf619	batch_lists/0368_unclustered.tsv	0422_unclustered:22;0361_unclustered:21;0423_unclustered:15;0364_unclustered:13;0363_unclustered:7;0302_unclustered:6;0199_runtime_support:6;0390_unclustered:3	0363_unclustered:29;0361_unclustered:26;0306_unclustered:17;0305_unclustered:16;0364_unclustered:6;0308_unclustered:2;0425_unclustered:1;0422_unclustered:1
0369_unclustered	unclustered	unknown_0077xxxx	none	96	17.87	14.87	00773c48	0077fd64	batch_lists/0369_unclustered.tsv	0365_unclustered:70;0370_unclustered:38;0363_unclustered:10;0422_unclustered:5;0199_runtime_support:4;0348_unclustered:4;0321_unclustered:4;0318_unclustered:3	0427_unclustered:38;0370_unclustered:21;0001_backend_target:7;0278_unclustered:4;0429_unclustered:4;0245_unclustered:4;0004_backend_target:3;0217_unclustered:2
0370_unclustered	unclustered	unknown_0077xxxx	none	96	17.253	13.966	00772cf0	0077fd4f	batch_lists/0370_unclustered.tsv	0365_unclustered:27;0369_unclustered:21;0422_unclustered:16;0301_unclustered:13;0199_runtime_support:10;0423_unclustered:9;0363_unclustered:9;0364_unclustered:5	0369_unclustered:38;0427_unclustered:12;0033_optimizer:6;0429_unclustered:4;0278_unclustered:3;0465_unclustered:2;0001_backend_target:1;0004_backend_target:1
0371_unclustered	unclustered	unknown_0077xxxx	none	64	15.233	13.645	00770133	0077fd9b	batch_lists/0371_unclustered.tsv	0365_unclustered:20;0301_unclustered:7;0422_unclustered:7;0412_unclustered:4;0199_runtime_support:3;0431_unclustered:2;0363_unclustered:2;0452_unclustered:2	0427_unclustered:20;0373_unclustered:9;0330_unclustered:4;0026_optimizer:3;0033_optimizer:3;0413_unclustered:2;0429_unclustered:1;0428_unclustered:1
0372_unclustered	unclustered	class:hardcode	vtable	1	17.865	17.865	0078a88f	0078a88f	batch_lists/0372_unclustered.tsv		
0373_unclustered	unclustered	unknown_0076xxxx	none	70	17.858	14.329	0076454d	0076ef5a	batch_lists/0373_unclustered.tsv	0330_unclustered:29;0365_unclustered:20;0321_unclustered:16;0348_unclustered:15;0355_unclustered:14;0357_unclustered:14;0324_unclustered:10;0371_unclustered:9	0039_optimizer:7;0330_unclustered:6;0026_optimizer:6;0032_optimizer:4;0001_backend_target:2;0038_optimizer:2;0024_optimizer:2
0374_unclustered	unclustered	unknown_009fxxxx	none	96	17.858	15.234	009f0439	009fd307	batch_lists/0374_unclustered.tsv	0339_unclustered:103;0341_unclustered:101;0199_runtime_support:25;0340_unclustered:10;0454_unclustered:2;0201_runtime_support:2;0301_unclustered:1	0375_unclustered:13;0339_unclustered:12;0461_unclustered:1;0341_unclustered:1
0375_unclustered	unclustered	unknown_009fxxxx	none	48	16.613	12.961	009f068b	009ffe34	batch_lists/0375_unclustered.tsv	0431_unclustered:14;0374_unclustered:13;0199_runtime_support:9;0341_unclustered:7;0340_unclustered:7;0423_unclustered:6;0339_unclustered:3;0422_unclustered:1	0443_unclustered:18;0461_unclustered:2;0460_unclustered:1;0341_unclustered:1;0339_unclustered:1
0376_unclustered	unclustered	unknown_009axxxx	none	85	17.856	14.033	009a00ad	009a476e	batch_lists/0376_unclustered.tsv	0461_unclustered:28;0365_unclustered:26;0301_unclustered:26;0121_frontend_bridge:23;0422_unclustered:10;0460_unclustered:10;0423_unclustered:10;0199_runtime_support:8	0121_frontend_bridge:16;0122_frontend_bridge:16;0417_unclustered:5;0441_unclustered:3;0316_unclustered:2;0439_unclustered:2;0334_unclustered:2;0381_unclustered:1
0377_unclustered	unclustered	unknown_0054xxxx	none	96	17.85	15.064	00543d78	0054fd44	batch_lists/0377_unclustered.tsv	0400_unclustered:59;0121_frontend_bridge:44;0365_unclustered:33;0299_unclustered:26;0359_unclustered:24;0289_unclustered:22;0348_unclustered:17;0425_unclustered:8	0398_unclustered:108;0351_unclustered:43;0001_backend_target:22;0352_unclustered:12;0353_unclustered:4;0287_unclustered:3;0290_unclustered:3;0299_unclustered:3
0378_unclustered	unclustered	unknown_0054xxxx	none	46	16.428	14.078	005437d4	0054ffb1	batch_lists/0378_unclustered.tsv	0121_frontend_bridge:22;0400_unclustered:11;0289_unclustered:10;0299_unclustered:10;0365_unclustered:9;0390_unclustered:8;0302_unclustered:5;0348_unclustered:5	0351_unclustered:5;0398_unclustered:3;0377_unclustered:3;0295_unclustered:2;0280_unclustered:1;0001_backend_target:1;0284_unclustered:1;0285_unclustered:1
0379_unclustered	unclustered	class:peep_transformer	vtable	3	17.83	17.83	0061fe7c	0061fe8e	batch_lists/0379_unclustered.tsv		
0380_unclustered	unclustered	unknown_0062xxxx	none	96	17.813	14.761	00620fb6	0062ff12	batch_lists/0380_unclustered.tsv	0301_unclustered:40;0199_runtime_support:28;0365_unclustered:26;0381_unclustered:18;0121_frontend_bridge:13;0460_unclustered:12;0348_unclustered:11;0400_unclustered:9	0348_unclustered:37;0381_unclustered:19;0358_unclustered:16;0417_unclustered:12;0415_unclustered:10;0359_unclustered:6;0416_unclustered:6;0318_unclustered:5
0381_unclustered	unclustered	unknown_0062xxxx	none	96	17.658	14.483	00620e32	0062fe3b	batch_lists/0381_unclustered.tsv	0199_runtime_support:28;0380_unclustered:19;0200_runtime_support:14;0301_unclustered:12;0365_unclustered:9;0454_unclustered:8;0431_unclustered:7;0123_frontend_bridge:7	0380_unclustered:18;0348_unclustered:5;0376_unclustered:4;0415_unclustered:3;0407_unclustered:3;0439_unclustered:3;0382_unclustered:2;0416_unclustered:2
0382_unclustered	unclustered	unknown_0062xxxx	none	92	16.538	12.654	00620396	0062feef	batch_lists/0382_unclustered.tsv	0365_unclustered:16;0301_unclustered:15;0400_unclustered:6;0461_unclustered:6;0348_unclustered:5;0302_unclustered:4;0462_unclustered:4;0299_unclustered:3	0286_unclustered:16;0400_unclustered:7;0417_unclustered:7;0348_unclustered:5;0365_unclustered:4;0354_unclustered:3;0314_unclustered:3;0019_optimizer:3
0383_unclustered	unclustered	unknown_008fxxxx	none	46	17.804	14.031	008f0d12	008fd979	batch_lists/0383_unclustered.tsv	0199_runtime_support:22;0133_frontend:12;0459_unclustered:8;0159_frontend:7;0148_frontend:4;0146_frontend:4;0176_frontend:3;0473_unclustered:3	0156_frontend:13;0148_frontend:11;0157_frontend:11;0152_frontend:9;0176_frontend:8;0126_frontend:7;0164_frontend:7;0127_frontend:7
0384_unclustered	unclustered	unknown_00a1xxxx	none	96	17.79	15.101	00a10822	00a1ef54	batch_lists/0384_unclustered.tsv	0385_unclustered:76;0199_runtime_support:22;0301_unclustered:11;0454_unclustered:10;0444_unclustered:6;0436_unclustered:5;0302_unclustered:3;0200_runtime_support:3	0344_unclustered:87;0385_unclustered:59;0433_unclustered:32;0343_unclustered:32;0442_unclustered:28;0345_unclustered:25;0436_unclustered:19;0444_unclustered:13
0385_unclustered	unclustered	unknown_00a1xxxx	none	96	16.852	14.144	00a10330	00a1f350	batch_lists/0385_unclustered.tsv	0384_unclustered:59;0199_runtime_support:20;0386_unclustered:15;0301_unclustered:10;0454_unclustered:7;0456_unclustered:3;0127_frontend:2;0302_unclustered:2	0384_unclustered:76;0344_unclustered:36;0436_unclustered:30;0435_unclustered:20;0442_unclustered:16;0386_unclustered:14;0433_unclustered:14;0437_unclustered:12
0386_unclustered	unclustered	unknown_00a1xxxx	none	96	17.188	13.305	00a1002c	00a1fe5f	batch_lists/0386_unclustered.tsv	0385_unclustered:14;0301_unclustered:8;0199_runtime_support:8;0454_unclustered:3;0302_unclustered:3;0436_unclustered:3;0444_unclustered:1;0442_unclustered:1	0344_unclustered:25;0436_unclustered:22;0442_unclustered:21;0435_unclustered:17;0385_unclustered:15;0444_unclustered:14;0443_unclustered:6;0343_unclustered:6
0387_unclustered	unclustered	unknown_00a1xxxx	none	17	11.744	11.401	00a10125	00a1fbaf	batch_lists/0387_unclustered.tsv		
0388_unclustered	unclustered	unknown_0072xxxx	none	96	17.777	15.015	00720344	0072fe59	batch_lists/0388_unclustered.tsv	0324_unclustered:80;0365_unclustered:41;0321_unclustered:25;0328_unclustered:19;0357_unclustered:19;0400_unclustered:15;0393_unclustered:15;0121_frontend_bridge:15	0450_unclustered:10;0326_unclustered:8;0056_optimizer:7;0393_unclustered:5;0280_unclustered:2;0394_unclustered:2;0439_unclustered:2;0018_optimizer:1
0389_unclustered	unclustered	unknown_0072xxxx	none	1	11.452	11.452	0072f686	0072f686	batch_lists/0389_unclustered.tsv		
0390_unclustered	unclustered	unknown_004dxxxx	none	96	17.766	15.485	004d027c	004dfbe2	batch_lists/0390_unclustered.tsv	0121_frontend_bridge:77;0400_unclustered:47;0289_unclustered:41;0365_unclustered:28;0301_unclustered:11;0425_unclustered:11;0299_unclustered:11;0359_unclustered:8	0323_unclustered:59;0287_unclustered:52;0316_unclustered:47;0321_unclustered:39;0326_unclustered:38;0297_unclustered:31;0367_unclustered:31;0363_unclustered:23
0391_unclustered	unclustered	unknown_004dxxxx	none	96	16.411	14.429	004d0c97	004dffb9	batch_lists/0391_unclustered.tsv	0121_frontend_bridge:37;0365_unclustered:21;0289_unclustered:13;0400_unclustered:13;0301_unclustered:6;0297_unclustered:4;0425_unclustered:4;0393_unclustered:4	0287_unclustered:15;0316_unclustered:13;0297_unclustered:11;0425_unclustered:10;0308_unclustered:10;0393_unclustered:10;0412_unclustered:8;0290_unclustered:7
0392_unclustered	unclustered	unknown_004dxxxx	none	27	13.395	12.647	004d59c5	004df6e0	batch_lists/0392_unclustered.tsv	0365_unclustered:4;0422_unclustered:2;0302_unclustered:2;0287_unclustered:1;0366_unclustered:1;0363_unclustered:1	0321_unclustered:4;0391_unclustered:2;0367_unclustered:2;0316_unclustered:2;0278_unclustered:1;0280_unclustered:1;0281_unclustered:1;0398_unclustered:1
0393_unclustered	unclustered	unknown_0067xxxx	none	96	17.752	14.915	00670082	0067fd0c	batch_lists/0393_unclustered.tsv	0284_unclustered:37;0365_unclustered:34;0400_unclustered:28;0357_unclustered:18;0121_frontend_bridge:17;0348_unclustered:11;0390_unclustered:11;0422_unclustered:11	0316_unclustered:34;0280_unclustered:30;0407_unclustered:21;0464_unclustered:19;0388_unclustered:15;0282_unclustered:14;0278_unclustered:13;0408_unclustered:13
0394_unclustered	unclustered	unknown_0067xxxx	none	80	17.303	14.71	0067390f	0067fa8e	batch_lists/0394_unclustered.tsv	0355_unclustered:28;0365_unclustered:27;0121_frontend_bridge:21;0390_unclustered:16;0289_unclustered:15;0400_unclustered:11;0356_unclustered:10;0438_unclustered:9	0280_unclustered:44;0316_unclustered:36;0282_unclustered:35;0407_unclustered:13;0283_unclustered:10;0287_unclustered:10;0278_unclustered:9;0281_unclustered:9
0395_unclustered	unclustered	unknown_00a7xxxx	none	96	17.746	14.953	00a703b0	00a7d180	batch_lists/0395_unclustered.tsv	0446_unclustered:90;0199_runtime_support:34;0396_unclustered:18;0275_unclustered:13;0449_unclustered:12;0431_unclustered:8;0448_unclustered:8;0204_runtime_support:7	0446_unclustered:71;0447_unclustered:12;0396_unclustered:6
0396_unclustered	unclustered	unknown_00a7xxxx	none	96	16.874	13.843	00a73040	00a7fee0	batch_lists/0396_unclustered.tsv	0410_unclustered:23;0199_runtime_support:12;0411_unclustered:7;0446_unclustered:6;0395_unclustered:6;0449_unclustered:3;0201_runtime_support:3;0200_runtime_support:3	0446_unclustered:19;0395_unclustered:18;0410_unclustered:2;0397_unclustered:1
0397_unclustered	unclustered	unknown_00a7xxxx	none	11	14.092	13.356	00a74d80	00a7a8a0	batch_lists/0397_unclustered.tsv	0446_unclustered:3;0199_runtime_support:3;0200_runtime_support:3;0201_runtime_support:2;0396_unclustered:1	0446_unclustered:9
0398_unclustered	unclustered	unknown_0043xxxx	none	96	17.736	15.287	004304e2	0043fa89	batch_lists/0398_unclustered.tsv	0377_unclustered:108;0121_frontend_bridge:85;0400_unclustered:78;0365_unclustered:33;0316_unclustered:24;0289_unclustered:22;0318_unclustered:18;0278_unclustered:14	0282_unclustered:29;0001_backend_target:28;0328_unclustered:11;0283_unclustered:6;0280_unclustered:5;0281_unclustered:2;0278_unclustered:1;0207_runtime_support:1
0399_unclustered	unclustered	unknown_0043xxxx	none	31	14.129	13.182	00431428	0043eee1	batch_lists/0399_unclustered.tsv	0121_frontend_bridge:8;0301_unclustered:6;0390_unclustered:4;0289_unclustered:3;0391_unclustered:2;0318_unclustered:1;0423_unclustered:1;0363_unclustered:1	0001_backend_target:3;0328_unclustered:3;0282_unclustered:1;0329_unclustered:1;0388_unclustered:1
0400_unclustered	unclustered	unknown_004axxxx	none	96	17.707	15.523	004a0a53	004afce8	batch_lists/0400_unclustered.tsv	0121_frontend_bridge:54;0365_unclustered:25;0301_unclustered:17;0289_unclustered:13;0199_runtime_support:9;0286_unclustered:8;0355_unclustered:8;0382_unclustered:7	0287_unclustered:81;0398_unclustered:78;0367_unclustered:70;0377_unclustered:59;0390_unclustered:47;0316_unclustered:41;0295_unclustered:38;0407_unclustered:34
0401_unclustered	unclustered	unknown_004axxxx	none	59	15.387	13.804	004a41d9	004aff7d	batch_lists/0401_unclustered.tsv	0365_unclustered:19;0121_frontend_bridge:12;0406_unclustered:6;0363_unclustered:5;0359_unclustered:5;0422_unclustered:4;0302_unclustered:4;0289_unclustered:4	0121_frontend_bridge:9;0287_unclustered:8;0289_unclustered:8;0292_unclustered:7;0390_unclustered:6;0333_unclustered:6;0316_unclustered:5;0288_unclustered:3
0402_unclustered	unclustered	unknown_00a4xxxx	none	96	17.684	15.282	00a4126b	00a4fc91	batch_lists/0402_unclustered.tsv	0403_unclustered:81;0199_runtime_support:58;0301_unclustered:26;0422_unclustered:22;0302_unclustered:21;0275_unclustered:18;0418_unclustered:17;0200_runtime_support:15	0403_unclustered:24;0420_unclustered:5;0292_unclustered:2;0422_unclustered:2;0456_unclustered:1;0126_frontend:1
0403_unclustered	unclustered	unknown_00a4xxxx	none	96	16.74	14.119	00a406c0	00a4ff3a	batch_lists/0403_unclustered.tsv	0199_runtime_support:47;0402_unclustered:24;0301_unclustered:18;0404_unclustered:12;0302_unclustered:10;0420_unclustered:10;0422_unclustered:8;0455_unclustered:8	0402_unclustered:81;0420_unclustered:17;0404_unclustered:3;0456_unclustered:2;0457_unclustered:2;0358_unclustered:1;0365_unclustered:1;0454_unclustered:1
0404_unclustered	unclustered	unknown_00a4xxxx	none	54	16.198	13.639	00a402a7	00a4fba3	batch_lists/0404_unclustered.tsv	0199_runtime_support:15;0301_unclustered:13;0343_unclustered:9;0446_unclustered:6;0384_unclustered:4;0403_unclustered:3;0302_unclustered:3;0125_frontend:3	0403_unclustered:12;0420_unclustered:8;0422_unclustered:4;0456_unclustered:3;0365_unclustered:2;0457_unclustered:1;0455_unclustered:1;0395_unclustered:1
0405_unclustered	unclustered	unknown_0060xxxx	none	96	17.629	15.099	00601000	0060f853	batch_lists/0405_unclustered.tsv	0422_unclustered:16;0406_unclustered:15;0364_unclustered:14;0199_runtime_support:14;0365_unclustered:14;0361_unclustered:9;0363_unclustered:9;0390_unclustered:8	0308_unclustered:45;0218_unclustered:20;0221_unclustered:17;0224_unclustered:17;0235_unclustered:14;0406_unclustered:13;0227_unclustered:13;0213_unclustered:13
0406_unclustered	unclustered	unknown_0060xxxx	none	84	17.574	14.187	006002c7	0060ffa9	batch_lists/0406_unclustered.tsv	0363_unclustered:21;0405_unclustered:13;0422_unclustered:12;0365_unclustered:12;0423_unclustered:11;0199_runtime_support:11;0301_unclustered:10;0302_unclustered:7	0308_unclustered:28;0405_unclustered:15;0289_unclustered:11;0328_unclustered:8;0401_unclustered:6;0438_unclustered:5;0298_unclustered:4;0363_unclustered:4
0407_unclustered	unclustered	unknown_0069xxxx	none	96	17.601	14.868	00690250	0069fa34	batch_lists/0407_unclustered.tsv	0121_frontend_bridge:36;0400_unclustered:34;0365_unclustered:27;0316_unclustered:22;0393_unclustered:21;0358_unclustered:21;0394_unclustered:13;0438_unclustered:9	0280_unclustered:8;0393_unclustered:8;0438_unclustered:7;0356_unclustered:6;0328_unclustered:6;0281_unclustered:4;0355_unclustered:4;0412_unclustered:4
0408_unclustered	unclustered	unknown_0069xxxx	none	96	17.161	14.513	00693a7e	0069ff64	batch_lists/0408_unclustered.tsv	0301_unclustered:31;0365_unclustered:28;0121_frontend_bridge:22;0400_unclustered:20;0316_unclustered:17;0422_unclustered:17;0393_unclustered:13;0438_unclustered:11	0319_unclustered:12;0438_unclustered:10;0282_unclustered:9;0393_unclustered:9;0439_unclustered:7;0407_unclustered:6;0318_unclustered:5;0280_unclustered:4
0409_unclustered	unclustered	unknown_0069xxxx	none	24	13.852	13.034	00694a37	0069f70a	batch_lists/0409_unclustered.tsv	0365_unclustered:7;0301_unclustered:3;0423_unclustered:2;0199_runtime_support:2;0319_unclustered:2;0361_unclustered:1;0422_unclustered:1;0364_unclustered:1	0316_unclustered:4;0393_unclustered:2;0019_optimizer:2;0439_unclustered:2;0413_unclustered:2;0278_unclustered:1;0280_unclustered:1;0281_unclustered:1
0410_unclustered	unclustered	unknown_00a8xxxx	none	96	17.585	14.142	00a80190	00a8fd90	batch_lists/0410_unclustered.tsv	0411_unclustered:4;0431_unclustered:3;0396_unclustered:2;0448_unclustered:2;0449_unclustered:2	0396_unclustered:23;0411_unclustered:8;0431_unclustered:2
0411_unclustered	unclustered	unknown_00a8xxxx	none	39	15.385	13.383	00a83710	00a8fe00	batch_lists/0411_unclustered.tsv	0448_unclustered:13;0410_unclustered:8;0449_unclustered:1	0396_unclustered:7;0395_unclustered:5;0410_unclustered:4
0412_unclustered	unclustered	unknown_0074xxxx	none	96	17.532	14.558	00740744	0074fb92	batch_lists/0412_unclustered.tsv	0365_unclustered:41;0422_unclustered:24;0199_runtime_support:16;0314_unclustered:14;0413_unclustered:13;0450_unclustered:8;0355_unclustered:8;0359_unclustered:8	0330_unclustered:76;0001_backend_target:9;0373_unclustered:5;0024_optimizer:5;0371_unclustered:4;0214_unclustered:3;0413_unclustered:3;0331_unclustered:3
0413_unclustered	unclustered	unknown_0074xxxx	none	95	15.998	13.677	00740420	0074f67a	batch_lists/0413_unclustered.tsv	0422_unclustered:31;0365_unclustered:14;0450_unclustered:9;0423_unclustered:5;0438_unclustered:4;0199_runtime_support:4;0301_unclustered:4;0302_unclustered:4	0248_unclustered:20;0412_unclustered:13;0217_unclustered:8;0407_unclustered:4;0029_optimizer:3;0030_optimizer:3;0254_unclustered:3;0240_unclustered:3
0414_unclustered	unclustered	unknown_0091xxxx	none	79	17.525	14.386	00911406	0091b35e	batch_lists/0414_unclustered.tsv	0159_frontend:40;0199_runtime_support:36;0148_frontend:30;0149_frontend:16;0459_unclustered:13;0160_frontend:9;0170_frontend:8;0201_runtime_support:7	0127_frontend:8;0152_frontend:6;0148_frontend:3;0164_frontend:3;0468_unclustered:2;0128_frontend:1;0472_unclustered:1;0131_frontend:1
0415_unclustered	unclustered	unknown_0063xxxx	none	96	17.511	14.718	00630820	0063fed2	batch_lists/0415_unclustered.tsv	0301_unclustered:21;0199_runtime_support:14;0456_unclustered:12;0365_unclustered:11;0380_unclustered:10;0416_unclustered:10;0302_unclustered:5;0422_unclustered:4	0310_unclustered:101;0416_unclustered:36;0292_unclustered:11;0311_unclustered:9;0348_unclustered:3;0359_unclustered:2;0358_unclustered:2;0295_unclustered:2
0416_unclustered	unclustered	unknown_0063xxxx	none	96	17.199	14.715	00630828	0063d5da	batch_lists/0416_unclustered.tsv	0199_runtime_support:38;0415_unclustered:36;0301_unclustered:19;0201_runtime_support:19;0365_unclustered:7;0431_unclustered:7;0380_unclustered:6;0456_unclustered:6	0415_unclustered:10;0348_unclustered:4;0380_unclustered:4;0358_unclustered:3;0359_unclustered:2;0354_unclustered:1;0405_unclustered:1;0417_unclustered:1
0417_unclustered	unclustered	unknown_0063xxxx	none	59	15.912	13.646	00630589	0063eb04	batch_lists/0417_unclustered.tsv	0365_unclustered:21;0380_unclustered:12;0462_unclustered:9;0382_unclustered:7;0431_unclustered:7;0301_unclustered:7;0461_unclustered:7;0423_unclustered:5	0356_unclustered:4;0286_unclustered:3;0359_unclustered:3;0382_unclustered:3;0380_unclustered:3;0381_unclustered:2;0416_unclustered:2;0316_unclustered:2
0418_unclustered	unclustered	unknown_00a5xxxx	none	96	17.415	14.647	00a54a0e	00a5fee0	batch_lists/0418_unclustered.tsv	0419_unclustered:88;0201_runtime_support:31;0199_runtime_support:23;0448_unclustered:21;0200_runtime_support:13;0204_runtime_support:8;0449_unclustered:8;0431_unclustered:7	0402_unclustered:17;0448_unclustered:16;0419_unclustered:12;0449_unclustered:10;0403_unclustered:2
0419_unclustered	unclustered	unknown_00a5xxxx	none	96	16.293	13.708	00a54610	00a5f770	batch_lists/0419_unclustered.tsv	0448_unclustered:16;0201_runtime_support:14;0199_runtime_support:13;0418_unclustered:12;0200_runtime_support:4;0204_runtime_support:3;0449_unclustered:3;0420_unclustered:2	0418_unclustered:88;0449_unclustered:4;0402_unclustered:3;0403_unclustered:2;0448_unclustered:2
0420_unclustered	unclustered	unknown_00a5xxxx	none	67	16.816	13.773	00a5003c	00a5ae00	batch_lists/0420_unclustered.tsv	0199_runtime_support:25;0302_unclustered:18;0403_unclustered:17;0200_runtime_support:10;0404_unclustered:8;0431_unclustered:6;0301_unclustered:6;0402_unclustered:5	0402_unclustered:15;0403_unclustered:10;0419_unclustered:2;0404_unclustered:1
0421_unclustered	unclustered	unknown_008bxxxx	none	5	17.413	15.148	008b9610	008bbff4	batch_lists/0421_unclustered.tsv	0459_unclustered:11;0201_runtime_support:3;0130_frontend:3;0159_frontend:3;0181_frontend:3;0161_frontend:2;0148_frontend:2;0129_frontend:2	0163_frontend:3;0156_frontend:1
0422_unclustered	unclustered	unknown_005bxxxx	none	96	17.41	14.288	005b00f8	005bfc80	batch_lists/0422_unclustered.tsv	0301_unclustered:41;0199_runtime_support:27;0454_unclustered:25;0365_unclustered:15;0456_unclustered:13;0302_unclustered:13;0200_runtime_support:10;0455_unclustered:8	0310_unclustered:38;0413_unclustered:31;0412_unclustered:24;0328_unclustered:23;0368_unclustered:22;0402_unclustered:22;0452_unclustered:21;0292_unclustered:20
0423_unclustered	unclustered	unknown_005bxxxx	none	96	16.062	13.918	005b0366	005bf8e6	batch_lists/0423_unclustered.tsv	0301_unclustered:25;0454_unclustered:12;0199_runtime_support:12;0455_unclustered:8;0456_unclustered:7;0303_unclustered:4;0302_unclustered:4;0200_runtime_support:3	0293_unclustered:20;0367_unclustered:19;0452_unclustered:16;0368_unclustered:15;0313_unclustered:15;0289_unclustered:13;0211_runtime_support:12;0210_runtime_support:12
0424_unclustered	unclustered	unknown_005bxxxx	none	48	13.776	12.326	005b08c2	005bf0ed	batch_lists/0424_unclustered.tsv	0199_runtime_support:5;0431_unclustered:2;0454_unclustered:1;0301_unclustered:1;0457_unclustered:1;0302_unclustered:1;0456_unclustered:1;0403_unclustered:1	0293_unclustered:5;0303_unclustered:5;0285_unclustered:3;0294_unclustered:2;0412_unclustered:2;0181_frontend:2;0351_unclustered:1;0304_unclustered:1
0425_unclustered	unclustered	unknown_0050xxxx	none	96	17.4	14.896	00500013	0050ff4e	batch_lists/0425_unclustered.tsv	0121_frontend_bridge:26;0289_unclustered:24;0365_unclustered:23;0400_unclustered:18;0359_unclustered:14;0297_unclustered:14;0302_unclustered:13;0390_unclustered:12	0290_unclustered:37;0351_unclustered:22;0282_unclustered:14;0295_unclustered:14;0280_unclustered:11;0390_unclustered:11;0398_unclustered:10;0287_unclustered:10
0426_unclustered	unclustered	unknown_0050xxxx	none	84	16.528	13.995	00500035	0050f12a	batch_lists/0426_unclustered.tsv	0121_frontend_bridge:21;0365_unclustered:18;0390_unclustered:14;0289_unclustered:13;0422_unclustered:8;0359_unclustered:8;0297_unclustered:7;0400_unclustered:6	0290_unclustered:15;0348_unclustered:13;0008_backend_target:9;0407_unclustered:7;0295_unclustered:6;0405_unclustered:5;0287_unclustered:4;0391_unclustered:4
0427_unclustered	unclustered	unknown_0066xxxx	none	96	17.393	14.58	006616e9	0066e11a	batch_lists/0427_unclustered.tsv	0365_unclustered:49;0369_unclustered:38;0324_unclustered:28;0371_unclustered:20;0363_unclustered:18;0355_unclustered:15;0370_unclustered:12;0428_unclustered:9	0428_unclustered:10;0217_unclustered:9;0265_unclustered:1;0259_unclustered:1
0428_unclustered	unclustered	unknown_0066xxxx	none	96	16.711	14.349	00660108	0066fe50	batch_lists/0428_unclustered.tsv	0365_unclustered:26;0422_unclustered:13;0301_unclustered:12;0423_unclustered:11;0199_runtime_support:10;0427_unclustered:10;0364_unclustered:7;0363_unclustered:7	0427_unclustered:9;0313_unclustered:8;0393_unclustered:5;0019_optimizer:5;0022_optimizer:4;0363_unclustered:2;0071_optimizer:2;0001_backend_target:1
0429_unclustered	unclustered	unknown_0066xxxx	none	41	13.941	13.025	00660042	0066fdef	batch_lists/0429_unclustered.tsv	0313_unclustered:10;0422_unclustered:6;0363_unclustered:4;0369_unclustered:4;0370_unclustered:4;0431_unclustered:3;0365_unclustered:3;0423_unclustered:2	0313_unclustered:6;0425_unclustered:1;0365_unclustered:1;0217_unclustered:1;0071_optimizer:1;0019_optimizer:1;0245_unclustered:1
0430_unclustered	unclustered	unknown_0085xxxx	none	44	17.312	14.414	008531e0	0085c0e7	batch_lists/0430_unclustered.tsv	0199_runtime_support:36;0459_unclustered:5;0473_unclustered:5;0126_frontend:4;0383_unclustered:3;0161_frontend:2;0129_frontend:2;0175_frontend:2	0129_frontend:30;0138_frontend:15;0126_frontend:11;0130_frontend:6;0414_unclustered:6;0154_frontend:5;0133_frontend:5;0131_frontend:4
0431_unclustered	unclustered	unknown_00a9xxxx	none	96	17.292	13.777	00a90040	00a9fdf6	batch_lists/0431_unclustered.tsv	0201_runtime_support:23;0199_runtime_support:22;0477_unclustered:12;0204_runtime_support:7;0200_runtime_support:6;0410_unclustered:2;0423_unclustered:2;0422_unclustered:2	0452_unclustered:67;0336_unclustered:67;0443_unclustered:64;0464_unclustered:45;0341_unclustered:34;0460_unclustered:32;0199_runtime_support:22;0340_unclustered:19
0432_unclustered	unclustered	unknown_00a9xxxx	none	27	12.415	12.217	00a90680	00a9ffac	batch_lists/0432_unclustered.tsv	0477_unclustered:11;0201_runtime_support:7	0199_runtime_support:16;0201_runtime_support:3;0396_unclustered:2;0200_runtime_support:2;0202_runtime_support:2;0346_unclustered:1;0203_runtime_support:1
0433_unclustered	unclustered	unknown_00a2xxxx	none	96	17.266	13.978	00a218d5	00a2fc43	batch_lists/0433_unclustered.tsv	0384_unclustered:32;0434_unclustered:23;0385_unclustered:14;0345_unclustered:11;0344_unclustered:9;0199_runtime_support:6;0442_unclustered:6;0444_unclustered:4	0344_unclustered:39;0343_unclustered:28;0434_unclustered:26;0345_unclustered:6;0404_unclustered:1
0434_unclustered	unclustered	unknown_00a2xxxx	none	96	16.881	13.84	00a214c0	00a2e6b0	batch_lists/0434_unclustered.tsv	0435_unclustered:100;0433_unclustered:26;0384_unclustered:12;0199_runtime_support:7;0385_unclustered:7;0344_unclustered:6;0343_unclustered:5;0442_unclustered:4	0343_unclustered:41;0435_unclustered:29;0433_unclustered:23;0345_unclustered:9;0384_unclustered:3;0346_unclustered:2;0344_unclustered:1
0435_unclustered	unclustered	unknown_00a2xxxx	none	96	16.542	13.721	00a2059c	00a2e673	batch_lists/0435_unclustered.tsv	0434_unclustered:29;0385_unclustered:20;0386_unclustered:17;0345_unclustered:11;0344_unclustered:10;0442_unclustered:8;0384_unclustered:7;0444_unclustered:7	0434_unclustered:100;0343_unclustered:16;0345_unclustered:15;0344_unclustered:13;0346_unclustered:6;0436_unclustered:3;0384_unclustered:2;0386_unclustered:1
0436_unclustered	unclustered	unknown_00a2xxxx	none	96	16.315	13.584	00a20092	00a2f68c	batch_lists/0436_unclustered.tsv	0385_unclustered:30;0386_unclustered:22;0384_unclustered:19;0344_unclustered:12;0444_unclustered:9;0343_unclustered:7;0301_unclustered:4;0345_unclustered:4	0344_unclustered:25;0343_unclustered:17;0384_unclustered:5;0435_unclustered:5;0345_unclustered:5;0346_unclustered:4;0386_unclustered:3;0385_unclustered:1
0437_unclustered	unclustered	unknown_00a2xxxx	none	55	12.775	12.068	00a20357	00a2eb00	batch_lists/0437_unclustered.tsv	0385_unclustered:12;0345_unclustered:3;0344_unclustered:3;0386_unclustered:3;0301_unclustered:2;0384_unclustered:2;0444_unclustered:1;0456_unclustered:1	0345_unclustered:1;0344_unclustered:1;0343_unclustered:1
0438_unclustered	unclustered	unknown_006axxxx	none	96	17.26	14.932	006a036e	006afca9	batch_lists/0438_unclustered.tsv	0365_unclustered:23;0121_frontend_bridge:22;0348_unclustered:18;0355_unclustered:16;0400_unclustered:13;0285_unclustered:12;0293_unclustered:11;0357_unclustered:11	0282_unclustered:39;0280_unclustered:27;0283_unclustered:23;0316_unclustered:22;0278_unclustered:18;0318_unclustered:17;0324_unclustered:16;0284_unclustered:15
0439_unclustered	unclustered	unknown_006axxxx	none	96	16.163	14.301	006a01c5	006afe20	batch_lists/0439_unclustered.tsv	0121_frontend_bridge:29;0365_unclustered:26;0299_unclustered:10;0199_runtime_support:9;0359_unclustered:8;0400_unclustered:8;0408_unclustered:7;0355_unclustered:7	0351_unclustered:18;0019_optimizer:18;0290_unclustered:7;0295_unclustered:7;0377_unclustered:6;0393_unclustered:6;0376_unclustered:5;0348_unclustered:4
0440_unclustered	unclustered	unknown_006axxxx	none	1	11.282	11.282	006afdfe	006afdfe	batch_lists/0440_unclustered.tsv		
0441_unclustered	unclustered	unknown_007axxxx	none	47	17.245	14.1	007a0d33	007a7d8c	batch_lists/0441_unclustered.tsv	0199_runtime_support:26;0431_unclustered:17;0121_frontend_bridge:16;0278_unclustered:10;0355_unclustered:6;0456_unclustered:4;0200_runtime_support:4;0365_unclustered:4	0006_backend_target:8;0138_frontend:5;0029_optimizer:2;0030_optimizer:2;0217_unclustered:2;0255_unclustered:2;0009_backend_target:2;0152_frontend:2
0442_unclustered	unclustered	unknown_00a0xxxx	none	96	17.233	14.009	00a08980	00a0ed75	batch_lists/0442_unclustered.tsv	0384_unclustered:28;0386_unclustered:21;0385_unclustered:16;0443_unclustered:2;0454_unclustered:2;0456_unclustered:1;0301_unclustered:1;0455_unclustered:1	0339_unclustered:76;0344_unclustered:13;0435_unclustered:8;0433_unclustered:6;0345_unclustered:5;0434_unclustered:4;0384_unclustered:3;0436_unclustered:3
0443_unclustered	unclustered	unknown_00a0xxxx	none	96	17.005	14.618	00a001fc	00a0efe5	batch_lists/0443_unclustered.tsv	0431_unclustered:64;0340_unclustered:36;0199_runtime_support:35;0375_unclustered:18;0339_unclustered:17;0423_unclustered:10;0422_unclustered:7;0201_runtime_support:6	0462_unclustered:11;0339_unclustered:8;0341_unclustered:4;0442_unclustered:2;0461_unclustered:1;0463_unclustered:1;0384_unclustered:1;0386_unclustered:1
0444_unclustered	unclustered	unknown_00a0xxxx	none	96	16.052	13.794	00a05803	00a0ffae	batch_lists/0444_unclustered.tsv	0386_unclustered:14;0384_unclustered:13;0302_unclustered:13;0301_unclustered:12;0199_runtime_support:12;0385_unclustered:7;0454_unclustered:3;0456_unclustered:3	0339_unclustered:22;0344_unclustered:18;0436_unclustered:9;0343_unclustered:8;0435_unclustered:7;0345_unclustered:7;0384_unclustered:6;0443_unclustered:4
0445_unclustered	unclustered	unknown_00a0xxxx	none	67	12.598	11.782	00a01810	00a0ffd7	batch_lists/0445_unclustered.tsv	0423_unclustered:6;0431_unclustered:6;0386_unclustered:3;0384_unclustered:1;0199_runtime_support:1	0339_unclustered:13;0345_unclustered:2;0463_unclustered:1;0344_unclustered:1
0446_unclustered	unclustered	unknown_00a6xxxx	none	96	17.22	14.706	00a60030	00a6fcd0	batch_lists/0446_unclustered.tsv	0395_unclustered:71;0199_runtime_support:29;0447_unclustered:19;0396_unclustered:19;0397_unclustered:9;0201_runtime_support:7;0204_runtime_support:6;0431_unclustered:4	0395_unclustered:90;0447_unclustered:7;0404_unclustered:6;0396_unclustered:6;0397_unclustered:3;0418_unclustered:2
0447_unclustered	unclustered	unknown_00a6xxxx	none	96	16.981	13.98	00a607b0	00a6cbe0	batch_lists/0447_unclustered.tsv	0199_runtime_support:18;0395_unclustered:12;0448_unclustered:8;0446_unclustered:7;0201_runtime_support:3;0431_unclustered:3;0200_runtime_support:2;0204_runtime_support:1	0446_unclustered:19;0395_unclustered:4;0206_runtime_support:3;0420_unclustered:2;0448_unclustered:2;0419_unclustered:1;0396_unclustered:1
0448_unclustered	unclustered	unknown_00a6xxxx	none	96	16.846	13.916	00a600f0	00a6d870	batch_lists/0448_unclustered.tsv	0418_unclustered:16;0201_runtime_support:9;0199_runtime_support:6;0431_unclustered:5;0200_runtime_support:4;0449_unclustered:4;0419_unclustered:2;0447_unclustered:2	0418_unclustered:21;0419_unclustered:16;0411_unclustered:13;0447_unclustered:8;0395_unclustered:8;0449_unclustered:2;0410_unclustered:2;0403_unclustered:1
0449_unclustered	unclustered	unknown_00a6xxxx	none	27	14.975	13.489	00a601a0	00a6dd70	batch_lists/0449_unclustered.tsv	0418_unclustered:10;0419_unclustered:4;0200_runtime_support:2;0448_unclustered:2;0204_runtime_support:1	0395_unclustered:12;0418_unclustered:8;0448_unclustered:4;0419_unclustered:3;0396_unclustered:3;0410_unclustered:2;0411_unclustered:1
0450_unclustered	unclustered	unknown_0073xxxx	none	96	17.207	14.755	00730218	0073fb7e	batch_lists/0450_unclustered.tsv	0324_unclustered:45;0365_unclustered:41;0321_unclustered:41;0355_unclustered:25;0390_unclustered:20;0326_unclustered:12;0318_unclustered:11;0388_unclustered:10	0413_unclustered:9;0412_unclustered:8;0004_backend_target:4;0023_optimizer:3;0041_optimizer:3;0214_unclustered:3;0278_unclustered:2;0322_unclustered:2
0451_unclustered	unclustered	unknown_0073xxxx	none	62	15.871	13.615	00734777	0073d83e	batch_lists/0451_unclustered.tsv	0365_unclustered:17;0199_runtime_support:5;0056_optimizer:4;0422_unclustered:3;0348_unclustered:3;0293_unclustered:3;0121_frontend_bridge:2;0393_unclustered:2	0027_optimizer:15;0450_unclustered:8;0023_optimizer:7;0354_unclustered:6;0025_optimizer:6;0040_optimizer:3;0004_backend_target:3;0043_optimizer:3
0452_unclustered	unclustered	unknown_0079xxxx	none	96	17.201	14.43	00791457	0079f618	batch_lists/0452_unclustered.tsv	0431_unclustered:67;0199_runtime_support:33;0422_unclustered:21;0423_unclustered:16;0197_runtime_support:9;0301_unclustered:6;0201_runtime_support:5;0010_backend_target:4	0003_backend_target:36;0370_unclustered:5;0017_backend_target:5;0006_backend_target:4;0029_optimizer:3;0216_unclustered:3;0207_runtime_support:3;0197_runtime_support:3
0453_unclustered	unclustered	unknown_0079xxxx	none	26	13.58	12.921	00791273	0079f5a0	batch_lists/0453_unclustered.tsv	0423_unclustered:8;0301_unclustered:7;0422_unclustered:2;0464_unclustered:1;0199_runtime_support:1;0413_unclustered:1	0003_backend_target:9;0216_unclustered:3;0029_optimizer:1;0007_backend_target:1;0017_backend_target:1
0454_unclustered	unclustered	unknown_005axxxx	none	96	17.154	15.048	005a064d	005ae0c3	batch_lists/0454_unclustered.tsv	0455_unclustered:79;0199_runtime_support:59;0301_unclustered:53;0302_unclustered:14;0204_runtime_support:14;0431_unclustered:13;0200_runtime_support:6;0203_runtime_support:5	0455_unclustered:89;0422_unclustered:25;0337_unclustered:17;0344_unclustered:14;0402_unclustered:13;0423_unclustered:12;0336_unclustered:11;0384_unclustered:10
0455_unclustered	unclustered	unknown_005axxxx	none	96	17.068	14.138	005a0237	005afe6e	batch_lists/0455_unclustered.tsv	0454_unclustered:89;0199_runtime_support:36;0301_unclustered:28;0456_unclustered:23;0200_runtime_support:14;0302_unclustered:11;0431_unclustered:5;0303_unclustered:3	0454_unclustered:79;0456_unclustered:27;0402_unclustered:11;0422_unclustered:8;0423_unclustered:8;0403_unclustered:8;0344_unclustered:7;0126_frontend:6
0456_unclustered	unclustered	unknown_005axxxx	none	96	16.692	13.698	005a03d0	005affdd	batch_lists/0456_unclustered.tsv	0199_runtime_support:44;0455_unclustered:27;0301_unclustered:22;0302_unclustered:12;0431_unclustered:9;0200_runtime_support:7;0201_runtime_support:4;0454_unclustered:3	0455_unclustered:23;0422_unclustered:13;0415_unclustered:12;0402_unclustered:12;0336_unclustered:11;0344_unclustered:9;0423_unclustered:7;0416_unclustered:6
0457_unclustered	unclustered	unknown_005axxxx	none	96	14.416	12.928	005a0139	005afff0	batch_lists/0457_unclustered.tsv	0199_runtime_support:17;0301_unclustered:15;0302_unclustered:8;0200_runtime_support:7;0431_unclustered:4;0201_runtime_support:3;0303_unclustered:3;0403_unclustered:2	0422_unclustered:7;0402_unclustered:6;0420_unclustered:5;0435_unclustered:4;0303_unclustered:2;0122_frontend_bridge:2;0423_unclustered:2;0406_unclustered:2
0458_unclustered	unclustered	unknown_005axxxx	none	6	11.115	10.903	005a6b54	005afbff	batch_lists/0458_unclustered.tsv		
0459_unclustered	unclustered	unknown_007cxxxx	none	54	17.034	14.797	007c9c7f	007cd157	batch_lists/0459_unclustered.tsv	0199_runtime_support:15;0140_frontend:11;0181_frontend:3;0159_frontend:3;0201_runtime_support:2;0383_unclustered:2;0431_unclustered:2;0200_runtime_support:2	0140_frontend:69;0135_frontend:38;0138_frontend:31;0151_frontend:30;0156_frontend:24;0161_frontend:20;0148_frontend:19;0158_frontend:18
0460_unclustered	unclustered	unknown_009dxxxx	none	96	17.005	14.568	009d006c	009dfe10	batch_lists/0460_unclustered.tsv	0339_unclustered:61;0340_unclustered:61;0431_unclustered:32;0336_unclustered:27;0337_unclustered:17;0199_runtime_support:16;0422_unclustered:11;0341_unclustered:10	0380_unclustered:12;0376_unclustered:10;0121_frontend_bridge:6;0123_frontend_bridge:6;0339_unclustered:3;0382_unclustered:2;0381_unclustered:1;0417_unclustered:1
0461_unclustered	unclustered	unknown_009dxxxx	none	96	15.252	13.985	009d0afe	009dffd6	batch_lists/0461_unclustered.tsv	0339_unclustered:76;0340_unclustered:59;0337_unclustered:5;0431_unclustered:3;0375_unclustered:2;0341_unclustered:2;0199_runtime_support:2;0443_unclustered:1	0376_unclustered:28;0339_unclustered:14;0380_unclustered:8;0417_unclustered:7;0382_unclustered:6;0381_unclustered:5;0475_unclustered:5;0122_frontend_bridge:3
0462_unclustered	unclustered	unknown_009dxxxx	none	96	13.736	13.034	009d2204	009dfa69	batch_lists/0462_unclustered.tsv	0339_unclustered:75;0340_unclustered:14;0443_unclustered:11	0417_unclustered:9;0376_unclustered:6;0382_unclustered:4;0123_frontend_bridge:4;0380_unclustered:3;0381_unclustered:2;0416_unclustered:2;0341_unclustered:2
0463_unclustered	unclustered	unknown_009dxxxx	none	47	12.458	11.327	009d233d	009dfba9	batch_lists/0463_unclustered.tsv	0340_unclustered:3;0341_unclustered:2;0423_unclustered:2;0431_unclustered:2;0339_unclustered:1;0445_unclustered:1;0443_unclustered:1	0416_unclustered:1;0376_unclustered:1
0464_unclustered	unclustered	unknown_0078xxxx	none	96	16.978	14.841	007809a1	0078db21	batch_lists/0464_unclustered.tsv	0431_unclustered:45;0365_unclustered:26;0199_runtime_support:23;0393_unclustered:19;0422_unclustered:17;0301_unclustered:16;0284_unclustered:15;0423_unclustered:8	0006_backend_target:29;0388_unclustered:10;0393_unclustered:6;0450_unclustered:5;0029_optimizer:5;0030_optimizer:5;0031_optimizer:5;0295_unclustered:3
0465_unclustered	unclustered	unknown_0078xxxx	none	37	14.886	13.27	00780041	0078ab4e	batch_lists/0465_unclustered.tsv	0431_unclustered:8;0365_unclustered:5;0301_unclustered:4;0422_unclustered:4;0010_backend_target:4;0302_unclustered:3;0438_unclustered:3;0464_unclustered:3	0370_unclustered:5;0354_unclustered:4;0438_unclustered:2;0019_optimizer:1;0033_optimizer:1;0452_unclustered:1;0122_frontend_bridge:1
0466_unclustered	unclustered	unknown_0093xxxx	none	8	16.889	14.716	009335a0	0093ff27	batch_lists/0466_unclustered.tsv	0199_runtime_support:4;0332_unclustered:3;0129_frontend:2;0161_frontend:2;0441_unclustered:2;0188_frontend:1;0127_frontend:1;0383_unclustered:1	0138_frontend:15;0146_frontend:4;0128_frontend:3;0156_frontend:3;0147_frontend:3;0153_frontend:2;0157_frontend:2;0468_unclustered:1
0467_unclustered	unclustered	unknown_0088xxxx	none	15	16.883	14.334	00880273	0088db5c	batch_lists/0467_unclustered.tsv	0175_frontend:8;0125_frontend:6;0473_unclustered:4;0133_frontend:4;0469_unclustered:2;0199_runtime_support:2	0175_frontend:5;0130_frontend:3;0332_unclustered:2;0122_frontend_bridge:2;0159_frontend:1;0152_frontend:1;0430_unclustered:1;0129_frontend:1
0468_unclustered	unclustered	unknown_0084xxxx	none	34	16.841	14.175	00841ce2	0084a6a0	batch_lists/0468_unclustered.tsv	0199_runtime_support:19;0459_unclustered:8;0159_frontend:5;0161_frontend:3;0414_unclustered:2;0122_frontend_bridge:2;0302_unclustered:2;0383_unclustered:2	0181_frontend:24;0140_frontend:21;0141_frontend:5;0152_frontend:4;0143_frontend:4;0171_frontend:2;0441_unclustered:1;0128_frontend:1
0469_unclustered	unclustered	unknown_0087xxxx	none	49	16.785	14.333	008727f2	0087fd68	batch_lists/0469_unclustered.tsv	0125_frontend:68;0199_runtime_support:9;0383_unclustered:4;0431_unclustered:4;0159_frontend:2;0131_frontend:2;0189_frontend:2;0122_frontend_bridge:1	0125_frontend:76;0161_frontend:36;0152_frontend:4;0148_frontend:3;0178_frontend:3;0156_frontend:3;0168_frontend:2;0467_unclustered:2
0470_unclustered	unclustered	unknown_0098xxxx	none	38	16.772	14.274	0098898f	0098f269	batch_lists/0470_unclustered.tsv	0199_runtime_support:11;0431_unclustered:6;0129_frontend:5;0170_frontend:4;0159_frontend:4;0122_frontend_bridge:3;0383_unclustered:2;0184_frontend:2	0414_unclustered:3;0152_frontend:2;0168_frontend:2;0127_frontend:1
0471_unclustered	unclustered	unknown_007exxxx	none	9	16.668	14.789	007e4181	007ecfa3	batch_lists/0471_unclustered.tsv	0159_frontend:3;0133_frontend:2;0473_unclustered:2;0148_frontend:2;0157_frontend:1;0160_frontend:1;0459_unclustered:1	0128_frontend:7;0137_frontend:5;0472_unclustered:3;0138_frontend:1;0135_frontend:1;0152_frontend:1;0151_frontend:1
0472_unclustered	unclustered	unknown_0080xxxx	none	36	16.65	14.167	00803df0	0080ba5d	batch_lists/0472_unclustered.tsv	0148_frontend:8;0459_unclustered:8;0199_runtime_support:7;0159_frontend:5;0471_unclustered:3;0474_unclustered:2;0135_frontend:2;0160_frontend:2	0135_frontend:12;0146_frontend:7;0152_frontend:6;0192_frontend:5;0138_frontend:2;0173_frontend:2;0137_frontend:2;0151_frontend:2
0473_unclustered	unclustered	unknown_0097xxxx	none	33	16.418	13.947	009717ac	0097f4a3	batch_lists/0473_unclustered.tsv	0133_frontend:4;0383_unclustered:3;0159_frontend:3;0199_runtime_support:2;0131_frontend:2;0161_frontend:1	0135_frontend:77;0133_frontend:71;0141_frontend:42;0144_frontend:37;0140_frontend:36;0128_frontend:32;0138_frontend:30;0146_frontend:26
0474_unclustered	unclustered	unknown_008axxxx	none	8	16.404	13.776	008a06c8	008a3f64	batch_lists/0474_unclustered.tsv	0199_runtime_support:3;0383_unclustered:2;0159_frontend:1	0148_frontend:11;0472_unclustered:2;0178_frontend:2;0177_frontend:1;0441_unclustered:1;0138_frontend:1;0180_frontend:1;0383_unclustered:1
0475_unclustered	unclustered	unknown_009bxxxx	none	38	16.377	13.725	009b9afd	009bfd86	batch_lists/0475_unclustered.tsv	0301_unclustered:10;0422_unclustered:7;0461_unclustered:5;0121_frontend_bridge:4;0333_unclustered:2;0391_unclustered:2;0454_unclustered:2;0199_runtime_support:2	0376_unclustered:6;0152_frontend:2;0121_frontend_bridge:2;0338_unclustered:2;0308_unclustered:1
0476_unclustered	unclustered	unknown_0083xxxx	none	31	16.253	14.005	00830138	00830d52	batch_lists/0476_unclustered.tsv	0136_frontend:12;0135_frontend:11;0133_frontend:7;0159_frontend:6;0473_unclustered:3;0129_frontend:3;0383_unclustered:3;0141_frontend:1	0136_frontend:6;0141_frontend:6;0135_frontend:5;0144_frontend:5;0138_frontend:2;0171_frontend:2;0154_frontend:1;0153_frontend:1
0477_unclustered	unclustered	unknown_00aaxxxx	none	59	16.146	12.702	00aa062c	00aaf4f2	batch_lists/0477_unclustered.tsv	0201_runtime_support:9;0202_runtime_support:6;0203_runtime_support:5;0206_runtime_support:4;0204_runtime_support:3;0199_runtime_support:2;0431_unclustered:2;0205_runtime_support:1	0203_runtime_support:18;0431_unclustered:12;0432_unclustered:11;0202_runtime_support:10;0204_runtime_support:10;0201_runtime_support:6;0199_runtime_support:5;0200_runtime_support:3
0478_unclustered	unclustered	unknown_0094xxxx	none	17	15.985	14.015	00940a6e	00947819	batch_lists/0478_unclustered.tsv	0130_frontend:4;0199_runtime_support:3;0157_frontend:3;0159_frontend:2;0129_frontend:2;0165_frontend:2;0133_frontend:2;0122_frontend_bridge:2	0152_frontend:5;0146_frontend:4;0450_unclustered:2;0001_backend_target:1;0470_unclustered:1
0479_unclustered	unclustered	unknown_008dxxxx	none	3	15.761	15.167	008dd6f0	008dd83b	batch_lists/0479_unclustered.tsv	0161_frontend:3;0199_runtime_support:2;0153_frontend:2;0168_frontend:1;0431_unclustered:1;0171_frontend:1	0171_frontend:7;0143_frontend:3;0179_frontend:2
0480_unclustered	unclustered	unknown_0096xxxx	none	12	15.365	13.627	009633f1	009681b8	batch_lists/0480_unclustered.tsv	0199_runtime_support:3;0161_frontend:1;0133_frontend:1;0167_frontend:1;0430_unclustered:1;0159_frontend:1	0152_frontend:3;0466_unclustered:1;0150_frontend:1
0481_unclustered	unclustered	unknown_0089xxxx	none	10	15.08	14.062	00891b2d	0089dd20	batch_lists/0481_unclustered.tsv		0166_frontend:2;0152_frontend:1;0186_frontend:1;0171_frontend:1
0482_unclustered	unclustered	unknown_008cxxxx	none	16	14.619	13.095	008c467e	008ce19a	batch_lists/0482_unclustered.tsv	0161_frontend:2;0163_frontend:1;0171_frontend:1;0199_runtime_support:1;0431_unclustered:1;0153_frontend:1;0459_unclustered:1	0143_frontend:7;0152_frontend:2;0171_frontend:2;0178_frontend:1;0153_frontend:1;0155_frontend:1;0154_frontend:1
0483_unclustered	unclustered	unknown_007bxxxx	none	4	13.718	13.13	007bbdad	007bbeff	batch_lists/0483_unclustered.tsv	0159_frontend:2	0152_frontend:2
0484_unclustered	unclustered	unknown_008exxxx	none	1	12.214	12.214	008eb8b0	008eb8b0	batch_lists/0484_unclustered.tsv		0174_frontend:1
0485_unclustered	unclustered	unknown_00afxxxx	none	1	11.835	11.835	00afc545	00afc545	batch_lists/0485_unclustered.tsv		0423_unclustered:1
