id	name	table_file_offset	string_va
3278	m32r	0x6f23d0	0xae1829
3345	hssp	0x6f23d8	0xae182e
548	firefly	0x6f23e0	0xae0dd0
78	bigendian	0x6f23e8	0xae5b86
735	standalone	0x6f23f0	0xae9ccc
1394	vxworks	0x6f23f8	0xae0dd8
74	sysV	0x6f2400	0xae1833
114	bsd42	0x6f2408	0xae1576
115	bsd41	0x6f2410	0xae157c
2284	chorus	0x6f2418	0xae1838
2987	linux	0x6f2420	0xae1582
4307	INTEGRITY	0x6f2428	0xae5b90
54	memoryoptimizations	0x6f2430	0xae3e16
802	smallandslow	0x6f2438	0xae9cd7
2696	fast	0x6f2440	0xae183f
480	algorithmic	0x6f2448	0xae3e2a
9	nopeep	0x6f2450	0xae1844
2595	fast_compile	0x6f2458	0xae9ce4
3851	nomergeaddload	0x6f2460	0xae9cf1
4308	no_mergeaddload_size_fix	0x6f2468	0xae9d00
4341	no_fix_addloadindex_memobj	0x6f2470	0xae9d19
4370	opt_testbit	0x6f2478	0xae3e36
4419	opt_testbit_late	0x6f2480	0xae9d34
4398	noopt_testbit_simplestruct	0x6f2488	0xae9d45
2838	smallloopoptimize	0x6f2490	0xae5b9a
2840	loopunrolltwice	0x6f2498	0xae2082
3325	constproptwice	0x6f24a0	0xae9d60
2909	evenmoreloopunrolling	0x6f24a8	0xae5bac
554	unroll_and_jam	0x6f24b0	0xae9d6f
3301	optloops_before_loopunrolling	0x6f24b8	0xae5bc2
3433	unrolled_induction_variable	0x6f24c0	0xae3e42
663	better_unrolling_twoexit_loops	0x6f24c8	0xae9d7e
665	allow_incvar_written_in_breakblock	0x6f24d0	0xae9d9d
4598	stronger_loop_bias	0x6f24d8	0xae9dc0
3322	dont_purge_loop_borders	0x6f24e0	0xae2092
2390	more_loop_headers	0x6f24e8	0xae5be0
4159	better_loop_identification	0x6f24f0	0xae9dd3
1530	loop_unswitching	0x6f24f8	0xae9dee
3782	no_while_to_repeat	0x6f2500	0xae9dff
3708	better_dot_align	0x6f2508	0xae9e12
3687	prune_vector_invariants	0x6f2510	0xae20aa
4203	no_inf_loop_fix	0x6f2518	0xae20c2
173	nosobopt	0x6f2520	0xae9e23
470	notailrecurse	0x6f2528	0xae5bf2
468	noconstprop	0x6f2530	0xae3e5e
2753	constpropthrustruct	0x6f2538	0xae3e6a
791	doconstdiv	0x6f2540	0xae9e2c
2826	doconstdiv2	0x6f2548	0xae3e7e
3116	mulsh_safe_for_signed_div	0x6f2550	0xae5c00
3178	soft_div10	0x6f2558	0xae9e37
3774	no_remove_invalid_index	0x6f2560	0xae20d2
1832	distribute_constants	0x6f2568	0xae9e42
1863	redistribute_constants_after_loopopt	0x6f2570	0xae9e57
2219	no_shiftrightatol	0x6f2578	0xae5c1a
2239	remove_dead_writes	0x6f2580	0xae9e7c
3295	remove_dead_writes_before_treepeep	0x6f2588	0xae9e8f
2957	better_64tick_peep	0x6f2590	0xae9eb2
3102	no_halve_64tick_half	0x6f2598	0xae9ec5
2620	redundant_hilo_const2	0x6f25a0	0xae5c2c
2654	remove_useless_preofs	0x6f25a8	0xae5c42
3357	trampoline_through_lr	0x6f25b0	0xae5c58
2655	mini_maxi_pseudo_insts	0x6f25b8	0xae9eda
2667	badsize_mini_maxi	0x6f25c0	0xae5c6e
3936	extractanybit	0x6f25c8	0xae5c80
3103	badsize_extract	0x6f25d0	0xae20ea
3222	bettersize_extract	0x6f25d8	0xae9ef1
3143	always_optimize_nameless	0x6f25e0	0xae9f04
2656	slowcompile	0x6f25e8	0xae3e8a
505	gcover_code	0x6f25f0	0xae3e96
3930	force_branch	0x6f25f8	0xae9f1d
3532	yetanotherextramov2	0x6f2600	0xae3ea2
4596	tpqjcondmerge	0x6f2608	0xae5c8e
2510	dopostlooptreepeep	0x6f2610	0xae9f2a
2782	dolatetreepeep	0x6f2618	0xae9f3d
3261	dotreepeepfirst	0x6f2620	0xae20fa
2795	combine_compare_zero	0x6f2628	0xae9f4c
4234	no_tp_top_expr_fix	0x6f2630	0xae9f61
3061	optimize_compare_zero	0x6f2638	0xae5c9c
4238	optimize_compare_allconsts	0x6f2640	0xae9f74
4239	optimize_compare_zero_nointerblock	0x6f2648	0xae9f8f
4295	force_upcast_short_array_index	0x6f2650	0xae9fb2
2955	cast_pointer_indices	0x6f2658	0xae9fd1
2511	remove_andi_from_rotlwi	0x6f2660	0xae210a
2817	abstract_interpret_peep	0x6f2668	0xae2122
2597	better_ppc_extrwi	0x6f2670	0xae5cb2
2581	ppc_fsel	0x6f2678	0xae9fe6
2583	nonPIC_disable_getcb	0x6f2680	0xae9fef
1200	ppcabipic	0x6f2688	0xae5cc4
1201	ppclargegot	0x6f2690	0xae3eb6
2588	newppcbitfieldli	0x6f2698	0xaea004
2684	ppc_preofs_when_others_have_offset	0x6f26a0	0xaea015
2686	ppc_lwz_absol	0x6f26a8	0xae5cce
2687	ppc_uncond_bctr	0x6f26b0	0xae213a
2688	ppc_fewer_movandtrunc	0x6f26b8	0xae5cdc
705	ppc_e500_perms_check	0x6f26c0	0xaea038
706	ppc_small_restore_blr	0x6f26c8	0xae5cf2
201	ppc_blr_epilogue_regs	0x6f26d0	0xae5d08
3431	ppc_dofloatif_unsigned_32bit_without_branch	0x6f26d8	0xae3ec2
3912	ppc32_has_lltof	0x6f26e0	0xae214a
3913	ppc32_has_ftoll	0x6f26e8	0xae215a
3918	ppc_has_fnabs	0x6f26f0	0xae5d1e
3474	ppc_df_1st32regs	0x6f26f8	0xaea04d
3477	ppcvn_noreplace_li	0x6f2700	0xaea05e
2448	ppc_memmove_copy_structs	0x6f2708	0xaea071
3636	ppc_no_schedule_past_branches	0x6f2710	0xae5d2c
2003	ppc_lift_more_ops	0x6f2718	0xae5d4a
321	ppc_no_lswi	0x6f2720	0xae3eee
86	ppc_better_vle_li	0x6f2728	0xae5d5c
91	ppc_more_vle_r0_ptr	0x6f2730	0xae3efa
3702	ppc_faster_vector_32bit_multiply	0x6f2738	0xaea08a
3703	ppc_faster_synthesize_vector_load	0x6f2740	0xae5d6e
3706	ppc_vector_load_invar_stride0	0x6f2748	0xae5d90
3707	ppc_vector_convert_float_int	0x6f2750	0xaea0ab
3709	ppc_vector_replicate_nonconst_invars	0x6f2758	0xaea0c8
4332	no_disable_scalar_repl_indep_call	0x6f2760	0xae5dae
3693	ppc_find_32bit_mult_of_shorts	0x6f2768	0xae5dd0
3694	ppc_vector_peephole	0x6f2770	0xae3f0e
3695	ppc_cast_from_scalar_to_compound	0x6f2778	0xaea0ed
3697	ppc_used_vector_elem_ld	0x6f2780	0xae216a
3698	ppc_reuse_replicated_scalars	0x6f2788	0xaea10e
3699	ppc_optimize_unaligned_loads	0x6f2790	0xaea12b
3691	ppc_dont_vectorize_few_iter_loops	0x6f2798	0xae5dee
3710	ppc_dont_mask_vector_addresses	0x6f27a0	0xaea148
332	only_explicit_reg_use	0x6f27a8	0xae5e10
2744	better_whichsdakind	0x6f27b0	0xae3f22
2740	better_csematching	0x6f27b8	0xaea167
3086	nocsematching_fix_for_qderefs	0x6f27c0	0xae5e26
2742	ppc_rotate_peep	0x6f27c8	0xae2182
154	ppc_rlwimi_peep	0x6f27d0	0xae2192
2743	ppc_better_sdazda_li	0x6f27d8	0xaea17a
3711	ppc_misaligned_return_var	0x6f27e0	0xae5e44
3712	ppc_misaligned_move_chunks	0x6f27e8	0xaea18f
2689	addloadswap3	0x6f27f0	0xaea1aa
2697	mergeaddload_makes_sprel	0x6f27f8	0xaea1b7
2776	mergeaddload2_triadd	0x6f2800	0xaea1d0
2993	nomergeaddloadforsmallconst	0x6f2808	0xae3f36
2698	ppc_use_rotlwi_for_andi_more	0x6f2810	0xaea1e5
3642	ppc_no_emulate_candc	0x6f2818	0xaea202
3643	ppc_no_mtctr_as_move	0x6f2820	0xaea217
3644	ppc_no_b2b_sob_mtctr	0x6f2828	0xaea22c
3811	ppc_no_cheap_cmp_andi	0x6f2830	0xae5e5e
2577	combineloopincs	0x6f2838	0xae21a2
2614	leave_in_compares	0x6f2840	0xae5e74
76	nobranches	0x6f2848	0xaea241
80	nocodehoist	0x6f2850	0xae3f52
4499	nocodehoistmultibranch	0x6f2858	0xaea24c
90	nohoist	0x6f2860	0xae0de0
1138	nodeadblocks	0x6f2868	0xaea263
1305	nolatepeep	0x6f2870	0xaea270
2382	notreepeep	0x6f2878	0xaea27b
2626	show_treepeep	0x6f2880	0xae5e86
1680	show_treepeep_more	0x6f2888	0xaea286
3245	tp_scan_jumps	0x6f2890	0xae5e94
2133	software_pipeline	0x6f2898	0xae5ea2
1412	useshortload2	0x6f28a0	0xae5eb4
271	noextramov	0x6f28a8	0xaea299
285	nomergeblocks	0x6f28b0	0xae5ec2
3052	nomergeblocks_twopreds	0x6f28b8	0xaea2a4
1885	mergeblocks_more	0x6f28c0	0xaea2bb
731	no_late_mergeblocks	0x6f28c8	0xae3f5e
732	sxt_before_movesf	0x6f28d0	0xae5ed0
1891	branch_next_merge_more	0x6f28d8	0xaea2cc
2607	mergeblocks_update_exit	0x6f28e0	0xae21b2
3812	no_mergeblocks_fallthrough_qjmp	0x6f28e8	0xae21ca
288	noextravom	0x6f28f0	0xaea2e3
1418	hoistbranches	0x6f28f8	0xae5ee2
296	leavenops	0x6f2900	0xae5ef0
311	noexplodejumps	0x6f2908	0xaea2ee
312	noabschck	0x6f2910	0xae5efa
406	nolaststore	0x6f2918	0xae3f72
4152	dont_fix_expandupdate_object_type	0x6f2920	0xae5f04
2905	getconstqindex	0x6f2928	0xaea2fd
2932	csi_dont_removeconstants	0x6f2930	0xaea30c
424	expanddivi	0x6f2938	0xaea325
442	noconstmul	0x6f2940	0xaea330
543	noslowdivide	0x6f2948	0xaea33b
600	nomovemost	0x6f2950	0xaea348
1150	nodelcocastopts	0x6f2958	0xae21ea
39	noaddrconst	0x6f2960	0xae3f7e
901	noswapincandindex	0x6f2968	0xae5f26
3016	no_fix_datat_in_otom	0x6f2970	0xaea353
1275	noarraypeep	0x6f2978	0xae3f8a
1303	noextradealias2	0x6f2980	0xae21fa
3633	compact_similar_stores	0x6f2988	0xaea368
3665	compact_into_misaligned	0x6f2990	0xae220a
4583	compact_into_aligned_stores	0x6f2998	0xae3f96
3637	compact_stores_wo_calls	0x6f29a0	0xae2222
3818	dont_compact_into_memclr	0x6f29a8	0xaea37f
4212	ip2noemulate	0x6f29b0	0xaea398
4204	ip2nocombineloadimm32	0x6f29b8	0xae5f38
4198	ip2noxorsame	0x6f29c0	0xaea3a5
4199	ip2nomakemove2	0x6f29c8	0xaea3b2
4200	ip2nomakemove3	0x6f29d0	0xaea3c1
4201	ip2nomakemove4	0x6f29d8	0xaea3d0
4202	ip2nomakemove5	0x6f29e0	0xaea3df
3537	ip2nooptaddlabel	0x6f29e8	0xaea3ee
4381	ip2moreoptaddlabel	0x6f29f0	0xaea3ff
4189	ip2nooptnegneg	0x6f29f8	0xaea412
4193	ip2zexnegsex	0x6f2a00	0xaea421
1380	ip2crossblock	0x6f2a08	0xae5f4e
4231	not_all_peeps_crossblock	0x6f2a10	0xaea42e
4157	no_used_between_crossblock_fix	0x6f2a18	0xaea447
4301	no_crossblockpl_used_between_fix	0x6f2a20	0xaea466
4570	machmodeopt_check_cost	0x6f2a28	0xaea487
4399	machmodeopt_allow_text_relocs	0x6f2a30	0xae5f5c
2878	ip2interblock	0x6f2a38	0xae5f7a
2879	ip2interblock_revisit	0x6f2a40	0xae5f88
1384	ip2branch	0x6f2a48	0xae5f9e
1582	ip2funnelshift	0x6f2a50	0xaea49e
1591	ip2_extract_shift_opt	0x6f2a58	0xae5fa8
3022	ip2_extract_shift_opt_fix	0x6f2a60	0xae5fbe
1595	ip2_twoop_opt	0x6f2a68	0xae5fd8
1645	ip2fltnegmult	0x6f2a70	0xae5fe6
1648	skiprepetition	0x6f2a78	0xaea4ad
4319	no_repetition_size_fix	0x6f2a80	0xaea4bc
4373	no_fix_repetition_move	0x6f2a88	0xaea4d3
3244	nooptimizex	0x6f2a90	0xae3fb2
1886	ip2scanpastlocalbranch	0x6f2a98	0xaea4ea
1899	ip2mul32add64	0x6f2aa0	0xae5ff4
1980	ip2_shift_to_and	0x6f2aa8	0xaea501
2014	ip2mul16add32	0x6f2ab0	0xae6002
2015	ip2mul16sub32	0x6f2ab8	0xae6010
2025	ip2negmult16	0x6f2ac0	0xaea512
3172	ip2aftercond	0x6f2ac8	0xaea51f
3173	conditional_loadstore	0x6f2ad0	0xae601e
4544	get_return_uses_backend	0x6f2ad8	0xae223a
2028	tailcall_peep	0x6f2ae0	0xae6034
4109	no_tailcall_peep_exitblock_fix	0x6f2ae8	0xaea52c
131	stackargs_tailcall	0x6f2af0	0xaea54b
2029	noprepeep_extramov	0x6f2af8	0xaea55e
4192	no_isextravom_size_fix	0x6f2b00	0xaea571
4366	no_fix_sp_isextramov_src	0x6f2b08	0xaea588
3047	better_dotmodes	0x6f2b10	0xae2252
2922	keep_loads_in_prepeep	0x6f2b18	0xae6042
2850	extramov_scanpastbranch	0x6f2b20	0xae2262
2680	noprepeep_optimize_load_const	0x6f2b28	0xae6058
2030	ip2shiftaddopt	0x6f2b30	0xaea5a1
766	nofixupnoop	0x6f2b38	0xae3fbe
595	nofixuppdiv	0x6f2b40	0xae3fca
620	nofixupdivi	0x6f2b48	0xae3fd6
773	noinvarinrou	0x6f2b50	0xaea5b0
984	nocoalesceblocks	0x6f2b58	0xaea5bd
937	nolocalpeep	0x6f2b60	0xae3fe2
1066	ipeep2a	0x6f2b68	0xae0de8
1059	ipeep2	0x6f2b70	0xae184b
1060	noindpeep1	0x6f2b78	0xaea5ce
1097	ipeep2muladd	0x6f2b80	0xaea5d9
1171	ipeep2muladd2	0x6f2b88	0xae6076
4371	nooptimizecondbr	0x6f2b90	0xaea5e6
1260	ipeep2new	0x6f2b98	0xae6084
1283	ipeep2mulsub	0x6f2ba0	0xaea5f7
1284	ipeep2negmuladd	0x6f2ba8	0xae227a
1285	ipeep2negmulsub	0x6f2bb0	0xae228a
4432	useless_negmultadd_peeps	0x6f2bb8	0xaea604
1286	ipeep2fltmuladd	0x6f2bc0	0xae229a
1287	ipeep2fltmulsub	0x6f2bc8	0xae22aa
1288	ipeep2fltnegmuladd	0x6f2bd0	0xaea61d
1289	ipeep2fltnegmulsub	0x6f2bd8	0xaea630
1493	muladdsrcmusteqdest	0x6f2be0	0xae3fee
2063	muladd64srcmusteqdest	0x6f2be8	0xae608e
1314	ipeep2new2	0x6f2bf0	0xaea643
1315	noqindexfix	0x6f2bf8	0xae4002
1408	noremovedepend	0x6f2c00	0xaea64e
73	noprepeep_removedepend	0x6f2c08	0xaea65d
3349	removedepend2	0x6f2c10	0xae60a4
4280	nosimplify_if	0x6f2c18	0xae60b2
268	nolastload	0x6f2c20	0xaea674
1892	noimplstore2	0x6f2c28	0xaea67f
214	explodejumps	0x6f2c30	0xaea68c
3832	pccmp_sets_dest	0x6f2c38	0xae22ba
1953	remove_redundant_compare	0x6f2c40	0xaea699
1963	remove_trunc_shift	0x6f2c48	0xaea6b2
3129	remove_trunc_shift_fix	0x6f2c50	0xaea6c5
2540	remove_shiftamt_trunc	0x6f2c58	0xae60c0
257	remove_shiftamt_trunc_bidirectional	0x6f2c60	0xae400e
2945	remove_rightshift_trunc	0x6f2c68	0xae22ca
2000	remove_leftshift_trunc	0x6f2c70	0xaea6dc
2574	no_removetruncs_or	0x6f2c78	0xaea6f3
1750	no_removetruncs_small	0x6f2c80	0xae60d6
4351	removetruncs_smaller_moves	0x6f2c88	0xaea706
2925	move_truncs_down	0x6f2c90	0xaea721
1732	faster_crossblock	0x6f2c98	0xae60ec
3188	faster_whichblock	0x6f2ca0	0xae60fe
3189	check_faster_whichblock	0x6f2ca8	0xae22e2
2768	avoid_crossblock_add_preads	0x6f2cb0	0xae4032
399	crossblock_smart_add_preads	0x6f2cb8	0xae404e
52	no_preads_add_objfield	0x6f2cc0	0xaea732
4113	only_named_vars_alive_setjmp	0x6f2cc8	0xaea749
1754	no_isalive_crossblock	0x6f2cd0	0xae6110
4300	shortenbranchpath_mainline	0x6f2cd8	0xaea766
3835	shortenbranchestolabels	0x6f2ce0	0xae22fa
4504	shortenbranchesthroughregisters	0x6f2ce8	0xae2312
4507	shortenbranchestoretinst	0x6f2cf0	0xaea781
808	remove_stupidbranches_before_mergeblocks	0x6f2cf8	0xaea79a
795	dump_remove_stupidbranches	0x6f2d00	0xaea7c3
388	dump_before_remove_stupidbranches	0x6f2d08	0xae6126
396	dump_after_remove_stupidbranches	0x6f2d10	0xaea7de
3847	dump_before_codehoist	0x6f2d18	0xae6148
3848	dump_after_codehoist	0x6f2d20	0xaea7ff
1735	latedeadblocks	0x6f2d28	0xaea814
1722	convergedeadblocks	0x6f2d30	0xaea823
3235	aggressive_deadcodeelimination	0x6f2d38	0xaea836
626	deadcodeaftertailcall	0x6f2d40	0xae615e
2023	div_is_big	0x6f2d48	0xaea855
3076	shrink_muli_size	0x6f2d50	0xaea860
3405	muli_fills_reg	0x6f2d58	0xaea871
2292	better_loadstore	0x6f2d60	0xaea880
3547	optloadaddr	0x6f2d68	0xae406a
46	loadstore_bigendian_loadtoshift	0x6f2d70	0xae2332
3171	remove_redundant_stores	0x6f2d78	0xae2352
2486	consistenthilo	0x6f2d80	0xaea891
2300	better_loadstore2	0x6f2d88	0xae6174
2377	more_shiftrightatol	0x6f2d90	0xae4076
2787	loadstore_scavenge	0x6f2d98	0xaea8a0
2906	prepeep_loadstore_indexreg	0x6f2da0	0xaea8b3
2297	prepeep_multadd	0x6f2da8	0xae236a
2325	motion_partial_moves	0x6f2db0	0xaea8ce
2805	motion_alpha2_moves	0x6f2db8	0xae408a
2949	motion_omega2	0x6f2dc0	0xae6186
3293	motion_check_first	0x6f2dc8	0xaea8e3
1270	motion_some_tails	0x6f2dd0	0xae6194
2330	strip_mul_casts	0x6f2dd8	0xae237a
2344	dumpmergeblocktree	0x6f2de0	0xaea8f6
2345	nocallanylabel	0x6f2de8	0xaea909
2346	nothumbandconstant	0x6f2df0	0xaea918
2347	nomovrmw	0x6f2df8	0xaea92b
3995	extravom_actions	0x6f2e00	0xaea934
4241	no_extravom_actions_mark_preofs	0x6f2e08	0xae238a
4242	no_check_extravom_call_actions	0x6f2e10	0xaea945
2833	extravom_replinst	0x6f2e18	0xae61a6
4347	no_fix_replop2_check_mreplace3	0x6f2e20	0xaea964
4214	mreplace3_ICEs_on_doit_fail	0x6f2e28	0xae409e
4345	no_fix_mreplace3_objmachop	0x6f2e30	0xaea983
4387	no_fix_make_prepostofs_obj	0x6f2e38	0xaea99e
2849	isextravom_ignoresizediff	0x6f2e40	0xae61b8
621	moveup_in_isextramovx	0x6f2e48	0xae61d2
3641	extramov_crossblock_preads	0x6f2e50	0xaea9b9
2349	divmod	0x6f2e58	0xae1852
2365	nothumbscavengepeep	0x6f2e60	0xae40ba
2391	betterbitfieldincdec	0x6f2e68	0xaea9d4
979	betterbitfieldopeq	0x6f2e70	0xaea9e9
2755	betterbitoverlay	0x6f2e78	0xaea9fc
2421	early_prepostofs	0x6f2e80	0xaeaa0d
3119	aggressive_postofs	0x6f2e88	0xaeaa1e
1485	abort_aggressive_postofs	0x6f2e90	0xaeaa31
2980	narrowcmp	0x6f2e98	0xae61e8
2422	narrowlhs	0x6f2ea0	0xae61f2
2807	narrowlhs2	0x6f2ea8	0xaeaa4a
2423	narrowlhsops	0x6f2eb0	0xaeaa55
2465	nothumbselectifix	0x6f2eb8	0xae61fc
2471	fullopt_with_debugging	0x6f2ec0	0xaeaa62
2473	combine_adjacent_stores	0x6f2ec8	0xae23aa
2185	no_repetition_imm_thrash	0x6f2ed0	0xaeaa79
3028	repetition_move_before	0x6f2ed8	0xaeaa92
2515	nooptloadstore	0x6f2ee0	0xaeaaa9
2516	nooptlastloadstore	0x6f2ee8	0xaeaab8
97	convert_sign_check_to_shift	0x6f2ef0	0xae40ce
2575	convert_if_to_assign	0x6f2ef8	0xaeaacb
4485	convert_if_to_assign_always	0x6f2f00	0xae40ea
2638	no_convert_if_to_assign_has_packed	0x6f2f08	0xaeaae0
2580	no_immprop_mov_var	0x6f2f10	0xaeab03
4191	noimmpropagate	0x6f2f18	0xaeab16
4206	fix_immprop_deleting_insts	0x6f2f20	0xaeab25
4360	no_clear_crossblock_immprop	0x6f2f28	0xae4106
4362	no_fix_copymachop_objmachop_isconst	0x6f2f30	0xae4122
4379	dont_invalidate_isvalueof	0x6f2f38	0xae620e
833	prepeep_obj_imm_prop	0x6f2f40	0xaeab40
2628	no_madd_before_store	0x6f2f48	0xaeab55
2650	aggressive_isvalueof	0x6f2f50	0xaeab6a
4141	dont_substitute_isvalueof_variants	0x6f2f58	0xaeab7f
4310	no_subst_isvalueof_fix	0x6f2f60	0xaeaba2
4414	no_subst_isvalueof_fix2	0x6f2f68	0xae23c2
4140	dont_skip_isvalueof_non_consts	0x6f2f70	0xaeabb9
4172	concat_isvalueof_indsfp	0x6f2f78	0xae23da
4417	isvalueof_base_opt	0x6f2f80	0xaeabd8
3018	aggressive_isbaseof	0x6f2f88	0xae4146
2664	mergeblock_loop_top	0x6f2f90	0xae415a
2665	indmovloop_noninterleaved_copy	0x6f2f98	0xaeabeb
2666	indmovbigrisc_check_packed	0x6f2fa0	0xaeac0a
3542	indmovbigrisc_dont_use_existing_pointers	0x6f2fa8	0xaeac25
3093	indmovbigrisc_add_objs	0x6f2fb0	0xaeac4e
4306	indmovbigrisc_noninterleaved_copy	0x6f2fb8	0xae6228
2866	better_succs_preds	0x6f2fc0	0xaeac65
2693	keep_succs_preds_insync	0x6f2fc8	0xae23f2
2726	no_alias_check_array_bounds	0x6f2fd0	0xae416e
3131	simple_loop_range_analysis	0x6f2fd8	0xaeac78
4164	ambidextrous_range_checker	0x6f2fe0	0xaeac93
4170	sorted_invariantlist	0x6f2fe8	0xaeacae
2827	flatten_incs	0x6f2ff0	0xaeacc3
1819	flatten_loop_incs	0x6f2ff8	0xae624a
1967	extend_incs	0x6f3000	0xae418a
2994	swap_postinc	0x6f3008	0xaeacd0
2995	remove_redundant_comp	0x6f3010	0xae625c
136	remove_redundant_assign	0x6f3018	0xae240a
3083	sparse_copy	0x6f3020	0xae4196
1316	opt_small_struct_init	0x6f3028	0xae6272
235	assign_structs_fieldwise	0x6f3030	0xaeacdd
3204	update_obj	0x6f3038	0xaeacf6
4382	no_update_obj_copy	0x6f3040	0xaead01
4315	allow_update_obj_different_types	0x6f3048	0xaead14
3366	keep_obj	0x6f3050	0xaead35
3216	allow_qcopy_eval_reorder	0x6f3058	0xaead3e
3267	linux_kernel	0x6f3060	0xaead57
1787	circular_buffers	0x6f3068	0xaead64
3286	do_treepeep_twice	0x6f3070	0xae6288
3287	tp_simplify_exprs	0x6f3078	0xae629a
3289	tp_convert_shifts	0x6f3080	0xae62ac
3290	tp_combine_assign_opeq	0x6f3088	0xaead75
4160	no_assign_opeq_fix_type	0x6f3090	0xae2422
2989	tp_convert_or_to_add	0x6f3098	0xaead8c
1898	tp_use_memset	0x6f30a0	0xae62be
1402	tp_convert_subi_to_comi	0x6f30a8	0xae243a
209	tp_calculate_const_arrays	0x6f30b0	0xae62cc
4466	safe_narrowing	0x6f30b8	0xaeada1
3821	has_branch_on_bit	0x6f30c0	0xae62e6
1469	disallow_ambiguous_update	0x6f30c8	0xae62f8
1149	no_remove_redundant_check_dst_size	0x6f30d0	0xaeadb0
1421	optloadstorepost	0x6f30d8	0xaeadd3
633	optloadstorenoskipsp	0x6f30e0	0xaeade4
3406	no_optimize_no_return	0x6f30e8	0xae6312
1749	assign1bit	0x6f30f0	0xaeadf9
2685	1bit_trashes_extra_regs	0x6f30f8	0xae2452
3796	merge_qjfalses	0x6f3100	0xaeae04
4457	no_tablify_cases	0x6f3108	0xaeae13
4497	no_tablify_calls	0x6f3110	0xaeae24
1416	csebitfieldfix	0x6f3118	0xaeae35
2355	csebitfieldfix2	0x6f3120	0xae246a
3098	cse_use_if_result	0x6f3128	0xae6328
2488	singregmachop_index_dotmode	0x6f3130	0xae41a2
2395	noarmtailcall	0x6f3138	0xae633a
2396	noarmrenumberpeep	0x6f3140	0xae6348
4543	arm_dont_merge_cmp_into_sub	0x6f3148	0xae41be
2410	novolatilemotion	0x6f3150	0xaeae44
294	no_combine_volatile_nonvolatile	0x6f3158	0xae247a
3842	no_software_pipeline_on_volatile	0x6f3160	0xaeae55
2411	norplimmfix	0x6f3168	0xae41da
3731	addrconst_separate_constants	0x6f3170	0xaeae76
2412	store_addr_con	0x6f3178	0xaeae93
3317	leave_cmp_addrconst_alone	0x6f3180	0xae635a
352	reserve_pid	0x6f3188	0xae41e6
4312	dont_kill_sda_base	0x6f3190	0xaeaea2
3412	never_allocate_parmtemps_to_parmregs	0x6f3198	0xaeaeb5
2414	dumpbeforeallocate	0x6f31a0	0xaeaeda
2416	thumbsepaddmulfix	0x6f31a8	0xae6374
2417	sepaddmulfix	0x6f31b0	0xaeaeed
2418	adrconstalloclast	0x6f31b8	0xae6386
128	no64to32formal_addr_CONS_wo_proto	0x6f31c0	0xae6398
129	dont_subst_actuals_wo_proto	0x6f31c8	0xae41f2
3814	argument_addr_CONS_require_matching_types	0x6f31d0	0xae63ba
2419	adr_CONS_fix	0x6f31d8	0xaeaefa
2971	no_addr_CONS64	0x6f31e0	0xaeaf07
247	fiq_reg_bias	0x6f31e8	0xaeaf16
2420	separate_add_and_mul_experiment	0x6f31f0	0xae249a
2430	addr_CONS_no_offset	0x6f31f8	0xae420e
2478	better_initblock_for_addrconsts	0x6f3200	0xae24ba
2605	addrconst_nopreindex	0x6f3208	0xaeaf23
3242	early_addrconst	0x6f3210	0xae24da
3550	addrconst0	0x6f3218	0xaeaf38
4340	no_fix_addrconst_dont_opt_args	0x6f3220	0xaeaf43
2604	better_1bit_field_neqi	0x6f3228	0xaeaf62
2615	better_1bit_andi_neqi	0x6f3230	0xae63e4
2846	better_1bit_noxor	0x6f3238	0xae63fa
2937	better_convert_to_opeq	0x6f3240	0xaeaf79
3136	better_convert_pointerop_to_opeq	0x6f3248	0xaeaf90
3994	always_inline_mul64	0x6f3250	0xae4222
261	lsh1_using_add64	0x6f3258	0xaeafb1
2938	better_64bit_opeq	0x6f3260	0xae640c
2946	better_64bit_eval	0x6f3268	0xae641e
3019	more_direct_64_eval	0x6f3270	0xae4236
4410	dont_mark_split_64_as_fast	0x6f3278	0xaeafc2
1258	more_direct_moveoo	0x6f3280	0xaeafdd
526	greedy_mem_eval	0x6f3288	0xae24ea
4334	ppc_do_backend_bytereversed	0x6f3290	0xae424a
4335	ppc_do_inline_bytereversed	0x6f3298	0xaeaff0
1631	bytereversed_indexreg_only	0x6f32a0	0xaeb00b
832	ind_ignore_ndxsize	0x6f32a8	0xaeb026
2947	better_stack_param_alloc	0x6f32b0	0xaeb039
117	always_unconditionalize_if_else_const_assign	0x6f32b8	0xaeb052
2645	unconditionalize_if_assign_const_else_assign	0x6f32c0	0xaeb07f
2646	unconditionalize_if_modify	0x6f32c8	0xaeb0ac
3138	better_alwaysdereffed_addressof	0x6f32d0	0xae24fa
4352	no_fix_ipa_setmustms	0x6f32d8	0xaeb0c7
2651	object_motion	0x6f32e0	0xae6430
3134	object_motion2	0x6f32e8	0xaeb0dc
2660	show_object_motion	0x6f32f0	0xaeb0eb
2676	show_object_motion_stages	0x6f32f8	0xae643e
2761	show_object_motion_actions	0x6f3300	0xaeb0fe
2675	object_motion_merge_lineops	0x6f3308	0xae4266
3065	objectmotion_skip_const_compare	0x6f3310	0xae251a
3199	objectmotion_skip_const_qjtab	0x6f3318	0xae6458
339	objectmotion_remove_intermediate_blocks	0x6f3320	0xae253a
4545	objectmotion_remove_intermediate_blocks_nocalls	0x6f3328	0xae2562
4233	no_remove_intermediate_fix	0x6f3330	0xaeb119
4278	no_lhs_used_in_rhs_fix	0x6f3338	0xaeb134
3215	object_motion_omega_truncate_writeback	0x6f3340	0xaeb14b
3945	objectmotion_comp_const_fix	0x6f3348	0xae4282
4358	no_OM_oneop_types_fix	0x6f3350	0xae6476
1004	no_better_omdf_dot	0x6f3358	0xaeb172
4525	oracle_should_preserve_loop_header	0x6f3360	0xaeb185
1789	object_motion_check_level	0x6f3368	0xae648c
4163	no_can_have_address_taken_fix	0x6f3370	0xae64a6
4020	no_dataflow_scopeconflict_fix	0x6f3378	0xae64c4
1757	rotate_if_dots	0x6f3380	0xaeb1a8
4425	rotate_if_else_late	0x6f3388	0xae429e
3353	reorder_enabled_omega_motion	0x6f3390	0xaeb1b7
4526	limit_om_tp_after_loops	0x6f3398	0xae2592
3363	eval_two_qjfalses	0x6f33a0	0xae64e2
301	merge_paired_comparisons	0x6f33a8	0xaeb1d4
473	no_tricmp_s64	0x6f33b0	0xae64f4
3237	no_better_qcopy_retvar_bop	0x6f33b8	0xaeb1ed
2702	better_iscaddr_for_isvalueof	0x6f33c0	0xaeb208
2653	pred_succ_list_fixes	0x6f33c8	0xaeb225
2683	use_block_prevstart_and_dfoprev	0x6f33d0	0xae25aa
2611	consistent_overshifts	0x6f33d8	0xae6502
3931	range_comparisons_sub_fix	0x6f33e0	0xae6518
4161	no_range_comparisons_comp_type_fix	0x6f33e8	0xaeb23a
2443	no_probreg_cse	0x6f33f0	0xaeb25d
2462	implstore4	0x6f33f8	0xaeb26c
2752	pointers_cannot_alias_spills	0x6f3400	0xaeb277
2785	pointers_cannot_alias_spills2	0x6f3408	0xae6532
2466	beta	0x6f3410	0xae1859
2502	betterloopconst	0x6f3418	0xae25ca
4133	no_cost_adjustment	0x6f3420	0xaeb294
4134	minimum_const_conversion	0x6f3428	0xaeb2a7
4135	better_addrconst0	0x6f3430	0xae6550
4137	force_big_const_addr_into_temp	0x6f3438	0xaeb2c0
4167	loop_cost_prediction	0x6f3440	0xaeb2df
3055	use_betterloopconst_for_addrconst	0x6f3448	0xae6562
2939	loop_const_clumper	0x6f3450	0xaeb2f4
3298	movemost_constant_qualified_obj	0x6f3458	0xae25da
3299	movemost_ifop	0x6f3460	0xae6584
708	movemost_no_procname	0x6f3468	0xaeb307
3758	movemost_no_mapped_static	0x6f3470	0xae6592
692	arm_betterloopconst_in_qcopy	0x6f3478	0xaeb31c
3300	flatten_ifop_late	0x6f3480	0xae65ac
2981	nounroll_few_iter_loop	0x6f3488	0xaeb339
2982	nounroll_outer_loop	0x6f3490	0xae42b2
2507	better_toc_opt	0x6f3498	0xaeb350
2519	no_better_param_alias	0x6f34a0	0xae65be
2520	no_cse_invalidate_fix	0x6f34a8	0xae65d4
2521	gonofurtherfix	0x6f34b0	0xaeb35f
3214	substitutenofurther	0x6f34b8	0xae42c6
2889	makeaddrintovalueforallloops	0x6f34c0	0xaeb36e
2891	conservative_with_statics_prealloc	0x6f34c8	0xaeb38b
2523	showloopinstructions	0x6f34d0	0xaeb3ae
2572	showonlyinnermostloops	0x6f34d8	0xaeb3c3
2531	showlooplabels	0x6f34e0	0xaeb3da
2538	diab_bugs_ok	0x6f34e8	0xaeb3e9
2539	looplimitnoaliasarrayref	0x6f34f0	0xaeb3f6
2527	gofurther_doublereg	0x6f34f8	0xae42da
2578	remove_unused_linearvar	0x6f3500	0xae25fa
3046	coalescetwoops	0x6f3508	0xaeb40f
2594	movbinop	0x6f3510	0xaeb41e
693	longlong_touchlist_opt	0x6f3518	0xaeb427
2602	no_safe_algorithmic	0x6f3520	0xae42ee
2621	no_union_alias_fix	0x6f3528	0xaeb43e
2630	no_cse_jop1_fix	0x6f3530	0xae2612
2639	crossblockpeepfix	0x6f3538	0xae65ea
2907	prepeep_redo_block	0x6f3540	0xaeb451
2640	more_thumb_prepeep	0x6f3548	0xaeb464
520	makeinst_maintains_condcodes	0x6f3550	0xaeb477
258	makeinst_tracks_size	0x6f3558	0xaeb494
2644	more_strip_useless_casts	0x6f3560	0xaeb4a9
2700	mergeaddload3	0x6f3568	0xae65fc
4093	trimimmediate	0x6f3570	0xae660a
4194	notrimimmediate2	0x6f3578	0xaeb4c2
4296	blocks_must_be_basic_level1	0x6f3580	0xae4302
2701	removetruncs3	0x6f3588	0xae6618
3058	removetruncs3_andi	0x6f3590	0xaeb4d3
3540	removetruncs4	0x6f3598	0xae6626
562	optimizeloadstore_extract	0x6f35a0	0xae6634
2703	nothumbmergeaddsload	0x6f35a8	0xaeb4e6
3663	no_remove_useless_staticbase	0x6f35b0	0xaeb4fb
2705	fix_staticbase_references	0x6f35b8	0xae664e
313	repl_addressof_staticbase	0x6f35c0	0xae6668
303	looser_repl_addressof	0x6f35c8	0xae6682
2723	nocsefix3	0x6f35d0	0xae6698
2727	no_use_push_space_for_stack_temps	0x6f35d8	0xae66a2
3635	no_use_push_space_vfp	0x6f35e0	0xae66c4
2732	nolessind64temps	0x6f35e8	0xaeb518
3714	split_64bit_variables	0x6f35f0	0xae66da
2733	natural_staticbase_allocation	0x6f35f8	0xae66f0
2801	put_things_in_bss	0x6f3600	0xae670e
2736	smarter_staticinit	0x6f3608	0xaeb529
2794	allow_unallocated_staticinit	0x6f3610	0xaeb53c
2790	use_most_popular_staticinit	0x6f3618	0xae431e
1374	delay_staticinit	0x6f3620	0xaeb559
2737	alloc_all_globals_early	0x6f3628	0xae2622
2176	alloc_statics_early	0x6f3630	0xae433a
3795	no_fill_global_alignment_gaps	0x6f3638	0xae6720
137	collect_interproc_globals	0x6f3640	0xae673e
2738	multiple_staticbases	0x6f3648	0xaeb56a
141	interproc_staticbase	0x6f3650	0xaeb57f
2940	no_data_staticbase	0x6f3658	0xaeb594
238	no_count_renamed_staticbase_sections	0x6f3660	0xaeb5a7
2748	strip_stupid_cses	0x6f3668	0xae6758
2747	tighter_staticbase_initializer_filter	0x6f3670	0xae676a
3379	support_flexible_initializers	0x6f3678	0xae6790
2750	care_about_spoffs	0x6f3680	0xae67ae
3740	spoff_adjusted_on_inst_modify_sp	0x6f3688	0xaeb5cc
2762	nocsefix4	0x6f3690	0xae67c0
2773	cse_fix_use_castop_qderef_non_pointer	0x6f3698	0xae67ca
1365	cseval_isref_fix	0x6f36a0	0xaeb5ed
2763	showvariableusage	0x6f36a8	0xae67f0
2764	lessadrconst_pressure	0x6f36b0	0xae6802
2771	no_staticbase_deref_fix	0x6f36b8	0xae263a
2783	no_cse_offsetrange_improvement	0x6f36c0	0xaeb5fe
2921	no_invalidate_obj_fix	0x6f36c8	0xae6818
3017	no_fix_invalidatelvalue	0x6f36d0	0xae2652
2930	writeback_cse_when_written	0x6f36d8	0xaeb61d
2934	writethrough_cse_when_written	0x6f36e0	0xae682e
3159	nowriteback_cse_invalidate_fix	0x6f36e8	0xaeb638
3230	nowriteback_cse_fix_for_bv11679	0x6f36f0	0xae266a
2976	noaddrconst_offsetrange_fix	0x6f36f8	0xae434e
230	nocse	0x6f3700	0xae1588
391	nocseaddrcon	0x6f3708	0xaeb657
2273	dont_putback_cse	0x6f3710	0xaeb664
474	nocsepass	0x6f3718	0xae684c
353	recse	0x6f3720	0xae158e
428	cseregistercache	0x6f3728	0xaeb675
237	cseassoc	0x6f3730	0xaeb686
429	nocseloops	0x6f3738	0xaeb68f
2077	disable_CSE_struct_addrs	0x6f3740	0xaeb69a
3030	nocse_within_roupro	0x6f3748	0xae436a
2254	disable_CSE_struct_addrs_SDA	0x6f3750	0xaeb6b3
1992	faster_almosteqexpr_2	0x6f3758	0xae6856
1922	cse_count_bonus	0x6f3760	0xae268a
1785	nopackopt	0x6f3768	0xae686c
1019	csefix	0x6f3770	0xae185e
762	dupobjcrash	0x6f3778	0xae437e
597	csevalidity	0x6f3780	0xae438a
471	nocselastload	0x6f3788	0xae6876
2353	invalidatebyconst	0x6f3790	0xae6884
2354	matchstructtype	0x6f3798	0xae269a
394	notautologies	0x6f37a0	0xae6896
4139	broken_mulf_0_spec_opt	0x6f37a8	0xaeb6d0
4017	broken_sqrt_spec_opt	0x6f37b0	0xaeb6e7
4106	broken_x_div_x_spec_opt	0x6f37b8	0xae26aa
4207	broken_associative_spec_opt	0x6f37c0	0xae4396
4208	broken_spec_negate_rearranging	0x6f37c8	0xaeb6fc
4213	do_stupid_indspec	0x6f37d0	0xae68a4
4431	broken_specialcall	0x6f37d8	0xaeb71b
4527	broken_opt_subf	0x6f37e0	0xae26c2
4392	indspec_assoc_neg_divide	0x6f37e8	0xaeb72e
4309	no_eval2const_type_fix	0x6f37f0	0xaeb747
4019	pretend_mult_div_are_inverses	0x6f37f8	0xae68b6
4098	special_shift_multiply	0x6f3800	0xaeb75e
253	nokillconif	0x6f3808	0xae43b2
1833	inflate_ptr_expressions	0x6f3810	0xae26d2
2429	cse_structs	0x6f3818	0xae43be
1759	cse_structs_no_1bit	0x6f3820	0xae43ca
1760	cse_aligned_structs	0x6f3828	0xae43de
2460	count_inside_sameas	0x6f3830	0xae43f2
2627	do_associativity	0x6f3838	0xaeb775
4348	dont_associate_pointer_math	0x6f3840	0xae4406
3756	do_distribute	0x6f3848	0xae68d4
3757	aggressive_specialvalcheck	0x6f3850	0xaeb786
3155	no_similar_exps	0x6f3858	0xae26ea
1845	cse_cost_times_count	0x6f3860	0xaeb7a1
3938	rotate_blocks	0x6f3868	0xae68e2
4482	no_rotate_blocks_for_merge	0x6f3870	0xaeb7b6
3939	dump_rotate_blocks	0x6f3878	0xaeb7d1
8	dataflow	0x6f3880	0xaeb7e4
88	showmoredataflow	0x6f3888	0xaeb7ed
1081	predataflow	0x6f3890	0xae4422
4590	dataflow_pass1	0x6f3898	0xaeb7fe
3354	dataflow_postpeep2	0x6f38a0	0xaeb80d
4591	dataflow_pass3	0x6f38a8	0xaeb820
4509	dataflow_crazy	0x6f38b0	0xaeb82f
40	shortinstszeroextend	0x6f38b8	0xaeb83e
1651	shortinstssignextend	0x6f38c0	0xaeb853
24	dumpdataflow	0x6f38c8	0xaeb868
27	df_registerbits	0x6f38d0	0xae26fa
3929	df_norbloadimm	0x6f38d8	0xaeb875
4539	df_rb_dont_split_multireg	0x6f38e0	0xae68f0
4528	df_rb_noshiftpair_reduce	0x6f38e8	0xaeb884
4354	df_rb_track_condcodes	0x6f38f0	0xae690a
4355	df_rb_dont_verify_condcodes	0x6f38f8	0xae442e
4359	df_rb_infer_cmp_values	0x6f3900	0xaeb89d
4356	df_rb_dont_optimize_conditional_branches	0x6f3908	0xaeb8b4
4331	df_rb_imm2reg	0x6f3910	0xae6920
4111	df_rbloadimm_only_imms	0x6f3918	0xaeb8dd
4094	imm_complexity_converges_on_zero	0x6f3920	0xaeb8f4
3471	df_valnum	0x6f3928	0xae692e
4327	dfvn_relocatables	0x6f3930	0xae6938
4067	dfvn_stack	0x6f3938	0xaeb915
4126	dfvn_ccodes	0x6f3940	0xae444a
4508	dfvn_split_vars	0x6f3948	0xae270a
4555	dfvn_smart_alias	0x6f3950	0xaeb920
4522	dfvn_consistent	0x6f3958	0xae271a
4279	dfvn_intomove_allcpeligible	0x6f3960	0xae4456
3476	vn_nocopyprop	0x6f3968	0xae694a
4554	vn_nocopyprop_act	0x6f3970	0xae6958
3925	vn_no_pre_copyprop	0x6f3978	0xaeb931
4095	vn_sanity_check	0x6f3980	0xae272a
3860	vn_noconsoladd	0x6f3988	0xaeb944
3861	vn_noconsolshift	0x6f3990	0xaeb953
3862	vn_noremoveinst	0x6f3998	0xae273a
3863	vn_nointomove	0x6f39a0	0xae696a
4016	vn_noconstprop	0x6f39a8	0xaeb964
4066	vn_nobkwdremoveinst	0x6f39b0	0xae4472
4125	vn_nomergeaddload	0x6f39b8	0xae6978
4556	vn_noadvancesrcwrites	0x6f39c0	0xae698a
4603	vn_no_use_pull	0x6f39c8	0xaeb973
4604	vn_no_combine_shifts2	0x6f39d0	0xae69a0
4605	vn_no_preintomove	0x6f39d8	0xae69b6
3881	ppcvn_noconsolshift	0x6f39e0	0xae4486
4391	mipsvn_usehilo	0x6f39e8	0xaeb982
4062	df_trust_action_sizes	0x6f39f0	0xae69c8
3475	df_rbbkwd_only	0x6f39f8	0xaeb991
4259	df_rb_no_move_fwd	0x6f3a00	0xae69de
4260	df_rb_no_merge_fwd	0x6f3a08	0xaeb9a0
4243	df_rb_no_minmax_fwd	0x6f3a10	0xae449a
4244	df_rb_no_comi_fwd	0x6f3a18	0xae69f0
4245	df_rb_no_extract_fwd	0x6f3a20	0xaeb9b3
4246	df_rb_no_insert_fwd	0x6f3a28	0xae44ae
4247	df_rb_no_neg_fwd	0x6f3a30	0xaeb9c8
4248	df_rb_no_load_fwd	0x6f3a38	0xae6a02
4249	df_rb_no_xor_fwd	0x6f3a40	0xaeb9d9
4250	df_rb_no_add_fwd	0x6f3a48	0xaeb9ea
4251	df_rb_no_or_fwd	0x6f3a50	0xae274a
4252	df_rb_no_mul_fwd	0x6f3a58	0xaeb9fb
4253	df_rb_no_and_fwd	0x6f3a60	0xaeba0c
4254	df_rb_no_andnot_fwd	0x6f3a68	0xae44c2
4255	df_rb_no_sub_fwd	0x6f3a70	0xaeba1d
4256	df_rb_no_rsh_fwd	0x6f3a78	0xaeba2e
4257	df_rb_no_lsh_fwd	0x6f3a80	0xaeba3f
4258	df_rb_no_arithreapply_fwd	0x6f3a88	0xae6a14
4276	df_rb_no_move_bkwd	0x6f3a90	0xaeba50
4262	df_rb_no_shift_bkwd	0x6f3a98	0xae44d6
4263	df_rb_no_andor_bkwd	0x6f3aa0	0xae44ea
4264	df_rb_no_addc_bkwd	0x6f3aa8	0xaeba63
4265	df_rb_no_store_bkwd	0x6f3ab0	0xae44fe
4266	df_rb_no_comi_bkwd	0x6f3ab8	0xaeba76
4267	df_rb_no_add_bkwd	0x6f3ac0	0xae6a2e
4268	df_rb_no_sub_bkwd	0x6f3ac8	0xae6a40
4269	df_rb_no_subc_bkwd	0x6f3ad0	0xaeba89
4270	df_rb_no_mul_bkwd	0x6f3ad8	0xae6a52
4271	df_rb_no_neg_bkwd	0x6f3ae0	0xae6a64
4272	df_rb_no_xor_bkwd	0x6f3ae8	0xae6a76
4273	df_rb_no_mac_bkwd	0x6f3af0	0xae6a88
4274	df_rb_no_extract_bkwd	0x6f3af8	0xae6a9a
4275	df_rb_no_insert_bkwd	0x6f3b00	0xaeba9c
3629	df_rb_simpletwoop	0x6f3b08	0xae6ab0
1981	df_rb_use_touchlist	0x6f3b10	0xae4512
3473	rb_dest_dotmode	0x6f3b18	0xae275a
411	no_df_rb_immprop	0x6f3b20	0xaebab1
3558	df_rb_and2shift	0x6f3b28	0xae276a
1639	df_rdwr_optional	0x6f3b30	0xaebac2
3713	df_dont_cp_move_const	0x6f3b38	0xae6ac2
192	3to2b	0x6f3b40	0xae1594
193	3to2f	0x6f3b48	0xae159a
186	3to2	0x6f3b50	0xae1865
3144	pre	0x6f3b58	0xae14f4
3153	pre_all_redundancies	0x6f3b60	0xaebad3
3149	pre_localCSE	0x6f3b68	0xaebae8
3150	pre_GCSE	0x6f3b70	0xaebaf5
3297	pre_struct_qcopy_scalarize	0x6f3b78	0xaebafe
4832	pre_single_member_struct_qcopy_scalarize	0x6f3b80	0xaebb19
4828	pre_divf_to_mulf	0x6f3b88	0xaebb42
4899	pre_more_exprs	0x6f3b90	0xaebb53
3223	pre_const_prop	0x6f3b98	0xaebb62
1977	pre_cp_intervals	0x6f3ba0	0xaebb71
3229	pre_const_prop_run_used_dataflow	0x6f3ba8	0xaebb82
3960	pre_const_prop_undefined_var_not_zero	0x6f3bb0	0xae6ad8
3961	pre_const_prop_no_undefined_var	0x6f3bb8	0xae277a
3358	const_prop_use_edge_values	0x6f3bc0	0xaebba3
3361	const_prop_function_addresses	0x6f3bc8	0xae6afe
4813	const_prop_struct_components	0x6f3bd0	0xaebbbe
4829	copy_prop	0x6f3bd8	0xae6b1c
3284	dse	0x6f3be0	0xae14f8
3339	dse_control_dependency_analysis	0x6f3be8	0xae279a
3342	dse_allow_loop_removal	0x6f3bf0	0xaebbdb
1236	df_code_hoist	0x6f3bf8	0xae6b26
3321	partial_store_motion	0x6f3c00	0xaebbf2
4541	loop_PSM_priority	0x6f3c08	0xae6b34
3348	dataflow_statistics	0x6f3c10	0xae4526
3130	pre_show_find_expr	0x6f3c18	0xaebc07
3211	pre_show_comp_set_computer	0x6f3c20	0xaebc1a
3145	pre_show_dataflow	0x6f3c28	0xae6b46
3186	pre_show_ref_anal	0x6f3c30	0xae6b58
3184	pre_show_choices	0x6f3c38	0xaebc35
3224	pre_show_const_prop	0x6f3c40	0xae453a
3225	pre_show_const_prop_local	0x6f3c48	0xae6b6a
3226	pre_show_const_prop_flow	0x6f3c50	0xaebc46
3227	show_df_optimizer_rewrite	0x6f3c58	0xae6b84
3382	show_df_details	0x6f3c60	0xae27ba
596	indcasejump_jtinfo	0x6f3c68	0xaebc5f
893	pre_no_direct_access_vars	0x6f3c70	0xae6b9e
1978	pre_deref_args	0x6f3c78	0xaebc72
4578	take_addrof_union_dot	0x6f3c80	0xae6bb8
4577	dont_expose_var_addrs_more	0x6f3c88	0xaebc81
2851	fix_unsigned_loop_counters	0x6f3c90	0xaebc9c
4064	no_better_loop_setup	0x6f3c98	0xaebcb7
4063	no_always_gen_loop_check	0x6f3ca0	0xaebccc
4484	always_gen_loop_check	0x6f3ca8	0xae6bce
53	evalloop_no_negative_unsigned	0x6f3cb0	0xae6be4
3355	no_loopunroll_divi	0x6f3cb8	0xaebce5
2081	keep_looplist	0x6f3cc0	0xae6c02
3845	keep_looplist_after_codehoist	0x6f3cc8	0xae6c10
3375	dfo_after_makeproc	0x6f3cd0	0xaebcf8
3296	keep_loop_count	0x6f3cd8	0xae27ca
2232	better_remove_iteration_variable	0x6f3ce0	0xaebd0b
3011	remove_postinc_by_0	0x6f3ce8	0xae454e
3012	fix_itervar_for_invaraddr	0x6f3cf0	0xae6c2e
4395	no_possible_overflow_fix	0x6f3cf8	0xaebd2c
2774	even_better_remove_iter_var	0x6f3d00	0xae4562
1497	decloops	0x6f3d08	0xaebd45
2001	reset_isinvariant_across_loops	0x6f3d10	0xaebd4e
2151	adjust_loops_for_postofs	0x6f3d18	0xaebd6d
2839	adjust_loops_for_postofs_more	0x6f3d20	0xae6c48
623	unroll8	0x6f3d28	0xae0df0
632	unroll_by_any_factor	0x6f3d30	0xaebd86
1849	optimizeinnerlooponly	0x6f3d38	0xae6c66
3181	movemostinnerlooponly	0x6f3d40	0xae6c7c
2027	unroll_1	0x6f3d48	0xaebd9b
1890	const_decloops_only	0x6f3d50	0xae457e
409	CSR	0x6f3d58	0xae14fc
651	nocontiguousloop	0x6f3d60	0xaebda4
3054	nocontiguousloop_late	0x6f3d68	0xae6c92
2217	no_max_loophdr	0x6f3d70	0xaebdb5
3190	no_max_loophdr_neqi	0x6f3d78	0xae4592
4542	more_condmove_in_loop_header	0x6f3d80	0xaebdc4
4588	func_ptr_modifiable	0x6f3d88	0xae45a6
679	nocseloop2	0x6f3d90	0xaebde1
481	noremoveiterationvariable	0x6f3d98	0xae6ca8
3182	shift_short_itervars	0x6f3da0	0xaebdec
2064	forcelooptransform	0x6f3da8	0xaebe01
2524	force_loop_analysis	0x6f3db0	0xae45ba
3133	better_itervar_overflow_analysis	0x6f3db8	0xaebe14
3161	better_itervar_overflow_analysis_fix	0x6f3dc0	0xaebe35
3154	show_wont_overflow	0x6f3dc8	0xaebe5a
3072	simple_decloops	0x6f3dd0	0xae27da
903	canonicalize	0x6f3dd8	0xaebe6d
493	nodolooptemp	0x6f3de0	0xaebe7a
739	largeloops	0x6f3de8	0xaebe87
168	nofloatinvariants	0x6f3df0	0xae6cc2
482	nounroll	0x6f3df8	0xaebe92
2503	noforce_unroll	0x6f3e00	0xaebe9b
1976	rotate_strength_for_preofs	0x6f3e08	0xaebeaa
2303	aggressive_increment_search	0x6f3e10	0xae45ce
2617	use_avg_cost_in_movemost	0x6f3e18	0xaebec5
3080	no_movemost_breakblock	0x6f3e20	0xaebede
4044	no_safe_deref_movemost	0x6f3e28	0xaebef5
2379	no_reg_rename	0x6f3e30	0xae6cd4
2803	SIMD_vectorizer	0x6f3e38	0xae27ea
2804	show_SIMD_vectorizer	0x6f3e40	0xaebf0c
2828	SIMD_consistency	0x6f3e48	0xaebf21
2829	no_target_SIMD_ops	0x6f3e50	0xaebf32
2830	dump_before_vectorize	0x6f3e58	0xae6ce2
2831	dump_after_vectorize	0x6f3e60	0xaebf45
2991	indsfp_vector_fix	0x6f3e68	0xae6cf8
2992	SIMD_compound_vectors	0x6f3e70	0xae6d0a
3031	SIMD_conditional_code	0x6f3e78	0xae6d20
3059	SIMD_convert_stride	0x6f3e80	0xae45ea
3060	force_SIMD_convert_stride	0x6f3e88	0xae6d36
3121	vectors_dont_alias_scalars	0x6f3e90	0xaebf5a
3140	peel_before_SIMD_vectorizer	0x6f3e98	0xae45fe
3141	SIMD_check_aliases	0x6f3ea0	0xaebf75
3142	SIMD_check_alias_assignments	0x6f3ea8	0xaebf88
3175	SIMD_combine_incs	0x6f3eb0	0xae6d50
3191	SIMD_expand_casts	0x6f3eb8	0xae6d62
3195	SIMD_convert_dot_to_qderef	0x6f3ec0	0xaebfa5
3194	align_vectors_128	0x6f3ec8	0xae6d74
3201	SIMD_cost_analysis	0x6f3ed0	0xaebfc0
3202	show_SIMD_cost	0x6f3ed8	0xaebfd3
3210	auto_SIMD_vectorizer	0x6f3ee0	0xaebfe2
1998	SIMD_cast_op_before_unroll	0x6f3ee8	0xaebff7
3347	SIMD_dotmode_tick_fix	0x6f3ef0	0xae6d86
3192	signsign_upcast_not_okay	0x6f3ef8	0xaec012
3333	signsign_upcast_sometimes_okay	0x6f3f00	0xaec02b
3351	SIMD_all_alias_info	0x6f3f08	0xae461a
3717	SIMD_benefit_analysis	0x6f3f10	0xae6d9c
3700	SIMD_force_align	0x6f3f18	0xaec04a
4302	no_leave_vector_casts	0x6f3f20	0xae6db2
3704	SIMD_use_variable_inits	0x6f3f28	0xae27fa
3705	SIMD_malloc_aligned	0x6f3f30	0xae462e
3681	SIMD_32bit_max_compound_types	0x6f3f38	0xae6dc8
3683	SIMD_avoid_inner_invar_writes	0x6f3f40	0xae6de6
3685	SIMD_vectorize_32bit_longs	0x6f3f48	0xaec05b
3686	SIMD_unroll_vectorized_loop	0x6f3f50	0xae4642
3688	SIMD_only_vectorize_on_natural_types	0x6f3f58	0xaec076
3692	SIMD_use_largest_factor	0x6f3f60	0xae2812
3696	SIMD_need_vector_vars_for_analysis	0x6f3f68	0xaec09b
4342	no_fix_vector_casting	0x6f3f70	0xae6e04
3701	ppc_vectorizer1	0x6f3f78	0xae282a
3680	ppc_vectorizer11	0x6f3f80	0xaec0be
3682	ppc_vectorizer13	0x6f3f88	0xaec0cf
3684	ppc_vectorizer15	0x6f3f90	0xaec0e0
3689	ppc_vectorizer20	0x6f3f98	0xaec0f1
3690	ppc_vectorizer21	0x6f3fa0	0xaec102
398	promote_small_itervar	0x6f3fa8	0xae6e1a
1313	unroll_small_constiter_loops	0x6f3fb0	0xaec113
1572	track_safe_loop_exprs	0x6f3fb8	0xae6e30
1560	prevent_unsafe_loop_ops	0x6f3fc0	0xae283a
3662	check_loop_derefs_more	0x6f3fc8	0xaec130
307	noschedule	0x6f3fd0	0xaec147
3948	always_allow_original_ordering	0x6f3fd8	0xaec152
3949	always_allow_original_ordering_noindep	0x6f3fe0	0xaec171
3950	aggressive_stack_ordering	0x6f3fe8	0xae6e46
1112	abortschedule	0x6f3ff0	0xae6e60
1139	earlyschedule	0x6f3ff8	0xae6e6e
1304	nolateschedule	0x6f4000	0xaec198
2175	long_schedule	0x6f4008	0xae6e7c
152	balance	0x6f4010	0xae0df8
650	nocallbody	0x6f4018	0xaec1a7
1406	cacheactions	0x6f4020	0xaec1b2
3125	cachedepends	0x6f4028	0xaec1bf
1466	prunebeforepipe	0x6f4030	0xae2852
2623	listscheduler	0x6f4038	0xae6e8a
1089	ls_issue_false_depend	0x6f4040	0xae6e98
1062	ls_correct_issue_false_depend	0x6f4048	0xae6eae
1140	ls_critlength_no_false_depend	0x6f4050	0xae6ecc
1599	ls_better_sum_delay	0x6f4058	0xae465e
1094	report_write_after_read	0x6f4060	0xae2862
701	ls_write_after_read_grouping	0x6f4068	0xaec1cc
1865	better_stack_overlay	0x6f4070	0xaec1e9
1866	better_stack_overlay2	0x6f4078	0xae6eea
2243	better_maybeoverlay	0x6f4080	0xae4672
2923	evenbetter_maybeoverlay	0x6f4088	0xae287a
2071	no_more_flags_default_on	0x6f4090	0xaec1fe
3169	floatconsts_dont_overlay	0x6f4098	0xaec217
3170	maybeoverlay_check_locality	0x6f40a0	0xae4686
3139	different_array_notoverlay	0x6f40a8	0xaec230
1532	ansialias	0x6f40b0	0xae6f00
1850	saferansialias	0x6f40b8	0xaec24b
2789	no_offset_based_aliasing	0x6f40c0	0xaec25a
2885	ints_do_not_alias_longs	0x6f40c8	0xae2892
2999	better_type_equivalence	0x6f40d0	0xae28aa
2059	xptryptr	0x6f40d8	0xaec273
1355	xchecksame	0x6f40e0	0xaec27c
4065	old_safe_strip_addressof	0x6f40e8	0xaec287
2692	packed_struct_machop_overlay	0x6f40f0	0xaec2a0
2780	better_const_qderefs	0x6f40f8	0xaec2bd
661	probreg_hilo_of_64bitreg	0x6f4100	0xaec2d2
660	stripmachop_when_checking_for_overlay	0x6f4108	0xae6f0a
659	reverse_regs_in_doublereg_index	0x6f4110	0xae28c2
4548	sprel_fprel_can_overlay	0x6f4118	0xae28e2
5117	no_scope_unnamed_fe_vars	0x6f4120	0xaec2eb
560	bruteprof	0x6f4128	0xae6f30
783	lprof	0x6f4130	0xae15a0
1437	indprof	0x6f4138	0xae0e00
221	blockcheck	0x6f4140	0xaec304
4230	use_ghsentry_for_bcount	0x6f4148	0xae28fa
4357	store_1_in_block_count	0x6f4150	0xaec30f
4428	bcount_exitblk_is_marker	0x6f4158	0xaec326
4429	bcount_end_marker	0x6f4160	0xae6f3a
577	output_bpci	0x6f4168	0xae46a2
4406	bpci_block_lines	0x6f4170	0xaec33f
3450	keepblocklabels	0x6f4178	0xae2912
1371	ghsmcountnames	0x6f4180	0xaec350
2537	prologue_epilogue_hooks	0x6f4188	0xae2922
1656	enterblock_hooks	0x6f4190	0xaec35f
1548	postcall_hooks	0x6f4198	0xaec370
1800	ppc_ep_rpx_tnt	0x6f41a0	0xaec37f
656	pdo_unroll	0x6f41a8	0xaec38e
655	pdo_move_unlikely	0x6f41b0	0xae6f4c
631	pdo_inlining	0x6f41b8	0xaec399
652	pdo_optloops	0x6f41c0	0xaec3a6
1555	pdo_small_funcs	0x6f41c8	0xae293a
646	pdo_small_funcs_more	0x6f41d0	0xaec3b3
1553	pdo_no_explode_code	0x6f41d8	0xae46ae
1551	pdo_if_rev	0x6f41e0	0xaec3c8
1543	pdo_hot_paths	0x6f41e8	0xae6f5e
649	pdo_run_ratio	0x6f41f0	0xae6f6c
648	pdo_register_allocation	0x6f41f8	0xae294a
1333	pdo_register_schemes	0x6f4200	0xaec3d3
657	val_random_run_counts	0x6f4208	0xae6f7a
4353	fail_pdo_on_mismatched_blocks	0x6f4210	0xae6f90
260	reserve_tracereg	0x6f4218	0xaec3e8
1194	tracereg_semi_global	0x6f4220	0xaec3f9
3928	allow_globalreg_tracereg_overlap	0x6f4228	0xaec40e
3926	reserve_scratch_tracereg	0x6f4230	0xaec42f
3805	tracereg_check	0x6f4238	0xaec448
293	instrument_datatrace	0x6f4240	0xaec457
3777	instrument_stores	0x6f4248	0xae6fae
3778	save_and_restore_tracereg	0x6f4250	0xae6fc0
3779	trace_initexit_calls	0x6f4258	0xaec46c
3785	showtracestats	0x6f4260	0xaec481
3788	output_dtrace_symbols	0x6f4268	0xae6fda
3791	dtrace_stamp_zeros	0x6f4270	0xaec490
3792	dtrace_small_stamps	0x6f4278	0xae46c2
3808	dtrace_movnti	0x6f4280	0xae6ff0
3809	dtrace_skip_imm	0x6f4288	0xae2962
3810	dtrace_better_data	0x6f4290	0xaec4a3
3815	dtrace_skip_stack_pointers	0x6f4298	0xaec4b6
3843	dtrace_inst_prologue	0x6f42a0	0xaec4d1
3846	dtrace_dump_prev_data	0x6f42a8	0xae6ffe
3854	dtrace_skip_volatiles	0x6f42b0	0xae7014
3855	dtrace_on_target	0x6f42b8	0xaec4e6
3874	dtrace_dump_size	0x6f42c0	0xaec4f7
3875	dtrace_dump_whole_word	0x6f42c8	0xaec508
3876	dtrace_value_in_packetid	0x6f42d0	0xaec51f
3911	dtrace_high16	0x6f42d8	0xae702a
3921	dtrace_dump_stack_in_epilogue	0x6f42e0	0xae7038
4553	dtrace_tracereg_counter	0x6f42e8	0xae2972
4566	dtrace_bl_insts	0x6f42f0	0xae298a
1189	dotsym	0x6f42f8	0xae186a
1699	force_line_labels	0x6f4300	0xae7056
4261	no_merged_linlabel_fix	0x6f4308	0xaec538
1730	multiple_text_bof	0x6f4310	0xae7068
2114	relative_xof_path	0x6f4318	0xae707a
2798	ghs_xof_path	0x6f4320	0xaec54f
869	STABinc	0x6f4328	0xae0e08
1583	bsd_stabs	0x6f4330	0xae708c
1951	static_line_labels	0x6f4338	0xaec55c
2363	poundlinesyntax	0x6f4340	0xae299a
1249	includes	0x6f4348	0xaec56f
1292	ondemandlinelabels	0x6f4350	0xaec578
1293	staticcalls	0x6f4358	0xae46d6
1419	procinfo	0x6f4360	0xaec58b
3217	better_procinfo	0x6f4368	0xae29aa
1610	inc_dbg	0x6f4370	0xae0e10
1617	coff_debug	0x6f4378	0xaec594
1638	nodbgoutput	0x6f4380	0xae46e2
1817	check_dbg	0x6f4388	0xae7096
1263	EDGtemplates	0x6f4390	0xaec59f
1063	delaydwtextb	0x6f4398	0xaec5ac
2161	dwarf2_set_stmt_bit	0x6f43a0	0xae46ee
2194	no_waste_int	0x6f43a8	0xaec5b9
2195	no_mwaste_int	0x6f43b0	0xae70a0
1279	mangledstatics	0x6f43b8	0xaec5c6
1280	suppress_dbg_directory	0x6f43c0	0xaec5d5
568	MULTIstabs	0x6f43c8	0xaec5ec
852	MULTIsymnoscore	0x6f43d0	0xae29ba
853	MULTIsympercent	0x6f43d8	0xae29ca
854	MULTIsymdollar	0x6f43e0	0xaec5f7
781	DWARF	0x6f43e8	0xae15a6
4096	undo_dwarf_eofn_bugfix	0x6f43f0	0xaec606
4565	undo_dwarf_bitfield_bugfix	0x6f43f8	0xaec61d
4666	dwarf_no_frame_sec	0x6f4400	0xaec638
1920	no_waste	0x6f4408	0xaec64b
1936	no_mwaste	0x6f4410	0xae70ae
1537	old_dbglinelabels	0x6f4418	0xae70b8
931	dwarf_comments	0x6f4420	0xaec654
927	origdwarf	0x6f4428	0xae70ca
928	dwarf_v1	0x6f4430	0xaec663
929	dwarf_v2	0x6f4438	0xaec66c
1893	ghdb	0x6f4440	0xae1871
4593	has_debug	0x6f4448	0xae70d4
3377	direct_c20asm	0x6f4450	0xae70de
3380	noDWlinlab	0x6f4458	0xaec675
2013	ghdb_pi	0x6f4460	0xae0e18
2189	ghdb_nodbo	0x6f4468	0xaec680
1197	indep_ghdb	0x6f4470	0xaec68b
2368	debug_optim_code	0x6f4478	0xaec696
1290	dbglinelabels	0x6f4480	0xae70ec
4585	ghdb_routine_max_stack	0x6f4488	0xaec6a7
1361	dbgmangledprocs	0x6f4490	0xae29da
4023	no_mangle_statics_with_OIPO_num	0x6f4498	0xae29ea
2237	dbg_source_root	0x6f44a0	0xae2a0a
2272	ghdb_inl_rout	0x6f44a8	0xae70fa
1502	no_dbg_fortran_entry	0x6f44b0	0xaec6be
1113	namedstatics	0x6f44b8	0xaec6d3
1115	namedfilestatics	0x6f44c0	0xaec6e0
1894	better_outdataabsimm_forqaddr	0x6f44c8	0xae7108
1830	use_vp_as_dbg_source_root	0x6f44d0	0xae7126
2009	extend_lifetime	0x6f44d8	0xae2a1a
2816	better_line_fallthrough_lifetime	0x6f44e0	0xaec6f1
1695	add_debug_labels_early	0x6f44e8	0xaec712
3838	consistentcode	0x6f44f0	0xaec729
4845	more_debugbloat	0x6f44f8	0xae2a2a
4731	stab_friends	0x6f4500	0xaec738
4837	always_stab_right_brace	0x6f4508	0xae2a3a
2950	allocregs_reducegraph_conservative	0x6f4510	0xaec745
2951	allocregs_reducegraph_fully	0x6f4518	0xae4702
2960	allocregs_dontbound_reducegraph_fully	0x6f4520	0xae7140
2944	allocregs_with_movebias	0x6f4528	0xae2a52
3160	allocregs_combine_fastslowregs	0x6f4530	0xaec768
3183	allocregs_directdatadep	0x6f4538	0xae2a6a
3281	no_allocregs_reducegraph_hash	0x6f4540	0xae7166
3025	varvar_analyze_dotmodes	0x6f4548	0xae2a82
3026	bump_returnvar_priority	0x6f4550	0xae2a9a
2758	allocfprel	0x6f4558	0xaec787
4751	slower_invalidate_regs	0x6f4560	0xaec792
2948	lame_liveness_split	0x6f4568	0xae471e
1851	graph_allocate	0x6f4570	0xaec7a9
2926	graph_allocate_twopass_scaninst	0x6f4578	0xae2ab2
3042	graph_allocate_reallocpass	0x6f4580	0xaec7b8
3049	preallocate_in_makeproc	0x6f4588	0xae2ad2
3057	more_loop_spill_priority	0x6f4590	0xaec7d3
4936	no_graph_alloc_framesize_fix	0x6f4598	0xaec7ec
2056	rotate_regs	0x6f45a0	0xae4732
635	rotate_regs_more	0x6f45a8	0xaec809
4418	rotate_pregs	0x6f45b0	0xaec81a
3878	rotate_fregs	0x6f45b8	0xaec827
2220	conflict_nearby_vars	0x6f45c0	0xaec834
1948	use_less_alloc_memory	0x6f45c8	0xae7184
1799	graph_alloc_bcl	0x6f45d0	0xae2aea
707	graph_alloc_ordered	0x6f45d8	0xae473e
3122	never_use_less_alloc_memory	0x6f45e0	0xae4752
2458	no_graph_allocate_lineno_fix	0x6f45e8	0xaec849
3243	better_graph_alloc_coalesce	0x6f45f0	0xae476e
3744	no_graph_alloc_coalesce_size_check	0x6f45f8	0xaec866
2249	relaxed_clear_regsets	0x6f4600	0xae719a
1686	struct64_in_two_regs	0x6f4608	0xaec889
1889	argsallocfirst	0x6f4610	0xaec89e
2043	alloc_statics_in_regs	0x6f4618	0xae71b0
3857	no_alloc_unaligned_statics_in_regs	0x6f4620	0xaec8ad
2970	destatictize	0x6f4628	0xaec8d0
3664	destatictize_consts	0x6f4630	0xae478a
3020	dataflow_peep	0x6f4638	0xae71c6
3021	show_dataflow_peep	0x6f4640	0xaec8dd
1278	structinreg32	0x6f4648	0xae71d4
1439	structinreg64	0x6f4650	0xae71e2
2589	struct64passedbyvalue	0x6f4658	0xae71f0
1445	varstructinreg	0x6f4660	0xaec8f0
1907	coalesce_vars	0x6f4668	0xae7206
1908	coalesce_and_substitute	0x6f4670	0xae2afa
2400	dont_coalesce_unequal_sizes	0x6f4678	0xae479e
1941	allowbitfieldinreg	0x6f4680	0xaec8ff
159	nooverload	0x6f4688	0xaec912
2463	overloadtemps	0x6f4690	0xae7214
326	rollregs	0x6f4698	0xaec91d
1764	overlay_scoped_decls	0x6f46a0	0xaec926
3669	overlay_inlined_scopes	0x6f46a8	0xaec93b
4811	overlay_scoped_decls_barriers	0x6f46b0	0xae7222
3813	safer_overlay_aliasing	0x6f46b8	0xaec952
2318	no_tick_parm_regs	0x6f46c0	0xae7240
1124	tick_actual_parm_regs	0x6f46c8	0xae7252
2389	delay_tick_removal	0x6f46d0	0xaec969
55	signedfields	0x6f46d8	0xaec97c
1320	ipeep2extrbits	0x6f46e0	0xaec989
3820	ipeep2insbits_clear	0x6f46e8	0xae47ba
1410	betterbitfields	0x6f46f0	0xae2b12
3429	better_bitfield_insert_extract	0x6f46f8	0xaec998
3852	nohandle_64bit_in_indbitopequal	0x6f4700	0xae2b22
1432	bigbitfieldbase	0x6f4708	0xae2b42
1561	medbitfieldbase	0x6f4710	0xae2b52
4476	pack_aligned_bitfields	0x6f4718	0xaec9b7
2745	pack_smallbitfieldbase	0x6f4720	0xaec9ce
1883	betterbitfield2	0x6f4728	0xae2b62
1938	combine_bitfield_assigns	0x6f4730	0xaec9e5
4413	late_combine_bitfield_assigns	0x6f4738	0xae7268
4147	no_tp_copy_prop	0x6f4740	0xae2b72
4174	no_tp_cp_retyped_vars	0x6f4748	0xae7286
4148	no_tp_cp_call_analysis	0x6f4750	0xaec9fe
4150	no_tp_cp_complex_rhs	0x6f4758	0xaeca15
4149	tp_copy_prop_assigns	0x6f4760	0xaeca2a
124	combine_bitfield_assigns_bytesize	0x6f4768	0xae729c
4195	no_fix_expand_bitfield_32	0x6f4770	0xae72be
711	combine_muladd	0x6f4778	0xaeca3f
1755	combine_bitfield_assigns_scan	0x6f4780	0xae72d8
989	combine_bitfield_assigns_nonconst	0x6f4788	0xae72f6
990	combine_bitfield_opeqs	0x6f4790	0xaeca4e
490	combine_bitfield_assigns_mix	0x6f4798	0xaeca65
1960	do1bitassign2	0x6f47a0	0xae7318
2093	check_combined_bitfield_size	0x6f47a8	0xaeca82
599	almostnooptstruct	0x6f47b0	0xae7326
2326	1bit_ifop_to_qjfalse	0x6f47b8	0xaeca9f
2327	1bit_remove_eq	0x6f47c0	0xaecab4
2328	better_combine_bitfields	0x6f47c8	0xaecac3
2329	combine_volatile_bitfields	0x6f47d0	0xaecadc
2461	combine_volatile_bitfield_assigns	0x6f47d8	0xae7338
2386	combine_bitfields_nested	0x6f47e0	0xaecaf7
2428	combine_bitfields_reorder	0x6f47e8	0xae735a
452	combine_bitfields_allow_1bit	0x6f47f0	0xaecb10
3067	combine_loads_tp	0x6f47f8	0xaecb2d
4294	no_combine_loads_check_bases	0x6f4800	0xaecb3e
4587	combine_loads_peep	0x6f4808	0xaecb5b
3115	make_absi_tp	0x6f4810	0xaecb6e
3743	ifop_assign_simplify	0x6f4818	0xaecb7b
1539	evaluate_andb_orb_as_bool	0x6f4820	0xae7374
2387	do1bitassign_nested	0x6f4828	0xae47ce
2388	do1bitassign_volatile	0x6f4830	0xae738e
3063	always_put_bitfield_base_in_temp	0x6f4838	0xaecb90
589	always_pack_bitfield	0x6f4840	0xaecbb1
67	nocomm	0x6f4848	0xae1876
402	twounderscore	0x6f4850	0xae73a4
1835	no_commons	0x6f4858	0xaecbc6
1836	small_bss_in_data	0x6f4860	0xae73b2
85	lcomms	0x6f4868	0xae187d
1792	no_const_in_bss	0x6f4870	0xae2b82
3264	no_const_commons	0x6f4878	0xaecbd1
4166	no_weak_commons	0x6f4880	0xae2b92
3942	all_xda_in_sda	0x6f4888	0xaecbe2
3943	all_xda_in_rosda	0x6f4890	0xaecbf1
3866	xda_incomplete_arrays	0x6f4898	0xae73c4
1682	no_separate_rosdata	0x6f48a0	0xae47e2
846	smalldata	0x6f48a8	0xae73da
851	nosdaarray	0x6f48b0	0xaecc02
925	sdastaticbase	0x6f48b8	0xae73e4
1071	zerodata	0x6f48c0	0xaecc0d
1508	sdaaddr	0x6f48c8	0xae0e20
1928	zero_commons	0x6f48d0	0xaecc16
2018	readonlyTDA	0x6f48d8	0xae47f6
2022	small_commons	0x6f48e0	0xae73f2
1078	readonlyXDA	0x6f48e8	0xae4802
971	tinydata	0x6f48f0	0xaecc23
1264	notda	0x6f48f8	0xae15ac
1413	nosdaprofvar	0x6f4900	0xaecc2c
3077	linkxda	0x6f4908	0xae0e28
1415	roXDAinXDA	0x6f4910	0xaecc39
1566	rodata_is_absolute	0x6f4918	0xaecc44
1428	rodatafixups	0x6f4920	0xaecc57
1429	hasrobase	0x6f4928	0xae7400
3937	linkerchoosesXDAbase	0x6f4930	0xaecc64
171	nostaticbase	0x6f4938	0xaecc79
788	nostaticobj	0x6f4940	0xae480e
1571	rostaticbase	0x6f4948	0xaecc86
2464	bss_staticbase	0x6f4950	0xaecc93
2315	newstaticbase	0x6f4958	0xae740a
2670	auto_staticbase_chooser	0x6f4960	0xae2ba2
2671	looser_thumb_staticbaseization	0x6f4968	0xaecca2
2672	staticbase_alt_usecount_tracking	0x6f4970	0xaeccc1
2706	shift_staticinit	0x6f4978	0xaecce2
2724	wordalign_staticinit	0x6f4980	0xaeccf3
3081	resubstitute_staticbased_vars	0x6f4988	0xae7418
2641	promote_cstr_to_module	0x6f4990	0xaecd08
702	constsintext	0x6f4998	0xaecd1f
236	stringsintext	0x6f49a0	0xae7436
1575	noloadtext	0x6f49a8	0xaecd2c
1549	make_const_autos_static	0x6f49b0	0xae2bba
1840	data_in_declared_order	0x6f49b8	0xaecd37
1157	sortglobals	0x6f49c0	0xae481a
1159	sortvarsfiner	0x6f49c8	0xae7444
1335	bigvarsfirststack	0x6f49d0	0xae7452
2213	target_sort_vars	0x6f49d8	0xaecd4e
2214	sort_bss_vars	0x6f49e0	0xae7464
2842	nodata_movement	0x6f49e8	0xae2bd2
2848	nodata_movement_wrt_renamed_sections	0x6f49f0	0xaecd5f
1035	renamesections	0x6f49f8	0xaecd84
1634	keeptextrename	0x6f4a00	0xaecd93
1024	useinitsect	0x6f4a08	0xae4826
2965	no_rom_vars	0x6f4a10	0xae4832
1621	betterindsym	0x6f4a18	0xaecda2
1550	hashstatistics	0x6f4a20	0xaecdaf
515	hashlongname	0x6f4a28	0xaecdbe
1381	newcasedispatch	0x6f4a30	0xae2be2
994	jeffs_crazy_flag	0x6f4a38	0xaecdcb
1298	abscasetable	0x6f4a40	0xaecddc
1396	usebsearchcase	0x6f4a48	0xaecde9
2699	usebsearchcase_funky	0x6f4a50	0xaecdf8
1399	useindcasejump	0x6f4a58	0xaece0d
3376	indcase_make_blocks_not_labels	0x6f4a60	0xaece1c
1401	subcmpsigned	0x6f4a68	0xaece3b
673	nocasetables	0x6f4a70	0xaece48
445	bigcase	0x6f4a78	0xae0e30
1020	ifcase	0x6f4a80	0xae1884
499	remove_default_case	0x6f4a88	0xae483e
36	kamikaze	0x6f4a90	0xaece55
3137	use_late_backward_qjtab_fix	0x6f4a98	0xae4852
1105	novolatileconst	0x6f4aa0	0xae2bf2
1724	dont_swap_volatile_with_nonvolatile	0x6f4aa8	0xae486e
1917	stack_vars_are_non_volatile	0x6f4ab0	0xae4892
1924	load_full_volatiles	0x6f4ab8	0xae48ae
2231	force_volatile_load	0x6f4ac0	0xae48c2
2704	touchmachop_volatile_fix	0x6f4ac8	0xaece5e
2274	output_volatile_tags	0x6f4ad0	0xaece77
1001	output_volatile_tag_section	0x6f4ad8	0xae48d6
2350	show_volatiles	0x6f4ae0	0xaece8c
761	use_old_volatile_check	0x6f4ae8	0xaece9b
2324	combineadds_volatile_ok	0x6f4af0	0xae2c02
3041	no_unaligned_volatiles	0x6f4af8	0xaeceb2
2841	combineadds_ignoretype	0x6f4b00	0xaecec9
1564	combineadds_absorb_twoop_move	0x6f4b08	0xae7472
536	no_volatiles_in_delay_slots	0x6f4b10	0xae48f2
1929	arg_check_callee_value	0x6f4b18	0xaecee0
1715	_full_arg_checking	0x6f4b20	0xaecef7
1742	_no_arg_check_pointers	0x6f4b28	0xaecf0a
1743	_arg_check_kr_pointers	0x6f4b30	0xaecf21
4424	arg_check_ignore_alias_weak	0x6f4b38	0xae490e
496	usechecks	0x6f4b40	0xae7490
57	boundcheck	0x6f4b48	0xaecf38
588	uninitcheck	0x6f4b50	0xae492a
1046	uninitvarcheck	0x6f4b58	0xaecf43
434	nilderefcheck	0x6f4b60	0xae749a
4143	nilderef_skip_constant_zero	0x6f4b68	0xae4936
447	swtcherr	0x6f4b70	0xaecf52
718	assigncheck	0x6f4b78	0xae4952
4146	check_enum_expanded_range	0x6f4b80	0xae74a8
4089	val_assigncheck	0x6f4b88	0xae2c1a
4175	quiet_check_assignbound	0x6f4b90	0xae2c2a
4176	quiet_check_return	0x6f4b98	0xaecf5b
4177	quiet_check_switch	0x6f4ba0	0xaecf6e
719	zerodivcheck	0x6f4ba8	0xaecf81
799	noshortenbranches	0x6f4bb0	0xae74c2
912	chkldstr	0x6f4bb8	0xaecf8e
999	returncheck	0x6f4bc0	0xae495e
2108	smaller_mem_check	0x6f4bc8	0xae74d4
1239	stackcheck	0x6f4bd0	0xaecf97
3544	stackerrors	0x6f4bd8	0xae496a
64	rtec_use_NULL_filename	0x6f4be0	0xaecfa2
4153	shiftcheck	0x6f4be8	0xaecfb9
4645	misra_shift_check	0x6f4bf0	0xae74e6
1	wrongreg	0x6f4bf8	0xaecfc4
2	noreg	0x6f4c00	0xae15b2
3	nofree	0x6f4c08	0xae188b
4	hugestack	0x6f4c10	0xae74f8
483	flushasm	0x6f4c18	0xaecfcd
500	leaveasm	0x6f4c20	0xaecfd6
1076	checkpeep2	0x6f4c28	0xaecfdf
2911	check_smart_rscan	0x6f4c30	0xae7502
3168	rscan_ignores_fiveops	0x6f4c38	0xae7514
10	consistent	0x6f4c40	0xaecfea
4464	dont_release_memory	0x6f4c48	0xae4976
4205	new_tree_checks	0x6f4c50	0xae2c42
4343	peep_invariants	0x6f4c58	0xae2c52
4344	objmachop_size_invariant	0x6f4c60	0xaecff5
4369	machop_volatile_invariant	0x6f4c68	0xae752a
4389	machop_bitoffset_invariant	0x6f4c70	0xaed00e
4394	rscan_mprobreg_invariant	0x6f4c78	0xaed029
4403	post_branch_invariant	0x6f4c80	0xae7544
4473	machops_unchanged_invariant	0x6f4c88	0xae498a
4465	clear_isvalueof	0x6f4c90	0xae2c62
4472	check_local_labels	0x6f4c98	0xaed042
4477	check_condcode_liveness	0x6f4ca0	0xae2c72
4474	blocklist_invariants	0x6f4ca8	0xaed055
4471	invariant_checks	0x6f4cb0	0xaed06a
4475	check_branches_and_succs	0x6f4cb8	0xaed07b
992	usemaxstackargs	0x6f4cc0	0xae2c8a
255	help	0x6f4cc8	0xae1892
1153	Xcomments	0x6f4cd0	0xae755a
164	chargeaheadanyway	0x6f4cd8	0xae7564
1366	hugestack2	0x6f4ce0	0xaed094
2931	adjust_sp_by_two	0x6f4ce8	0xaed09f
13	nocode	0x6f4cf0	0xae1897
342	pricetoolow	0x6f4cf8	0xae49a6
605	succpredchk	0x6f4d00	0xae49b2
2953	missedoptimization	0x6f4d08	0xaed0b0
3831	stresslinelabel	0x6f4d10	0xae2c9a
4584	sanity_check_max_stack_computation	0x6f4d18	0xaed0c3
3991	arbitrary_transforms	0x6f4d20	0xaed0e6
1995	dump_transforms	0x6f4d28	0xae2caa
497	val_reverse_blocks	0x6f4d30	0xaed0fb
741	val_shift_variables	0x6f4d38	0xae49be
3618	val_breakup_expressions	0x6f4d40	0xae2cba
1080	val_add_heavy_usage	0x6f4d48	0xae49d2
715	val_reorder_statements	0x6f4d50	0xaed10e
1050	val_reverse_qjfalses	0x6f4d58	0xaed125
683	val_reverse_twoops	0x6f4d60	0xaed13a
4329	val_randomize_blocks	0x6f4d68	0xaed14d
3992	less_tree_fixup	0x6f4d70	0xae2cd2
4225	peeptrans_cond	0x6f4d78	0xaed162
4226	peeptrans_dead	0x6f4d80	0xaed171
4227	peeptrans_alias	0x6f4d88	0xae2ce2
4228	peeptrans_const	0x6f4d90	0xae2cf2
3733	check_no_bitfield_scalconst	0x6f4d98	0xae49e6
3737	check_no_bitfield_castop	0x6f4da0	0xaed180
3734	check_pointer_rules	0x6f4da8	0xae4a02
3736	check_type_rules	0x6f4db0	0xaed199
4462	replace_exprstr	0x6f4db8	0xae2d02
4501	no_makeopeq_fixup	0x6f4dc0	0xae7576
1250	stdghscall	0x6f4dc8	0xaed1aa
119	wscall	0x6f4dd0	0xae189e
2140	pass_structs_by_ptr	0x6f4dd8	0xae4a16
233	floatret	0x6f4de0	0xaed1b5
1816	caller_truncates	0x6f4de8	0xaed1be
1312	nosmallprologue	0x6f4df0	0xae2d12
4108	no_small_interrupt_prologue	0x6f4df8	0xae4a2a
1688	shorts_passed_as_shorts	0x6f4e00	0xae2d22
2596	volatile_floating_point_is_mustm	0x6f4e08	0xaed1cf
65	volatile_locals_are_mustm	0x6f4e10	0xae7588
158	all_volatile	0x6f4e18	0xaed1f0
484	structreg	0x6f4e20	0xae75a2
945	bigstructreg	0x6f4e28	0xaed1fd
383	preenterexit	0x6f4e30	0xaed20a
1343	postfixuppreenterexit	0x6f4e38	0xae75ac
325	reentrantstructreturn	0x6f4e40	0xae75c2
1251	structreturn2regs	0x6f4e48	0xae75d8
1252	structparambyref	0x6f4e50	0xaed217
1253	structparamcalleecopy	0x6f4e58	0xae75ea
1370	structreturn1reg	0x6f4e60	0xaed228
1879	betterstructreturn	0x6f4e68	0xaed239
1855	makeproc_sets_retvar	0x6f4e70	0xaed24c
1008	allbigcalls	0x6f4e78	0xae4a46
1049	allsmallcalls	0x6f4e80	0xae7600
1926	one_exit_point	0x6f4e88	0xaed261
1783	alt_vararg	0x6f4e90	0xaed270
2295	target_stack_check	0x6f4e98	0xaed27b
2721	noprologue	0x6f4ea0	0xaed28e
3085	exitusereturnreg	0x6f4ea8	0xaed299
1141	delay_frame	0x6f4eb0	0xae4a52
3668	always_emit_call_nops	0x6f4eb8	0xae760e
3775	use_stack_for_fp	0x6f4ec0	0xaed2aa
3789	use_sprel_framekind	0x6f4ec8	0xae4a5e
3790	varargs_does_not_push_named_params	0x6f4ed0	0xaed2bb
647	wholeprogram	0x6f4ed8	0xaed2de
3505	interproc	0x6f4ee0	0xae7624
400	interproc_no_opts	0x6f4ee8	0xae762e
1007	for_ip_analysis_only	0x6f4ef0	0xaed2eb
658	inf_all_funcs	0x6f4ef8	0xae7640
278	no_mangle_and_promote_statics	0x6f4f00	0xae764e
3506	onesite_inline	0x6f4f08	0xaed300
3524	ip_no_onesite_wo_formals	0x6f4f10	0xaed30f
3507	ip_constprop	0x6f4f18	0xaed328
3522	ip_intra_cp	0x6f4f20	0xae4a72
1334	ip_remove_dead_writes	0x6f4f28	0xae766c
570	ip_safe_pure	0x6f4f30	0xaed335
2119	ip_better_cp	0x6f4f38	0xaed342
1985	ip_better_apply_cp	0x6f4f40	0xaed34f
3508	ipa_inline_only	0x6f4f48	0xae2d3a
3509	ip_alias_analysis	0x6f4f50	0xae7682
3516	ip_alias_writes	0x6f4f58	0xae2d4a
3517	ip_alias_reads	0x6f4f60	0xaed362
3518	ip_alias_libfuncs	0x6f4f68	0xae7694
4156	no_fix_printf_interproc_alias	0x6f4f70	0xae76a6
3525	ip_no_alias_libfuncs_fileio	0x6f4f78	0xae4a7e
3519	ip_alias_small_funcs	0x6f4f80	0xaed371
877	ip_alias_stop_if_big	0x6f4f88	0xaed386
4460	ip_alias_no_max_limit	0x6f4f90	0xae76c4
3520	ip_alias_entire_tree	0x6f4f98	0xaed39b
3521	ip_alias_tree_recursion	0x6f4fa0	0xae2d5a
3510	ip_delete_globals	0x6f4fa8	0xae76da
4313	no_write_importing_vars_to_infs	0x6f4fb0	0xae2d72
3511	ip_delete_returns	0x6f4fb8	0xae76ec
3512	ip_const_returns	0x6f4fc0	0xaed3b0
3523	ip_const_returns_after_cp	0x6f4fc8	0xae76fe
3513	ip_delete_params	0x6f4fd0	0xaed3c1
3514	ip_unused_params	0x6f4fd8	0xaed3d2
2376	ip_inline_small	0x6f4fe0	0xae2d92
2186	ip_try_make_leaf	0x6f4fe8	0xaed3e3
2040	ip_inline_simple	0x6f4ff0	0xaed3f4
556	ip_addrof_args	0x6f4ff8	0xaed405
561	ip_const_globals	0x6f5000	0xaed414
532	ip_const_globals_uninit	0x6f5008	0xae2da2
531	ip_delete_const_globals	0x6f5010	0xae2dba
550	ip_map_only_needed_funcs	0x6f5018	0xaed425
549	ip_map_only_needed_vars	0x6f5020	0xae2dd2
3504	ip_force_inline_and_delete	0x6f5028	0xaed43e
443	ip_limit_inlining	0x6f5030	0xae7718
384	ip_delete_unreachable_inline	0x6f5038	0xaed459
477	ip_delete_unreachable	0x6f5040	0xae772a
464	ip_cp_const_globals	0x6f5048	0xae4a9a
466	ip_no_tailcall_const_returns	0x6f5050	0xaed476
3858	ip_tdeh	0x6f5058	0xae0e38
4303	no_always_check_tdeh_fix	0x6f5060	0xaed493
425	dump_infs	0x6f5068	0xae7740
3661	optimize_empty_constructors	0x6f5070	0xae4aae
3730	ip_optimize_aggregate_data	0x6f5078	0xaed4ac
3781	ip_delete_data_funcs_together	0x6f5080	0xae774a
4325	no_ipa_save_dead_code	0x6f5088	0xae7768
3833	carefully_ipa_externally_defined	0x6f5090	0xaed4c7
3763	val_varying_ipa_options	0x6f5098	0xae2dea
3764	val_varying_ipa_options1	0x6f50a0	0xaed4e8
3765	val_varying_ipa_options2	0x6f50a8	0xaed501
3766	val_varying_ipa_options3	0x6f50b0	0xaed51a
3767	val_varying_ipa_options4	0x6f50b8	0xaed533
3768	val_varying_ipa_options5	0x6f50c0	0xaed54c
3769	val_varying_ipa_options6	0x6f50c8	0xaed565
3770	val_varying_ipa_options7	0x6f50d0	0xaed57e
3771	val_varying_ipa_options8	0x6f50d8	0xaed597
3772	val_varying_ipa_options9	0x6f50e0	0xaed5b0
3773	val_varying_ipa_options10	0x6f50e8	0xae777e
4068	find_missed_optimizations	0x6f50f0	0xae7798
575	inlinenotify	0x6f50f8	0xaed5c9
630	noinliner	0x6f5100	0xae77b2
640	noinlinekey	0x6f5108	0xae4aca
494	nocxxinline	0x6f5110	0xae4ad6
3617	no_explicit_inlining	0x6f5118	0xaed5d6
3738	roundfi_instead_of_truncfi	0x6f5120	0xaed5eb
3739	inlinelround	0x6f5128	0xaed606
4326	inlinefminmax	0x6f5130	0xae77bc
721	inlinefabs	0x6f5138	0xaed613
3008	inlineabs	0x6f5140	0xae77ca
712	dothecall	0x6f5148	0xae77d4
5043	no_cxx_inlining_by_default	0x6f5150	0xaed61e
3303	no_delete_after_exit	0x6f5158	0xaed639
892	no_printf_optimizations	0x6f5160	0xae2e02
3802	no_printf_ghslib_optimizations	0x6f5168	0xaed64e
2127	memset_to_memclr	0x6f5170	0xaed66d
28	never_inline_strfuncs	0x6f5178	0xae77de
777	noinlinemath	0x6f5180	0xaed67e
244	inline	0x6f5188	0xae18a5
245	maxinline	0x6f5190	0xae77f4
248	inlinesmall	0x6f5198	0xae4ae2
590	fast_twopass	0x6f51a0	0xaed68b
4304	no_unreferenced_isaddrof_fix	0x6f51a8	0xaed698
4305	allow_remove_unreferenced_in_first_pass	0x6f51b0	0xae2e1a
2367	larger_cxx_inline	0x6f51b8	0xae77fe
249	buildinlinelib	0x6f51c0	0xaed6b5
3923	dont_mangle_locals_with_module	0x6f51c8	0xaed6c4
2479	inline_allow_asmprocs	0x6f51d0	0xae7810
2822	no_garbage_collect_inline_funcs	0x6f51d8	0xae2e42
3066	simple_direct_inline	0x6f51e0	0xaed6e3
3099	direct_inline_ret_var	0x6f51e8	0xae7826
4165	no_qcopydelete_type_fix	0x6f51f0	0xae2e62
3164	inline_dont_force_common	0x6f51f8	0xaed6f8
3198	inline_strcmp_byte	0x6f5200	0xaed711
3646	inline_strcmp_any_alignment	0x6f5208	0xae4aee
3384	dostrcmp2	0x6f5210	0xae783c
3279	inline_intermode_intrinsics	0x6f5218	0xae4b0a
880	limit_suppressed_inlines	0x6f5220	0xaed724
3902	linkonce_c_import_inline	0x6f5228	0xaed73d
4124	never_inline_varargs	0x6f5230	0xaed756
1810	inline_64bit_adds	0x6f5238	0xae7846
1811	inline_64bit_logops	0x6f5240	0xae4b26
1812	inline_64bit_shifts	0x6f5248	0xae4b3a
1813	inline_64bit_cmps	0x6f5250	0xae7858
1093	runtime64bitexps	0x6f5258	0xaed76b
1095	64bitconstants	0x6f5260	0xaed77c
946	CodegenSupports64BitInts	0x6f5268	0xaed78b
3786	fix_indextype	0x6f5270	0xae786a
952	need64exprfixup	0x6f5278	0xae2e7a
3157	dot32mayalias64bit	0x6f5280	0xaed7a4
1166	no64bitinits	0x6f5288	0xaed7b7
1678	limited64bitops	0x6f5290	0xae2e8a
1679	no64bitcasts	0x6f5298	0xaed7c4
2397	no_intrinsic_prefix	0x6f52a0	0xae4b4e
2775	inline_64bit_cmp_zero	0x6f52a8	0xae7878
2962	target_supports_64bit_cmp	0x6f52b0	0xae788e
3165	fix_64bit_bitfields	0x6f52b8	0xae4b62
2287	fix_bitfield_casts	0x6f52c0	0xaed7d1
4552	no_fix_packed_bitfields	0x6f52c8	0xae2e9a
3804	targ_evals_64bit_bitfields	0x6f52d0	0xaed7e4
4328	better_64bit_bitfields_eval	0x6f52d8	0xae4b76
3205	64bit_shift_funcs	0x6f52e0	0xae78a8
2809	no_add64_expr_fixup	0x6f52e8	0xae4b92
2818	no_sub64_expr_fixup	0x6f52f0	0xae4ba6
567	fullisconst	0x6f52f8	0xae4bba
4028	no_isconst_unsigned_upcast_fix	0x6f5300	0xaed7ff
698	nousrinclude	0x6f5308	0xaed81e
682	nocrlf	0x6f5310	0xae18ac
722	windowshost	0x6f5318	0xae4bc6
239	msdoshost	0x6f5320	0xae78ba
31	filenames	0x6f5328	0xae78c4
234	sun	0x6f5330	0xae1500
4385	disable_stderr_buffering	0x6f5338	0xaed82b
866	shortshowvec	0x6f5340	0xaed844
323	tersepipe	0x6f5348	0xae78ce
603	nofulltree	0x6f5350	0xaed851
939	displaystructs	0x6f5358	0xaed85c
1317	dumpbeforebranches	0x6f5360	0xaed86b
1318	dumpafterbranches	0x6f5368	0xae78d8
3078	dumpbeforeexpandcode	0x6f5370	0xaed87e
3079	dumpafterexpandcode	0x6f5378	0xae4bd2
2545	dump_candeleteinst	0x6f5380	0xaed893
3112	dumpbeforeschedule	0x6f5388	0xaed8a6
3113	dumpafterschedule	0x6f5390	0xae78ea
1516	noshowpostpeep	0x6f5398	0xaed8b9
395	prefixdump	0x6f53a0	0xaed8c8
587	preconcatdump	0x6f53a8	0xae78fc
904	precanondump	0x6f53b0	0xaed8d3
905	postcanondump	0x6f53b8	0xae790a
844	prevectordumpproc	0x6f53c0	0xae7918
845	postvectordumpproc	0x6f53c8	0xaed8e0
392	dumpadrconst	0x6f53d0	0xaed8f3
867	dumppreblkcnt	0x6f53d8	0xae792a
895	dumpmidcse	0x6f53e0	0xaed900
924	dumpcoalesce	0x6f53e8	0xaed90b
959	dump64	0x6f53f0	0xae18b3
960	dumppostconst	0x6f53f8	0xae7938
969	dumppre64	0x6f5400	0xae7946
970	dumppostfixint	0x6f5408	0xaed918
987	dumpenforce	0x6f5410	0xae4be6
1021	dumpifcase	0x6f5418	0xaed927
1136	dumppreredoloops	0x6f5420	0xaed932
1137	dumppostredoloops	0x6f5428	0xae7950
2856	dumpstripcse	0x6f5430	0xaed943
2857	dumpdeadwrite	0x6f5438	0xae7962
3087	dumpmakeproctouch	0x6f5440	0xae7970
1306	dumpprepeeptouch	0x6f5448	0xaed950
1323	dumpprealloctouch	0x6f5450	0xae7982
1325	dumpreticktouch	0x6f5458	0xae2eb2
1407	dumpcasestrategy	0x6f5460	0xaed961
1568	dumpbeforeoptloops	0x6f5468	0xaed972
3007	dumpafterunrollloops	0x6f5470	0xaed985
3006	dumpbeforeunrollloops	0x6f5478	0xae7994
1569	dumpafteroptloops	0x6f5480	0xae79aa
1707	dump_tree_everywhere	0x6f5488	0xaed99a
4550	anonymize	0x6f5490	0xae79bc
4551	limited_dump	0x6f5498	0xaed9af
1745	dumpaftermakeproc	0x6f54a0	0xae79c6
3010	dumpaftermakehardwareloop	0x6f54a8	0xae79d8
3037	dumpbeforeaddenterexit	0x6f54b0	0xaed9bc
1746	dumpbeforefixup	0x6f54b8	0xae2ec2
1747	dumpbeforepeephole	0x6f54c0	0xaed9d3
1804	dumpaftermergeblocks	0x6f54c8	0xaed9e6
1775	dumpafterpeephole	0x6f54d0	0xae79f2
3082	dumpafterpeephole2	0x6f54d8	0xaed9fb
3043	dumpbeforeindepcond	0x6f54e0	0xae4bf2
2884	dumpafterindepcond	0x6f54e8	0xaeda0e
1842	dumpafterprepeep	0x6f54f0	0xaeda21
1864	dumpaftercodemotion	0x6f54f8	0xae4c06
1973	dumpallocscan	0x6f5500	0xae7a04
1993	dump_inst_linenumber	0x6f5508	0xaeda32
2668	dump_inst_addr	0x6f5510	0xaeda47
2759	dump_obj_addr	0x6f5518	0xae7a12
2802	dump_block_preads	0x6f5520	0xae7a20
2808	dump_block_succs_preds	0x6f5528	0xaeda56
2832	dump_llong_machop_note	0x6f5530	0xaeda6d
2089	dumpindsfp	0x6f5538	0xaeda84
2308	dumpindpid	0x6f5540	0xaeda8f
3853	dumptrace	0x6f5548	0xae7a32
309	showspoff	0x6f5550	0xae7a3c
3755	showgrouping	0x6f5558	0xaeda9a
2858	dump_immprop	0x6f5560	0xaedaa7
310	showpipe	0x6f5568	0xaedab4
2356	showpipeswap	0x6f5570	0xaedabd
2357	showpipecycle	0x6f5578	0xae7a46
2358	showpipemovedown	0x6f5580	0xaedaca
2359	showpipecomment	0x6f5588	0xae2ed2
2360	showpipegapsize	0x6f5590	0xae2ee2
2361	showpipegroup	0x6f5598	0xae7a54
2362	showpipefillgaps	0x6f55a0	0xaedadb
320	showpeep	0x6f55a8	0xaedaec
3053	showpeep_interblock	0x6f55b0	0xae4c1a
2961	show68peep	0x6f55b8	0xaedaf5
2230	showoptcnt	0x6f55c0	0xaedb00
330	showblocks	0x6f55c8	0xaedb0b
355	showmerge	0x6f55d0	0xae7a62
389	showsbticks	0x6f55d8	0xae4c2e
390	showaddrconst	0x6f55e0	0xae7a6c
3877	showaddrconst2	0x6f55e8	0xaedb16
563	showcselist	0x6f55f0	0xae4c3a
565	showrange	0x6f55f8	0xae7a7a
627	showbigloopopt	0x6f5600	0xaedb25
713	showreliable	0x6f5608	0xaedb34
775	showmex	0x6f5610	0xae0e40
818	showvec	0x6f5618	0xae0e48
917	showcheckalias	0x6f5620	0xaedb41
1103	showmorepeep2	0x6f5628	0xae7a84
1172	showframesize	0x6f5630	0xae7a92
1623	showrscan	0x6f5638	0xae7aa0
2887	show_smart_rscan	0x6f5640	0xaedb50
2908	show_smart_rscan_more	0x6f5648	0xae7aaa
1670	showlifetimes	0x6f5650	0xae7ac0
1784	show_scavenge	0x6f5658	0xae7ace
1854	showalloc	0x6f5660	0xae7adc
3056	showalloc_fail_conflicts	0x6f5668	0xaedb61
2967	showallocregs	0x6f5670	0xae7ae6
2968	showallocregs_conflict	0x6f5678	0xaedb7a
1935	showflatten	0x6f5680	0xae4c46
2017	show_extend_lifetime	0x6f5688	0xaedb91
2134	show_software_pipeline	0x6f5690	0xaedba6
2144	showgen	0x6f5698	0xae0e50
2568	showgenmore	0x6f56a0	0xae4c52
3090	showlinenum	0x6f56a8	0xae4c5e
2579	outopsizes	0x6f56b0	0xaedbbd
2240	showallocframe	0x6f56b8	0xaedbc8
139	dumpcase	0x6f56c0	0xaedbd7
558	showcsechoice	0x6f56c8	0xae7af4
559	showallcse	0x6f56d0	0xaedbe0
472	showloops	0x6f56d8	0xae7b02
2374	showrename	0x6f56e0	0xaedbeb
552	dumpvalidcse	0x6f56e8	0xaedbf6
572	dumpinaddtolib	0x6f56f0	0xaedc03
602	dumpmakeproc	0x6f56f8	0xaedc12
604	dupobjcheck	0x6f5700	0xae4c6a
612	dumpclasses	0x6f5708	0xae4c76
544	dumpcsepass1	0x6f5710	0xaedc1f
545	dumpcsepass3	0x6f5718	0xaedc2c
546	dumpcsepassc	0x6f5720	0xaedc39
547	showdividetree	0x6f5728	0xaedc46
492	showcse	0x6f5730	0xae0e58
503	dumppostcse	0x6f5738	0xae4c82
504	dumpprecse	0x6f5740	0xaedc55
3166	dumpbeforepre	0x6f5748	0xae7b0c
3187	dumpmidpre	0x6f5750	0xaedc60
3167	dumpafterpre	0x6f5758	0xaedc6b
506	showloopopt	0x6f5760	0xae4c8e
507	showcsellv	0x6f5768	0xaedc78
508	dumppostaddrcon	0x6f5770	0xae2ef2
511	dumppreopt	0x6f5778	0xaedc83
512	dumpcodegen	0x6f5780	0xae4c9a
513	dumpvartypes	0x6f5788	0xaedc8e
514	dumpsize	0x6f5790	0xaedc9b
15	ticks	0x6f5798	0xae15b8
2793	show_range_analysis	0x6f57a0	0xae4ca6
3110	showtextoff	0x6f57a8	0xae4cba
3180	show_inst_ticks	0x6f57b0	0xae2f02
77	dump_mcode_everywhere	0x6f57b8	0xae7b1a
308	show_inlining	0x6f57c0	0xae7b30
4597	always_dump_varnum	0x6f57c8	0xaedca4
4600	dump_full_magictype	0x6f57d0	0xae4cc6
1857	structarrayalignmentfix	0x6f57d8	0xae2f12
1684	crossblock_preads_fix	0x6f57e0	0xae7b3e
199	crossblock_preads_fix_record_only	0x6f57e8	0xae7b54
637	no_intra_crossblock_preads	0x6f57f0	0xaedcb7
3270	no_pwrites_fix	0x6f57f8	0xaedcd2
4750	no_canonicalize_livesets	0x6f5800	0xaedce1
1121	labelreffix	0x6f5808	0xae4cda
1336	betterdblcode	0x6f5810	0xae7b76
1162	passsourcefix	0x6f5818	0xae7b84
60	include_useless_insts_in_peepcnt	0x6f5820	0xaedcfa
1984	same_bitfield_assign_fix	0x6f5828	0xaedd1b
4027	no_fix_small_linear_invariants	0x6f5830	0xaedd34
1906	ip2uimm32propto64fix	0x6f5838	0xaedd53
2270	no_branch_deletion_labelrefs_fix	0x6f5840	0xaedd68
1016	notest699fix	0x6f5848	0xaedd89
1740	weak_function_fix	0x6f5850	0xae7b92
4092	no_weak_initval_fix	0x6f5858	0xae4ce6
1877	subcmpfix	0x6f5860	0xae7ba4
2143	up_level_ref_fix1	0x6f5868	0xae7bae
2145	mprobreg_fix	0x6f5870	0xaedd96
1096	noinbasefix	0x6f5878	0xae4cfa
2190	no_inliner_fix2	0x6f5880	0xae2f2a
2192	nocopy_of_initval	0x6f5888	0xae7bc0
1860	structreg_unaligned_access_fix	0x6f5890	0xaedda3
4317	structreg_unaligned_detect	0x6f5898	0xaeddc2
3359	indep_unaligned_structreg_return	0x6f58a0	0xaedddd
3117	fewer_fixups	0x6f58a8	0xaeddfe
3146	nosortfixups	0x6f58b0	0xaede0b
653	oldsortfixups	0x6f58b8	0xae7bd2
1338	fixbadjtab	0x6f58c0	0xaede18
1620	cse_preinc_fix	0x6f58c8	0xaede23
1431	csecallfix	0x6f58d0	0xaede32
3014	csecall_dont_subst_actuals_wo_proto	0x6f58d8	0xae4d06
1994	linenumber_fix	0x6f58e0	0xaede3d
1949	peep1_volatile_fix	0x6f58e8	0xaede4c
1982	code_motion_preads_fix	0x6f58f0	0xaede5f
2196	code_motion_preads_fix2	0x6f58f8	0xae2f3a
4183	dont_use_late_liveness_fix	0x6f5900	0xaede76
2880	code_motion_immprop_fix	0x6f5908	0xae2f52
3803	code_motion_barrier_fix	0x6f5910	0xae2f6a
3118	no_code_motion_remove_move2self	0x6f5918	0xae2f82
3120	code_motion_match_distance	0x6f5920	0xaede91
3282	code_motion_dont_check_iaction	0x6f5928	0xaedeac
123	code_motion_elim_move_block	0x6f5930	0xae4d2a
1477	nocsefixfix	0x6f5938	0xae4d46
1491	structregfix	0x6f5940	0xaedecb
1492	nostaticfix	0x6f5948	0xae4d52
2218	no_loopopt_fix1	0x6f5950	0xae2fa2
2173	addr_CONS_fix	0x6f5958	0xae7be0
3920	addr_CONS_type_fix	0x6f5960	0xaeded8
1622	_no_fix_unaligned_structreg_load	0x6f5968	0xaedeeb
967	use_new_getsimreg	0x6f5970	0xae7bee
1209	clear_rego_after_cgroutineinit	0x6f5978	0xaedf0c
2997	better_machopusesregm	0x6f5980	0xae7c00
2784	qjmp_neg_offset_fix	0x6f5988	0xae4d5e
3386	old_qjmp_neg_offset_fix	0x6f5990	0xae2fb2
2788	maxpeeps_fix	0x6f5998	0xaedf2b
2875	extr_shift_op_and_cse_fix	0x6f59a0	0xae7c16
2986	no_bv9567_fix	0x6f59a8	0xae7c30
3158	no_blockreloc_fix	0x6f59b0	0xae7c3e
3135	no_stabline_fix	0x6f59b8	0xae2fca
48	no_unsafe_for_new_writes	0x6f59c0	0xaedf38
1499	noisconstfix	0x6f59c8	0xaedf51
4151	no_isconst_sign_fix	0x6f59d0	0xae4d72
1145	no_64bit_bitfield_eval_fix	0x6f59d8	0xaedf5e
1108	no_same_addr_cons_fix	0x6f59e0	0xae7c50
1422	immprop_pltypsz	0x6f59e8	0xae2fda
232	pointer_member_fix	0x6f59f0	0xaedf79
1214	rscan_longjmp_fix	0x6f59f8	0xae7c66
397	mustkeepdest_longjmp_fix	0x6f5a00	0xaedf8c
4237	makeinst_always_fails	0x6f5a08	0xae7c78
4236	makeinst_randomly_fails	0x6f5a10	0xae2fea
4456	make_optimizations_fail	0x6f5a18	0xae3002
4235	indep_makeinst_checks	0x6f5a20	0xae7c8e
4187	no_makeinst_check_mustkeepdest	0x6f5a28	0xaedfa5
4197	makeinst_dont_gain_mustkeepdest	0x6f5a30	0xae301a
3527	better_weak_and_alias	0x6f5a38	0xae7ca4
3529	delay_pragma_weak_noequals_output	0x6f5a40	0xae7cba
3531	no_types_cant_alias_fix1	0x6f5a48	0xaedfc4
4042	no_stack_overlay_scope_fix	0x6f5a50	0xaedfdd
569	no_sizecheck_in_indepcallin	0x6f5a58	0xae4d86
3649	no_alias_multdef_error	0x6f5a60	0xaedff8
157	bcg_fix1	0x6f5a68	0xaee00f
3977	no_indsfp_recordtyp_fix	0x6f5a70	0xae303a
4097	narrow_load_fixups	0x6f5a78	0xaee018
4103	no_optimize_and_with_full_mask	0x6f5a80	0xaee02b
4127	no_eofn_lin_fix	0x6f5a88	0xae3052
4128	stress_eofn_lin_fix	0x6f5a90	0xae4da2
4144	no_get_arraytype_fix	0x6f5a98	0xaee04a
4154	use_old_assigncheck	0x6f5aa0	0xae4db6
4155	use_old_nilderef	0x6f5aa8	0xaee05f
4168	bounds_check_last_dim_only	0x6f5ab0	0xaee070
4173	no_concat_dummycode_fix	0x6f5ab8	0xae3062
4229	no_ifop_packed_fix	0x6f5ac0	0xaee08b
4240	no_zero_sized_struct_lowering	0x6f5ac8	0xae7cdc
4321	no_fix64const_fix	0x6f5ad0	0xae7cfa
4336	no_lvalue_to_rvalue_stmt_expr_fix	0x6f5ad8	0xae7d0c
4365	no_ghdeclvar_multdef_fix	0x6f5ae0	0xaee09e
4372	no_gnu_label_fix	0x6f5ae8	0xaee0b7
4384	no_comma_and_ifop_type_fix	0x6f5af0	0xaee0c8
4386	no_cvtif_truefalse_types_fix	0x6f5af8	0xaee0e3
4390	no_OutlineInlines_global_flags_fix	0x6f5b00	0xaee100
4397	blockfixes	0x6f5b08	0xaee123
4402	no_getmodtype_bitfield_fix	0x6f5b10	0xaee12e
4416	no_indprobregstructtyp_volatile_fix	0x6f5b18	0xae4dca
4434	limit_cxx_enum_bounds	0x6f5b20	0xae7d2e
4435	no_gnu_asm_retyping	0x6f5b28	0xae4dee
4549	alignsects_opportunistic	0x6f5b30	0xaee149
4688	no_linkonce_fixes	0x6f5b38	0xae7d44
736	simplefixup	0x6f5b40	0xae4e02
338	leavejunk	0x6f5b48	0xae7d56
179	fixuptwice	0x6f5b50	0xaee162
194	fixupscavenge	0x6f5b58	0xae7d60
4182	fixupscavenge_test_onlyshadow	0x6f5b60	0xae7d6e
4181	fixupscavenge_test_onlypush	0x6f5b68	0xae4e0e
4535	no_compact_bcg_sections	0x6f5b70	0xae307a
1541	shortpool	0x6f5b78	0xae7d8c
1607	stringsinpools	0x6f5b80	0xaee16d
2864	noinline_stringsinpools	0x6f5b88	0xae3092
644	no_poolstring_multiple_reference_fix	0x6f5b90	0xaee17c
343	poolstring_tails	0x6f5b98	0xaee1a1
1104	nopools	0x6f5ba0	0xae0e60
1377	nopermpools	0x6f5ba8	0xae4e2a
1867	noeofpoolfix	0x6f5bb0	0xaee1b2
1919	optimize_pool_loads	0x6f5bb8	0xae4e36
2500	addresses_moved_from_pool	0x6f5bc0	0xae7d96
2501	addresses_loaded_from_pool	0x6f5bc8	0xaee1bf
4190	nooptimizeloadaddress	0x6f5bd0	0xae7db0
2757	addresses_loaded_from_xda	0x6f5bd8	0xae7dc6
3910	addresses_in_32bit_space	0x6f5be0	0xaee1da
4158	force_text_to_pool_alignment	0x6f5be8	0xaee1f3
1581	aligntext4	0x6f5bf0	0xaee210
1589	aligntext16	0x6f5bf8	0xae4e4a
3151	aligntext32	0x6f5c00	0xae4e56
451	aligntext2	0x6f5c08	0xaee21b
449	minaligntext	0x6f5c10	0xaee226
1605	alignstring4	0x6f5c18	0xaee233
1033	aligndouble32	0x6f5c20	0xae7de0
958	alignint64on32	0x6f5c28	0xaee240
3064	alignreg64on32	0x6f5c30	0xaee24f
3732	alignreg64on64	0x6f5c38	0xaee25e
913	64bitstandalonealign	0x6f5c40	0xaee26d
1815	use_min_alignment	0x6f5c48	0xae7dee
911	aligntext8	0x6f5c50	0xaee282
422	forceprofligate	0x6f5c58	0xae30aa
638	gnualign	0x6f5c60	0xaee28d
645	nobalign	0x6f5c68	0xaee296
1573	carray4	0x6f5c70	0xae0e68
2156	bytealignment	0x6f5c78	0xae7e00
2442	twobytealignment	0x6f5c80	0xaee29f
2157	strict2bytealignment	0x6f5c88	0xaee2b0
618	alignstruct4	0x6f5c90	0xaee2c5
669	aligndataseg	0x6f5c98	0xaee2d2
551	bitfieldalign32	0x6f5ca0	0xae30ba
1043	alignloops	0x6f5ca8	0xaee2df
681	alignpools	0x6f5cb0	0xaee2ea
1700	struct_min_alignment_16	0x6f5cb8	0xae30ca
1701	align_non_pointer_16	0x6f5cc0	0xaee2f5
393	profligatealign	0x6f5cc8	0xae30e2
1655	struct_min_alignment_32	0x6f5cd0	0xae30f2
302	doubleon8	0x6f5cd8	0xae7e0e
837	bigalign88	0x6f5ce0	0xaee30a
1156	alignsects	0x6f5ce8	0xaee315
132	tightstruct	0x6f5cf0	0xae4e62
812	ignorealign	0x6f5cf8	0xae4e6e
1714	unaligned_everything	0x6f5d00	0xaee320
191	x1w	0x6f5d08	0xae1504
2296	align_labels	0x6f5d10	0xaee335
2682	align_fixed_branch_labels	0x6f5d18	0xae7e18
2606	fix_align_labels	0x6f5d20	0xaee342
2557	always_check_alignment	0x6f5d28	0xaee353
3390	checkforpacked_implies_checkforpragmapack	0x6f5d30	0xae7e32
3292	aligntextoff_fix_size	0x6f5d38	0xae7e5c
1158	better_stack_align_check	0x6f5d40	0xaee36a
4678	dynamic_stack_alignment	0x6f5d48	0xae310a
4679	alignvar32	0x6f5d50	0xaee383
89	nooptstruct	0x6f5d58	0xae4e7a
1446	nopackreals	0x6f5d60	0xae4e86
1488	nopackreals2	0x6f5d68	0xaee38e
1719	pragma_pack_code	0x6f5d70	0xaee39b
1827	betterpackstruct1	0x6f5d78	0xae7e72
1828	betterpackstruct2	0x6f5d80	0xae7e84
2158	unaligned_struct_ptrs	0x6f5d88	0xae7e96
2216	pragma_pack_func	0x6f5d90	0xaee3ac
2547	no_packed_const	0x6f5d98	0xae3122
2375	more_packed_struct_fixes	0x6f5da0	0xaee3bd
3147	obj_align_chkptr2	0x6f5da8	0xae7eac
4594	ignore_qderef_align	0x6f5db0	0xae4e92
1208	floatsingle	0x6f5db8	0xae4ea6
1761	bigendian_float_words	0x6f5dc0	0xae7ebe
1364	bettersfp	0x6f5dc8	0xae7ed4
1300	riscsfpd	0x6f5dd0	0xaee3d6
371	nofloat	0x6f5dd8	0xae0e70
373	nodouble	0x6f5de0	0xaee3df
1630	nopackedfloat	0x6f5de8	0xae7ede
407	softwarefloat	0x6f5df0	0xae7eec
2086	indsfp	0x6f5df8	0xae18ba
3294	indsfpd	0x6f5e00	0xae0e78
2100	indsfp_inline_fneg	0x6f5e08	0xaee3e8
2101	indsfp_inline_fabs	0x6f5e10	0xaee3fb
2892	indsfp_swap_commutative_ops	0x6f5e18	0xae4eb2
2963	indsfp_reverse_subtract	0x6f5e20	0xae3132
674	indsfp_inline_reverse_subtract	0x6f5e28	0xaee40e
2102	indsfp_inline_compare_zero	0x6f5e30	0xaee42d
2103	indsfp_inline_dbl_compare_const	0x6f5e38	0xae314a
2104	indsfp_inline_flt_compare_const	0x6f5e40	0xae316a
1167	correct_indsfp_params	0x6f5e48	0xae7efa
3530	int_fcmp	0x6f5e50	0xaee448
4024	NAN_must_compare_as_unordered	0x6f5e58	0xae7f10
4025	NAN_compare_should_signal	0x6f5e60	0xae7f2e
3535	precise_signed_zero	0x6f5e68	0xae4ece
4171	NAN_msb_means_snan	0x6f5e70	0xaee451
3536	precise_signed_zero_compare	0x6f5e78	0xae4ee2
413	fpprecise	0x6f5e80	0xae7f48
4311	fp_precise_truncate_compares	0x6f5e88	0xaee464
314	selective_fp_precise	0x6f5e90	0xaee481
412	fpprecise_compare	0x6f5e98	0xae7f52
3266	fpgood	0x6f5ea0	0xae18c1
42	double	0x6f5ea8	0xae18c8
207	fimm	0x6f5eb0	0xae18cf
3594	negfloat_cvt_unsigned0	0x6f5eb8	0xaee496
3595	negdouble_cvt_unsigned0	0x6f5ec0	0xae318a
4422	force_sw_float_int_conversions	0x6f5ec8	0xaee4ad
1378	nopicpidfixups	0x6f5ed0	0xaee4cc
1359	localPIC	0x6f5ed8	0xaee4db
163	posindepcode	0x6f5ee0	0xaee4e4
859	picSunOs	0x6f5ee8	0xaee4f1
848	PICearly	0x6f5ef0	0xaee4fa
377	PICearly16	0x6f5ef8	0xaee503
378	PIDearly16	0x6f5f00	0xaee50e
417	PIC	0x6f5f08	0xae1508
787	bigpic	0x6f5f10	0xae18d4
824	posindeperror	0x6f5f18	0xae7f64
841	PIClate	0x6f5f20	0xae0e80
842	PIDlate	0x6f5f28	0xae0e88
2307	indpid	0x6f5f30	0xae18db
843	PIDearly	0x6f5f38	0xaee519
1797	no_quad_directive	0x6f5f40	0xae7f72
1183	newbcg	0x6f5f48	0xae18e2
3330	gen_endbegin_proc	0x6f5f50	0xae7f84
1003	declimports	0x6f5f58	0xae4efe
370	linenums	0x6f5f60	0xaee522
767	better_asm_format	0x6f5f68	0xae7f96
75	obj	0x6f5f70	0xae150c
1346	elfobj	0x6f5f78	0xae18e9
3075	dual_obj	0x6f5f80	0xaee52b
3362	target_supports_binary_codegen	0x6f5f88	0xaee534
1349	shstrtab	0x6f5f90	0xaee553
3044	fullsymrelocs	0x6f5f98	0xae7fa8
319	fullasmsymrelocs	0x6f5fa0	0xaee55c
462	use_fully_qualified_relocs	0x6f5fa8	0xaee56d
3196	function_relative_relocations	0x6f5fb0	0xae7fb6
3045	fixinitusedsize	0x6f5fb8	0xae31a2
3101	fixbytesize	0x6f5fc0	0xae4f0a
717	identifyyourself	0x6f5fc8	0xaee588
21	upper	0x6f5fd0	0xae15be
269	incmacs	0x6f5fd8	0xae0e90
96	space	0x6f5fe0	0xae15c4
359	aligncomm	0x6f5fe8	0xae7fd4
780	ELF	0x6f5ff0	0xae1510
2893	out_compiler_generated	0x6f5ff8	0xaee599
2942	codefactor	0x6f6000	0xaee5b0
624	no_codefactor_qaddrb	0x6f6008	0xaee5bb
1943	dollar_hex	0x6f6010	0xaee5d0
910	alignlog2	0x6f6018	0xae7fde
2383	comm_align_2	0x6f6020	0xaee5db
2384	workaround_gnu_asm_comm_align_bug	0x6f6028	0xae7fe8
2924	arm_out_shifted_immediates	0x6f6030	0xaee5e8
14	skip	0x6f6038	0xae18f0
202	nodots	0x6f6040	0xae18f5
1023	gnuasm	0x6f6048	0xae18fc
1116	ghsasm	0x6f6050	0xae1903
1875	ghsnewasm	0x6f6058	0xae800a
3259	scllc_asm	0x6f6060	0xae8014
3177	concise_assembly	0x6f6068	0xaee603
614	passsource	0x6f6070	0xaee614
2619	annotate_assembly	0x6f6078	0xae801e
4405	output_tabs_after_mnemonic	0x6f6080	0xaee61f
908	64bitintregs	0x6f6088	0xaee63a
3306	64bitfloatregs	0x6f6090	0xaee647
951	16bitintregs	0x6f6098	0xaee656
2066	nonstandard_regsize	0x6f60a0	0xae4f16
2767	uses_register_groups	0x6f60a8	0xaee663
382	byteregs	0x6f60b0	0xaee678
51	arguments_pushed_on_stack	0x6f60b8	0xae8030
3104	allow_oddreg_doubles	0x6f60c0	0xaee681
1782	no_oddreg_doubles	0x6f60c8	0xae804a
747	intwides	0x6f60d0	0xaee696
770	shortwides	0x6f60d8	0xaee69f
771	unsignedwides	0x6f60e0	0xae805c
414	longdouble80	0x6f60e8	0xaee6aa
420	longdouble_other	0x6f60f0	0xaee6b7
421	longdouble_is_two_doubles	0x6f60f8	0xae806a
2078	ptrIs16	0x6f6100	0xae0e98
2979	int_maybe_smaller_than_ptr	0x6f6108	0xaee6c8
947	longlongIs64	0x6f6110	0xaee6e3
948	longIs64	0x6f6118	0xaee6f0
949	intIs64	0x6f6120	0xae0ea0
950	intIs16	0x6f6128	0xae0ea8
899	64bitptr	0x6f6130	0xaee6f9
405	unsignedchar	0x6f6138	0xaee702
70	unsignedptr	0x6f6140	0xae4f2a
432	u128isuniv	0x6f6148	0xaee70f
262	extint1is128	0x6f6150	0xaee71a
1647	no_signed_char_enums	0x6f6158	0xaee727
127	shortenum	0x6f6160	0xae8084
1054	signedshortenum	0x6f6168	0xae31b2
1240	FLX	0x6f6170	0xae1514
1241	FSX	0x6f6178	0xae1518
1242	FLDX	0x6f6180	0xae190a
1243	FSDX	0x6f6188	0xae190f
1215	LX	0x6f6190	0xae1914
1216	SX	0x6f6198	0xae1917
1217	LOU	0x6f61a0	0xae151c
1218	SOU	0x6f61a8	0xae1520
1219	LXU	0x6f61b0	0xae1524
1220	SXU	0x6f61b8	0xae1528
1961	no_floatint_move	0x6f61c0	0xaee73c
862	hardwaremul	0x6f61c8	0xae4f36
3552	hasmul3264u	0x6f61d0	0xae4f42
3993	hasmul3264s	0x6f61d8	0xae4f4e
863	nofpu	0x6f61e0	0xae15ca
953	hasaddc	0x6f61e8	0xae0eb0
954	hassubc	0x6f61f0	0xae0eb8
955	haslsh64	0x6f61f8	0xaee74d
956	hasrsha64	0x6f6200	0xae808e
957	hasrsh64	0x6f6208	0xaee756
2168	hasmuluh	0x6f6210	0xaee75f
2169	hasmulsh	0x6f6218	0xaee768
2170	hasbang	0x6f6220	0xae0ec0
2171	hasandnot	0x6f6228	0xae8098
438	doublereg	0x6f6230	0xae80a2
517	no_doublereg_longlong	0x6f6238	0xae80ac
437	indexinstruction	0x6f6240	0xaee771
439	sizeindexmode	0x6f6248	0xae80c2
2437	sizeindexmode2	0x6f6250	0xaee782
440	generalindexmode	0x6f6258	0xaee791
4599	armindexmode	0x6f6260	0xaee7a2
441	indexoffsetmode	0x6f6268	0xae31c2
4388	addoffset_affects_volatile	0x6f6270	0xaee7af
3933	indseparateaddandmul_better_indexoffset	0x6f6278	0xae31d2
1641	hasrotateleft	0x6f6280	0xae80d0
1642	hasrotateright	0x6f6288	0xaee7ca
1433	hasfastbitops	0x6f6290	0xae80de
1434	reallyslowextract	0x6f6298	0xae80ec
1362	myshiftsareexpensive	0x6f62a0	0xaee7d9
213	use_lbz_for_misaligned	0x6f62a8	0xaee7ee
4582	no_runtime_align_check	0x6f62b0	0xaee805
1058	onlysignedload	0x6f62b8	0xaee81c
2146	branchtaken_is_better	0x6f62c0	0xae80fe
2250	noswap_base_and_index	0x6f62c8	0xae8114
2366	ptradd_and_indexreg_differ	0x6f62d0	0xaee82b
883	varlenstripmining	0x6f62d8	0xae812a
884	vecICE	0x6f62e0	0xae191a
817	vectorize	0x6f62e8	0xae813c
819	novectreexform	0x6f62f0	0xaee846
836	novectorstripmine	0x6f62f8	0xae8146
776	VPU	0x6f6300	0xae152c
306	noasm	0x6f6308	0xae15d0
436	asmproc	0x6f6310	0xae0ec8
1205	asmillegal	0x6f6318	0xaee855
1871	better_asmmacro_peep	0x6f6320	0xaee860
3124	always_dump_asmmacro	0x6f6328	0xaee875
4589	asmmacro_suppress	0x6f6330	0xae8158
153	ANSI	0x6f6338	0xae1921
59	nocasesensitivity	0x6f6340	0xae816a
58	noscore	0x6f6348	0xae0ed0
151	nodollar	0x6f6350	0xaee88a
304	eightcharnames	0x6f6358	0xaee893
1002	noscoredata	0x6f6360	0xae4f5a
316	saneANSI	0x6f6368	0xaee8a2
3934	c99	0x6f6370	0xae1530
1177	endfunctionlabel	0x6f6378	0xaee8ab
1272	checkfloatdoubles	0x6f6380	0xae817c
1273	checkreals	0x6f6388	0xaee8bc
1231	checkfloatlongdoubles	0x6f6390	0xae818e
2766	checklonglongs	0x6f6398	0xaee8c7
187	suppressident	0x6f63a0	0xae81a4
540	outident	0x6f63a8	0xaee8d6
768	unknownpragmawarn	0x6f63b0	0xae81b2
1075	cpppragma	0x6f63b8	0xae81c4
1578	pragmafarfunc	0x6f63c0	0xae81ce
825	pragmainterrupt	0x6f63c8	0xae31fa
1013	nopragmawarn	0x6f63d0	0xaee8df
1211	iovar	0x6f63d8	0xae15d6
1235	jacintvect	0x6f63e0	0xaee8ec
1234	jacpragma	0x6f63e8	0xae81dc
1880	intvectbyentry	0x6f63f0	0xaee8f7
3277	disable_interrupts_in_handler	0x6f63f8	0xae81e6
1729	pragma_fpu_num	0x6f6400	0xaee906
350	concatcomments	0x6f6408	0xaee915
667	includeonce	0x6f6410	0xae4f66
686	nocpplines	0x6f6418	0xaee924
2090	cppslashslashcomments	0x6f6420	0xae8204
465	markcpperror	0x6f6428	0xaee92f
1937	recursive_macro_fix	0x6f6430	0xae4f72
779	errbasename	0x6f6438	0xae4f86
932	noprotowarn	0x6f6440	0xae4f92
934	noprotoerr	0x6f6448	0xaee93c
1677	errorformat2	0x6f6450	0xaee947
1736	error_no_return	0x6f6458	0xae320a
1737	warn_no_return	0x6f6460	0xaee954
991	i64truncwarn	0x6f6468	0xaee963
113	redefcpp	0x6f6470	0xaee970
84	nooldfashioned	0x6f6478	0xaee979
205	noasmwarn	0x6f6480	0xae821a
642	lint2	0x6f6488	0xae15dc
2554	lint4	0x6f6490	0xae15e2
2928	lint5	0x6f6498	0xae15e8
724	zerodivwarn	0x6f64a0	0xae4f9e
725	zerodiverror	0x6f64a8	0xaee988
3719	suppress_zerodiv_backend_diagnostic	0x6f64b0	0xae4faa
4018	peephole_zerodiv_check	0x6f64b8	0xaee995
726	overflowwarn	0x6f64c0	0xaee9ac
727	overflowerror	0x6f64c8	0xae8224
728	assignerror	0x6f64d0	0xae4fce
729	bounderror	0x6f64d8	0xaee9b9
2543	address_of_packed_struct_member_error	0x6f64e0	0xae8232
4022	no_line_reset_each_routine	0x6f64e8	0xaee9c4
1456	optpackedaccess	0x6f64f0	0xae321a
2210	noadaexceptions	0x6f64f8	0xae322a
1474	newexchandling	0x6f6500	0xaee9df
1329	adaglobsarecomms	0x6f6508	0xaee9ee
1330	ada_dbg	0x6f6510	0xae0ed8
1373	ada95	0x6f6518	0xae15ee
1489	ada_generics_dbg	0x6f6520	0xaee9ff
1884	adabitfield	0x6f6528	0xae4fda
2541	adabitfield2	0x6f6530	0xaeea10
2722	adabitfield3	0x6f6538	0xaeea1d
1888	adastaticdataforvx	0x6f6540	0xaeea2a
1986	ada_integrity_stack_check	0x6f6548	0xae8258
3368	ada_integrity4_stack_check	0x6f6550	0xaeea3d
2008	ada_external_tag_upper	0x6f6558	0xaeea58
2036	adainlinemark	0x6f6560	0xae8272
2211	ada_bare_stack_check	0x6f6568	0xaeea6f
2238	ada_noeo	0x6f6570	0xaeea84
2255	ada_GMART	0x6f6578	0xae8280
2256	ada_GSTART	0x6f6580	0xaeea8d
2122	no_ada_elab_flags	0x6f6588	0xae828a
2285	dont_include_high_bound_on_fixed_type	0x6f6590	0xae829c
2371	ada_more_debug_info_for_offset_fields	0x6f6598	0xae82c2
2409	ada_dual_debug	0x6f65a0	0xaeea98
2751	ada_no_memcpy_opt	0x6f65a8	0xae82e8
2786	ada_aggressive_static_data_init	0x6f65b0	0xae323a
3074	ada_overflow	0x6f65b8	0xaeeaa7
3111	ada_adjust_source_line_on_elsif	0x6f65c0	0xae325a
3179	ada_no_check_signed_unsigned_cvt	0x6f65c8	0xaeeab4
3200	ada_use_smaller_static_cutoff	0x6f65d0	0xae82fa
3209	ada_no_static_cutoff	0x6f65d8	0xaeead5
3291	ada_use_larger_dynamic_cutoff	0x6f65e0	0xae8318
3213	ada_win32_access_call_uses_stdcall	0x6f65e8	0xaeeaea
3234	ada_use_all_8bit_fillers	0x6f65f0	0xaeeb0d
3236	adabitfield4	0x6f65f8	0xaeeb26
3268	ada_force_full_frame	0x6f6600	0xaeeb33
3335	ada_raise_end_error	0x6f6608	0xae4fe6
3336	ada_no_elements_per_word	0x6f6610	0xaeeb48
3337	ada_old_renamings_as_body	0x6f6618	0xae8336
3340	ada_overflow_check_on_pointers	0x6f6620	0xaeeb61
3341	ada_extra_debuginfo	0x6f6628	0xae4ffa
3343	ada_64bit_runtime_checks	0x6f6630	0xaeeb80
3346	ada_task_names_when_discarding_names	0x6f6638	0xaeeb99
3364	ada_64bit_int_checks	0x6f6640	0xaeebbe
3365	ada_lineno_in_interspersed_listing	0x6f6648	0xaeebd3
3381	ada_more_debug_info_for_renames	0x6f6650	0xae327a
3385	ada_ghdb	0x6f6658	0xaeebf6
3389	ada_dont_prune_debuginfo	0x6f6660	0xaeebff
3397	ada_no_late_inlines	0x6f6668	0xae500e
3400	ada_block_eq	0x6f6670	0xaeec18
3401	ada_disable_pragma_inline	0x6f6678	0xae8350
3402	ada_ghdb_warnings	0x6f6680	0xae836a
3403	ada_rts_block_eq	0x6f6688	0xaeec25
3409	ada_ppc_misaligned_fp_uses_calls	0x6f6690	0xaeec36
3410	ada_misaligned_field_information	0x6f6698	0xaeec57
3411	adabitfield_no_warnings	0x6f66a0	0xae329a
3493	ada_new_array_initializer	0x6f66a8	0xae837c
3528	ada_volatile_type	0x6f66b0	0xae8396
3541	ada_suppress_possibly_uninitialized_var_warning	0x6f66b8	0xae32b2
3546	ada_subtype_size_warning	0x6f66c0	0xaeec78
3551	ada_rep_spec_warning	0x6f66c8	0xaeec91
3577	ada_suppress_declaration_hiding_warning	0x6f66d0	0xae32e2
3583	ada_vxworks_stack_check	0x6f66d8	0xae330a
3584	ada_vxworks6_stack_check	0x6f66e0	0xaeeca6
3593	ada_new_variant_debuginfo	0x6f66e8	0xae83a8
3631	ada_vxworks_remove_zero_inits	0x6f66f0	0xae83c2
3632	ada_importing_farcall	0x6f66f8	0xae83e0
3634	ada_minimize_variant_record_var_size	0x6f6700	0xaeecbf
3932	ada_disable_access_record_assignment_opt	0x6f6708	0xaeece4
3935	ada_debug_inlined_locals	0x6f6710	0xaeed0d
3941	ada_aggressive_optimizations	0x6f6718	0xaeed26
4364	ada_pre	0x6f6720	0xae0ee0
4506	ada_inline_parameter_warning	0x6f6728	0xaeed43
4547	ada_native_stack_check	0x6f6730	0xaeed60
1233	jac	0x6f6738	0xae1534
415	cpprefs	0x6f6740	0xae0ee8
1987	use_thunks	0x6f6748	0xaeed77
1042	slashslashcomments	0x6f6750	0xaeed82
315	acpp	0x6f6758	0xae1926
3038	ansi_initializers	0x6f6760	0xae83f6
351	xopen	0x6f6768	0xae15f4
751	GNUextensions	0x6f6770	0xae8408
1841	GNUcasts	0x6f6778	0xaeed95
1824	moreGNUextensions	0x6f6780	0xae8416
685	no_fix_gnu_asm_stmt_mem_ops	0x6f6788	0xae5022
3836	no_gnu_asm_clobbers_fix	0x6f6790	0xae3322
1925	alloc_gnu_asm_probregs	0x6f6798	0xaeed9e
4571	gnu_asm_register_type_fix	0x6f67a0	0xae8428
1731	5e_switch_c	0x6f67a8	0xae503e
1839	5esc_loose_ellipses	0x6f67b0	0xae504a
334	ansiopeq	0x6f67b8	0xaeedb5
380	strongparen	0x6f67c0	0xae505e
919	nonansiCheaders	0x6f67c8	0xae333a
1887	IgnoreConstVolInParams	0x6f67d0	0xaeedbe
1672	longjmp_does_not_trash_locals	0x6f67d8	0xae8442
4324	no_EH_addr_of_fix	0x6f67e0	0xae8460
4831	new_EH_addr_of_fix	0x6f67e8	0xaeedd5
1793	eval_arguments_right_to_left	0x6f67f0	0xaeede8
4411	arbitrary_init_locals	0x6f67f8	0xae8472
126	link_once_templates	0x6f6800	0xae506a
566	uvfd_info	0x6f6808	0xae8488
1028	longisnotint	0x6f6810	0xaeee05
760	ansikeywords	0x6f6818	0xaeee12
606	prototypes	0x6f6820	0xaeee1f
1932	ANSIquestcolonop	0x6f6828	0xaeee2a
2929	ANSI_numeric_suffix	0x6f6830	0xae507e
2996	check_printf_arguments	0x6f6838	0xaeee3b
2212	using_kai	0x6f6840	0xae8492
287	check_object_needed_in_own_il_slice	0x6f6848	0xae5092
3549	no_ecom_constant_guard	0x6f6850	0xaeee52
3715	addr_dll_imp_var	0x6f6858	0xaeee69
4686	linkonce_iei_extern_inline	0x6f6860	0xaeee7a
4687	linkonce_iei_vtbl_typeinfo	0x6f6868	0xaeee95
1650	no_const_keyword	0x6f6870	0xaeeeb0
782	SVID4	0x6f6878	0xae15fa
2047	ansi_linkage_check	0x6f6880	0xaeeec1
1829	autoaltvararg	0x6f6888	0xae849c
1295	commsinreg	0x6f6890	0xaeeed4
498	constlit	0x6f6898	0xaeeedf
416	cpptypes	0x6f68a0	0xaeeee8
1224	dotindefine	0x6f68a8	0xae50b6
688	duptypedefok	0x6f68b0	0xaeeef1
1091	enumerror1	0x6f68b8	0xaeeefe
1092	enumerror2	0x6f68c0	0xaeef09
2972	shiftjis_fix	0x6f68c8	0xaeef14
1991	extraneous_semicolon	0x6f68d0	0xaeef21
740	extrascope	0x6f68d8	0xaeef36
1975	force_stack_call_model	0x6f68e0	0xaeef41
1030	forderrors	0x6f68e8	0xaeef58
486	gmicro100	0x6f68f0	0xae84aa
487	gmicro200	0x6f68f8	0xae84b4
488	gmicro300	0x6f6900	0xae84be
933	implicitdeclwarn	0x6f6908	0xaeef63
668	includenever	0x6f6910	0xaeef74
1206	initbssbug	0x6f6918	0xaeef81
81	initextern	0x6f6920	0xaeef8c
641	lint1	0x6f6928	0xae1600
643	lint3	0x6f6930	0xae1606
1683	no_expand_macro_in_pragma	0x6f6938	0xae84c8
1927	no_inliner_fix1	0x6f6940	0xae334a
1720	no_junk_after_cpp	0x6f6948	0xae84e2
1728	no_warn_trailing_enum_comma	0x6f6950	0xae50c2
403	noalias	0x6f6958	0xae0ef0
206	nocpperror	0x6f6960	0xaeef97
680	nokanji	0x6f6968	0xae0ef8
1711	nonlocals_are_volatile	0x6f6970	0xaeefa2
807	nopcctypedefs	0x6f6978	0xae84f4
469	norecognizefuncs	0x6f6980	0xaeefb9
555	nostaticconstr	0x6f6988	0xaeefca
1955	pragma_Xdathreshold_fix	0x6f6990	0xae335a
553	staticconst	0x6f6998	0xae50de
742	transitionmode	0x6f69a0	0xaeefd9
806	typedefwarnings	0x6f69a8	0xae3372
1681	warn_nested_comments	0x6f69b0	0xaeefe8
1770	warn_undefined_cpp_symbol	0x6f69b8	0xae8502
1165	shiftjisinput	0x6f69c0	0xae851c
3032	eucinput	0x6f69c8	0xaeeffd
4186	utf8input	0x6f69d0	0xae852a
4404	eightbitinput	0x6f69d8	0xae8534
1184	euctoshiftjis	0x6f69e0	0xae8542
4870	utf8output	0x6f69e8	0xaef006
3794	normal_return_copy_constructed_types	0x6f69f0	0xaef011
2060	ExtendedPascal	0x6f69f8	0xaef036
916	ADPpacking	0x6f6a00	0xaef045
1990	Enum16	0x6f6a08	0xae192b
855	MULTInoconsts	0x6f6a10	0xae8550
174	appunderscore	0x6f6a18	0xae855e
1015	checkoverflow	0x6f6a20	0xae856c
361	mth1	0x6f6a28	0xae1932
586	noconformantarrays	0x6f6a30	0xaef050
758	pascalgenericpointer	0x6f6a38	0xaef063
156	pascalglobal	0x6f6a40	0xaef078
699	pasioextensions	0x6f6a48	0xae3382
155	real32	0x6f6a50	0xae1937
241	set255	0x6f6a58	0xae193e
56	ansionly	0x6f6a60	0xaef085
534	PAargv	0x6f6a68	0xae1945
71	singlelib	0x6f6a70	0xae857a
886	noFORscope	0x6f6a78	0xaef08e
894	nomultsubexterns	0x6f6a80	0xaef099
752	errorformat	0x6f6a88	0xae50ea
608	vmscommonname	0x6f6a90	0xae8584
810	defaultautomatic	0x6f6a98	0xaef0aa
975	plaincommonname	0x6f6aa0	0xae3392
976	ghfortrannames	0x6f6aa8	0xaef0bb
175	MAINuu	0x6f6ab0	0xae194c
1628	autoaggregates	0x6f6ab8	0xaef0ca
2068	boundcheck_fortran_substring	0x6f6ac0	0xaef0d9
401	cexternal	0x6f6ac8	0xae8592
82	debugstats	0x6f6ad0	0xaef0f6
426	dodfortran	0x6f6ad8	0xaef101
161	extendsource	0x6f6ae0	0xaef10c
68	forunsignedchar	0x6f6ae8	0xae33a2
1463	ghhyperbolic	0x6f6af0	0xaef119
79	hollerithblankpad	0x6f6af8	0xae859c
337	ignoremultipleinit	0x6f6b00	0xaef126
690	missingargsok	0x6f6b08	0xae85ae
607	namelist	0x6f6b10	0xaef139
356	noDOloopopt	0x6f6b18	0xae50f6
691	nobackslash	0x6f6b20	0xae5102
864	nocharstmtfuncfix	0x6f6b28	0xae85bc
769	nodoloopfix	0x6f6b30	0xae510e
804	nohollerithfmtfix	0x6f6b38	0xae85ce
765	noscati	0x6f6b40	0xae0f00
809	nostatfuncbyaddr	0x6f6b48	0xaef142
763	oldbitcode	0x6f6b50	0xaef153
336	oldinits	0x6f6b58	0xaef15e
1375	onlydata	0x6f6b60	0xaef167
689	parenbyvalue	0x6f6b68	0xaef170
1120	vmslabelfield	0x6f6b70	0xae85e0
1119	vmsnopadblanks	0x6f6b78	0xaef17d
609	vmsoctalconstant	0x6f6b80	0xaef18c
800	ANSIfortran	0x6f6b88	0xae511a
180	extendedfortran	0x6f6b90	0xae33b2
181	vmsfortran	0x6f6b98	0xaef19d
2797	for_unsigned_int1	0x6f6ba0	0xae85ee
2820	for_64bit_consts	0x6f6ba8	0xaef1a8
1090	alphaosf1	0x6f6bb0	0xae8600
1523	outmask	0x6f6bb8	0xae0f08
1307	fataltypetoosmall	0x6f6bc0	0xae860a
242	prettyc	0x6f6bc8	0xae0f10
1026	onlyprototypes	0x6f6bd0	0xaef1b9
518	passcomments	0x6f6bd8	0xaef1c8
519	2cincludes	0x6f6be0	0xaef1d5
748	2cnovoid	0x6f6be8	0xaef1e0
1117	2c_varargs	0x6f6bf0	0xaef1e9
676	microsoftalign	0x6f6bf8	0xaef1f4
714	VMSalign	0x6f6c00	0xaef203
231	ansicout	0x6f6c08	0xaef20c
1869	bitfield_padding_fix	0x6f6c10	0xaef215
1460	bitfieldsare32	0x6f6c18	0xaef22a
479	preserve_padding_bits	0x6f6c20	0xae861c
3718	stomp_padding_bits_more	0x6f6c28	0xae33c2
749	ccstripsstatics	0x6f6c30	0xae33da
240	chasvol	0x6f6c38	0xae0f18
318	cuseregopt	0x6f6c40	0xaef239
716	declunusedvars	0x6f6c48	0xaef244
322	dmptypes	0x6f6c50	0xaef253
225	dumbcompiler	0x6f6c58	0xaef25c
1874	eval_left_to_right	0x6f6c60	0xaef269
671	hcbugs	0x6f6c68	0xae1953
672	inexplicablebug	0x6f6c70	0xae33ea
327	nosgndchr	0x6f6c78	0xae8632
317	nosgndout	0x6f6c80	0xae863c
1027	nostaticprotos	0x6f6c88	0xaef27c
666	nostdarg	0x6f6c90	0xaef28b
223	smallint	0x6f6c98	0xaef294
224	smallshift	0x6f6ca0	0xaef29d
704	unsafevarnames	0x6f6ca8	0xaef2a8
222	renamevar	0x6f6cb0	0xae8646
1780	GP16	0x6f6cb8	0xae195a
1862	longisreally40	0x6f6cc0	0xaef2b7
2257	st100_v11	0x6f6cc8	0xae8650
2305	st100_fast_float	0x6f6cd0	0xaef2c6
2258	st100_v10_hw_bug_14	0x6f6cd8	0xae5126
2259	st100_iospaces	0x6f6ce0	0xaef2d7
2260	st100_io_barriers	0x6f6ce8	0xae865a
2057	branch_shadow	0x6f6cf0	0xae866c
2070	crazycasejump	0x6f6cf8	0xae867a
2061	inline_intrinsics	0x6f6d00	0xae8688
2012	kraaiICE	0x6f6d08	0xaef2e6
2573	output_call_tags	0x6f6d10	0xaef2ef
2772	long_consts_are_long_long	0x6f6d18	0xae869a
4487	sh_no_optimize_bld	0x6f6d20	0xaef300
4488	sh_no_optimize_movt	0x6f6d28	0xae513a
4489	sh_no_optimize_nott	0x6f6d30	0xae514e
4490	sh_no_optimize_nott_br	0x6f6d38	0xaef313
4491	sh_no_isbldcmp	0x6f6d40	0xaef32a
4492	sh_no_movt_inferrence	0x6f6d48	0xae86b4
4480	sh_imm28	0x6f6d50	0xaef339
4478	sh_fixcti_rotate	0x6f6d58	0xaef342
4479	nofixcti_rotate_alg1	0x6f6d60	0xaef353
4493	no_fixcti_firstpass	0x6f6d68	0xae5162
1426	SHdsp	0x6f6d70	0xae160c
1517	allocA0	0x6f6d78	0xae0f20
1826	caller_extends	0x6f6d80	0xaef368
789	avoidr0	0x6f6d88	0xae0f28
1387	encourageR0	0x6f6d90	0xae5176
4420	explicit_R0	0x6f6d98	0xae5182
4557	sh_allocate_R0	0x6f6da0	0xaef377
1510	nogbr	0x6f6da8	0xae1612
1022	nopostpipe	0x6f6db0	0xaef386
1017	adacasmcompat	0x6f6db8	0xae86ca
1872	noprsaveopt	0x6f6dc0	0xae518e
1308	nosysreg	0x6f6dc8	0xaef391
2031	sh3_mult_bug	0x6f6dd0	0xaef39a
1989	sh3_sts_mac_bug	0x6f6dd8	0xae33fa
1788	sh_old_labeloffset	0x6f6de0	0xaef3a7
1018	showpostpipe	0x6f6de8	0xaef3ba
1490	usedspregs	0x6f6df0	0xaef3c7
1014	hitachiasmcompat	0x6f6df8	0xaef3d2
3257	sh_old_indirect	0x6f6e00	0xae340a
785	regs_saved_auto	0x6f6e08	0xae341a
283	sh_alt_frame	0x6f6e10	0xaef3e3
3666	sh_no_register_bitops	0x6f6e18	0xae86d8
3638	sh_divs_are_fast	0x6f6e20	0xaef3f0
3639	sh_no_postinc_stores	0x6f6e28	0xaef401
4467	sh_always_use_movi20	0x6f6e30	0xaef416
4468	sh_abs20	0x6f6e38	0xaef42b
3897	sh_no_assume_caller_trunc	0x6f6e40	0xae86ee
4558	sh_bitfield_in_reg	0x6f6e48	0xaef434
2026	starcore_asm_compat	0x6f6e50	0xae519a
2024	40bitintregs	0x6f6e58	0xaef447
2275	alloc_perms_last	0x6f6e60	0xaef454
2020	reserve_high_address_regs	0x6f6e68	0xae8708
2019	reserve_high_data_regs	0x6f6e70	0xaef465
2276	schedule_prefix	0x6f6e78	0xae342a
2094	serial_grouping	0x6f6e80	0xae343a
2294	starcore_reg4	0x6f6e88	0xae8722
3015	do_reg4_check_offset	0x6f6e90	0xaef47c
2313	save_ext_regs	0x6f6e98	0xae8730
2352	word40_struct	0x6f6ea0	0xae873e
2791	starcore_trunc_mask	0x6f6ea8	0xae51ae
3408	sc_float_is_unsigned	0x6f6eb0	0xaef491
2707	sc_linedbg	0x6f6eb8	0xaef4a6
44	sc_use_llt	0x6f6ec0	0xaef4b1
3387	sc_track_sm	0x6f6ec8	0xae51c2
3388	sc_track_dovf	0x6f6ed0	0xae874c
3360	scllc_linker	0x6f6ed8	0xaef4bc
3332	sc_indbin	0x6f6ee0	0xae875a
3331	sc_expand_postofs	0x6f6ee8	0xae8764
45	sc_lesslltregs	0x6f6ef0	0xaef4c9
3327	sc_llt_intrinsics	0x6f6ef8	0xae8776
3326	sc_opt_loop	0x6f6f00	0xae51ce
3320	sc_virtreg64	0x6f6f08	0xaef4d8
3396	sc_alias_data_areas	0x6f6f10	0xae51da
3395	sc_alias_debug	0x6f6f18	0xaef4e5
2954	sc_revert2v33	0x6f6f20	0xae8788
3414	sc_sfp4reg	0x6f6f28	0xaef4f4
3084	use_delay_inst	0x6f6f30	0xaef4ff
1930	enforce_offset_align	0x6f6f38	0xaef50e
1843	sc_abi_compliant	0x6f6f40	0xaef523
3399	sc_abi_30_compliant	0x6f6f48	0xae51ee
3415	sc_abi_30_compliant_Qlibfuncs	0x6f6f50	0xae8796
3413	sc_abi_reg64_passing	0x6f6f58	0xaef534
3249	sc_abi_mw	0x6f6f60	0xae87b4
1779	sat_after_intrinsics	0x6f6f68	0xaef549
3367	sc_no_unaligned	0x6f6f70	0xae344a
3156	sc_ICE_unaligned	0x6f6f78	0xaef55e
3578	sc_no_perm_dataregs	0x6f6f80	0xae5202
3579	sc_areg_replop_fix	0x6f6f88	0xaef56f
3580	sc_areg_fixup_extend	0x6f6f90	0xaef582
3581	sc_areg_binop	0x6f6f98	0xae87be
3582	mw_comp_cc	0x6f6fa0	0xaef597
2067	arm_no_soft_isr	0x6f6fa8	0xae345a
1956	arm_fixbranches	0x6f6fb0	0xae346a
2053	arm_has_dspext	0x6f6fb8	0xaef5a2
2310	arm_has_blx	0x6f6fc0	0xae5216
475	hasclz32	0x6f6fc8	0xaef5b1
3163	armv6	0x6f6fd0	0xae1618
289	armv7	0x6f6fd8	0xae161e
3865	armv7m	0x6f6fe0	0xae195f
738	armv6_simd	0x6f6fe8	0xaef5ba
1202	arm_marvell	0x6f6ff0	0xae5222
2943	arm_evenbias_regpair	0x6f6ff8	0xaef5c5
2779	thumb_branch_helper_regs	0x6f7000	0xaef5da
3219	arm_breakup_multiple	0x6f7008	0xaef5f3
1175	arm_breakup_multiple_loads	0x6f7010	0xaef608
1176	arm_breakup_multiple_stores	0x6f7018	0xae522e
3903	arm_small_stms	0x6f7020	0xaef623
274	arm_v6_unaligned_support	0x6f7028	0xaef632
2058	arm_no_patch	0x6f7030	0xaef64b
1265	arm_always_ret	0x6f7038	0xaef658
3828	arm_interruptible_load_multiple	0x6f7040	0xae347a
2016	allow_thumb_floats	0x6f7048	0xaef667
1146	postponepools	0x6f7050	0xae87cc
1946	reverse_alloc	0x6f7058	0xae87da
1954	safe_pool_dump	0x6f7060	0xaef67a
1685	thumb	0x6f7068	0xae1624
3220	armvfp	0x6f7070	0xae1966
628	armvfpv2	0x6f7078	0xaef689
636	armvfpv3	0x6f7080	0xaef692
4459	armneon	0x6f7088	0xae0f30
4537	neon_vector_debug	0x6f7090	0xae87e8
2435	vfp_use_fldmx	0x6f7098	0xae87fa
3276	arm_pad_etm_fifo	0x6f70a0	0xaef69b
3280	arm_pad_etm_fifo_less	0x6f70a8	0xae8808
3859	arm_pad_etm_frame_only	0x6f70b0	0xaef6ac
1944	target_supports_thumb	0x6f70b8	0xae881e
835	thumb_only	0x6f70c0	0xaef6c3
250	thumb2	0x6f70c8	0xae196d
251	target_supports_thumb2	0x6f70d0	0xaef6ce
1600	dont_switch_cpu_mode	0x6f70d8	0xaef6e5
2286	may_link_thumb	0x6f70e0	0xaef6fa
2309	arm_better_selecti	0x6f70e8	0xaef709
2392	arm_better_immediates	0x6f70f0	0xae8834
2781	arm_optimize_loadstore_multiple	0x6f70f8	0xae349a
2426	fhard_args_int	0x6f7100	0xaef71c
2770	arm_str_params_in_initial_stm	0x6f7108	0xae884a
226	arm_realloc_spills	0x6f7110	0xaef72b
227	arm_better_realloc_spills	0x6f7118	0xae8868
3369	arm_stackccv	0x6f7120	0xaef73e
3370	arm_sortedstackccv	0x6f7128	0xaef74b
3371	arm_ccv_checking	0x6f7130	0xaef75e
3378	no_parm_temps	0x6f7138	0xae8882
3252	reduce_perms	0x6f7140	0xaef76f
654	noswp	0x6f7148	0xae162a
737	arm_retain_obj_in_fixup	0x6f7150	0xae34ba
290	stackalign8	0x6f7158	0xae524a
291	paramalign8	0x6f7160	0xae5256
292	expectalign8	0x6f7168	0xaef77c
259	xscale_shift_bug	0x6f7170	0xaef789
3648	arm_more_xtmps_for_memcopy	0x6f7178	0xaef79a
3647	arm_faster_div_for_positives	0x6f7180	0xaef7b5
3645	arm_patch_to_v4x	0x6f7188	0xaef7d2
3947	inline_marvell_strcmp	0x6f7190	0xae8890
3954	marvell_align_after_branch	0x6f7198	0xaef7e3
3621	marvell_pj4	0x6f71a0	0xae5262
4433	constrain_mul_dest	0x6f71a8	0xaef7fe
2459	strict_c_neg	0x6f71b0	0xaef811
2480	multaddbug_workaround	0x6f71b8	0xae88a6
1187	FR20nohoming	0x6f71c0	0xaef81e
1596	doaddrconstsfix	0x6f71c8	0xae34d2
3898	fr_20bit_mem	0x6f71d0	0xaef82b
3944	no_fr_alphaopt	0x6f71d8	0xaef838
3946	no_fr_enter_opt	0x6f71e0	0xae34e2
3952	fr_mul_pc_known	0x6f71e8	0xae34f2
1861	ndr_save_sp_for_compare	0x6f71f0	0xae3502
1870	inlineshiftconst	0x6f71f8	0xaef847
2222	ndr_stackalign8	0x6f7200	0xae351a
1940	ndr_use_jal	0x6f7208	0xae526e
2124	ndr_use_non_delayed_branch	0x6f7210	0xaef858
2312	ndr_mcr_prolog	0x6f7218	0xaef873
2385	ndr_mcr_pro_adj	0x6f7220	0xae352a
2317	ndr_mcr_meminc	0x6f7228	0xaef882
2427	ndr_mcr_builtin	0x6f7230	0xae353a
2332	ndr_mul8	0x6f7238	0xaef891
2333	ndr_mul16	0x6f7240	0xae88bc
2334	ndr_mul32	0x6f7248	0xae88c6
2335	ndr_shift	0x6f7250	0xae88d0
2336	ndr_div8	0x6f7258	0xaef89a
2337	ndr_div16	0x6f7260	0xae88da
2338	ndr_div32	0x6f7268	0xae88e4
2380	ndr_coproc_combine	0x6f7270	0xaef8a3
2381	ndr_coproc_sched	0x6f7278	0xaef8b6
2393	ndr_float	0x6f7280	0xae88ee
2394	ndr_div_float	0x6f7288	0xae88f8
2487	NDR2	0x6f7290	0xae1974
1791	R3900F	0x6f7298	0xae1979
868	PICcompat	0x6f72a0	0xae8906
1281	R5000	0x6f72a8	0xae1630
1244	LDX	0x6f72b0	0xae1538
1665	PREFX	0x6f72b8	0xae1636
2424	no_hilo_hazard	0x6f72c0	0xaef8c7
3212	mips_no_write_after_load_hazard	0x6f72c8	0xae354a
2513	no_threeop_mult_in_delay	0x6f72d0	0xaef8d6
3350	mips_bad_madd_to_mult_add	0x6f72d8	0xae8910
1245	SDX	0x6f72e0	0xae153c
2123	TX19_sync_before_madd	0x6f72e8	0xae892a
1586	RH32_fpu_endian_fix	0x6f72f0	0xae527a
1635	nounsignedtodoublecvt	0x6f72f8	0xae8940
1636	nodoubletounsignedcvt	0x6f7300	0xae8956
1741	_cw401x_bug_fix	0x6f7308	0xae356a
1702	alwaysconstmul	0x6f7310	0xaef8ef
1972	and_to_extu	0x6f7318	0xae528e
1531	betterbuiltinfuncs	0x6f7320	0xaef8fe
1540	bettercallticks	0x6f7328	0xae357a
1603	builtin_prefetch	0x6f7330	0xaef911
1604	builtin_sync	0x6f7338	0xaef922
1947	eval_parm_in_order	0x6f7340	0xaef92f
1512	fakeadrobj	0x6f7348	0xaef942
1552	forcerodata	0x6f7350	0xae529a
1727	has_fabs_inst	0x6f7358	0xae896c
2154	ip2mul32add32	0x6f7360	0xae897a
2155	ip2mul32sub32	0x6f7368	0xae8988
1900	ip2mul32sub64	0x6f7370	0xae8996
1913	ip2redudantstore	0x6f7378	0xaef94d
1659	ipeep2_64bit_muladd	0x6f7380	0xae52a6
1660	ipeep2_64bit_muladd2	0x6f7388	0xaef95e
1661	ipeep2_64bit_mulsub	0x6f7390	0xae52ba
1546	leavemovbu	0x6f7398	0xaef973
1666	near_region	0x6f73a0	0xae52ce
1718	no_mdu	0x6f73a8	0xae1980
1545	nonprobregchar	0x6f73b0	0xaef97e
1487	nopackstructbase	0x6f73b8	0xaef98d
625	nousememcpy	0x6f73c0	0xae52da
1675	rh32_load_volatile	0x6f73c8	0xaef99e
2074	structreg_unaligned_access_fix2	0x6f73d0	0xae358a
2236	target_supports_mips16	0x6f73d8	0xaef9b1
1838	trwbug4	0x6f73e0	0xae0f38
778	mipspushloads	0x6f73e8	0xae89a4
879	mipssfp	0x6f73f0	0xae0f40
983	mipsleavehazards	0x6f73f8	0xaef9c8
1118	mipscrosshazards	0x6f7400	0xaef9d9
1122	mipsnoextranops	0x6f7408	0xae35aa
1127	mipsbrlikely	0x6f7410	0xaef9ea
1130	mipssfpd	0x6f7418	0xaef9f7
1155	mips32fp	0x6f7420	0xaefa00
1169	mips3mul	0x6f7428	0xaefa09
1170	mipsinterlockedld	0x6f7430	0xae89b2
1185	mipsmaddopt	0x6f7438	0xae52e6
1188	mipsnoshiftadd	0x6f7440	0xaefa12
1192	mipshardstall	0x6f7448	0xae89c4
1193	mipssharepipe	0x6f7450	0xae89d2
1210	mipscountinxld	0x6f7458	0xaefa21
1238	mipsnohoming	0x6f7460	0xaefa30
1363	mipsfloatintmoveopt	0x6f7468	0xae52f2
1452	mipsmatchingldst	0x6f7470	0xaefa3d
1453	mipsexpandliearly	0x6f7478	0xae89e0
1454	mipsgenliearly	0x6f7480	0xaefa4e
1458	mipsnewfrtmp	0x6f7488	0xaefa5d
1459	mipsnewlastfreg	0x6f7490	0xae35ba
2765	mipsonly2rtmps	0x6f7498	0xaefa6a
1462	mipsexpandmovhulate	0x6f74a0	0xae5306
1467	mipssltuopt	0x6f74a8	0xae531a
1468	mipssmallsllinmul3	0x6f74b0	0xaefa79
1471	mipsnoredudantlocalpeep1	0x6f74b8	0xaefa8c
1473	mipsnoindepbranches	0x6f74c0	0xae5326
1483	mipsexpandunalignedlate	0x6f74c8	0xae35ca
1484	mipsZp2flag1	0x6f74d0	0xaefaa5
1353	mips_use_indep_fix_misaligned	0x6f74d8	0xae89f2
1534	mips16	0x6f74e0	0xae1987
2341	mips16v2	0x6f74e8	0xaefab2
2342	mips16v2b	0x6f74f0	0xae8a10
2373	mips16sda	0x6f74f8	0xae8a1a
574	mips16zda	0x6f7500	0xae8a24
2576	mips16only	0x6f7508	0xaefabb
2679	mips16none	0x6f7510	0xaefac6
1580	mips_ld_gapsize_fix	0x6f7518	0xae533a
1598	mips_hi_unadjusted	0x6f7520	0xaefad1
1626	mips_combine_uncondbr	0x6f7528	0xae8a2e
1646	mipsfillbytargnew	0x6f7530	0xae8a44
1658	mips_64bit_3mul	0x6f7538	0xae35e2
1709	mips_reserve_r23	0x6f7540	0xaefae4
1717	mips_no_unaligned_mem_inst	0x6f7548	0xaefaf5
1765	mips_pic_localbranch	0x6f7550	0xaefb10
1873	mips_allocate_ks	0x6f7558	0xaefb25
790	mips_allocate_ra	0x6f7560	0xaefb36
4292	mips_no_allocate_r1	0x6f7568	0xae534e
3879	mips_roundrobinalloc	0x6f7570	0xaefb47
3880	mips_roundrobinfreg_new	0x6f7578	0xae35f2
541	mips_new_save_restore	0x6f7580	0xae8a56
1903	mips16uset8implicit	0x6f7588	0xae5362
1904	mipskeepaddr32bit	0x6f7590	0xae8a6c
2425	mips_allow_big_immediates	0x6f7598	0xae8a7e
2187	mips16bigoffsets	0x6f75a0	0xaefb5c
2188	staticbase_mipsautooffset	0x6f75a8	0xae8a98
1905	mipsmovwufix	0x6f75b0	0xaefb6d
1950	mips_float_varargs_alignment_fix	0x6f75b8	0xaefb7a
2034	mips_single_param_to_both	0x6f75c0	0xae8ab2
2069	mips_param_passing_fix	0x6f75c8	0xaefb9b
2073	mips_small_int_vararg_fix	0x6f75d0	0xae8acc
2120	mips_3mul_undefines_hilo	0x6f75d8	0xaefbb2
2141	mips_hw_loop	0x6f75e0	0xaefbcb
2142	mips_no_reloc16_in_loadtwin	0x6f75e8	0xae5376
2167	mips_framesize_fix	0x6f75f0	0xaefbd8
2191	mips_movbs_expansion_fix	0x6f75f8	0xaefbeb
2197	mips_only_mtc1	0x6f7600	0xaefc04
2198	mips_nofpuexp	0x6f7608	0xae8ae6
2935	mips_allow_more_load_in_delayslot	0x6f7610	0xae8af4
2977	mips_no_data_in_code	0x6f7618	0xaefc13
3123	mips_no_slt_with_zero_opt	0x6f7620	0xae8b16
3274	mips_no_better_associatedparam_alloc	0x6f7628	0xaefc28
3275	mips_no_bv13628_fix	0x6f7630	0xae5392
753	mips2360	0x6f7638	0xaefc4d
1542	CW400x	0x6f7640	0xae198e
870	R4000bug1	0x6f7648	0xae8b30
875	R4000	0x6f7650	0xae163c
876	R4000i64	0x6f7658	0xaefc56
1640	ip2negmult	0x6f7660	0xaefc5f
878	R4000bug2	0x6f7668	0xae8b3a
2115	mips32_4kc	0x6f7670	0xaefc6a
2116	mips32_4km	0x6f7678	0xaefc75
2117	mips32_4kp	0x6f7680	0xaefc80
2546	mips32_4ke	0x6f7688	0xaefc8b
3271	mips32_24k	0x6f7690	0xaefc96
3391	mips32_24ke	0x6f7698	0xae53a6
3392	mips32_34k	0x6f76a0	0xaefca1
4524	mips32_1004k	0x6f76a8	0xaefcac
3393	mips32_mt_ase	0x6f76b0	0xae8b44
3394	mips32_dsp_ase	0x6f76b8	0xaefcb9
185	mips32_dsp2_ase	0x6f76c0	0xae360a
162	core_fpu_pipeline_ratio_1_1	0x6f76c8	0xae53b2
169	core_fpu_pipeline_ratio_15_1	0x6f76d0	0xaefcc8
184	core_fpu_pipeline_ratio_2_1	0x6f76d8	0xae53ce
2177	mips_has_movz	0x6f76e0	0xae8b52
2178	mips_has_movn	0x6f76e8	0xae8b60
2179	mips_has_fmovz	0x6f76f0	0xaefce5
2180	mips_has_fmovn	0x6f76f8	0xaefcf4
2181	mips_has_movf	0x6f7700	0xae8b6e
2182	mips_has_movt	0x6f7708	0xae8b7c
2183	mips_has_fmovf	0x6f7710	0xaefd03
2184	mips_has_fmovt	0x6f7718	0xaefd12
850	mips_use_movt_movf	0x6f7720	0xaefd21
3318	has_min_inst	0x6f7728	0xaefd34
3319	has_max_inst	0x6f7730	0xaefd41
1514	mips_use_add	0x6f7738	0xaefd4e
1247	CSM	0x6f7740	0xae1540
755	mipsasmcompat	0x6f7748	0xae8b8a
978	R4000bug3	0x6f7750	0xae8b98
1101	mipsgreen	0x6f7758	0xae8ba2
1151	R4000bug4	0x6f7760	0xae8bac
1494	MIPX	0x6f7768	0xae1995
2010	lx4180	0x6f7770	0xae199a
2011	lx5280	0x6f7778	0xae19a1
2137	lx4189	0x6f7780	0xae19a8
2138	lx4280	0x6f7788	0xae19af
2139	lx5180	0x6f7790	0xae19b6
2226	lx8000	0x6f7798	0xae19bd
2526	lx4380	0x6f77a0	0xae19c4
2224	mips32	0x6f77a8	0xae19cb
2225	mips64	0x6f77b0	0xae19d2
2253	lx4180i	0x6f77b8	0xae0f48
2268	xcaliber	0x6f77c0	0xaefd5b
2125	mips64_5kc	0x6f77c8	0xaefd64
2542	mips64_5kf	0x6f77d0	0xaefd6f
2126	mips64_20k	0x6f77d8	0xaefd7a
1079	R3900	0x6f77e0	0xae1642
1294	trwbug3	0x6f77e8	0xae0f50
2978	nec_4120_fix_32	0x6f77f0	0xae361a
2983	nec_4120_fix_64	0x6f77f8	0xae362a
2601	smartmips	0x6f7800	0xae8bb6
3807	cnmips	0x6f7808	0xae19d9
4546	cnmips2	0x6f7810	0xae0f58
2663	move_previous_into_delayslot	0x6f7818	0xaefd85
2860	mips_nohazards	0x6f7820	0xaefda2
2881	r1900a	0x6f7828	0xae19e0
2888	morpheus	0x6f7830	0xaefdb1
3127	fm_old_var_hints	0x6f7838	0xaefdba
3302	morpheus_always_align_stack	0x6f7840	0xae53ea
3305	morpheus_no_fix_matrix_type	0x6f7848	0xae5406
2958	mipsr2	0x6f7850	0xae19e7
3197	r4131tune	0x6f7858	0xae8bc0
3208	mips_no_binoptrunc	0x6f7860	0xaefdcb
3174	cisco	0x6f7868	0xae1648
3162	mips_o32_abi	0x6f7870	0xaefdde
4536	mips_n32_abi	0x6f7878	0xaefdeb
4393	mips_pass_varargs_on_stack	0x6f7880	0xaefdf8
3352	mips_addrcon_tune	0x6f7888	0xae8bca
3258	vr4133_restriction15	0x6f7890	0xaefe13
3545	ert_tx49h3_012	0x6f7898	0xaefe28
3383	mips_r7000_errata	0x6f78a0	0xae8bdc
4291	mips_jaxa_hazards	0x6f78a8	0xae8bee
3620	mips_jaxa2_hazards	0x6f78b0	0xaefe37
4299	mips_firstxtmp_fix	0x6f78b8	0xaefe4a
1496	no_mips_better_cyclesi	0x6f78c0	0xaefe5d
448	mips_has_store_buffer	0x6f78c8	0xae8c00
4297	no_mips_write_to_imm_fix	0x6f78d0	0xaefe74
3839	mips_fix_unaligned_structinreg	0x6f78d8	0xaefe8d
3840	mips_analyze_ins_as_known_fmt2	0x6f78e0	0xaefeac
3841	mips_analyze_ins_as_and	0x6f78e8	0xae363a
3844	mips_has_true_unaligned_mem_inst	0x6f78f0	0xaefecb
4211	mips16_assume_all_branches_expanded	0x6f78f8	0xae5422
4426	mips_conversion_check_range	0x6f7900	0xae5446
4481	mips_mach_endpeep_block_opt	0x6f7908	0xae5462
4592	enable_mips_hilo_asm_constraints	0x6f7910	0xaefeec
1372	leaveg7	0x6f7918	0xae0f60
1629	danlite1	0x6f7920	0xaeff0d
1025	sparclite	0x6f7928	0xae8c16
1266	934vectorize	0x6f7930	0xaeff16
861	SRWM	0x6f7938	0xae19ee
900	sparc10	0x6f7940	0xae0f68
909	sparc2	0x6f7948	0xae19f3
1506	asm_safe_to_leaf	0x6f7950	0xaeff23
918	extradealias	0x6f7958	0xaeff34
865	hardwarediv	0x6f7960	0xae547e
1277	inlinevecinit	0x6f7968	0xae8c20
936	nobitwisepeep	0x6f7970	0xae8c2e
926	nocombshift	0x6f7978	0xae548a
831	noextraaddoff	0x6f7980	0xae8c3c
923	noextramovbig	0x6f7988	0xae8c4a
830	noextramovhi	0x6f7990	0xaeff41
794	noextramovlo	0x6f7998	0xaeff4e
907	nooptsparcmem	0x6f79a0	0xae8c58
962	nooptsparcmem2	0x6f79a8	0xaeff5b
963	nooptsparcmem3	0x6f79b0	0xaeff6a
935	nooptupartmovrr	0x6f79b8	0xae3652
860	picbigSunOs	0x6f79c0	0xae5496
746	showsaverestore	0x6f79c8	0xae3662
921	sparc2cost	0x6f79d0	0xaeff79
1324	sparcg567reserved	0x6f79d8	0xae8c66
922	twoexitloops	0x6f79e0	0xaeff84
190	x1h	0x6f79e8	0xae1544
816	xtracseregs1	0x6f79f0	0xaeff91
821	xtracseregs2	0x6f79f8	0xaeff9e
1074	SRWM2	0x6f7a00	0xae164e
4339	no_sparc_stupidinst_fix	0x6f7a08	0xae3672
4363	no_sparc_preds_fix	0x6f7a10	0xaeffab
4367	no_sparc_fix_extract	0x6f7a18	0xaeffbe
4368	no_sparc_okreglist_fix	0x6f7a20	0xaeffd3
4421	use_old_dotort_behavior	0x6f7a28	0xae368a
4209	set_backend_regsize_for_68k_fpregs	0x6f7a30	0xaeffea
2956	pass_sfp_args_in_regs	0x6f7a38	0xae8c78
2861	paramsstayonstack	0x6f7a40	0xae8c8e
2862	stab_nowrite_paramreg_as_stack	0x6f7a48	0xaf000d
2819	nofpwithframe	0x6f7a50	0xae8ca0
4040	walkable_stack	0x6f7a58	0xaf002c
4039	fully_walkable_stack	0x6f7a60	0xaf003b
2749	noprecisefpinsts	0x6f7a68	0xaf0050
2669	pcrelsda	0x6f7a70	0xaf0061
2532	hasgeneralmemops	0x6f7a78	0xaf006a
34	sane80	0x6f7a80	0xae19fa
35	mot	0x6f7a88	0xae1548
998	hp68	0x6f7a90	0xae1a01
341	tek	0x6f7a98	0xae154c
348	hcl	0x6f7aa0	0xae1550
6	sequoia	0x6f7aa8	0xae0f70
1232	motcoff	0x6f7ab0	0xae0f78
1291	plainmot68	0x6f7ab8	0xaf007b
92	sgs	0x6f7ac0	0xae1554
29	oasys	0x6f7ac8	0xae1654
122	no20asm	0x6f7ad0	0xae0f80
1643	motelf	0x6f7ad8	0xae1a06
1479	68saferegnames	0x6f7ae0	0xaf0086
118	CRDSas	0x6f7ae8	0xae1a0d
418	PIClargecode	0x6f7af0	0xaf0095
419	PIClargedata	0x6f7af8	0xaf00a2
217	fastlocal	0x6f7b00	0xae8cae
135	fpalign	0x6f7b08	0xae0f88
300	fpnops	0x6f7b10	0xae1a14
988	fsoft68040	0x6f7b18	0xaf00af
130	full020	0x6f7b20	0xae0f90
148	hka4	0x6f7b28	0xae1a1b
146	leavedeadins	0x6f7b30	0xaf00ba
1012	m68340bug1	0x6f7b38	0xaf00c7
1400	mcf5200	0x6f7b40	0xae0f98
1763	mcf5300	0x6f7b48	0xae0fa0
2095	mcf5400	0x6f7b50	0xae0fa8
33	mcf5500	0x6f7b58	0xae0fb0
43	has_cf_bit_insns	0x6f7b60	0xaf00d2
2777	has_cf_mac	0x6f7b68	0xaf00e3
2778	has_cf_emac	0x6f7b70	0xae54a2
38	has_cf_ssemac	0x6f7b78	0xae8cb8
256	mitsubishisdb	0x6f7b80	0xae8cc6
147	nobasicpeep	0x6f7b88	0xae54ae
1916	nobitfield_memory_dest	0x6f7b90	0xaf00ee
805	noconmulfix	0x6f7b98	0xae54ba
2998	nomuldiv64	0x6f7ba0	0xaf0105
121	nopeepmach	0x6f7ba8	0xaf0110
670	nopropagatemap	0x6f7bb0	0xaf011b
144	noregpeep	0x6f7bb8	0xae8cd4
1500	noroundupstruct	0x6f7bc0	0xae36a2
218	nosqrt	0x6f7bc8	0xae1a20
1085	old68klamepeep	0x6f7bd0	0xaf012a
94	popblock	0x6f7bd8	0xaf0139
675	reusesmall	0x6f7be0	0xaf0142
243	sgsbroken	0x6f7be8	0xae8cde
19	shortret	0x6f7bf0	0xaf014d
25	sizes	0x6f7bf8	0xae165a
41	stats	0x6f7c00	0xae1660
1109	splitPIDmode	0x6f7c08	0xaf0156
5	tromponcc	0x6f7c10	0xae8ce8
1126	unsized68branches	0x6f7c18	0xae8cf2
1853	use_LINK_L	0x6f7c20	0xaf0163
1939	usemac	0x6f7c28	0xae1a27
629	outtdesc	0x6f7c30	0xaf016e
887	useA2rel	0x6f7c38	0xaf0177
888	useA3rel	0x6f7c40	0xaf0180
889	useA4rel	0x6f7c48	0xaf0189
890	useA5rel	0x6f7c50	0xaf0192
2652	ignoreA5	0x6f7c58	0xaf019b
891	useA6rel	0x6f7c60	0xaf01a4
581	68332	0x6f7c68	0xae1666
582	68040	0x6f7c70	0xae166c
584	68030	0x6f7c78	0xae1672
585	68882	0x6f7c80	0xae1678
764	m68040bug1	0x6f7c88	0xaf01ad
12	68010	0x6f7c90	0xae167e
98	68020	0x6f7c98	0xae1684
99	68881	0x6f7ca0	0xae168a
1082	68060	0x6f7ca8	0xae1690
1083	68LC060	0x6f7cb0	0xae0fb8
1084	68EC060	0x6f7cb8	0xae0fc0
2351	ColdFire_Float	0x6f7cc0	0xaf01b8
2493	orl_d7	0x6f7cc8	0xae1a2e
961	intelasm960	0x6f7cd0	0xae54c6
964	i960CA	0x6f7cd8	0xae1a35
965	i960KB	0x6f7ce0	0xae1a3c
1000	i960KA	0x6f7ce8	0xae1a43
1179	i960JX	0x6f7cf0	0xae1a4a
1180	i960HX	0x6f7cf8	0xae1a51
972	hasbranchpredict	0x6f7d00	0xaf01c7
1186	intelafp	0x6f7d08	0xaf01d8
977	noprepipe	0x6f7d10	0xae8d04
1535	reserver3	0x6f7d18	0xae8d0e
1010	showaguconvert	0x6f7d20	0xaf01e1
1261	ultraalign	0x6f7d28	0xaf01f0
996	power	0x6f7d30	0xae1696
1309	ppc604	0x6f7d38	0xae1a58
1310	ppc821	0x6f7d40	0xae1a5f
1311	ppc860	0x6f7d48	0xae1a66
2062	AltiVec	0x6f7d50	0xae0fc8
2746	ppce500	0x6f7d58	0xae0fd0
696	ppcvle	0x6f7d60	0xae1a6d
2756	ppc8540	0x6f7d68	0xae0fd8
1966	ppc_e500_single_issue	0x6f7d70	0xae8d18
1957	ppc_e500_no_SPE	0x6f7d78	0xae36b2
571	ppc_e500_dpfp	0x6f7d80	0xae8d2e
444	PPCe500v2GHSABI	0x6f7d88	0xae36c2
1958	ppc_isel	0x6f7d90	0xaf01fb
2769	e500_inst_fix	0x6f7d98	0xae8d3c
2812	e500_inst_fix2	0x6f7da0	0xaf0204
3882	ppc_e300c1	0x6f7da8	0xaf0213
3883	ppc_e300c2	0x6f7db0	0xaf021e
3884	ppc_e300c3	0x6f7db8	0xaf0229
2314	ppc7450	0x6f7dc0	0xae0fe0
3557	ppc_sched_7450	0x6f7dc8	0xaf0234
914	ppc970	0x6f7dd0	0xae1a74
4061	ppce500mc	0x6f7dd8	0xae8d4a
4102	ppce500_with_efpu	0x6f7de0	0xae8d54
4529	ppce500_fsmadd	0x6f7de8	0xaf0243
4463	ppc476fp	0x6f7df0	0xaf0252
1504	EABIfpreg	0x6f7df8	0xae8d66
2109	AltiVec_VRSAVE	0x6f7e00	0xaf025b
1029	autovarargs	0x6f7e08	0xae54d2
2208	avoid_leaf_frames	0x6f7e10	0xae8d70
1664	casejump_branch_table	0x6f7e18	0xae8d82
2111	dsp_extensions	0x6f7e20	0xaf026a
2110	dynamic_stack_align	0x6f7e28	0xae54de
1440	fltconvcalls	0x6f7e30	0xaf0279
2269	forceframeforadaexchandling	0x6f7e38	0xae54f2
2215	leaf_frames_check	0x6f7e40	0xae8d98
1486	leaver10	0x6f7e48	0xaf0286
1424	loadstoremultiple	0x6f7e50	0xae8daa
4104	ppc_has_stmvw_insts	0x6f7e58	0xae550e
4105	ppc_force_stm_interrupt	0x6f7e60	0xae36d2
4502	ppc_vle_carrybit_errata	0x6f7e68	0xae36ea
4503	ppc_vle_rfi_errata	0x6f7e70	0xaf028f
1246	noppctoc	0x6f7e78	0xaf02a2
1164	powerarch	0x6f7e80	0xae8dbc
1048	ppceabi11	0x6f7e88	0xae8dc6
1051	ppcstructreturn	0x6f7e90	0xae3702
1064	ppcgentag	0x6f7e98	0xae8dd0
1067	ppctoc	0x6f7ea0	0xae1a7b
1128	ppcsfp	0x6f7ea8	0xae1a82
1129	ppcsfpd	0x6f7eb0	0xae0fe8
1143	ppc403	0x6f7eb8	0xae1a89
3105	ppc405	0x6f7ec0	0xae1a90
1061	ppc603	0x6f7ec8	0xae1a97
1579	ppc750	0x6f7ed0	0xae1a9e
1859	ppc860_cpu8_bug_fix	0x6f7ed8	0xae5522
2209	use_r0_more	0x6f7ee0	0xae5536
3628	avoid_algebraic_memory_inst	0x6f7ee8	0xae5542
1034	ppccustom1	0x6f7ef0	0xaf02ab
1409	ppcdelcmp	0x6f7ef8	0xae8dda
1161	ppcfarcalls	0x6f7f00	0xae555e
1110	ppcmisalignld	0x6f7f08	0xae8de4
1767	ppcreserver26	0x6f7f10	0xae8df2
1111	ppcstfiwx	0x6f7f18	0xae8e00
1449	shortisr	0x6f7f20	0xaf02b6
1856	no_ppc_better_interrupt	0x6f7f28	0xae3712
1524	smallerprologue	0x6f7f30	0xae372a
3626	ppc_better_prologue	0x6f7f38	0xae556a
4942	ppc_better_smallprologue	0x6f7f40	0xaf02bf
1654	tricky_compares	0x6f7f48	0xae373a
1326	useregchgmask	0x6f7f50	0xae8e0a
2302	mercuryppc	0x6f7f58	0xaf02d8
3304	newmercuryopts	0x6f7f60	0xaf02e3
2378	gnulynxcoff	0x6f7f68	0xae557e
2799	eieio_stores	0x6f7f70	0xaf02f2
2800	eieio_loads	0x6f7f78	0xae558a
4210	two_cycle_multiplies	0x6f7f80	0xaf02ff
542	linux_ppc64_abi	0x6f7f88	0xae374a
379	linux_ppc64_abi_label_fix	0x6f7f90	0xae8e18
591	linux_ppc64_abi_no_func_desc	0x6f7f98	0xaf0314
3627	linux_ppc64_abi_call_func_desc	0x6f7fa0	0xaf0331
539	ppc64_no_traceback_table	0x6f7fa8	0xaf0350
3953	ppc_better_uint32_to_float	0x6f7fb0	0xaf0369
4925	ppc_fast_float64_memcopy	0x6f7fb8	0xaf0384
4649	espresso	0x6f7fc0	0xaf039d
4658	espresso_support_ps	0x6f7fc8	0xae5596
4711	espresso_basic_ps_opt	0x6f7fd0	0xae8e32
4715	espresso_loadstore_opt	0x6f7fd8	0xaf03a6
4725	espresso_peepholes	0x6f7fe0	0xaf03bd
4712	espresso_combine_merge	0x6f7fe8	0xaf03d0
4713	espresso_combine_load	0x6f7ff0	0xae8e48
4714	espresso_combine_store	0x6f7ff8	0xaf03e7
4726	espresso_fsplat	0x6f8000	0xae375a
4727	espresso_merge_epilogue	0x6f8008	0xae376a
4728	espresso_cmp	0x6f8010	0xaf03fe
4729	espresso_ps_pre	0x6f8018	0xae3782
4997	espresso_ps_structinreg	0x6f8020	0xae3792
4724	medium_stack	0x6f8028	0xaf040b
4730	nofpperms	0x6f8030	0xae8e5e
4998	loose_specialization	0x6f8038	0xaf0418
5030	threaddata	0x6f8040	0xaf042d
5031	thread_commons	0x6f8048	0xaf0438
4999	cafetls	0x6f8050	0xae0ff0
723	windows	0x6f8058	0xae0ff8
2084	faster_387_fp	0x6f8060	0xae8e68
885	386sfp	0x6f8068	0xae1aa5
1918	useless_auto_copy	0x6f8070	0xae8e76
435	microsoftasm	0x6f8078	0xaf0447
2558	compute_386_inst_sizes	0x6f8080	0xaf0454
2952	386_alloc_regh_first	0x6f8088	0xaf046b
2637	allocate_edx	0x6f8090	0xaf0480
4361	assume_edx_is_free_for_gnu_asm	0x6f8098	0xaf048d
3816	x64_huge_relocs	0x6f80a0	0xae37aa
3817	x64_fixup_with_r11	0x6f80a8	0xaf04ac
3819	x64_no_huge_code	0x6f80b0	0xaf04bf
3885	386_clear_without_xor	0x6f80b8	0xae8e88
4041	no_gnu_asm_alloc_error	0x6f80c0	0xaf04d0
4043	x64_better_bitfields	0x6f80c8	0xaf04e7
4090	x86_use_sse	0x6f80d0	0xae55aa
4483	x86_use_fcomi	0x6f80d8	0xae8e9e
4091	x64_abi	0x6f80e0	0xae1000
4180	x64_align_stack	0x6f80e8	0xae37ba
4178	dump_x64_callproc	0x6f80f0	0xae8eac
4179	dump_x64_varargs	0x6f80f8	0xaf04fc
4184	return_reals_in_xmm0	0x6f8100	0xaf050d
4185	check_stack_alignment	0x6f8108	0xae8ebe
4232	x64_small_struct_return	0x6f8110	0xae37ca
4110	do_database86	0x6f8118	0xae8ed4
4330	x86_fp_fixup_casejump	0x6f8120	0xae8ee2
4350	no_safe_mtosize	0x6f8128	0xae37e2
4375	no_fix_size_movemm	0x6f8130	0xaf0522
4461	x86_sane_computationtype	0x6f8138	0xaf0535
4162	xda_merge_add_load_always_expands	0x6f8140	0xae8ef8
3273	no_reduce_prepare_dispose	0x6f8148	0xae8f1a
3990	preserve_stack_in_reduce_prepare_dispose	0x6f8150	0xaf054e
3909	hardwarerecip	0x6f8158	0xae8f34
3905	oldtryalloc	0x6f8160	0xae55b6
3822	flabels	0x6f8168	0xae1008
3787	misalignedmoves	0x6f8170	0xae37f2
3783	farcallsalways	0x6f8178	0xaf0577
3776	oldcallt	0x6f8180	0xaf0586
4510	__callt	0x6f8188	0xae1010
4511	callt_always	0x6f8190	0xaf058f
815	movloop	0x6f8198	0xae1018
1055	directXDAloadstore	0x6f81a0	0xaf059c
981	calleehoming	0x6f81a8	0xaf05af
1125	V830	0x6f81b0	0xae1aac
940	V850	0x6f81b8	0xae1ab1
1528	V850E	0x6f81c0	0xae169c
2193	V850F	0x6f81c8	0xae16a2
2306	V850E2	0x6f81d0	0xae1ab6
573	V850E2R	0x6f81d8	0xae1020
4101	V850E2RV3	0x6f81e0	0xae8f42
4138	V850E2RV3C3	0x6f81e8	0xae55c2
4142	V850E2RV3C4	0x6f81f0	0xae55ce
774	810noloadaddr	0x6f81f8	0xae8f4c
1047	810newbinop	0x6f8200	0xae55da
857	V800user5	0x6f8208	0xae8f5a
858	V800user4	0x6f8210	0xae8f64
3533	V800saver1i	0x6f8218	0xae55e6
941	V85024	0x6f8220	0xae1abd
942	V85020	0x6f8228	0xae1ac4
1147	V830usesat	0x6f8230	0xaf05bc
1226	V830noabbranch	0x6f8238	0xaf05c7
1254	V8000xff	0x6f8240	0xaf05d6
1255	V800smallepilogue	0x6f8248	0xae8f6e
1267	V800copycall	0x6f8250	0xaf05df
1271	V800user2	0x6f8258	0xae8f80
1297	V800user1	0x6f8260	0xae8f8a
1276	V850usetst1	0x6f8268	0xae55f2
1299	V800noextrasetf	0x6f8270	0xae3802
1344	V800permhigherthanlocal	0x6f8278	0xae3812
1345	V800allochighpermfirst	0x6f8280	0xaf05ec
1347	V800highpermatlowstack	0x6f8288	0xaf0603
1348	V800prologue2	0x6f8290	0xae8f94
1354	V8000xffff	0x6f8298	0xaf061a
1368	V800r28fp	0x6f82a0	0xae8fa2
1430	V800nosetaddconst	0x6f82a8	0xae8fac
1475	V800prolog3	0x6f82b0	0xae55fe
1478	V8000xff2	0x6f82b8	0xae8fbe
2618	V800globalreg_r22	0x6f82c0	0xae8fc8
1480	V800extracmp2	0x6f82c8	0xae8fda
1481	V800testinout	0x6f82d0	0xae8fe8
1558	V850E_no_prepare	0x6f82d8	0xaf0625
973	V850E_no_prepare_interrupt	0x6f82e0	0xaf0636
1562	V850E_no_callt_prolog	0x6f82e8	0xae8ff6
1563	V850E_no_callt_calls	0x6f82f0	0xaf0651
3978	V850E_no_callt_interrupt	0x6f82f8	0xaf0666
1585	V850E_sld_mode1	0x6f8300	0xae382a
4129	V850E_sda23	0x6f8308	0xae560a
4130	V850E_zda23	0x6f8310	0xae5616
4136	V850E_always_sda16_for_bitop	0x6f8318	0xaf067f
1593	V830R	0x6f8320	0xae16a8
1613	V850E_no_mov32	0x6f8328	0xaf069c
1614	V850E_no_mov32_early	0x6f8330	0xaf06ab
1615	V850E_no_mov32_late	0x6f8338	0xae5622
4346	V800_replop2_checks_mreplace	0x6f8340	0xaf06c0
4323	V800_517	0x6f8348	0xaf06dd
4337	data_spans_32k	0x6f8350	0xaf06e6
4314	V800_dont_fix_up_casm_operands_late	0x6f8358	0xae5636
4293	V800_always_use_bitops	0x6f8360	0xaf06f5
4277	V800_mergemovemove	0x6f8368	0xaf070c
4322	V800_mergeextcmp	0x6f8370	0xaf071f
537	V800_no_r1_early	0x6f8378	0xaf0730
1616	V850E_spell_mov32	0x6f8380	0xae900c
1739	V800prologue_opt	0x6f8388	0xaf0741
1768	V850inlinemul	0x6f8390	0xae901e
1825	V800bogus	0x6f8398	0xae902c
1971	V850nops	0x6f83a0	0xaf0752
1979	V850_load_nop	0x6f83a8	0xae9036
1983	V850_mul_nop	0x6f83b0	0xaf075b
2343	V850_fix_maxtor_st_SFR_hazard	0x6f83b8	0xae9044
4423	V850E_fix_mul	0x6f83c0	0xae9062
4530	V800_vram_ignore_pragma	0x6f83c8	0xae383a
4531	V800_vram_fix	0x6f83d0	0xae9070
4532	V800_vram_all	0x6f83d8	0xae907e
4533	V800_vram_unknown	0x6f83e0	0xae908c
4538	V800_vram_optimize	0x6f83e8	0xaf0768
2760	V850E_fix_mulsh	0x6f83f0	0xae3852
2006	V850E_func_nops	0x6f83f8	0xae3862
2046	V850E_more_nops	0x6f8400	0xae3872
2052	V850E_no_switch	0x6f8408	0xae3882
3108	V850F_trff_fix	0x6f8410	0xaf077b
3109	V850F_better_trff_fix	0x6f8418	0xae909e
538	fix_EVA_load_bug	0x6f8420	0xaf078a
873	fix_V850E_alu_sld_hazard	0x6f8428	0xaf079b
874	warn_V850E_alu_sld_hazard	0x6f8430	0xae90b4
176	V850_bitop_sync	0x6f8438	0xae3892
177	V850_load_store_nop	0x6f8440	0xae565a
178	V850_load_store_sync	0x6f8448	0xaf07b4
172	no_schedule_to_avoid_hazards	0x6f8450	0xaf07c9
1102	multipleTDAdef	0x6f8458	0xaf07e6
1106	multipleTDAref	0x6f8460	0xaf07f5
1351	_V810	0x6f8468	0xae16ae
2135	fix_V850E_sld_hazard	0x6f8470	0xaf0804
2091	no_V850_interrupt_fix	0x6f8478	0xae90ce
993	3rtmps	0x6f8480	0xae1acb
1057	850callinmul	0x6f8488	0xaf0819
3539	v850e1f_inline_fcmp	0x6f8490	0xae566e
1195	indpeep3	0x6f8498	0xaf0826
1077	indpipe2	0x6f84a0	0xaf082f
1482	iovar2	0x6f84a8	0xae1ad2
813	noextracmp	0x6f84b0	0xaf0838
826	noextrasetf	0x6f84b8	0xae5682
827	noextrashift	0x6f84c0	0xaf0843
834	noisextraadd	0x6f84c8	0xaf0850
856	no_adf_sbf	0x6f84d0	0xaf085d
828	no_3op_shift	0x6f84d8	0xaf0868
980	use_xor_for_compare	0x6f84e0	0xae568e
1427	shortloadspbase	0x6f84e8	0xae38a2
982	use1bit	0x6f84f0	0xae1028
1065	useiaction	0x6f84f8	0xaf0875
529	allocate_ep	0x6f8500	0xae56a2
528	convertshortloadstore	0x6f8508	0xae90e4
527	save_ep_with_mov	0x6f8510	0xaf0880
1687	no_v850iscompare1bit	0x6f8518	0xaf0891
4376	no_v850iscompare1bit2	0x6f8520	0xae90fa
1710	V850usetst1_late	0x6f8528	0xaf08a6
1748	V850usetst1_better	0x6f8530	0xaf08b7
1716	no_dest_r0	0x6f8538	0xaf08ca
1751	optimize_shift_of_cached	0x6f8540	0xaf08d5
1752	v850_smaller_bitops	0x6f8548	0xae56ae
509	use_divq	0x6f8550	0xaf08ee
530	V850_no_divh	0x6f8558	0xaf08f7
295	V850E2R_flt	0x6f8560	0xae56c2
298	V850E2R_dbl	0x6f8568	0xae56ce
299	V850E2R_flt_unsigned	0x6f8570	0xaf0904
3250	rotate_ccbits	0x6f8578	0xae9110
3955	no_split_zda_mode	0x6f8580	0xae911e
4145	V850_isr_save_r4r5	0x6f8588	0xaf0919
4601	V800_interrupts_save_eiic	0x6f8590	0xae9130
4602	denso2010	0x6f8598	0xae914a
1801	MCOREsfp	0x6f85a0	0xaf092c
2092	mcore300	0x6f85a8	0xaf0935
2099	M300	0x6f85b0	0xae1ad9
2643	mcore_old_pushit	0x6f85b8	0xaf093e
2076	split_ldd_std	0x6f85c0	0xae9154
2097	javelin2	0x6f85c8	0xaf094f
2113	tricore_tc1v13	0x6f85d0	0xaf0958
2162	tricore_dvstep_loop_fix	0x6f85d8	0xae38b2
1809	stackcall	0x6f85e0	0xae9162
1964	disable_ali	0x6f85e8	0xae56da
4377	no_textreloc_ali_hilo_fix	0x6f85f0	0xae916c
1773	justify_frac16_args	0x6f85f8	0xae56e6
2098	no_quads	0x6f8600	0xaf0967
3849	tricore_use_ftoi	0x6f8608	0xaf0970
3850	tricore_flip_rounding_mode	0x6f8610	0xaf0981
3856	trunc_float_unsigned_as_signed	0x6f8618	0xaf099c
2087	tc10gp_loop_fix	0x6f8620	0xae38ca
1820	tricore_ridera	0x6f8628	0xaf09bb
1821	tricore_riderb	0x6f8630	0xaf09ca
1515	use16bitinsts	0x6f8638	0xae9186
2277	tc1v13_cpu9_wa	0x6f8640	0xaf09d9
2278	tc1v13_ldmst_wa	0x6f8648	0xae38da
2279	tc1v13_cpu11_wa	0x6f8650	0xae38ea
2280	tc1v13_cpu5_wa	0x6f8658	0xaf09e8
2281	tc1v12_cor14_wa	0x6f8660	0xae38fa
2290	tc1v12_cor14_wa_sup	0x6f8668	0xae56fa
2291	tc1v12_cor14_wa_en	0x6f8670	0xaf09f7
2293	tc1v13_cpu14_wa	0x6f8678	0xae390a
2369	tc1v13_cpu16_wa	0x6f8680	0xae391a
3555	cpu_tc048_wa	0x6f8688	0xaf0a0a
3553	cpu_tc060_wa	0x6f8690	0xaf0a17
346	cpu_tc069_wa	0x6f8698	0xaf0a24
345	cpu_tc070_wa	0x6f86a0	0xaf0a31
3246	cpu_tc072_wa	0x6f86a8	0xaf0a3e
2506	cpu_tc083_wa	0x6f86b0	0xaf0a4b
2321	cpu_tc094_wa	0x6f86b8	0xaf0a58
2245	cpu_tc095_wa	0x6f86c0	0xaf0a65
16	cpu_tc096_wa	0x6f86c8	0xaf0a72
3801	tricore_eabi_funcs	0x6f86d0	0xaf0a7f
142	fly_zerodata	0x6f86d8	0xaf0a92
143	fly_tinydata	0x6f86e0	0xaf0a9f
4494	fly_has_unaligned_loads	0x6f86e8	0xae392a
4495	fly_has_unaligned_stores	0x6f86f0	0xaf0aac
4496	fly_always_use_unaligned_insts	0x6f86f8	0xaf0ac5
2311	unpairedbranch	0x6f8700	0xaf0ae4
2863	oldcond	0x6f8708	0xae1030
2629	div2mul	0x6f8710	0xae1038
2322	coerce_pairs	0x6f8718	0xaf0af3
2514	rotate_predicates	0x6f8720	0xae9194
2530	discontiguous_stack	0x6f8728	0xae570e
2843	no_instbias	0x6f8730	0xae5722
2844	ree2	0x6f8738	0xae1ade
2845	oldree	0x6f8740	0xae1ae3
2555	fp2000	0x6f8748	0xae1aea
2556	fp2001	0x6f8750	0xae1af1
2814	fp2002	0x6f8758	0xae1af8
2847	fp2003	0x6f8760	0xae1aff
3592	fp2006	0x6f8768	0xae1b06
2436	fpfnsc	0x6f8770	0xae1b0d
2984	unaligned_vector_loads	0x6f8778	0xaf0b00
3062	struct64passedbyvaluefix	0x6f8780	0xaf0b17
1198	bf_pairing_bug	0x6f8788	0xaf0b30
820	bf_mmrload_bug	0x6f8790	0xaf0b3f
677	bf_sync_after_br_bug	0x6f8798	0xaf0b4e
678	bf_load_after_br_bug	0x6f87a0	0xaf0b63
3742	bf_print_inst_info	0x6f87a8	0xaf0b78
2316	saturation	0x6f87b0	0xaf0b8b
2467	scom_pdspgen	0x6f87b8	0xaf0b96
1144	m32r_div_zero_bug	0x6f87c0	0xae91a6
1895	m32r_large_code_model	0x6f87c8	0xae91b8
2007	m32r_large_data_model	0x6f87d0	0xae91ce
2468	scom_il2cfg	0x6f87d8	0xae572e
2469	scom_raga	0x6f87e0	0xae91e4
2470	scom_cfg2il	0x6f87e8	0xae573a
2472	scom_fin	0x6f87f0	0xaf0ba3
2482	scom_xymerge	0x6f87f8	0xaf0bac
2483	scom_dce	0x6f8800	0xaf0bb9
2484	scom_peep	0x6f8808	0xae91ee
2485	scom_debugmachsuif	0x6f8810	0xaf0bc2
2603	scom_dumpsuifil	0x6f8818	0xae3942
634	indopc2	0x6f8820	0xae1040
3619	opc_no_early_fixup_of_constants	0x6f8828	0xae3952
3231	opc_force_try_2op	0x6f8830	0xae91f8
3238	opc_cache_idesc	0x6f8838	0xae3972
3239	opc_verify_idesc_cache	0x6f8840	0xaf0bd5
200	opc_idesc_cache_stats	0x6f8848	0xae920a
1123	opc_opimm_match_const_reg	0x6f8850	0xae9220
535	opc_combine_rdwr	0x6f8858	0xaf0bec
4383	opc_dp_relative_accesses	0x6f8860	0xaf0bfd
4523	opc_no_sprel_offset_guess	0x6f8868	0xae923a
3559	dcbz_no_use_r0	0x6f8870	0xaf0c16
100	cust0	0x6f8878	0xae16b4
101	cust1	0x6f8880	0xae16ba
102	cust2	0x6f8888	0xae16c0
103	cust3	0x6f8890	0xae16c6
104	cust4	0x6f8898	0xae16cc
105	cust5	0x6f88a0	0xae16d2
106	cust6	0x6f88a8	0xae16d8
107	cust7	0x6f88b0	0xae16de
108	cust8	0x6f88b8	0xae16e4
109	cust9	0x6f88c0	0xae16ea
263	spr5783fix	0x6f88c8	0xaf0c25
381	spr5783warn	0x6f88d0	0xae5746
467	spr5859fix	0x6f88d8	0xaf0c30
533	spr5859warn	0x6f88e0	0xae5752
1574	v850_andi_tst1_conditioncode_fix	0x6f88e8	0xaf0c3b
1577	v850_andi_tst1_conditioncode_warn	0x6f88f0	0xae9254
1576	jons_test1	0x6f88f8	0xaf0c5c
1713	jons_test3	0x6f8900	0xaf0c67
1733	jons_test4	0x6f8908	0xaf0c72
2002	kraai3	0x6f8910	0xae1b14
2038	kraai7	0x6f8918	0xae1b1b
2039	kraai8	0x6f8920	0xae1b22
1848	ken3	0x6f8928	0xae1b29
1806	steven1	0x6f8930	0xae1048
1807	steven2	0x6f8938	0xae1050
1808	steven3	0x6f8940	0xae1058
1703	bmc1	0x6f8948	0xae1b2e
1704	bmc2	0x6f8950	0xae1b33
1705	bmc3	0x6f8958	0xae1b38
362	mth2	0x6f8960	0xae1b3d
369	mth9	0x6f8968	0xae1b42
1909	duane1	0x6f8970	0xae1b47
1910	duane2	0x6f8978	0xae1b4e
1911	duane3	0x6f8980	0xae1b55
1912	duane4	0x6f8988	0xae1b5c
1519	mhall1	0x6f8990	0xae1b63
1520	mhall2	0x6f8998	0xae1b6a
1521	mhall3	0x6f89a0	0xae1b71
1652	mhall4	0x6f89a8	0xae1b78
1653	mhall5	0x6f89b0	0xae1b7f
2128	mhall6	0x6f89b8	0xae1b86
2129	mhall7	0x6f89c0	0xae1b8d
2130	mhall8	0x6f89c8	0xae1b94
2131	mhall9	0x6f89d0	0xae1b9b
2132	mhall10	0x6f89d8	0xae1060
1044	edlee0	0x6f89e0	0xae1ba2
1052	edlee1	0x6f89e8	0xae1ba9
1053	edlee2	0x6f89f0	0xae1bb0
1332	edlee1332	0x6f89f8	0xae9276
1606	jiong1	0x6f8a00	0xae1bb7
1612	jiong2	0x6f8a08	0xae1bbe
1933	jiong3	0x6f8a10	0xae1bc5
1934	jiong4	0x6f8a18	0xae1bcc
2096	jiong5	0x6f8a20	0xae1bd3
2164	jiong6	0x6f8a28	0xae1bda
2165	jiong7	0x6f8a30	0xae1be1
2166	jiong8	0x6f8a38	0xae1be8
2233	jiong9	0x6f8a40	0xae1bef
2234	jiong10	0x6f8a48	0xae1068
1006	jiong11	0x6f8a50	0xae1070
849	jiong12	0x6f8a58	0xae1078
847	jiong13	0x6f8a60	0xae1080
840	jiong14	0x6f8a68	0xae1088
839	jiong15	0x6f8a70	0xae1090
838	jiong16	0x6f8a78	0xae1098
822	jiong17	0x6f8a80	0xae10a0
823	jiong18	0x6f8a88	0xae10a8
733	jiong19	0x6f8a90	0xae10b0
734	jiong20	0x6f8a98	0xae10b8
3228	jiong21	0x6f8aa0	0xae10c0
4131	jiong22	0x6f8aa8	0xae10c8
4132	jiong23	0x6f8ab0	0xae10d0
3745	armpipe1	0x6f8ab8	0xaf0c7d
3746	armpipe2	0x6f8ac0	0xaf0c86
3747	armpipe3	0x6f8ac8	0xaf0c8f
3748	armpipe4	0x6f8ad0	0xaf0c98
3749	armpipe5	0x6f8ad8	0xaf0ca1
3750	armpipe6	0x6f8ae0	0xaf0caa
3751	armpipe7	0x6f8ae8	0xaf0cb3
3752	armpipe8	0x6f8af0	0xaf0cbc
3753	armpipe9	0x6f8af8	0xaf0cc5
3754	armpipe10	0x6f8b00	0xae9280
7	dmsim0	0x6f8b08	0xae1bf6
2199	dmsim1	0x6f8b10	0xae1bfd
2200	dmsim2	0x6f8b18	0xae1c04
2340	dmsim3	0x6f8b20	0xae1c0b
2852	dmsim4	0x6f8b28	0xae1c12
2853	dmsim5	0x6f8b30	0xae1c19
4732	dmsim115	0x6f8b38	0xaf0cce
2201	govenar1	0x6f8b40	0xaf0cd7
2202	govenar2	0x6f8b48	0xaf0ce0
2203	govenar3	0x6f8b50	0xaf0ce9
2227	govenar4	0x6f8b58	0xaf0cf2
2228	govenar5	0x6f8b60	0xaf0cfb
2229	govenar6	0x6f8b68	0xaf0d04
2319	govenar7	0x6f8b70	0xaf0d0d
2320	govenar8	0x6f8b78	0xaf0d16
4458	govenar9	0x6f8b80	0xaf0d1f
2504	govenar10	0x6f8b88	0xae928a
2505	govenar11	0x6f8b90	0xae9294
3797	govenar12	0x6f8b98	0xae929e
2590	govenar13	0x6f8ba0	0xae92a8
2591	govenar14	0x6f8ba8	0xae92b2
2592	govenar15	0x6f8bb0	0xae92bc
2593	govenar16	0x6f8bb8	0xae92c6
3798	govenar17	0x6f8bc0	0xae92d0
3247	govenar18	0x6f8bc8	0xae92da
3248	govenar19	0x6f8bd0	0xae92e4
340	govenar20	0x6f8bd8	0xae92ee
4430	govenar21	0x6f8be0	0xae92f8
3251	govenar22	0x6f8be8	0xae9302
3800	govenar23	0x6f8bf0	0xae930c
3253	govenar24	0x6f8bf8	0xae9316
3254	govenar25	0x6f8c00	0xae9320
3255	govenar26	0x6f8c08	0xae932a
3256	govenar27	0x6f8c10	0xae9334
3895	govenar28	0x6f8c18	0xae933e
3554	govenar29	0x6f8c20	0xae9348
3896	govenar30	0x6f8c28	0xae9352
2246	ericj2	0x6f8c30	0xae1c20
2299	ericj4	0x6f8c38	0xae1c27
2494	ericj5	0x6f8c40	0xae1c2e
1301	ericj6	0x6f8c48	0xae1c35
1296	ericj8	0x6f8c50	0xae1c3c
2204	zhangr1	0x6f8c58	0xae10d8
2205	zhangr2	0x6f8c60	0xae10e0
2206	zhangr3	0x6f8c68	0xae10e8
2207	zhangr4	0x6f8c70	0xae10f0
2247	zhangr5	0x6f8c78	0xae10f8
2248	zhangr6	0x6f8c80	0xae1100
2251	zhangr7	0x6f8c88	0xae1108
2252	zhangr8	0x6f8c90	0xae1110
1831	zhangr9	0x6f8c98	0xae1118
1837	zhangr10	0x6f8ca0	0xaf0d28
2055	zhangr11	0x6f8ca8	0xaf0d31
2072	zhangr12	0x6f8cb0	0xaf0d3a
2708	zhangr13	0x6f8cb8	0xaf0d43
2709	zhangr14	0x6f8cc0	0xaf0d4c
2431	dkoes1	0x6f8cc8	0xae1c43
2433	dkoes3	0x6f8cd0	0xae1c4a
2585	dkoes6	0x6f8cd8	0xae1c51
1803	mkrebs1	0x6f8ce0	0xae1120
1996	mkrebs2	0x6f8ce8	0xae1128
2150	mkrebs3	0x6f8cf0	0xae1130
2152	mkrebs4	0x6f8cf8	0xae1138
2153	mkrebs5	0x6f8d00	0xae1140
2323	mkrebs6	0x6f8d08	0xae1148
2453	mkrebs7	0x6f8d10	0xae1150
2454	mkrebs8	0x6f8d18	0xae1158
2455	mkrebs9	0x6f8d20	0xae1160
2136	mkrebs10	0x6f8d28	0xaf0d55
2975	mkrebs11	0x6f8d30	0xaf0d5e
3344	mkrebs12	0x6f8d38	0xaf0d67
305	mkrebs13	0x6f8d40	0xaf0d70
138	mkrebs14	0x6f8d48	0xaf0d79
2490	kipton1	0x6f8d50	0xae1168
2491	kipton2	0x6f8d58	0xae1170
2492	kipton3	0x6f8d60	0xae1178
2598	kipton4	0x6f8d68	0xae1180
2599	kipton5	0x6f8d70	0xae1188
2600	kipton6	0x6f8d78	0xae1190
1223	greg1	0x6f8d80	0xae16f0
1225	greg2	0x6f8d88	0xae16f6
1340	greg3	0x6f8d90	0xae16fc
1341	greg4	0x6f8d98	0xae1702
2148	greg5	0x6f8da0	0xae1708
2149	greg6	0x6f8da8	0xae170e
2048	mikes1	0x6f8db0	0xae1c58
2049	mikes2	0x6f8db8	0xae1c5f
2050	mikes3	0x6f8dc0	0xae1c66
2051	mikes4	0x6f8dc8	0xae1c6d
2262	mikes5	0x6f8dd0	0xae1c74
2263	mikes6	0x6f8dd8	0xae1c7b
2264	mikes7	0x6f8de0	0xae1c82
2265	mikes8	0x6f8de8	0xae1c89
2896	mikes9	0x6f8df0	0xae1c90
2897	mikes10	0x6f8df8	0xae1198
2898	mikes11	0x6f8e00	0xae11a0
2899	mikes12	0x6f8e08	0xae11a8
2900	mikes13	0x6f8e10	0xae11b0
2901	mikes14	0x6f8e18	0xae11b8
2902	mikes15	0x6f8e20	0xae11c0
2903	mikes16	0x6f8e28	0xae11c8
3068	mikes17	0x6f8e30	0xae11d0
3069	mikes18	0x6f8e38	0xae11d8
3070	mikes19	0x6f8e40	0xae11e0
3071	mikes20	0x6f8e48	0xae11e8
1795	tomrz1_no_fix_kr_char_dbinfo	0x6f8e50	0xaf0d82
2106	tomrz2	0x6f8e58	0xae1c97
2107	tomrz3	0x6f8e60	0xae1c9e
2449	tomrz4	0x6f8e68	0xae1ca5
2450	tomrz5	0x6f8e70	0xae1cac
2451	tomrz6	0x6f8e78	0xae1cb3
2456	tomrz7	0x6f8e80	0xae1cba
2457	tomrz8	0x6f8e88	0xae1cc1
2496	tomrz9	0x6f8e90	0xae1cc8
2497	tomrz10	0x6f8e98	0xae11f0
2498	tomrz11	0x6f8ea0	0xae11f8
2499	tomrz12	0x6f8ea8	0xae1200
2647	tomrz13	0x6f8eb0	0xae1208
2648	tomrz14	0x6f8eb8	0xae1210
2649	tomrz15	0x6f8ec0	0xae1218
3328	tomrz16	0x6f8ec8	0xae1220
2032	markm1	0x6f8ed0	0xae1ccf
2033	markm2	0x6f8ed8	0xae1cd6
2044	markm3	0x6f8ee0	0xae1cdd
2045	markm4	0x6f8ee8	0xae1ce4
2112	markm5	0x6f8ef0	0xae1ceb
797	davek1	0x6f8ef8	0xae1cf2
798	davek2	0x6f8f00	0xae1cf9
2569	davek3	0x6f8f08	0xae1d00
1554	davek4	0x6f8f10	0xae1d07
1556	davek5	0x6f8f18	0xae1d0e
1557	davek6	0x6f8f20	0xae1d15
1590	davek7	0x6f8f28	0xae1d1c
2570	davek8	0x6f8f30	0xae1d23
2571	davek9	0x6f8f38	0xae1d2a
1444	prince1	0x6f8f40	0xae1228
1423	prince2	0x6f8f48	0xae1230
2401	tsay1	0x6f8f50	0xae1714
2402	tsay2	0x6f8f58	0xae171a
2403	tsay3	0x6f8f60	0xae1720
2405	tsay5	0x6f8f68	0xae1726
2533	tsay6	0x6f8f70	0xae172c
2534	tsay7	0x6f8f78	0xae1732
2535	tsay8	0x6f8f80	0xae1738
2536	tsay9	0x6f8f88	0xae173e
2398	sswenson1	0x6f8f90	0xae935c
2399	sswenson2	0x6f8f98	0xae9366
2406	sswenson3	0x6f8fa0	0xae9370
2408	sswenson5	0x6f8fa8	0xae937a
459	sswenson15	0x6f8fb0	0xaf0d9f
460	sswenson16	0x6f8fb8	0xaf0daa
69	jy_1	0x6f8fc0	0xae1d31
2298	jy_4	0x6f8fc8	0xae1d36
2407	jy_5	0x6f8fd0	0xae1d3b
2444	jy_6	0x6f8fd8	0xae1d40
2445	jy_7	0x6f8fe0	0xae1d45
2446	jy_8	0x6f8fe8	0xae1d4a
2447	jy_9	0x6f8ff0	0xae1d4f
454	toyota_10	0x6f8ff8	0xae9384
455	toyota_11	0x6f9000	0xae938e
456	toyota_12	0x6f9008	0xae9398
457	toyota_13	0x6f9010	0xae93a2
458	toyota_14	0x6f9018	0xae93ac
461	toyota_15	0x6f9020	0xae93b6
3420	trq2	0x6f9028	0xae1d54
3421	trq3	0x6f9030	0xae1d59
3425	trq7	0x6f9038	0xae1d5e
3426	trq8	0x6f9040	0xae1d63
3427	trq9	0x6f9048	0xae1d68
2489	trq12	0x6f9050	0xae1744
3272	mpslager1	0x6f9058	0xae93c0
3989	mpslager2	0x6f9060	0xae93ca
2438	mpslager3	0x6f9068	0xae93d4
2439	mpslager4	0x6f9070	0xae93de
2440	mpslager5	0x6f9078	0xae93e8
2825	mpslager6	0x6f9080	0xae93f2
2834	mpslager7	0x6f9088	0xae93fc
2835	mpslager8	0x6f9090	0xae9406
2836	mpslager9	0x6f9098	0xae9410
3000	mpslagerA	0x6f90a0	0xae941a
3001	mpslagerB	0x6f90a8	0xae9424
3002	mpslagerC	0x6f90b0	0xae942e
3003	mpslagerD	0x6f90b8	0xae9438
3004	mpslagerE	0x6f90c0	0xae9442
3005	mpslagerF	0x6f90c8	0xae944c
2837	mpslager10	0x6f90d0	0xaf0db5
3316	mpslager11	0x6f90d8	0xaf0dc0
3307	mpslager12	0x6f90e0	0xaf0dcb
3308	mpslager13	0x6f90e8	0xaf0dd6
3309	mpslager14	0x6f90f0	0xaf0de1
3310	mpslager15	0x6f90f8	0xaf0dec
3311	mpslager16	0x6f9100	0xaf0df7
3312	mpslager17	0x6f9108	0xaf0e02
3313	mpslager18	0x6f9110	0xaf0e0d
3314	mpslager19	0x6f9118	0xaf0e18
3315	mpslager1A	0x6f9120	0xaf0e23
3607	mpslager1B	0x6f9128	0xaf0e2e
3608	mpslager1C	0x6f9130	0xaf0e39
3609	mpslager1D	0x6f9138	0xaf0e44
3610	mpslager1E	0x6f9140	0xaf0e4f
3611	mpslager1F	0x6f9148	0xaf0e5a
3612	mpslager20	0x6f9150	0xaf0e65
3613	mpslager21	0x6f9158	0xaf0e70
3614	mpslager22	0x6f9160	0xaf0e7b
3615	mpslager23	0x6f9168	0xaf0e86
3616	mpslager24	0x6f9170	0xaf0e91
1163	mpslager25	0x6f9178	0xaf0e9c
2876	mpslager99	0x6f9180	0xaf0ea7
2559	animal_sacrifice	0x6f9188	0xaf0eb2
2587	madhack	0x6f9190	0xae1238
2677	dont_crash	0x6f9198	0xaf0ec3
4534	adamk1	0x6f91a0	0xae1d6d
3560	adamk4	0x6f91a8	0xae1d74
3561	adamk5	0x6f91b0	0xae1d7b
3562	adamk6	0x6f91b8	0xae1d82
3563	adamk7	0x6f91c0	0xae1d89
3564	adamk8	0x6f91c8	0xae1d90
3565	adamk9	0x6f91d0	0xae1d97
3566	adamk10	0x6f91d8	0xae1240
4069	gao1	0x6f91e0	0xae1d9e
4070	gao2	0x6f91e8	0xae1da3
4071	gao3	0x6f91f0	0xae1da8
4072	gao4	0x6f91f8	0xae1dad
4073	gao5	0x6f9200	0xae1db2
4074	gao6	0x6f9208	0xae1db7
4075	gao7	0x6f9210	0xae1dbc
4076	gao8	0x6f9218	0xae1dc1
4077	gao9	0x6f9220	0xae1dc6
4078	gao10	0x6f9228	0xae174a
2474	paulj1	0x6f9230	0xae1dcb
2475	paulj2	0x6f9238	0xae1dd2
2476	paulj3	0x6f9240	0xae1dd9
2690	paulj4	0x6f9248	0xae1de0
2691	paulj5	0x6f9250	0xae1de7
3094	paulj6	0x6f9258	0xae1dee
3095	paulj7	0x6f9260	0xae1df5
3096	paulj8	0x6f9268	0xae1dfc
3097	paulj9	0x6f9270	0xae1e03
3417	guyg2	0x6f9278	0xae1750
3418	guyg3	0x6f9280	0xae1756
3434	guyg4	0x6f9288	0xae175c
3435	guyg5	0x6f9290	0xae1762
3436	guyg6	0x6f9298	0xae1768
3437	guyg7	0x6f92a0	0xae176e
3438	guyg8	0x6f92a8	0xae1774
3439	guyg9	0x6f92b0	0xae177a
3460	guyg10	0x6f92b8	0xae1e0a
3451	guyg11	0x6f92c0	0xae1e11
3452	guyg12	0x6f92c8	0xae1e18
3453	guyg13	0x6f92d0	0xae1e1f
3454	guyg14	0x6f92d8	0xae1e26
3455	guyg15	0x6f92e0	0xae1e2d
3456	guyg16	0x6f92e8	0xae1e34
3458	guyg18	0x6f92f0	0xae1e3b
3459	guyg19	0x6f92f8	0xae1e42
3470	guyg20	0x6f9300	0xae1e49
3461	guyg21	0x6f9308	0xae1e50
3462	guyg22	0x6f9310	0xae1e57
3463	guyg23	0x6f9318	0xae1e5e
3464	guyg24	0x6f9320	0xae1e65
3465	guyg25	0x6f9328	0xae1e6c
3466	guyg26	0x6f9330	0xae1e73
3467	guyg27	0x6f9338	0xae1e7a
3468	guyg28	0x6f9340	0xae1e81
3469	guyg29	0x6f9348	0xae1e88
3501	guyg30	0x6f9350	0xae1e8f
3502	guyg31	0x6f9358	0xae1e96
3503	guyg32	0x6f9360	0xae1e9d
3515	guyg33	0x6f9368	0xae1ea4
3499	guyg34	0x6f9370	0xae1eab
3495	guyg35	0x6f9378	0xae1eb2
3497	guyg37	0x6f9380	0xae1eb9
3498	guyg38	0x6f9388	0xae1ec0
3976	guyg40	0x6f9390	0xae1ec7
3967	guyg41	0x6f9398	0xae1ece
3968	guyg42	0x6f93a0	0xae1ed5
3969	guyg43	0x6f93a8	0xae1edc
3970	guyg44	0x6f93b0	0xae1ee3
3971	guyg45	0x6f93b8	0xae1eea
3972	guyg46	0x6f93c0	0xae1ef1
3973	guyg47	0x6f93c8	0xae1ef8
3974	guyg48	0x6f93d0	0xae1eff
3975	guyg49	0x6f93d8	0xae1f06
4520	guyg50	0x6f93e0	0xae1f0d
4521	guyg51	0x6f93e8	0xae1f14
4512	guyg52	0x6f93f0	0xae1f1b
4513	guyg53	0x6f93f8	0xae1f22
4514	guyg54	0x6f9400	0xae1f29
4515	guyg55	0x6f9408	0xae1f30
4516	guyg56	0x6f9410	0xae1f37
4517	guyg57	0x6f9418	0xae1f3e
4518	guyg58	0x6f9420	0xae1f45
4519	guyg59	0x6f9428	0xae1f4c
4114	guyg_transform0	0x6f9430	0xae3982
4115	guyg_transform1	0x6f9438	0xae3992
4116	guyg_transform2	0x6f9440	0xae39a2
4117	guyg_transform3	0x6f9448	0xae39b2
4118	guyg_transform4	0x6f9450	0xae39c2
4119	guyg_transform5	0x6f9458	0xae39d2
4120	guyg_transform6	0x6f9460	0xae39e2
4121	guyg_transform7	0x6f9468	0xae39f2
4122	guyg_transform8	0x6f9470	0xae3a02
4123	guyg_transform9	0x6f9478	0xae3a12
4289	guyg_transform10	0x6f9480	0xaf0ece
4290	guyg_transform11	0x6f9488	0xaf0edf
4281	guyg_transform12	0x6f9490	0xaf0ef0
4282	guyg_transform13	0x6f9498	0xaf0f01
4283	guyg_transform14	0x6f94a0	0xaf0f12
4284	guyg_transform15	0x6f94a8	0xaf0f23
4285	guyg_transform16	0x6f94b0	0xaf0f34
4286	guyg_transform17	0x6f94b8	0xaf0f45
4287	guyg_transform18	0x6f94c0	0xaf0f56
4288	guyg_transform19	0x6f94c8	0xaf0f67
3996	matthewj1	0x6f94d0	0xae9456
3997	matthewj2	0x6f94d8	0xae9460
3998	matthewj3	0x6f94e0	0xae946a
3999	matthewj4	0x6f94e8	0xae9474
4000	matthewj5	0x6f94f0	0xae947e
4001	matthewj6	0x6f94f8	0xae9488
4002	matthewj7	0x6f9500	0xae9492
4003	matthewj8	0x6f9508	0xae949c
4004	matthewj9	0x6f9510	0xae94a6
4005	matthewj10	0x6f9518	0xaf0f78
4006	matthewj11	0x6f9520	0xaf0f83
4007	matthewj12	0x6f9528	0xaf0f8e
4008	matthewj13	0x6f9530	0xaf0f99
4009	matthewj14	0x6f9538	0xaf0fa4
4010	matthewj15	0x6f9540	0xaf0faf
4011	matthewj16	0x6f9548	0xaf0fba
4012	matthewj17	0x6f9550	0xaf0fc5
4013	matthewj18	0x6f9558	0xaf0fd0
4014	matthewj19	0x6f9560	0xaf0fdb
4015	matthewj20	0x6f9568	0xaf0fe6
4079	mjrosenb1	0x6f9570	0xae94b0
4080	mjrosenb2	0x6f9578	0xae94ba
4081	mjrosenb3	0x6f9580	0xae94c4
4082	mjrosenb4	0x6f9588	0xae94ce
4083	mjrosenb5	0x6f9590	0xae94d8
4084	mjrosenb6	0x6f9598	0xae94e2
4085	mjrosenb7	0x6f95a0	0xae94ec
4086	mjrosenb8	0x6f95a8	0xae94f6
4087	mjrosenb9	0x6f95b0	0xae9500
4088	mjrosenb10	0x6f95b8	0xaf0ff1
4215	mjrosenb11	0x6f95c0	0xaf0ffc
4216	mjrosenb12	0x6f95c8	0xaf1007
4217	mjrosenb13	0x6f95d0	0xaf1012
4218	mjrosenb14	0x6f95d8	0xaf101d
4219	mjrosenb15	0x6f95e0	0xaf1028
4220	mjrosenb16	0x6f95e8	0xaf1033
4221	mjrosenb17	0x6f95f0	0xaf103e
4222	mjrosenb18	0x6f95f8	0xaf1049
4223	mjrosenb19	0x6f9600	0xaf1054
4224	mjrosenb20	0x6f9608	0xaf105f
4436	mjrosenb21	0x6f9610	0xaf106a
4437	mjrosenb22	0x6f9618	0xaf1075
4438	mjrosenb23	0x6f9620	0xaf1080
4439	mjrosenb24	0x6f9628	0xaf108b
4440	mjrosenb25	0x6f9630	0xaf1096
4441	mjrosenb26	0x6f9638	0xaf10a1
4442	mjrosenb27	0x6f9640	0xaf10ac
4443	mjrosenb28	0x6f9648	0xaf10b7
4444	mjrosenb29	0x6f9650	0xaf10c2
4445	mjrosenb30	0x6f9658	0xaf10cd
4446	mjrosenb31	0x6f9660	0xaf10d8
4447	mjrosenb32	0x6f9668	0xaf10e3
4448	mjrosenb33	0x6f9670	0xaf10ee
4449	mjrosenb34	0x6f9678	0xaf10f9
4450	mjrosenb35	0x6f9680	0xaf1104
4451	mjrosenb36	0x6f9688	0xaf110f
4452	mjrosenb37	0x6f9690	0xaf111a
4453	mjrosenb38	0x6f9698	0xaf1125
4454	mjrosenb39	0x6f96a0	0xaf1130
4455	mjrosenb40	0x6f96a8	0xaf113b
3823	mtauraso1	0x6f96b0	0xae950a
3824	mtauraso2	0x6f96b8	0xae9514
3825	mtauraso3	0x6f96c0	0xae951e
3826	mtauraso4	0x6f96c8	0xae9528
3827	mtauraso5	0x6f96d0	0xae9532
2517	dhecht1	0x6f96d8	0xae1248
2518	dhecht2	0x6f96e0	0xae1250
2522	dhecht3	0x6f96e8	0xae1258
2528	dhecht4	0x6f96f0	0xae1260
2529	dhecht5	0x6f96f8	0xae1268
2544	dhecht6	0x6f9700	0xae1270
3206	dhecht7	0x6f9708	0xae1278
3207	dhecht8	0x6f9710	0xae1280
3329	dhecht9	0x6f9718	0xae1288
3334	dhecht10	0x6f9720	0xaf1146
3356	dhecht11	0x6f9728	0xaf114f
1405	dhecht12	0x6f9730	0xaf1158
2548	pnkfelix1	0x6f9738	0xae953c
2549	pnkfelix2	0x6f9740	0xae9546
2550	pnkfelix3	0x6f9748	0xae9550
2551	pnkfelix4	0x6f9750	0xae955a
2552	pnkfelix5	0x6f9758	0xae9564
2553	pnkfelix6	0x6f9760	0xae956e
2608	pnkfelix7	0x6f9768	0xae9578
2609	pnkfelix8	0x6f9770	0xae9582
2610	pnkfelix9	0x6f9778	0xae958c
2631	pnkfelix10	0x6f9780	0xaf1161
2632	pnkfelix11	0x6f9788	0xaf116c
2633	pnkfelix12	0x6f9790	0xaf1177
2634	pnkfelix13	0x6f9798	0xaf1182
2635	pnkfelix14	0x6f97a0	0xaf118d
2636	pnkfelix15	0x6f97a8	0xaf1198
2728	pnkfelix16	0x6f97b0	0xaf11a3
2729	pnkfelix17	0x6f97b8	0xaf11ae
2730	pnkfelix18	0x6f97c0	0xaf11b9
2731	pnkfelix19	0x6f97c8	0xaf11c4
2562	bird1	0x6f97d0	0xae1780
2563	bird2	0x6f97d8	0xae1786
2564	bird3	0x6f97e0	0xae178c
2565	bird4	0x6f97e8	0xae1792
2566	bird5	0x6f97f0	0xae1798
2567	bird6	0x6f97f8	0xae179e
2711	bird7	0x6f9800	0xae17a4
2712	bird8	0x6f9808	0xae17aa
2713	bird9	0x6f9810	0xae17b0
2714	bird10	0x6f9818	0xae1f53
2715	bird11	0x6f9820	0xae1f5a
2716	bird12	0x6f9828	0xae1f61
2717	bird13	0x6f9830	0xae1f68
2718	bird14	0x6f9838	0xae1f6f
2719	bird15	0x6f9840	0xae1f76
2720	bird16	0x6f9848	0xae1f7d
2871	marsolf1	0x6f9850	0xaf11cf
2872	marsolf2	0x6f9858	0xaf11d8
2959	marsolf3	0x6f9860	0xaf11e1
2974	marsolf4	0x6f9868	0xaf11ea
3106	marsolf5	0x6f9870	0xaf11f3
2172	marsolf6	0x6f9878	0xaf11fc
2914	nikola1	0x6f9880	0xae1290
2915	nikola2	0x6f9888	0xae1298
2916	nikola3	0x6f9890	0xae12a0
2917	nikola4	0x6f9898	0xae12a8
2918	nikola5	0x6f98a0	0xae12b0
2919	nikola6	0x6f98a8	0xae12b8
3892	nikola7	0x6f98b0	0xae12c0
3893	nikola8	0x6f98b8	0xae12c8
3894	nikola9	0x6f98c0	0xae12d0
872	mmaxim5	0x6f98c8	0xae12d8
743	mmaxim7	0x6f98d0	0xae12e0
3591	mmaxim9	0x6f98d8	0xae12e8
1203	jared0	0x6f98e0	0xae1f84
1204	jared1	0x6f98e8	0xae1f8b
1237	jared2	0x6f98f0	0xae1f92
1262	jared3	0x6f98f8	0xae1f99
1379	jared4	0x6f9900	0xae1fa0
1385	jared5	0x6f9908	0xae1fa7
1386	jared6	0x6f9910	0xae1fae
1395	jared7	0x6f9918	0xae1fb5
3472	jared100	0x6f9920	0xaf1205
3867	jared101	0x6f9928	0xaf120e
3868	jared102	0x6f9930	0xaf1217
3869	jared103	0x6f9938	0xaf1220
3956	jared104	0x6f9940	0xaf1229
3957	jared105	0x6f9948	0xaf1232
3958	jared106	0x6f9950	0xaf123b
3959	jared107	0x6f9958	0xaf1244
3870	jared1FC	0x6f9960	0xaf124d
3871	jared1FD	0x6f9968	0xaf1256
3872	jared1FE	0x6f9970	0xaf125f
3873	jared1FF	0x6f9978	0xaf1268
3440	jflatt0	0x6f9980	0xae12f0
3441	jflatt1	0x6f9988	0xae12f8
3442	jflatt2	0x6f9990	0xae1300
3443	jflatt3	0x6f9998	0xae1308
3444	jflatt4	0x6f99a0	0xae1310
3445	jflatt5	0x6f99a8	0xae1318
3446	jflatt6	0x6f99b0	0xae1320
3447	jflatt7	0x6f99b8	0xae1328
3448	jflatt8	0x6f99c0	0xae1330
3449	jflatt9	0x6f99c8	0xae1338
3585	jflatta	0x6f99d0	0xae1340
3586	jflattb	0x6f99d8	0xae1348
3587	jflattc	0x6f99e0	0xae1350
3588	jflattd	0x6f99e8	0xae1358
3589	jflatte	0x6f99f0	0xae1360
3590	jflattf	0x6f99f8	0xae1368
4045	jflatt10	0x6f9a00	0xaf1271
4046	jflatt11	0x6f9a08	0xaf127a
4047	jflatt12	0x6f9a10	0xaf1283
4048	jflatt13	0x6f9a18	0xaf128c
4049	jflatt14	0x6f9a20	0xaf1295
4050	jflatt15	0x6f9a28	0xaf129e
4051	jflatt16	0x6f9a30	0xaf12a7
4052	jflatt17	0x6f9a38	0xaf12b0
4053	jflatt18	0x6f9a40	0xaf12b9
4054	jflatt19	0x6f9a48	0xaf12c2
4055	jflatt1a	0x6f9a50	0xaf12cb
4056	jflatt1b	0x6f9a58	0xaf12d4
4057	jflatt1c	0x6f9a60	0xaf12dd
4058	jflatt1d	0x6f9a68	0xaf12e6
4059	jflatt1e	0x6f9a70	0xaf12ef
4060	jflatt1f	0x6f9a78	0xaf12f8
3483	ncleung0	0x6f9a80	0xaf1301
3484	ncleung1	0x6f9a88	0xaf130a
3485	ncleung2	0x6f9a90	0xaf1313
3486	ncleung3	0x6f9a98	0xaf131c
3487	ncleung4	0x6f9aa0	0xaf1325
3488	ncleung5	0x6f9aa8	0xaf132e
3489	ncleung6	0x6f9ab0	0xaf1337
3490	ncleung7	0x6f9ab8	0xaf1340
3491	ncleung8	0x6f9ac0	0xaf1349
3492	ncleung9	0x6f9ac8	0xaf1352
3567	rprichard0	0x6f9ad0	0xaf135b
3568	rprichard1	0x6f9ad8	0xaf1366
3569	rprichard2	0x6f9ae0	0xaf1371
3570	rprichard3	0x6f9ae8	0xaf137c
3571	rprichard4	0x6f9af0	0xaf1387
3572	rprichard5	0x6f9af8	0xaf1392
3573	rprichard6	0x6f9b00	0xaf139d
3574	rprichard7	0x6f9b08	0xaf13a8
3575	rprichard8	0x6f9b10	0xaf13b3
3576	rprichard9	0x6f9b18	0xaf13be
3596	rprichard10	0x6f9b20	0xae575e
3597	rprichard11	0x6f9b28	0xae576a
3598	rprichard12	0x6f9b30	0xae5776
3599	rprichard13	0x6f9b38	0xae5782
3600	rprichard14	0x6f9b40	0xae578e
3601	rprichard15	0x6f9b48	0xae579a
3602	rprichard16	0x6f9b50	0xae57a6
3603	rprichard17	0x6f9b58	0xae57b2
3604	rprichard18	0x6f9b60	0xae57be
3605	rprichard19	0x6f9b68	0xae57ca
3979	rprichard20	0x6f9b70	0xae57d6
3980	rprichard21	0x6f9b78	0xae57e2
3981	rprichard22	0x6f9b80	0xae57ee
3982	rprichard23	0x6f9b88	0xae57fa
3983	rprichard24	0x6f9b90	0xae5806
3984	rprichard25	0x6f9b98	0xae5812
3985	rprichard26	0x6f9ba0	0xae581e
3986	rprichard27	0x6f9ba8	0xae582a
3987	rprichard28	0x6f9bb0	0xae5836
3988	rprichard29	0x6f9bb8	0xae5842
385	ajo1	0x6f9bc0	0xae1fbc
386	ajo2	0x6f9bc8	0xae1fc1
387	ajo3	0x6f9bd0	0xae1fc6
203	ajo4	0x6f9bd8	0xae1fcb
204	ajo5	0x6f9be0	0xae1fd0
374	ajo6	0x6f9be8	0xae1fd5
375	ajo7	0x6f9bf0	0xae1fda
376	ajo8	0x6f9bf8	0xae1fdf
276	ajo9	0x6f9c00	0xae1fe4
277	ajo10	0x6f9c08	0xae17b6
279	ajo11	0x6f9c10	0xae17bc
280	ajo12	0x6f9c18	0xae17c2
281	ajo13	0x6f9c20	0xae17c8
282	ajo14	0x6f9c28	0xae17ce
284	ajo15	0x6f9c30	0xae17d4
286	ajo16	0x6f9c38	0xae17da
195	ajo17	0x6f9c40	0xae17e0
196	ajo18	0x6f9c48	0xae17e6
197	ajo19	0x6f9c50	0xae17ec
3622	prahladk3	0x6f9c58	0xae9596
3623	prahladk4	0x6f9c60	0xae95a0
3624	prahladk5	0x6f9c68	0xae95aa
3625	prahladk6	0x6f9c70	0xae95b4
3650	brianj0	0x6f9c78	0xae1370
3651	brianj1	0x6f9c80	0xae1378
3652	brianj2	0x6f9c88	0xae1380
3653	brianj3	0x6f9c90	0xae1388
3654	brianj4	0x6f9c98	0xae1390
3655	brianj5	0x6f9ca0	0xae1398
3656	brianj6	0x6f9ca8	0xae13a0
3657	brianj7	0x6f9cb0	0xae13a8
3658	brianj8	0x6f9cb8	0xae13b0
3659	brianj9	0x6f9cc0	0xae13b8
3720	dmason0	0x6f9cc8	0xae13c0
3721	dmason1	0x6f9cd0	0xae13c8
3722	dmason2	0x6f9cd8	0xae13d0
3723	dmason3	0x6f9ce0	0xae13d8
3724	dmason4	0x6f9ce8	0xae13e0
3725	dmason5	0x6f9cf0	0xae13e8
3726	dmason6	0x6f9cf8	0xae13f0
3727	dmason7	0x6f9d00	0xae13f8
3728	dmason8	0x6f9d08	0xae1400
3729	dmason9	0x6f9d10	0xae1408
3670	bstein0	0x6f9d18	0xae1410
3671	bstein1	0x6f9d20	0xae1418
3672	bstein2	0x6f9d28	0xae1420
3673	bstein3	0x6f9d30	0xae1428
3674	bstein4	0x6f9d38	0xae1430
3675	bstein5	0x6f9d40	0xae1438
3676	bstein6	0x6f9d48	0xae1440
3677	bstein7	0x6f9d50	0xae1448
3678	bstein8	0x6f9d58	0xae1450
3679	bstein9	0x6f9d60	0xae1458
3759	jackg0	0x6f9d68	0xae1fe9
3760	jackg1	0x6f9d70	0xae1ff0
3761	jackg2	0x6f9d78	0xae1ff7
3762	jackg3	0x6f9d80	0xae1ffe
3887	sraub0	0x6f9d88	0xae2005
3888	sraub1	0x6f9d90	0xae200c
3889	sraub2	0x6f9d98	0xae2013
3890	sraub3	0x6f9da0	0xae201a
3891	sraub4	0x6f9da8	0xae2021
4029	sraub5	0x6f9db0	0xae2028
4030	sraub6	0x6f9db8	0xae202f
4031	sraub7	0x6f9dc0	0xae2036
4032	sraub8	0x6f9dc8	0xae203d
4033	sraub9	0x6f9dd0	0xae2044
4034	sraub10	0x6f9dd8	0xae1460
4035	sraub11	0x6f9de0	0xae1468
4036	sraub12	0x6f9de8	0xae1470
4037	sraub13	0x6f9df0	0xae1478
4038	sraub14	0x6f9df8	0xae1480
3494	tdeh	0x6f9e00	0xae204b
3526	tdeh_put_tables_in_ram	0x6f9e08	0xaf13c9
170	tdeh_check_vec_new_or_delete	0x6f9e10	0xaf13e0
1962	fast_dependencies	0x6f9e18	0xae95be
1697	fastshowheaders	0x6f9e20	0xae3a22
611	makedepend	0x6f9e28	0xaf13fd
687	showheaders	0x6f9e30	0xae584e
32	showfiles	0x6f9e38	0xae95d0
1974	colorformat	0x6f9e40	0xae585a
1738	option_substrings	0x6f9e48	0xae95da
2661	passtime	0x6f9e50	0xaf1408
2973	showpassmem	0x6f9e58	0xae5866
4650	running_stats	0x6f9e60	0xae95ec
149	shrouded_passtime	0x6f9e68	0xae95fa
150	shrouded_passmem	0x6f9e70	0xaf1411
2674	no_zeroinitstatics	0x6f9e78	0xaf1422
2739	print_prototypes	0x6f9e80	0xaf1435
2890	print_hash_collisions	0x6f9e88	0xae960c
1032	static_analysis	0x6f9e90	0xae3a32
3899	crippled_static_analysis	0x6f9e98	0xaf1446
2512	show_static_analysis	0x6f9ea0	0xaf145f
580	print_static_analysis	0x6f9ea8	0xae9622
583	quiet_static_analysis	0x6f9eb0	0xae9638
578	inline_static_analysis	0x6f9eb8	0xaf1474
354	interproc_static_analysis	0x6f9ec0	0xae964e
349	ignore_unknown_double_check_pragmas	0x6f9ec8	0xae5872
3901	macros_in_double_check_report	0x6f9ed0	0xae9668
3496	static_analysis_only	0x6f9ed8	0xaf148b
3864	confirm_static_analysis	0x6f9ee0	0xae3a42
3900	code_metrics	0x6f9ee8	0xaf14a0
3927	no_static_analysis_alias_lib_funcs	0x6f9ef0	0xaf14ad
4112	strict_uninit	0x6f9ef8	0xae9686
3457	use_inf_dependency	0x6f9f00	0xaf14d0
3416	cache_dep_call_graph	0x6f9f08	0xaf14e3
3886	inf_frontend	0x6f9f10	0xaf14f8
3904	dont_print_SA_file	0x6f9f18	0xaf1505
3906	remove_incompatible_gsr	0x6f9f20	0xae3a5a
3914	add_inf_section	0x6f9f28	0xae3a72
3915	use_inf_sec_name	0x6f9f30	0xaf1518
3951	dont_use_inf_note_sec	0x6f9f38	0xae9694
3916	no_delete_inconsistent_infs	0x6f9f40	0xae5896
3917	skip_bad_infs	0x6f9f48	0xae96aa
3919	SA_unneeded_ignore	0x6f9f50	0xaf1529
3922	print_unchanged_SA	0x6f9f58	0xaf153c
3940	SA_print_unused_functions	0x6f9f60	0xae96b8
4407	SA_condition_inline	0x6f9f68	0xae58b2
4408	SA_condition_inline_direct	0x6f9f70	0xaf154f
4409	SA_condition_inline_blank	0x6f9f78	0xae96d2
4427	restrict_qualifier	0x6f9f80	0xaf156a
4722	old_broken_restrict_behavior	0x6f9f88	0xaf157d
4586	asm3g_unnamed_non_unique	0x6f9f90	0xaf159a
11	stackprobe	0x6f9f98	0xaf15b3
17	hardcrash	0x6f9fa0	0xae96ec
2877	autodebug	0x6f9fa8	0xae96f6
2966	noselfstack	0x6f9fb0	0xae58c6
18	namemem	0x6f9fb8	0xae1488
20	nofirstunder	0x6f9fc0	0xaf15be
23	popalot	0x6f9fc8	0xae1490
26	idseparate	0x6f9fd0	0xaf15cb
50	tosparams	0x6f9fd8	0xae9700
83	varargs	0x6f9fe0	0xae1498
87	nowasread	0x6f9fe8	0xae970a
133	useDS	0x6f9ff0	0xae17f2
160	nospecialadd	0x6f9ff8	0xaf15d6
167	nopromotefloat	0x6fa000	0xaf15e3
182	asmpipe	0x6fa008	0xae14a0
188	fortranrules	0x6fa010	0xaf15f2
211	noinlinelib	0x6fa018	0xae58d2
219	nojmptojmp	0x6fa020	0xaf15ff
220	variantcheck	0x6fa028	0xaf160a
246	compilemodule	0x6fa030	0xae9714
266	repeep	0x6fa038	0xae2050
324	sizechck	0x6fa040	0xaf1617
328	noregistercaching	0x6fa048	0xae9722
333	noobjonmachop	0x6fa050	0xae9734
3793	handle_64bit_in_conopm	0x6fa058	0xaf1620
335	nonegativeshift	0x6fa060	0xae3a82
344	keepadrconst	0x6fa068	0xaf1637
3432	inttofloat_nobranch	0x6fa070	0xae58de
357	nounsignedtofloatcvt	0x6fa078	0xaf1644
358	nofloattounsignedcvt	0x6fa080	0xaf1659
404	nofixcall	0x6fa088	0xae9742
446	noreclaim	0x6fa090	0xae974c
476	nodelaymustm	0x6fa098	0xaf166e
478	allpurefunctions	0x6fa0a0	0xaf167b
523	expandmodi	0x6fa0a8	0xaf168c
524	expandsdivi	0x6fa0b0	0xae58f2
525	expdiv2muls	0x6fa0b8	0xae58fe
592	notemptargs	0x6fa0c0	0xae590a
593	allocallstatics	0x6fa0c8	0xae3a92
594	testpdivi	0x6fa0d0	0xae9756
601	haszeroaddr	0x6fa0d8	0xae5916
613	genifreference	0x6fa0e0	0xaf1697
619	keepfconst	0x6fa0e8	0xaf16a6
622	gtendofloop	0x6fa0f0	0xae5922
684	doisvalueof	0x6fa0f8	0xae592e
1191	doisvalueof2	0x6fa100	0xaf16b1
695	filelinenums	0x6fa108	0xaf16be
697	zeroarray	0x6fa110	0xae9760
744	keepsaverestore	0x6fa118	0xae3aa2
754	mergecondblk	0x6fa120	0xaf16cb
792	peepafterbranches	0x6fa128	0xae976a
2304	peepbeforebranches	0x6fa130	0xaf16d8
793	oldshortcomparewithconst	0x6fa138	0xaf16eb
796	noreplacedivide	0x6fa140	0xae3ab2
453	replacedivide64	0x6fa148	0xae3ac2
803	ge32adjust32	0x6fa150	0xaf1704
811	jj	0x6fa158	0xae2057
814	hardwaresqrt	0x6fa160	0xaf1711
829	noswapmovadd	0x6fa168	0xaf171e
906	signextendunsigned	0x6fa170	0xaf172b
2348	generic_pointer_check	0x6fa178	0xae977c
920	watchpoint	0x6fa180	0xaf173e
3148	watchpoint_on_locals	0x6fa188	0xaf1749
930	restoreinslot	0x6fa190	0xae9792
943	stackgrowsup	0x6fa198	0xaf175e
944	undocumented	0x6fa1a0	0xaf176b
966	qcopypostofs	0x6fa1a8	0xaf1778
985	useshortload	0x6fa1b0	0xaf1785
49	enforcemlast	0x6fa1b8	0xaf1792
1005	extracmp	0x6fa1c0	0xaf179f
1009	rerepeep	0x6fa1c8	0xaf17a8
1011	fakechartype	0x6fa1d0	0xaf17b1
1038	inlineallshifts	0x6fa1d8	0xae3ad2
1068	optstarpplusplus	0x6fa1e0	0xaf17be
1072	invertifop	0x6fa1e8	0xaf17cf
1073	do1bitassign	0x6fa1f0	0xaf17da
3830	do1bitassign4	0x6fa1f8	0xae97a0
3829	jytesting	0x6fa200	0xae97ae
2910	has_bit_invert	0x6fa208	0xaf17e7
1190	has_add_by_imm	0x6fa210	0xaf17f6
1199	has_and_by_imm	0x6fa218	0xaf1805
745	has_delay_slot	0x6fa220	0xaf1814
1131	nowarntypetoosmall	0x6fa228	0xaf1823
1135	listcountadj	0x6fa230	0xaf1836
1178	moreaddrconsts	0x6fa238	0xaf1843
1182	ifopslive	0x6fa240	0xae97b8
3324	keep_ifop_before_code_gen	0x6fa248	0xae97c2
1196	brtoc20fix	0x6fa250	0xaf1852
1207	narrowfloat	0x6fa258	0xae593a
3799	narrowfloat_funcs	0x6fa260	0xae97dc
1257	prepeep	0x6fa268	0xae14a8
1259	c20tick	0x6fa270	0xae14b0
1268	16bitindexexpr	0x6fa278	0xaf185d
1269	16bitindexexprext	0x6fa280	0xae97ee
1321	sharpenpwrites	0x6fa288	0xaf186c
1327	noxtmpsmall	0x6fa290	0xae5946
1328	noxtmpall	0x6fa298	0xae9800
1331	usecalladrconsts	0x6fa2a0	0xaf187b
1337	ipeep2cnt	0x6fa2a8	0xae980a
1339	checkwrsp	0x6fa2b0	0xae9814
1342	nostandalonealign	0x6fa2b8	0xae981e
3193	localstandalonealign	0x6fa2c0	0xaf188c
3372	standalonealign_noparams	0x6fa2c8	0xaf18a1
3373	dont_leave_unaligned_stackparms	0x6fa2d0	0xae3ae2
1350	optbranches	0x6fa2d8	0xae5952
1358	nopeep2lsobj	0x6fa2e0	0xaf18ba
1367	noimplstore	0x6fa2e8	0xae595e
1376	useshortloadreloc	0x6fa2f0	0xae9830
2681	expandshortloadstore	0x6fa2f8	0xaf18c7
1382	efficienttricmp	0x6fa300	0xae3b02
1383	efficientsubcmp	0x6fa308	0xae3b12
1388	warnmuldefsame	0x6fa310	0xaf18dc
1391	noformalobjs	0x6fa318	0xaf18eb
1403	loadimm32ismacro	0x6fa320	0xaf18f8
1404	loadimmbiggerthanmove	0x6fa328	0xae9842
4401	loadimmbiggerthanadd	0x6fa330	0xaf1909
1411	nobitcall	0x6fa338	0xae9858
1414	nobitcallload	0x6fa340	0xae9862
1417	allocparmfix	0x6fa348	0xaf191e
1420	globalreginitconst	0x6fa350	0xaf192b
1425	propglobalreg	0x6fa358	0xae9870
3716	reserve_globalregs	0x6fa360	0xaf193e
1435	trimimmconcat	0x6fa368	0xae987e
1436	noearlymuldiv	0x6fa370	0xae988c
2710	ext_is_expensive	0x6fa378	0xaf1951
1441	propglobregbinop	0x6fa380	0xaf1962
1442	propimmdebug	0x6fa388	0xaf1973
1451	const_overflow_fix	0x6fa390	0xaf1980
1455	andimmtoshift	0x6fa398	0xae989a
1457	morecombinshift	0x6fa3a0	0xae3b22
1461	destusesizemaxfix	0x6fa3a8	0xae98a8
3088	nodestusesizemaxfix2	0x6fa3b0	0xaf1993
2754	destusesizemaxfast	0x6fa3b8	0xaf19a8
3176	destusesizemaxlimit	0x6fa3c0	0xae596a
1470	nodebugstacktracefix	0x6fa3c8	0xaf19bb
1472	checkaddr	0x6fa3d0	0xae98ba
1501	norotate	0x6fa3d8	0xaf19d0
1503	asmsym	0x6fa3e0	0xae205a
1505	hilotogether	0x6fa3e8	0xaf19d9
1511	ipeep2andnot	0x6fa3f0	0xaf19e6
1513	asmpuresafe	0x6fa3f8	0xae597e
1525	fixup0	0x6fa400	0xae2061
1526	farcall	0x6fa408	0xae14b8
2331	local_nearcalls	0x6fa410	0xae3b32
1527	nosmallcounterfix	0x6fa418	0xae98c4
1533	char_compare_warn	0x6fa420	0xae98d6
1536	allocrtmps	0x6fa428	0xaf19f3
1538	no_dobinop_castop_fix	0x6fa430	0xae98e8
1544	checkaddsym	0x6fa438	0xae598a
1559	nocopyformals	0x6fa440	0xae98fe
4400	no_deep_copy_formals	0x6fa448	0xaf19fe
1584	jons_bypass	0x6fa450	0xae5996
1587	handlespillsbetter	0x6fa458	0xaf1a13
2806	overalign_spills	0x6fa460	0xaf1a26
1588	floatstructinreg	0x6fa468	0xaf1a37
1592	nofasteralmosteqexpr	0x6fa470	0xaf1a48
1594	fast1bitops	0x6fa478	0xae59a2
1597	indmemmov	0x6fa480	0xae990c
1602	optstrings	0x6fa488	0xaf1a5d
1611	preadsfix	0x6fa490	0xae9916
2725	better_preads_fix	0x6fa498	0xae9920
1624	cachepeep	0x6fa4a0	0xae9932
4396	preload_cache	0x6fa4a8	0xae993c
1627	peepspeedup	0x6fa4b0	0xae59ae
2886	smart_rscan	0x6fa4b8	0xae59ba
1637	optfconst	0x6fa4c0	0xae994a
495	optfconst_more	0x6fa4c8	0xaf1a68
1649	no_dummy_names_in_prototypes	0x6fa4d0	0xaf1a77
1657	allowstackequivs	0x6fa4d8	0xaf1a94
1667	lifetime_debug	0x6fa4e0	0xaf1aa5
1671	better_ifops_live	0x6fa4e8	0xae9954
871	more_compat_ifop_types	0x6fa4f0	0xaf1ab4
1673	transfer_vector	0x6fa4f8	0xae3b42
1676	use_alternate_registers	0x6fa500	0xae3b52
3398	use_alternate_registers_only	0x6fa508	0xaf1acb
3407	always_tryalloc_alt_regs	0x6fa510	0xaf1ae8
1689	implicitaddrcon	0x6fa518	0xae3b6a
1690	infoall	0x6fa520	0xae14c0
1691	rtnmachop_may_not_in_last_block	0x6fa528	0xae3b7a
1692	isspecialadd_fix	0x6fa530	0xaf1b01
2560	isspecialadd_fix2	0x6fa538	0xae9966
3338	isspecialadd_fix3	0x6fa540	0xae9978
4500	noisspecialadd_objlimit_fix	0x6fa548	0xae59c6
1694	aggressive_shift_constprop	0x6fa550	0xaf1b12
1696	no_constprop_specialopeq	0x6fa558	0xaf1b2d
1753	no_constprop_oreqi	0x6fa560	0xaf1b46
3263	constprop_const_qualified	0x6fa568	0xae998a
1712	single_exit_from_routine	0x6fa570	0xaf1b59
4505	dont_move_exitblock	0x6fa578	0xae59e2
1721	backspace_is_whitespace	0x6fa580	0xae3b9a
1744	inline_dynamic_array_fix	0x6fa588	0xaf1b72
1762	cg_uses_indminmax	0x6fa590	0xae99a4
3538	indminmax_blocks_not_labels	0x6fa598	0xae59f6
3741	indmovloop_blocks_not_labels	0x6fa5a0	0xaf1b8b
1769	threadlocalstorage	0x6fa5a8	0xaf1ba8
1771	reservethreadlocalstoragereg	0x6fa5b0	0xaf1bbb
3660	nothreadlocalstoragefix	0x6fa5b8	0xae3bb2
1772	skip_anotherscope	0x6fa5c0	0xae99b6
1776	typesizestatics	0x6fa5c8	0xae3bca
1778	absblockloc	0x6fa5d0	0xae5a12
1794	copy_obj_to_codehoist_lab	0x6fa5d8	0xae99c8
1798	big_isextramov	0x6fa5e0	0xaf1bd8
3048	small_isextramov	0x6fa5e8	0xaf1be7
1802	no_double_frtmps	0x6fa5f0	0xaf1bf8
3114	smarter_getcomputationtype	0x6fa5f8	0xaf1c09
3050	getftypeof_returns_inttype	0x6fa600	0xaf1c24
1822	smarter_getftypeof	0x6fa608	0xaf1c3f
4595	getftypeof_alignment_fix	0x6fa610	0xaf1c52
1823	stab_mapped_static	0x6fa618	0xaf1c6b
1834	alloc_globals_early	0x6fa620	0xae5a1e
2673	alloc_large_globals_late	0x6fa628	0xaf1c7e
1056	alloc_commons_early	0x6fa630	0xae5a32
208	invariant_statics_const	0x6fa638	0xae3bda
1844	prepeephole1	0x6fa640	0xaf1c97
2622	code_motion	0x6fa648	0xae5a46
2873	late_code_motion	0x6fa650	0xaf1ca4
2874	code_motion_hoist_unknowns	0x6fa658	0xaf1cb5
228	code_motion_hoist_unknowns_check_ccused	0x6fa660	0xae3bf2
1846	smartcallticking	0x6fa668	0xaf1cd0
2678	localsmartcallticking	0x6fa670	0xae99e2
1858	global_staticbase_label	0x6fa678	0xae3c1a
1868	uninit_consts_are_extern	0x6fa680	0xaf1ce1
1901	no_const_fixaddr	0x6fa688	0xaf1cfa
1902	warn_const_fixaddr	0x6fa690	0xaf1d0b
1952	use_new_conflict	0x6fa698	0xaf1d1e
1959	activeset_initialized_as_preads	0x6fa6a0	0xae3c32
1965	smart_pointertype	0x6fa6a8	0xae99f8
2824	smarter_pointertype	0x6fa6b0	0xae5a52
3924	smart_mtotmp	0x6fa6b8	0xaf1d2f
1662	no_typeoverwritten	0x6fa6c0	0xaf1d3c
2821	structisnotpointer	0x6fa6c8	0xaf1d4f
3784	no_strip_structinreg_dotmode	0x6fa6d0	0xaf1d62
2823	pointertargtemps	0x6fa6d8	0xaf1d7f
1507	safer_temptargs	0x6fa6e0	0xae3c52
1968	adjustsize	0x6fa6e8	0xaf1d90
1969	adjustsize32	0x6fa6f0	0xaf1d9b
1970	implstore3	0x6fa6f8	0xaf1da8
2005	allow_lshi_invar	0x6fa700	0xaf1db3
2021	dumbdividetypes	0x6fa708	0xae3c62
3478	hascselect	0x6fa710	0xaf1dc4
3479	hascselect_nez	0x6fa718	0xaf1dcf
2041	cvtif_rev_blocks	0x6fa720	0xaf1dde
4486	cvtif_dot	0x6fa728	0xae9a0a
4498	cvtif_src_memaccess	0x6fa730	0xae5a66
2796	cvtif_moreifops	0x6fa738	0xae3c72
2495	cvtif_nonprobreg_dest	0x6fa740	0xae9a14
1168	cvtif_nonprobreg_variable	0x6fa748	0xae9a2a
730	better_cvtif	0x6fa750	0xaf1def
1041	cvtif_pointers	0x6fa758	0xaf1dfc
273	cvtif_moreifops2	0x6fa760	0xaf1e0b
3908	cvtif_nofloat	0x6fa768	0xae9a44
3480	cvtif2	0x6fa770	0xae2068
4107	limit_om_rotate_for_cvtif	0x6fa778	0xae9a52
3481	cvtif2_relaxed_preds_check	0x6fa780	0xaf1e1c
270	recursive_ifops	0x6fa788	0xae3c82
272	volatile_ifops	0x6fa790	0xaf1e37
275	cvtif_allowderefs	0x6fa798	0xae9a6c
3024	dontbackupcondinsts	0x6fa7a0	0xae5a7a
4349	no_fix_backup_pc_unknowns	0x6fa7a8	0xae9a7e
4333	no_advancesrcwrites_isideeffects_fix	0x6fa7b0	0xaf1e46
3027	cond_ifelse	0x6fa7b8	0xae5a8e
1565	cond_instructions	0x6fa7c0	0xae9a98
72	no_cond_insts	0x6fa7c8	0xae9aaa
2301	early_cond_instructions	0x6fa7d0	0xae3c92
2042	use_cond_threshold	0x6fa7d8	0xaf1e6b
1392	combine_cond_threshold	0x6fa7e0	0xaf1e7e
2174	cond_merge_next	0x6fa7e8	0xae3caa
2855	conditionalize_more1	0x6fa7f0	0xaf1e95
2865	final_cond_instructions	0x6fa7f8	0xae3cba
2933	late_conditionalize_return	0x6fa800	0xaf1eaa
2985	merge_conditional_instructions	0x6fa808	0xaf1ec5
3185	cond_cmpzero	0x6fa810	0xaf1ee4
3203	cond_raise_condjump	0x6fa818	0xae5a9a
3051	cond_merge_ifelse_tails	0x6fa820	0xae3cd2
1132	eliminate_dead_conditional_code	0x6fa828	0xae3cea
4470	cond_basic_blocks	0x6fa830	0xae9ab8
3262	move_sets_condition_codes	0x6fa838	0xae9aca
2054	do1bitassign3	0x6fa840	0xae9ae4
3233	reverse_bitfields	0x6fa848	0xae9af2
2075	vararg_param_type_fix	0x6fa850	0xae9b04
2080	group_instructions	0x6fa858	0xaf1ef1
2085	no_inliner_static_fix1	0x6fa860	0xaf1f04
2105	dont_coalesce_named_vars	0x6fa868	0xaf1f1b
2118	bettercondbropt	0x6fa870	0xae3d0a
2121	no_replace_const_spills	0x6fa878	0xae3d1a
3091	real_replace_const_spills	0x6fa880	0xae9b1a
3092	dont_add_same_const_edges	0x6fa888	0xae9b34
2159	accurate_temp_size	0x6fa890	0xaf1f34
2160	do_addr_CONS	0x6fa898	0xaf1f47
2927	do_more_addr_const	0x6fa8a0	0xaf1f54
463	do_addr_const_ignore_small_const	0x6fa8a8	0xaf1f67
3040	do_more_addr_const_heuristic	0x6fa8b0	0xaf1f88
2223	param_lifelist	0x6fa8b8	0xaf1fa5
2241	noremovetruncs	0x6fa8c0	0xaf1fb4
3404	noremovetruncs2	0x6fa8c8	0xae3d32
2244	small_cost_const	0x6fa8d0	0xaf1fc3
2261	notrunctomov	0x6fa8d8	0xaf1fd4
2271	combine_linear_index	0x6fa8e0	0xaf1fe1
2282	clear_mustm	0x6fa8e8	0xae5aae
2283	dont_remove_redundant_cast	0x6fa8f0	0xaf1ff6
1160	return_float_by_pointer	0x6fa8f8	0xae3d42
2288	return_64bit_by_pointer	0x6fa900	0xae3d5a
2370	no_intrinsic_indirect_return	0x6fa908	0xaf2011
4338	no_intrinsic_arg_fix	0x6fa910	0xaf202e
2289	not_strict_target_size	0x6fa918	0xaf2043
2235	fixup_isalive	0x6fa920	0xae9b4e
2525	tick_inst_in_addinst	0x6fa928	0xaf205a
3285	tick_inst_in_fixup	0x6fa930	0xaf206f
2561	strip_out_const	0x6fa938	0xae3d72
2624	move_unlikely_branch	0x6fa940	0xaf2082
2625	dump_move_unlikely_branch	0x6fa948	0xae9b5c
2859	peepbeforeexpandcode	0x6fa950	0xaf2097
3023	peepafterexpandcode	0x6fa958	0xae5aba
2854	peepholeafterpeephole2too	0x6fa960	0xae9b76
2867	import_float_printf	0x6fa968	0xae5ace
2868	import_long_long_printf	0x6fa970	0xae3d82
2869	import_float_scanf	0x6fa978	0xaf20ac
2870	import_long_long_scanf	0x6fa980	0xaf20bf
2894	better_xsubst_for_twoops	0x6fa988	0xaf20d6
2912	mergeblocks_ignore_labelrefs	0x6fa990	0xaf20ef
3283	mergeblocks_dont_copy_object_when_copy_block	0x6fa998	0xaf210c
2913	cant_merge_startblock	0x6fa9a0	0xae9b90
1663	cant_merge_exitblock	0x6fa9a8	0xaf2139
2920	const_spill_makes_const	0x6fa9b0	0xae3d9a
3009	proper_rnerr_calls	0x6fa9b8	0xaf214e
3265	new_rnerr_calls	0x6fa9c0	0xae3db2
3269	no_use_rnerr2	0x6fa9c8	0xae9ba6
3013	callproc_uses_formals	0x6fa9d0	0xae9bb4
3232	2ops_in_op1op2	0x6fa9d8	0xaf2161
3241	large_sign_un_eq	0x6fa9e0	0xaf2170
4100	no_field_select_fix	0x6fa9e8	0xae5ae2
4196	no_qcopy_opt_trunc_fix	0x6fa9f0	0xaf2181
4320	no_var_size_restrict	0x6fa9f8	0xaf2198
254	I860	0x6faa00	0xae206f
489	gmicro	0x6faa08	0xae2074
616	860ABIcall	0x6faa10	0xaf21ad
564	gmicrosoftwarefloat	0x6faa18	0xae5af6
410	i860junk	0x6faa20	0xaf21b8
1069	m16	0x6faa28	0xae1558
598	trapdivzero	0x6faa30	0xae5b0a
881	craypointer	0x6faa38	0xae5b16
267	SS_schedule	0x6faa40	0xae5b22
2792	random_optimization_flags	0x6faa48	0xae9bca
4378	no_struct_by_value_fix	0x6faa50	0xaf21c1
2441	check_limit_peep	0x6faa58	0xaf21d8
2586	adjust_viewable_checksum	0x6faa60	0xaf21e9
1997	limit_peep_for_debugging	0x6faa68	0xaf2202
1988	no_peep_across_line	0x6faa70	0xae5b2e
1999	swap_associated_comment	0x6faa78	0xae3dc2
3556	better_pipeline_debug	0x6faa80	0xae9be4
1668	_only_swap_if_same_line	0x6faa88	0xae3dda
4374	allow_swap_efbf	0x6faa90	0xae3df2
3907	limit_all_for_better_debug	0x6faa98	0xaf221b
4559	Odebug	0x6faaa0	0xae207b
4560	addrconst_without_optimize	0x6faaa8	0xaf2236
4581	keep_addrconsts_alive	0x6faab0	0xae9bfa
4561	optimize_in_neweval	0x6faab8	0xae5b42
4562	remove_all_self_moves	0x6faac0	0xae9c10
4563	staticbase_without_optimize	0x6faac8	0xae5b56
4564	optimize_in_fixupforconcat	0x6faad0	0xaf2251
4567	smartcallticking_without_optimize	0x6faad8	0xae9c26
4568	schedule_without_optimize	0x6faae0	0xae9c48
4569	peephole_without_optimize	0x6faae8	0xae9c62
4574	keep_all_breakdots	0x6faaf0	0xaf226c
4572	keep_variables_live	0x6faaf8	0xae5b72
4749	faster_always_conflict	0x6fab00	0xaf227f
4573	one_line_per_block	0x6fab08	0xaf2296
4575	keep_if0	0x6fab10	0xaf22a9
4576	debug_all	0x6fab18	0xae9c7c
4579	loopoptimize_during_alloc	0x6fab20	0xae9c86
4580	support_debug_optimization	0x6fab28	0xaf22b2
4968	optimize_for_auto_sda_off	0x6fab30	0xae9ca0
