record_va	class_name	group_id	vptr_va	slot	this_adjust	function_entry	function_name	base_record_va	base_class_name	base_function_entry	relation	semantic_slot_id	proposed_name	confidence
0x00abfe94	backend_t	backend_dataflow@0x00b0e82c	0x00abf664	0	0	00406414	FUN_00406414	0x00b0b784	backend_basetype2	00734b30	override	backend_dataflow.slot_000	backend_t__vslot_000	0.90
0x00abfe94	backend_t	backend_dataflow@0x00b0e82c	0x00abf664	1	0	0076fdcf	FUN_0076fdcf	0x00b0b784	backend_basetype2	0076fdcf	inherited	backend_dataflow.slot_001	backend_t__vslot_001	0.93
0x00abfe94	backend_t	backend_dataflow@0x00b0e82c	0x00abf664	2	0	00406419	FUN_00406419	0x00b0b784	backend_basetype2	00734b35	override	backend_dataflow.slot_002	backend_t__vslot_002	0.90
0x00abfe94	backend_t	backend_dataflow@0x00b0e82c	0x00abf664	3	0	0040641e	FUN_0040641e	0x00b0b784	backend_basetype2	00734b3a	override	backend_dataflow.slot_003	backend_t__vslot_003	0.90
0x00abfe94	backend_t	backend_dataflow@0x00b0e82c	0x00abf664	4	0	00406427	FUN_00406427	0x00b0b784	backend_basetype2	00734b43	override	backend_dataflow.slot_004	backend_t__vslot_004	0.90
0x00abfe94	backend_t	backend_dataflow@0x00b0e82c	0x00abf664	5	0	00403387	FUN_00403387	0x00b0b784	backend_basetype2	0076fd8c	override	backend_dataflow.slot_005	backend_t__vslot_005	0.90
0x00abfe94	backend_t	backend_dataflow@0x00b0e82c	0x00abf664	6	0	004044b4	FUN_004044b4	0x00b0b784	backend_basetype2	007692da	override	backend_dataflow.slot_006	backend_t__vslot_006	0.90
0x00abfe94	backend_t	backend_dataflow@0x00b0e82c	0x00abf664	7	0	00401ded	FUN_00401ded	0x00b0b784	backend_basetype2	0076fd44	override	backend_dataflow.slot_007	backend_t__vslot_007	0.90
0x00abfe94	backend_t	backend_dataflow@0x00b0e82c	0x00abf664	8	0	00402fa8	FUN_00402fa8	0x00b0b784	backend_basetype2	00766cae	override	backend_dataflow.slot_008	backend_t__vslot_008	0.90
0x00abfe94	backend_t	backend_dataflow@0x00b0e82c	0x00abf664	9	0	00406430	FUN_00406430	0x00b0b784	backend_basetype2	00734b4c	override	backend_dataflow.slot_009	backend_t__vslot_009	0.90
0x00abfe94	backend_t	backend_dataflow@0x00b0e82c	0x00abf664	10	0	007700a6	FUN_007700a6	0x00b0b784	backend_basetype2	007700a6	inherited	backend_dataflow.slot_010	backend_t__vslot_010	0.93
0x00abfe94	backend_t	backend_dataflow@0x00b0e82c	0x00abf664	11	0	00406439	FUN_00406439	0x00b0b784	backend_basetype2	00734b55	override	backend_dataflow.slot_011	backend_t__vslot_011	0.90
0x00abfe94	backend_t	backend_dataflow@0x00b0e82c	0x00abf664	12	0	00404b07	FUN_00404b07	0x00b0b784	backend_basetype2	0076fd2e	override	backend_dataflow.slot_012	backend_t__vslot_012	0.90
0x00abfe94	backend_t	backend_dataflow@0x00b0e82c	0x00abf664	13	0	0040644d	FUN_0040644d	0x00b0b784	backend_basetype2	00734b69	override	backend_dataflow.slot_013	backend_t__vslot_013	0.90
0x00abfe94	backend_t	backend_dataflow@0x00b0e82c	0x00abf664	14	0	00406456	FUN_00406456	0x00b0b784	backend_basetype2	00734b72	override	backend_dataflow.slot_014	backend_t__vslot_014	0.90
0x00abfe94	backend_t	backend_dataflow@0x00b0e82c	0x00abf664	15	0	0040645f	FUN_0040645f	0x00b0b784	backend_basetype2	00734b7b	override	backend_dataflow.slot_015	backend_t__vslot_015	0.90
0x00abfe94	backend_t	backend_dataflow@0x00b0e82c	0x00abf664	16	0	00406468	FUN_00406468	0x00b0b784	backend_basetype2	00734b84	override	backend_dataflow.slot_016	backend_t__vslot_016	0.90
0x00abfe94	backend_t	backend_dataflow@0x00b0e82c	0x00abf664	17	0	00406477	FUN_00406477	0x00b0b784	backend_basetype2	00734b93	override	backend_dataflow.slot_017	backend_t__vslot_017	0.90
0x00abfe94	backend_t	backend_dataflow@0x00b0e82c	0x00abf664	18	0	004064a4	FUN_004064a4	0x00b0b784	backend_basetype2	00734bc0	override	backend_dataflow.slot_018	backend_t__vslot_018	0.90
0x00abfe94	backend_t	backend_dataflow@0x00b0e82c	0x00abf664	19	0	0040670b	FUN_0040670b	0x00b0b784	backend_basetype2	00734fee	override	backend_dataflow.slot_019	backend_t__vslot_019	0.90
0x00abfe94	backend_t	backend_dataflow@0x00b0e82c	0x00abf664	20	0	00406714	FUN_00406714	0x00b0b784	backend_basetype2	00734ff7	override	backend_dataflow.slot_020	backend_t__vslot_020	0.90
0x00abfe94	backend_t	backend_dataflow@0x00b0e82c	0x00abf664	21	0	0040671d	FUN_0040671d	0x00b0b784	backend_basetype2	00735000	override	backend_dataflow.slot_021	backend_t__vslot_021	0.90
0x00abfe94	backend_t	backend_dataflow@0x00b0e82c	0x00abf664	22	0	0040672b	FUN_0040672b	0x00b0b784	backend_basetype2	0073500e	override	backend_dataflow.slot_022	backend_t__vslot_022	0.90
0x00abfe94	backend_t	backend_dataflow@0x00b0e82c	0x00abf664	23	0	004050d2	FUN_004050d2	0x00b0b784	backend_basetype2	0073501d	override	backend_dataflow.slot_023	backend_t__vslot_023	0.90
0x00abfe94	backend_t	backend_dataflow@0x00b0e82c	0x00abf664	24	0	0077017f	FUN_0077017f	0x00b0b784	backend_basetype2	0077017f	inherited	backend_dataflow.slot_024	backend_t__vslot_024	0.93
0x00abfe94	backend_t	backend_dataflow@0x00b0e82c	0x00abf664	25	0	007711eb	FUN_007711eb	0x00b0b784	backend_basetype2	007711eb	inherited	backend_dataflow.slot_025	backend_t__vslot_025	0.93
0x00abfe94	backend_t	backend_dataflow@0x00b0e82c	0x00abf664	26	0	004064ae	FUN_004064ae	0x00b0b784	backend_basetype2	00734bca	override	backend_dataflow.slot_026	backend_t__vslot_026	0.90
0x00abfe94	backend_t	backend_dataflow@0x00b0e82c	0x00abf664	27	0	00405128	FUN_00405128	0x00b0b784	backend_basetype2	00734bdf	override	backend_dataflow.slot_027	backend_t__vslot_027	0.90
0x00abfe94	backend_t	backend_dataflow@0x00b0e82c	0x00abf664	28	0	005bc53a	FUN_005bc53a	0x00b0b784	backend_basetype2	005bc53a	inherited	backend_dataflow.slot_028	backend_t__vslot_028	0.93
0x00abfe94	backend_t	backend_dataflow@0x00b0e82c	0x00abf664	29	0	00401024	FUN_00401024	0x00b0b784	backend_basetype2	00734be8	override	backend_dataflow.slot_029	backend_t__vslot_029	0.90
0x00abfe94	backend_t	backend_dataflow@0x00b0e82c	0x00abf664	30	0	005bc5d3	FUN_005bc5d3	0x00b0b784	backend_basetype2	005bc5d3	inherited	backend_dataflow.slot_030	backend_t__vslot_030	0.93
0x00abfe94	backend_t	backend_dataflow@0x00b0e82c	0x00abf664	31	0	005bc608	FUN_005bc608	0x00b0b784	backend_basetype2	005bc608	inherited	backend_dataflow.slot_031	backend_t__vslot_031	0.93
0x00abfe94	backend_t	backend_dataflow@0x00b0e82c	0x00abf664	32	0	005bc63d	FUN_005bc63d	0x00b0b784	backend_basetype2	005bc63d	inherited	backend_dataflow.slot_032	backend_t__vslot_032	0.93
0x00abfe94	backend_t	backend_dataflow@0x00b0e82c	0x00abf664	33	0	005bc6a7	FUN_005bc6a7	0x00b0b784	backend_basetype2	005bc6a7	inherited	backend_dataflow.slot_033	backend_t__vslot_033	0.93
0x00abfe94	backend_t	backend_dataflow@0x00b0e82c	0x00abf664	34	0	004064c3	FUN_004064c3	0x00b0b784	backend_basetype2	00734bf2	override	backend_dataflow.slot_034	backend_t__vslot_034	0.90
0x00abfe94	backend_t	backend_dataflow@0x00b0e82c	0x00abf664	35	0	005bc801	FUN_005bc801	0x00b0b784	backend_basetype2	005bc801	inherited	backend_dataflow.slot_035	backend_t__vslot_035	0.93
0x00abfe94	backend_t	backend_dataflow@0x00b0e82c	0x00abf664	36	0	005bc8c2	FUN_005bc8c2	0x00b0b784	backend_basetype2	005bc8c2	inherited	backend_dataflow.slot_036	backend_t__vslot_036	0.93
0x00abfe94	backend_t	backend_dataflow@0x00b0e82c	0x00abf664	37	0	005bc947	FUN_005bc947	0x00b0b784	backend_basetype2	005bc947	inherited	backend_dataflow.slot_037	backend_t__vslot_037	0.93
0x00abfe94	backend_t	backend_dataflow@0x00b0e82c	0x00abf664	38	0	0042420b	FUN_0042420b	0x00b0b784	backend_basetype2	005bca13	override	backend_dataflow.slot_038	backend_t__vslot_038	0.90
0x00abfe94	backend_t	backend_dataflow@0x00b0e82c	0x00abf664	39	0	004239de	FUN_004239de	0x00b0b784	backend_basetype2	005bca59	override	backend_dataflow.slot_039	backend_t__vslot_039	0.90
0x00abfe94	backend_t	backend_dataflow@0x00b0e82c	0x00abf664	40	0	004064cd	FUN_004064cd	0x00b0b784	backend_basetype2	00734bfc	override	backend_dataflow.slot_040	backend_t__vslot_040	0.90
0x00abfe94	backend_t	backend_dataflow@0x00b0e82c	0x00abf664	41	0	005bca8e	FUN_005bca8e	0x00b0b784	backend_basetype2	005bca8e	inherited	backend_dataflow.slot_041	backend_t__vslot_041	0.93
0x00abfe94	backend_t	backend_dataflow@0x00b0e82c	0x00abf664	42	0	005bca93	FUN_005bca93	0x00b0b784	backend_basetype2	005bca93	inherited	backend_dataflow.slot_042	backend_t__vslot_042	0.93
0x00abfe94	backend_t	backend_dataflow@0x00b0e82c	0x00abf664	43	0	004241a3	FUN_004241a3	0x00b0b784	backend_basetype2	00734c05	override	backend_dataflow.slot_043	backend_t__vslot_043	0.90
0x00abfe94	backend_t	backend_dataflow@0x00b0e82c	0x00abf664	44	0	004064d6	FUN_004064d6	0x00b0b784	backend_basetype2	00734c0e	override	backend_dataflow.slot_044	backend_t__vslot_044	0.90
0x00abfe94	backend_t	backend_dataflow@0x00b0e82c	0x00abf664	45	0	005bca9c	FUN_005bca9c	0x00b0b784	backend_basetype2	005bca9c	inherited	backend_dataflow.slot_045	backend_t__vslot_045	0.93
0x00abfe94	backend_t	backend_dataflow@0x00b0e82c	0x00abf664	46	0	005bcaa5	FUN_005bcaa5	0x00b0b784	backend_basetype2	005bcaa5	inherited	backend_dataflow.slot_046	backend_t__vslot_046	0.93
0x00abfe94	backend_t	backend_dataflow@0x00b0e82c	0x00abf664	47	0	005bcaae	FUN_005bcaae	0x00b0b784	backend_basetype2	005bcaae	inherited	backend_dataflow.slot_047	backend_t__vslot_047	0.93
0x00abfe94	backend_t	backend_dataflow@0x00b0e82c	0x00abf664	48	0	005bcab7	FUN_005bcab7	0x00b0b784	backend_basetype2	005bcab7	inherited	backend_dataflow.slot_048	backend_t__vslot_048	0.93
0x00abfe94	backend_t	backend_dataflow@0x00b0e82c	0x00abf664	49	0	005bcac0	FUN_005bcac0	0x00b0b784	backend_basetype2	005bcac0	inherited	backend_dataflow.slot_049	backend_t__vslot_049	0.93
0x00abfe94	backend_t	backend_dataflow@0x00b0e82c	0x00abf664	50	0	005bcac9	FUN_005bcac9	0x00b0b784	backend_basetype2	005bcac9	inherited	backend_dataflow.slot_050	backend_t__vslot_050	0.93
0x00abfe94	backend_t	backend_dataflow@0x00b0e82c	0x00abf664	51	0	005bcad2	FUN_005bcad2	0x00b0b784	backend_basetype2	005bcad2	inherited	backend_dataflow.slot_051	backend_t__vslot_051	0.93
0x00abfe94	backend_t	backend_dataflow@0x00b0e82c	0x00abf664	52	0	005bcadc	FUN_005bcadc	0x00b0b784	backend_basetype2	005bcadc	inherited	backend_dataflow.slot_052	backend_t__vslot_052	0.93
0x00abfe94	backend_t	backend_dataflow@0x00b0e82c	0x00abf664	53	0	005bcae5	FUN_005bcae5	0x00b0b784	backend_basetype2	005bcae5	inherited	backend_dataflow.slot_053	backend_t__vslot_053	0.93
0x00abfe94	backend_t	backend_dataflow@0x00b0e82c	0x00abf664	54	0	005bcaee	FUN_005bcaee	0x00b0b784	backend_basetype2	005bcaee	inherited	backend_dataflow.slot_054	backend_t__vslot_054	0.93
0x00abfe94	backend_t	backend_dataflow@0x00b0e82c	0x00abf664	55	0	005bde39	FUN_005bde39	0x00b0b784	backend_basetype2	005bde39	inherited	backend_dataflow.slot_055	backend_t__vslot_055	0.93
0x00abfe94	backend_t	backend_dataflow@0x00b0e82c	0x00abf664	56	0	005bde42	FUN_005bde42	0x00b0b784	backend_basetype2	005bde42	inherited	backend_dataflow.slot_056	backend_t__vslot_056	0.93
0x00abfe94	backend_t	backend_dataflow@0x00b0e82c	0x00abf664	57	0	005bde4b	FUN_005bde4b	0x00b0b784	backend_basetype2	005bde4b	inherited	backend_dataflow.slot_057	backend_t__vslot_057	0.93
0x00abfe94	backend_t	backend_dataflow@0x00b0e82c	0x00abf664	58	0	004064df	FUN_004064df	0x00b0b784	backend_basetype2	00734c17	override	backend_dataflow.slot_058	backend_t__vslot_058	0.90
0x00abfe94	backend_t	backend_dataflow@0x00b0e82c	0x00abf664	59	0	0046f5c7	FUN_0046f5c7	0x00b0b784	backend_basetype2	005bcaf7	override	backend_dataflow.slot_059	backend_t__vslot_059	0.90
0x00abfe94	backend_t	backend_dataflow@0x00b0e82c	0x00abf664	60	0	0046f8f7	FUN_0046f8f7	0x00b0b784	backend_basetype2	005bcb00	override	backend_dataflow.slot_060	backend_t__vslot_060	0.90
0x00abfe94	backend_t	backend_dataflow@0x00b0e82c	0x00abf664	61	0	0072f96d	FUN_0072f96d	0x00b0b784	backend_basetype2	0072f96d	inherited	backend_dataflow.slot_061	backend_t__vslot_061	0.93
0x00abfe94	backend_t	backend_dataflow@0x00b0e82c	0x00abf664	62	0	004064e8	FUN_004064e8	0x00b0b784	backend_basetype2	00734c20	override	backend_dataflow.slot_062	backend_t__vslot_062	0.90
0x00abfe94	backend_t	backend_dataflow@0x00b0e82c	0x00abf664	63	0	00469105	FUN_00469105	0x00b0b784	backend_basetype2	005bca85	override	backend_dataflow.slot_063	backend_t__vslot_063	0.90
0x00abfe94	backend_t	backend_dataflow@0x00b0e82c	0x00abf664	64	0	0047c2f4	FUN_0047c2f4	0x00b0b784	backend_basetype2	005bcb05	override	backend_dataflow.slot_064	backend_t__vslot_064	0.90
0x00abfe94	backend_t	backend_dataflow@0x00b0e82c	0x00abf664	65	0	00424088	FUN_00424088	0x00b0b784	backend_basetype2	00734c25	override	backend_dataflow.slot_065	backend_t__vslot_065	0.90
0x00abfe94	backend_t	backend_dataflow@0x00b0e82c	0x00abf664	66	0	00735592	FUN_00735592	0x00b0b784	backend_basetype2	00735592	inherited	backend_dataflow.slot_066	backend_t__vslot_066	0.93
0x00abfe94	backend_t	backend_dataflow@0x00b0e82c	0x00abf664	67	0	0047196d	FUN_0047196d	0x00b0b784	backend_basetype2	00734c2e	override	backend_dataflow.slot_067	backend_t__vslot_067	0.90
0x00abfe94	backend_t	backend_dataflow@0x00b0e82c	0x00abf664	68	0	007353e2	FUN_007353e2	0x00b0b784	backend_basetype2	007353e2	inherited	backend_dataflow.slot_068	backend_t__vslot_068	0.93
0x00abfe94	backend_t	backend_dataflow@0x00b0e82c	0x00abf664	69	0	004a45f0	FUN_004a45f0	0x00b0b784	backend_basetype2	0073542d	override	backend_dataflow.slot_069	backend_t__vslot_069	0.90
0x00abfe94	backend_t	backend_dataflow@0x00b0e82c	0x00abf664	70	0	004711e8	FUN_004711e8	0x00b0b784	backend_basetype2	00734c37	override	backend_dataflow.slot_070	backend_t__vslot_070	0.90
0x00abfe94	backend_t	backend_dataflow@0x00b0e82c	0x00abf664	71	0	0046f93f	FUN_0046f93f	0x00b0b784	backend_basetype2	00734c40	override	backend_dataflow.slot_071	backend_t__vslot_071	0.90
0x00abfe94	backend_t	backend_dataflow@0x00b0e82c	0x00abf664	72	0	007354ed	FUN_007354ed	0x00b0b784	backend_basetype2	007354ed	inherited	backend_dataflow.slot_072	backend_t__vslot_072	0.93
0x00abfe94	backend_t	backend_dataflow@0x00b0e82c	0x00abf664	73	0	00471795	FUN_00471795	0x00b0b784	backend_basetype2	00734c49	override	backend_dataflow.slot_073	backend_t__vslot_073	0.90
0x00abfe94	backend_t	backend_dataflow@0x00b0e82c	0x00abf664	74	0	00471769	FUN_00471769	0x00b0b784	backend_basetype2	00734c52	override	backend_dataflow.slot_074	backend_t__vslot_074	0.90
0x00abfe94	backend_t	backend_dataflow@0x00b0e82c	0x00abf664	75	0	004064ed	FUN_004064ed	0x00b0b784	backend_basetype2	00734c57	override	backend_dataflow.slot_075	backend_t__vslot_075	0.90
0x00abfe94	backend_t	backend_dataflow@0x00b0e82c	0x00abf664	76	0	004064f2	FUN_004064f2	0x00b0b784	backend_basetype2	00734c5c	override	backend_dataflow.slot_076	backend_t__vslot_076	0.90
0x00abfe94	backend_t	backend_dataflow@0x00b0e82c	0x00abf664	77	0	007355be	FUN_007355be	0x00b0b784	backend_basetype2	007355be	inherited	backend_dataflow.slot_077	backend_t__vslot_077	0.93
0x00abfe94	backend_t	backend_dataflow@0x00b0e82c	0x00abf664	78	0	004064f7	FUN_004064f7	0x00b0b784	backend_basetype2	00734c61	override	backend_dataflow.slot_078	backend_t__vslot_078	0.90
0x00abfe94	backend_t	backend_dataflow@0x00b0e82c	0x00abf664	79	0	00406505	FUN_00406505	0x00b0b784	backend_basetype2	00734c6f	override	backend_dataflow.slot_079	backend_t__vslot_079	0.90
0x00abfe94	backend_t	backend_dataflow@0x00b0e82c	0x00abf664	80	0	0040650e	FUN_0040650e	0x00b0b784	backend_basetype2	00734c78	override	backend_dataflow.slot_080	backend_t__vslot_080	0.90
0x00abfe94	backend_t	backend_dataflow@0x00b0e82c	0x00abf664	81	0	00473a91	FUN_00473a91	0x00b0b784	backend_basetype2	00734c88	override	backend_dataflow.slot_081	backend_t__vslot_081	0.90
0x00abfe94	backend_t	backend_dataflow@0x00b0e82c	0x00abf664	82	0	005bcf2f	FUN_005bcf2f	0x00b0b784	backend_basetype2	005bcf2f	inherited	backend_dataflow.slot_082	backend_t__vslot_082	0.93
0x00abfe94	backend_t	backend_dataflow@0x00b0e82c	0x00abf664	83	0	0040651e	FUN_0040651e	0x00b0b784	backend_basetype2	00734c92	override	backend_dataflow.slot_083	backend_t__vslot_083	0.90
0x00abfe94	backend_t	backend_dataflow@0x00b0e82c	0x00abf664	84	0	00735743	FUN_00735743	0x00b0b784	backend_basetype2	00735743	inherited	backend_dataflow.slot_084	backend_t__vslot_084	0.93
0x00abfe94	backend_t	backend_dataflow@0x00b0e82c	0x00abf664	85	0	0077f001	FUN_0077f001	0x00b0b784	backend_basetype2	0077f001	inherited	backend_dataflow.slot_085	backend_t__vslot_085	0.93
0x00abfe94	backend_t	backend_dataflow@0x00b0e82c	0x00abf664	86	0	0077f05d	FUN_0077f05d	0x00b0b784	backend_basetype2	0077f05d	inherited	backend_dataflow.slot_086	backend_t__vslot_086	0.93
0x00abfe94	backend_t	backend_dataflow@0x00b0e82c	0x00abf664	87	0	00406527	FUN_00406527	0x00b0b784	backend_basetype2	00734c9b	override	backend_dataflow.slot_087	backend_t__vslot_087	0.90
0x00abfe94	backend_t	backend_dataflow@0x00b0e82c	0x00abf664	88	0	00406530	FUN_00406530	0x00b0b784	backend_basetype2	00734ca4	override	backend_dataflow.slot_088	backend_t__vslot_088	0.90
0x00abfe94	backend_t	backend_dataflow@0x00b0e82c	0x00abf664	89	0	00406535	FUN_00406535	0x00b0b784	backend_basetype2	00734ca9	override	backend_dataflow.slot_089	backend_t__vslot_089	0.90
0x00abfe94	backend_t	backend_dataflow@0x00b0e82c	0x00abf664	90	0	0040653a	FUN_0040653a	0x00b0b784	backend_basetype2	00734cae	override	backend_dataflow.slot_090	backend_t__vslot_090	0.90
0x00abfe94	backend_t	backend_dataflow@0x00b0e82c	0x00abf664	91	0	005bdbcd	FUN_005bdbcd	0x00b0b784	backend_basetype2	005bdbcd	inherited	backend_dataflow.slot_091	backend_t__vslot_091	0.93
0x00abfe94	backend_t	backend_dataflow@0x00b0e82c	0x00abf664	92	0	006cd518	FUN_006cd518	0x00b0b784	backend_basetype2	006cd518	inherited	backend_dataflow.slot_092	backend_t__vslot_092	0.93
0x00abfe94	backend_t	backend_dataflow@0x00b0e82c	0x00abf664	93	0	00406544	FUN_00406544	0x00b0b784	backend_basetype2	00734cb8	override	backend_dataflow.slot_093	backend_t__vslot_093	0.90
0x00abfe94	backend_t	backend_dataflow@0x00b0e82c	0x00abf664	94	0	006fc36e	FUN_006fc36e	0x00b0b784	backend_basetype2	006fc36e	inherited	backend_dataflow.slot_094	backend_t__vslot_094	0.93
0x00abfe94	backend_t	backend_dataflow@0x00b0e82c	0x00abf664	95	0	006fc4f2	FUN_006fc4f2	0x00b0b784	backend_basetype2	006fc4f2	inherited	backend_dataflow.slot_095	backend_t__vslot_095	0.93
0x00abfe94	backend_t	backend_dataflow@0x00b0e82c	0x00abf664	96	0	006c8f2b	FUN_006c8f2b	0x00b0b784	backend_basetype2	006c8f2b	inherited	backend_dataflow.slot_096	backend_t__vslot_096	0.93
0x00abfe94	backend_t	backend_dataflow@0x00b0e82c	0x00abf664	97	0	007352a0	FUN_007352a0	0x00b0b784	backend_basetype2	007352a0	inherited	backend_dataflow.slot_097	backend_t__vslot_097	0.93
0x00abfe94	backend_t	backend_dataflow@0x00b0e82c	0x00abf664	98	0	007352ea	FUN_007352ea	0x00b0b784	backend_basetype2	007352ea	inherited	backend_dataflow.slot_098	backend_t__vslot_098	0.93
0x00abfe94	backend_t	backend_dataflow@0x00b0e82c	0x00abf664	99	0	00735341	FUN_00735341	0x00b0b784	backend_basetype2	00735341	inherited	backend_dataflow.slot_099	backend_t__vslot_099	0.93
0x00abfe94	backend_t	backend_dataflow@0x00b0e82c	0x00abf664	100	0	0073538b	FUN_0073538b	0x00b0b784	backend_basetype2	0073538b	inherited	backend_dataflow.slot_100	backend_t__vslot_100	0.93
0x00abfe94	backend_t	backend_dataflow@0x00b0e82c	0x00abf664	101	0	00735612	FUN_00735612	0x00b0b784	backend_basetype2	00735612	inherited	backend_dataflow.slot_101	backend_t__vslot_101	0.93
0x00abfe94	backend_t	backend_dataflow@0x00b0e82c	0x00abf664	102	0	0073561b	FUN_0073561b	0x00b0b784	backend_basetype2	0073561b	inherited	backend_dataflow.slot_102	backend_t__vslot_102	0.93
0x00abfe94	backend_t	backend_dataflow@0x00b0e82c	0x00abf664	103	0	0040654e	FUN_0040654e	0x00b0b784	backend_basetype2	00734cc2	override	backend_dataflow.slot_103	backend_t__vslot_103	0.90
0x00abfe94	backend_t	backend_dataflow@0x00b0e82c	0x00abf664	104	0	0040655d	FUN_0040655d	0x00b0b784	backend_basetype2	00734cd1	override	backend_dataflow.slot_104	backend_t__vslot_104	0.90
0x00abfe94	backend_t	backend_dataflow@0x00b0e82c	0x00abf664	105	0	00486abc	FUN_00486abc	0x00b0b784	backend_basetype2	00734cdb	override	backend_dataflow.slot_105	backend_t__vslot_105	0.90
0x00abfe94	backend_t	backend_dataflow@0x00b0e82c	0x00abf664	106	0	00486b20	FUN_00486b20	0x00b0b784	backend_basetype2	00734d45	override	backend_dataflow.slot_106	backend_t__vslot_106	0.90
0x00abfe94	backend_t	backend_dataflow@0x00b0e82c	0x00abf664	107	0	00486ae9	FUN_00486ae9	0x00b0b784	backend_basetype2	00734d53	override	backend_dataflow.slot_107	backend_t__vslot_107	0.90
0x00abfe94	backend_t	backend_dataflow@0x00b0e82c	0x00abf664	108	0	004869f9	FUN_004869f9	0x00b0b784	backend_basetype2	00734d61	override	backend_dataflow.slot_108	backend_t__vslot_108	0.90
0x00abfe94	backend_t	backend_dataflow@0x00b0e82c	0x00abf664	109	0	00486b57	FUN_00486b57	0x00b0b784	backend_basetype2	00734d6f	override	backend_dataflow.slot_109	backend_t__vslot_109	0.90
0x00abfe94	backend_t	backend_dataflow@0x00b0e82c	0x00abf664	110	0	005bcb18	FUN_005bcb18	0x00b0b784	backend_basetype2	005bcb18	inherited	backend_dataflow.slot_110	backend_t__vslot_110	0.93
0x00abfe94	backend_t	backend_dataflow@0x00b0e82c	0x00abf664	111	0	005bcb51	FUN_005bcb51	0x00b0b784	backend_basetype2	005bcb51	inherited	backend_dataflow.slot_111	backend_t__vslot_111	0.93
0x00abfe94	backend_t	backend_dataflow@0x00b0e82c	0x00abf664	112	0	00424164	FUN_00424164	0x00b0b784	backend_basetype2	005bdbaa	override	backend_dataflow.slot_112	backend_t__vslot_112	0.90
0x00abfe94	backend_t	backend_dataflow@0x00b0e82c	0x00abf664	113	0	00739d9d	FUN_00739d9d	0x00b0b784	backend_basetype2	00739d9d	inherited	backend_dataflow.slot_113	backend_t__vslot_113	0.93
0x00abfe94	backend_t	backend_dataflow@0x00b0e82c	0x00abf664	114	0	005bcb13	FUN_005bcb13	0x00b0b784	backend_basetype2	005bcb13	inherited	backend_dataflow.slot_114	backend_t__vslot_114	0.93
0x00abfe94	backend_t	backend_dataflow@0x00b0e82c	0x00abf664	115	0	005bccd3	FUN_005bccd3	0x00b0b784	backend_basetype2	005bccd3	inherited	backend_dataflow.slot_115	backend_t__vslot_115	0.93
0x00abfe94	backend_t	backend_dataflow@0x00b0e82c	0x00abf664	116	0	005bcb0a	FUN_005bcb0a	0x00b0b784	backend_basetype2	005bcb0a	inherited	backend_dataflow.slot_116	backend_t__vslot_116	0.93
0x00abfe94	backend_t	backend_dataflow@0x00b0e82c	0x00abf664	117	0	00406567	FUN_00406567	0x00b0b784	backend_basetype2	00734d7d	override	backend_dataflow.slot_117	backend_t__vslot_117	0.90
0x00abfe94	backend_t	backend_dataflow@0x00b0e82c	0x00abf664	118	0	005bccd8	FUN_005bccd8	0x00b0b784	backend_basetype2	005bccd8	inherited	backend_dataflow.slot_118	backend_t__vslot_118	0.93
0x00abfe94	backend_t	backend_dataflow@0x00b0e82c	0x00abf664	119	0	005bcce1	FUN_005bcce1	0x00b0b784	backend_basetype2	005bcce1	inherited	backend_dataflow.slot_119	backend_t__vslot_119	0.93
0x00abfe94	backend_t	backend_dataflow@0x00b0e82c	0x00abf664	120	0	00406770	FUN_00406770	0x00b0b784	backend_basetype2	00735098	override	backend_dataflow.slot_120	backend_t__vslot_120	0.90
0x00abfe94	backend_t	backend_dataflow@0x00b0e82c	0x00abf664	121	0	004067a8	FUN_004067a8	0x00b0b784	backend_basetype2	007350d0	override	backend_dataflow.slot_121	backend_t__vslot_121	0.90
0x00abfe94	backend_t	backend_dataflow@0x00b0e82c	0x00abf664	122	0	00406570	FUN_00406570	0x00b0b784	backend_basetype2	00734d86	override	backend_dataflow.slot_122	backend_t__vslot_122	0.90
0x00abfe94	backend_t	backend_dataflow@0x00b0e82c	0x00abf664	123	0	00406579	FUN_00406579	0x00b0b784	backend_basetype2	00734d8f	override	backend_dataflow.slot_123	backend_t__vslot_123	0.90
0x00abfe94	backend_t	backend_dataflow@0x00b0e82c	0x00abf664	124	0	00406582	FUN_00406582	0x00b0b784	backend_basetype2	00734d98	override	backend_dataflow.slot_124	backend_t__vslot_124	0.90
0x00abfe94	backend_t	backend_dataflow@0x00b0e82c	0x00abf664	125	0	0040658b	FUN_0040658b	0x00b0b784	backend_basetype2	00734da1	override	backend_dataflow.slot_125	backend_t__vslot_125	0.90
0x00abfe94	backend_t	backend_dataflow@0x00b0e82c	0x00abf664	126	0	00406594	FUN_00406594	0x00b0b784	backend_basetype2	00734daa	override	backend_dataflow.slot_126	backend_t__vslot_126	0.90
0x00abfe94	backend_t	backend_dataflow@0x00b0e82c	0x00abf664	127	0	005bde20	FUN_005bde20	0x00b0b784	backend_basetype2	005bde20	inherited	backend_dataflow.slot_127	backend_t__vslot_127	0.93
0x00abfe94	backend_t	backend_dataflow@0x00b0e82c	0x00abf664	128	0	0040735e	FUN_0040735e	0x00b0b784	backend_basetype2	00734db3	override	backend_dataflow.slot_128	backend_t__vslot_128	0.90
0x00abfe94	backend_t	backend_dataflow@0x00b0e82c	0x00abf664	129	0	0040659d	FUN_0040659d	0x00b0b784	backend_basetype2	00734e16	override	backend_dataflow.slot_129	backend_t__vslot_129	0.90
0x00abfe94	backend_t	backend_dataflow@0x00b0e82c	0x00abf664	130	0	005bccea	FUN_005bccea	0x00b0b784	backend_basetype2	005bccea	inherited	backend_dataflow.slot_130	backend_t__vslot_130	0.93
0x00abfe94	backend_t	backend_dataflow@0x00b0e82c	0x00abf664	131	0	005bce00	FUN_005bce00	0x00b0b784	backend_basetype2	005bce00	inherited	backend_dataflow.slot_131	backend_t__vslot_131	0.93
0x00abfe94	backend_t	backend_dataflow@0x00b0e82c	0x00abf664	132	0	004065a2	FUN_004065a2	0x00b0b784	backend_basetype2	00734e1b	override	backend_dataflow.slot_132	backend_t__vslot_132	0.90
0x00abfe94	backend_t	backend_dataflow@0x00b0e82c	0x00abf664	133	0	004221e8	FUN_004221e8	0x00b0b784	backend_basetype2	005bce2d	override	backend_dataflow.slot_133	backend_t__vslot_133	0.90
0x00abfe94	backend_t	backend_dataflow@0x00b0e82c	0x00abf664	134	0	004a4615	FUN_004a4615	0x00b0b784	backend_basetype2	005bce7d	override	backend_dataflow.slot_134	backend_t__vslot_134	0.90
0x00abfe94	backend_t	backend_dataflow@0x00b0e82c	0x00abf664	135	0	005bceca	FUN_005bceca	0x00b0b784	backend_basetype2	005bceca	inherited	backend_dataflow.slot_135	backend_t__vslot_135	0.93
0x00abfe94	backend_t	backend_dataflow@0x00b0e82c	0x00abf664	136	0	005bcecf	FUN_005bcecf	0x00b0b784	backend_basetype2	005bcecf	inherited	backend_dataflow.slot_136	backend_t__vslot_136	0.93
0x00abfe94	backend_t	backend_dataflow@0x00b0e82c	0x00abf664	137	0	005bcef3	FUN_005bcef3	0x00b0b784	backend_basetype2	005bcef3	inherited	backend_dataflow.slot_137	backend_t__vslot_137	0.93
0x00abfe94	backend_t	backend_dataflow@0x00b0e82c	0x00abf664	138	0	004065ab	FUN_004065ab	0x00b0b784	backend_basetype2	00734e24	override	backend_dataflow.slot_138	backend_t__vslot_138	0.90
0x00abfe94	backend_t	backend_dataflow@0x00b0e82c	0x00abf664	139	0	005bd353	FUN_005bd353	0x00b0b784	backend_basetype2	005bd353	inherited	backend_dataflow.slot_139	backend_t__vslot_139	0.93
0x00abfe94	backend_t	backend_dataflow@0x00b0e82c	0x00abf664	140	0	00470998	FUN_00470998	0x00b0b784	backend_basetype2	00734e2d	override	backend_dataflow.slot_140	backend_t__vslot_140	0.90
0x00abfe94	backend_t	backend_dataflow@0x00b0e82c	0x00abf664	141	0	004065b4	FUN_004065b4	0x00b0b784	backend_basetype2	00734e32	override	backend_dataflow.slot_141	backend_t__vslot_141	0.90
0x00abfe94	backend_t	backend_dataflow@0x00b0e82c	0x00abf664	142	0	00424b8f	FUN_00424b8f	0x00b0b784	backend_basetype2	00734e37	override	backend_dataflow.slot_142	backend_t__vslot_142	0.90
0x00abfe94	backend_t	backend_dataflow@0x00b0e82c	0x00abf664	143	0	00424b5d	FUN_00424b5d	0x00b0b784	backend_basetype2	00734e3c	override	backend_dataflow.slot_143	backend_t__vslot_143	0.90
0x00abfe94	backend_t	backend_dataflow@0x00b0e82c	0x00abf664	144	0	004065b9	FUN_004065b9	0x00b0b784	backend_basetype2	00734e41	override	backend_dataflow.slot_144	backend_t__vslot_144	0.90
0x00abfe94	backend_t	backend_dataflow@0x00b0e82c	0x00abf664	145	0	004065be	FUN_004065be	0x00b0b784	backend_basetype2	00734e46	override	backend_dataflow.slot_145	backend_t__vslot_145	0.90
0x00abfe94	backend_t	backend_dataflow@0x00b0e82c	0x00abf664	146	0	004065cd	FUN_004065cd	0x00b0b784	backend_basetype2	00734e55	override	backend_dataflow.slot_146	backend_t__vslot_146	0.90
0x00abfe94	backend_t	backend_dataflow@0x00b0e82c	0x00abf664	147	0	004065d2	FUN_004065d2	0x00b0b784	backend_basetype2	00734e5a	override	backend_dataflow.slot_147	backend_t__vslot_147	0.90
0x00abfe94	backend_t	backend_dataflow@0x00b0e82c	0x00abf664	148	0	004065d7	FUN_004065d7	0x00b0b784	backend_basetype2	00734e5f	override	backend_dataflow.slot_148	backend_t__vslot_148	0.90
0x00abfe94	backend_t	backend_dataflow@0x00b0e82c	0x00abf664	149	0	0073bd67	FUN_0073bd67	0x00b0b784	backend_basetype2	0073bd67	inherited	backend_dataflow.slot_149	backend_t__vslot_149	0.93
0x00abfe94	backend_t	backend_dataflow@0x00b0e82c	0x00abf664	150	0	0073befc	FUN_0073befc	0x00b0b784	backend_basetype2	0073befc	inherited	backend_dataflow.slot_150	backend_t__vslot_150	0.93
0x00abfe94	backend_t	backend_dataflow@0x00b0e82c	0x00abf664	151	0	0073c694	FUN_0073c694	0x00b0b784	backend_basetype2	0073c694	inherited	backend_dataflow.slot_151	backend_t__vslot_151	0.93
0x00abfe94	backend_t	backend_dataflow@0x00b0e82c	0x00abf664	152	0	004065e1	FUN_004065e1	0x00b0b784	backend_basetype2	00734e69	override	backend_dataflow.slot_152	backend_t__vslot_152	0.90
0x00abfe94	backend_t	backend_dataflow@0x00b0e82c	0x00abf664	153	0	004065ea	FUN_004065ea	0x00b0b784	backend_basetype2	00734e72	override	backend_dataflow.slot_153	backend_t__vslot_153	0.90
0x00abfe94	backend_t	backend_dataflow@0x00b0e82c	0x00abf664	154	0	004065f4	FUN_004065f4	0x00b0b784	backend_basetype2	00734e7c	override	backend_dataflow.slot_154	backend_t__vslot_154	0.90
0x00abfe94	backend_t	backend_dataflow@0x00b0e82c	0x00abf664	155	0	0073e08f	FUN_0073e08f	0x00b0b784	backend_basetype2	0073e08f	inherited	backend_dataflow.slot_155	backend_t__vslot_155	0.93
0x00abfe94	backend_t	backend_dataflow@0x00b0e82c	0x00abf664	156	0	0073ef61	FUN_0073ef61	0x00b0b784	backend_basetype2	0073ef61	inherited	backend_dataflow.slot_156	backend_t__vslot_156	0.93
0x00abfe94	backend_t	backend_dataflow@0x00b0e82c	0x00abf664	157	0	0073f585	FUN_0073f585	0x00b0b784	backend_basetype2	0073f585	inherited	backend_dataflow.slot_157	backend_t__vslot_157	0.93
0x00abfe94	backend_t	backend_dataflow@0x00b0e82c	0x00abf664	158	0	0073ea02	FUN_0073ea02	0x00b0b784	backend_basetype2	0073ea02	inherited	backend_dataflow.slot_158	backend_t__vslot_158	0.93
0x00abfe94	backend_t	backend_dataflow@0x00b0e82c	0x00abf664	159	0	004065fe	FUN_004065fe	0x00b0b784	backend_basetype2	00734e86	override	backend_dataflow.slot_159	backend_t__vslot_159	0.90
0x00abfe94	backend_t	backend_dataflow@0x00b0e82c	0x00abf664	160	0	00406608	FUN_00406608	0x00b0b784	backend_basetype2	00734e90	override	backend_dataflow.slot_160	backend_t__vslot_160	0.90
0x00abfe94	backend_t	backend_dataflow@0x00b0e82c	0x00abf664	161	0	00406612	FUN_00406612	0x00b0b784	backend_basetype2	00734e9a	override	backend_dataflow.slot_161	backend_t__vslot_161	0.90
0x00abfe94	backend_t	backend_dataflow@0x00b0e82c	0x00abf664	162	0	00406617	FUN_00406617	0x00b0b784	backend_basetype2	00734e9f	override	backend_dataflow.slot_162	backend_t__vslot_162	0.90
0x00abfe94	backend_t	backend_dataflow@0x00b0e82c	0x00abf664	163	0	0040661c	FUN_0040661c	0x00b0b784	backend_basetype2	00734ea4	override	backend_dataflow.slot_163	backend_t__vslot_163	0.90
0x00abfe94	backend_t	backend_dataflow@0x00b0e82c	0x00abf664	164	0	00406621	FUN_00406621	0x00b0b784	backend_basetype2	00734ea9	override	backend_dataflow.slot_164	backend_t__vslot_164	0.90
0x00abfe94	backend_t	backend_dataflow@0x00b0e82c	0x00abf664	165	0	005bd358	FUN_005bd358	0x00b0b784	backend_basetype2	005bd358	inherited	backend_dataflow.slot_165	backend_t__vslot_165	0.93
0x00abfe94	backend_t	backend_dataflow@0x00b0e82c	0x00abf664	166	0	005bd6a3	FUN_005bd6a3	0x00b0b784	backend_basetype2	005bd6a3	inherited	backend_dataflow.slot_166	backend_t__vslot_166	0.93
0x00abfe94	backend_t	backend_dataflow@0x00b0e82c	0x00abf664	167	0	00423f45	FUN_00423f45	0x00b0b784	backend_basetype2	005bd73a	override	backend_dataflow.slot_167	backend_t__vslot_167	0.90
0x00abfe94	backend_t	backend_dataflow@0x00b0e82c	0x00abf664	168	0	00424027	FUN_00424027	0x00b0b784	backend_basetype2	005bd82a	override	backend_dataflow.slot_168	backend_t__vslot_168	0.90
0x00abfe94	backend_t	backend_dataflow@0x00b0e82c	0x00abf664	169	0	007351e2	FUN_007351e2	0x00b0b784	backend_basetype2	007351e2	inherited	backend_dataflow.slot_169	backend_t__vslot_169	0.93
0x00abfe94	backend_t	backend_dataflow@0x00b0e82c	0x00abf664	170	0	0073522e	FUN_0073522e	0x00b0b784	backend_basetype2	0073522e	inherited	backend_dataflow.slot_170	backend_t__vslot_170	0.93
0x00abfe94	backend_t	backend_dataflow@0x00b0e82c	0x00abf664	171	0	00735254	FUN_00735254	0x00b0b784	backend_basetype2	00735254	inherited	backend_dataflow.slot_171	backend_t__vslot_171	0.93
0x00abfe94	backend_t	backend_dataflow@0x00b0e82c	0x00abf664	172	0	0073527a	FUN_0073527a	0x00b0b784	backend_basetype2	0073527a	inherited	backend_dataflow.slot_172	backend_t__vslot_172	0.93
0x00abfe94	backend_t	backend_dataflow@0x00b0e82c	0x00abf664	173	0	00432726	FUN_00432726	0x00b0b784	backend_basetype2	005bd393	override	backend_dataflow.slot_173	backend_t__vslot_173	0.90
0x00abfe94	backend_t	backend_dataflow@0x00b0e82c	0x00abf664	174	0	0043a621	FUN_0043a621	0x00b0b784	backend_basetype2	005bd398	override	backend_dataflow.slot_174	backend_t__vslot_174	0.90
0x00abfe94	backend_t	backend_dataflow@0x00b0e82c	0x00abf664	175	0	0043a1b7	FUN_0043a1b7	0x00b0b784	backend_basetype2	005bd3a0	override	backend_dataflow.slot_175	backend_t__vslot_175	0.90
0x00abfe94	backend_t	backend_dataflow@0x00b0e82c	0x00abf664	176	0	00437ac1	FUN_00437ac1	0x00b0b784	backend_basetype2	005bd3a9	override	backend_dataflow.slot_176	backend_t__vslot_176	0.90
0x00abfe94	backend_t	backend_dataflow@0x00b0e82c	0x00abf664	177	0	005bd3b2	FUN_005bd3b2	0x00b0b784	backend_basetype2	005bd3b2	inherited	backend_dataflow.slot_177	backend_t__vslot_177	0.93
0x00abfe94	backend_t	backend_dataflow@0x00b0e82c	0x00abf664	178	0	005bd3bb	FUN_005bd3bb	0x00b0b784	backend_basetype2	005bd3bb	inherited	backend_dataflow.slot_178	backend_t__vslot_178	0.93
0x00abfe94	backend_t	backend_dataflow@0x00b0e82c	0x00abf664	179	0	00431851	FUN_00431851	0x00b0b784	backend_basetype2	005bd3c5	override	backend_dataflow.slot_179	backend_t__vslot_179	0.90
0x00abfe94	backend_t	backend_dataflow@0x00b0e82c	0x00abf664	180	0	00431985	FUN_00431985	0x00b0b784	backend_basetype2	005bd3ca	override	backend_dataflow.slot_180	backend_t__vslot_180	0.90
0x00abfe94	backend_t	backend_dataflow@0x00b0e82c	0x00abf664	181	0	0043269d	FUN_0043269d	0x00b0b784	backend_basetype2	005bd3cf	override	backend_dataflow.slot_181	backend_t__vslot_181	0.90
0x00abfe94	backend_t	backend_dataflow@0x00b0e82c	0x00abf664	182	0	0040662b	FUN_0040662b	0x00b0b784	backend_basetype2	00734eb3	override	backend_dataflow.slot_182	backend_t__vslot_182	0.90
0x00abfe94	backend_t	backend_dataflow@0x00b0e82c	0x00abf664	183	0	005bd3d8	FUN_005bd3d8	0x00b0b784	backend_basetype2	005bd3d8	inherited	backend_dataflow.slot_183	backend_t__vslot_183	0.93
0x00abfe94	backend_t	backend_dataflow@0x00b0e82c	0x00abf664	184	0	00423965	FUN_00423965	0x00b0b784	backend_basetype2	005bd3dd	override	backend_dataflow.slot_184	backend_t__vslot_184	0.90
0x00abfe94	backend_t	backend_dataflow@0x00b0e82c	0x00abf664	185	0	00423991	FUN_00423991	0x00b0b784	backend_basetype2	005bd3e7	override	backend_dataflow.slot_185	backend_t__vslot_185	0.90
0x00abfe94	backend_t	backend_dataflow@0x00b0e82c	0x00abf664	186	0	005bd65c	FUN_005bd65c	0x00b0b784	backend_basetype2	005bd65c	inherited	backend_dataflow.slot_186	backend_t__vslot_186	0.93
0x00abfe94	backend_t	backend_dataflow@0x00b0e82c	0x00abf664	187	0	00422ff4	FUN_00422ff4	0x00b0b784	backend_basetype2	00734eb8	override	backend_dataflow.slot_187	backend_t__vslot_187	0.90
0x00abfe94	backend_t	backend_dataflow@0x00b0e82c	0x00abf664	188	0	00423ce7	FUN_00423ce7	0x00b0b784	backend_basetype2	00734ebd	override	backend_dataflow.slot_188	backend_t__vslot_188	0.90
0x00abfe94	backend_t	backend_dataflow@0x00b0e82c	0x00abf664	189	0	00406630	FUN_00406630	0x00b0b784	backend_basetype2	00734ec7	override	backend_dataflow.slot_189	backend_t__vslot_189	0.90
0x00abfe94	backend_t	backend_dataflow@0x00b0e82c	0x00abf664	190	0	00424c85	FUN_00424c85	0x00b0b784	backend_basetype2	00734ecc	override	backend_dataflow.slot_190	backend_t__vslot_190	0.90
0x00abfe94	backend_t	backend_dataflow@0x00b0e82c	0x00abf664	191	0	00423e2d	FUN_00423e2d	0x00b0b784	backend_basetype2	00734ed4	override	backend_dataflow.slot_191	backend_t__vslot_191	0.90
0x00abfe94	backend_t	backend_dataflow@0x00b0e82c	0x00abf664	192	0	00431693	FUN_00431693	0x00b0b784	backend_basetype2	00734edd	override	backend_dataflow.slot_192	backend_t__vslot_192	0.90
0x00abfe94	backend_t	backend_dataflow@0x00b0e82c	0x00abf664	193	0	0043ec1b	FUN_0043ec1b	0x00b0b784	backend_basetype2	00734ee6	override	backend_dataflow.slot_193	backend_t__vslot_193	0.90
0x00abfe94	backend_t	backend_dataflow@0x00b0e82c	0x00abf664	194	0	005bd89d	FUN_005bd89d	0x00b0b784	backend_basetype2	005bd89d	inherited	backend_dataflow.slot_194	backend_t__vslot_194	0.93
0x00abfe94	backend_t	backend_dataflow@0x00b0e82c	0x00abf664	195	0	00423c13	FUN_00423c13	0x00b0b784	backend_basetype2	00734eef	override	backend_dataflow.slot_195	backend_t__vslot_195	0.90
0x00abfe94	backend_t	backend_dataflow@0x00b0e82c	0x00abf664	196	0	00423aa1	FUN_00423aa1	0x00b0b784	backend_basetype2	005bd972	override	backend_dataflow.slot_196	backend_t__vslot_196	0.90
0x00abfe94	backend_t	backend_dataflow@0x00b0e82c	0x00abf664	197	0	00424bce	FUN_00424bce	0x00b0b784	backend_basetype2	005bd9f1	override	backend_dataflow.slot_197	backend_t__vslot_197	0.90
0x00abfe94	backend_t	backend_dataflow@0x00b0e82c	0x00abf664	198	0	00406635	FUN_00406635	0x00b0b784	backend_basetype2	00734ef9	override	backend_dataflow.slot_198	backend_t__vslot_198	0.90
0x00abfe94	backend_t	backend_dataflow@0x00b0e82c	0x00abf664	199	0	0049efb5	FUN_0049efb5	0x00b0b784	backend_basetype2	005bda6a	override	backend_dataflow.slot_199	backend_t__vslot_199	0.90
0x00abfe94	backend_t	backend_dataflow@0x00b0e82c	0x00abf664	200	0	00423caf	FUN_00423caf	0x00b0b784	backend_basetype2	00734f02	override	backend_dataflow.slot_200	backend_t__vslot_200	0.90
0x00abfe94	backend_t	backend_dataflow@0x00b0e82c	0x00abf664	201	0	0040663e	FUN_0040663e	0x00b0b784	backend_basetype2	00734f0e	override	backend_dataflow.slot_201	backend_t__vslot_201	0.90
0x00abfe94	backend_t	backend_dataflow@0x00b0e82c	0x00abf664	202	0	00406647	FUN_00406647	0x00b0b784	backend_basetype2	00734f17	override	backend_dataflow.slot_202	backend_t__vslot_202	0.90
0x00abfe94	backend_t	backend_dataflow@0x00b0e82c	0x00abf664	203	0	00406651	FUN_00406651	0x00b0b784	backend_basetype2	00734f21	override	backend_dataflow.slot_203	backend_t__vslot_203	0.90
0x00abfe94	backend_t	backend_dataflow@0x00b0e82c	0x00abf664	204	0	0040665b	FUN_0040665b	0x00b0b784	backend_basetype2	00734f2b	override	backend_dataflow.slot_204	backend_t__vslot_204	0.90
0x00abfe94	backend_t	backend_dataflow@0x00b0e82c	0x00abf664	205	0	004242c0	FUN_004242c0	0x00b0b784	backend_basetype2	00734f30	override	backend_dataflow.slot_205	backend_t__vslot_205	0.90
0x00abfe94	backend_t	backend_dataflow@0x00b0e82c	0x00abf664	206	0	005bd98d	FUN_005bd98d	0x00b0b784	backend_basetype2	005bd98d	inherited	backend_dataflow.slot_206	backend_t__vslot_206	0.93
0x00abfe94	backend_t	backend_dataflow@0x00b0e82c	0x00abf664	207	0	00424123	FUN_00424123	0x00b0b784	backend_basetype2	00734f35	override	backend_dataflow.slot_207	backend_t__vslot_207	0.90
0x00abfe94	backend_t	backend_dataflow@0x00b0e82c	0x00abf664	208	0	00406660	FUN_00406660	0x00b0b784	backend_basetype2	00734f3a	override	backend_dataflow.slot_208	backend_t__vslot_208	0.90
0x00abfe94	backend_t	backend_dataflow@0x00b0e82c	0x00abf664	209	0	00406669	FUN_00406669	0x00b0b784	backend_basetype2	00734f43	override	backend_dataflow.slot_209	backend_t__vslot_209	0.90
0x00abfe94	backend_t	backend_dataflow@0x00b0e82c	0x00abf664	210	0	005bdb08	FUN_005bdb08	0x00b0b784	backend_basetype2	005bdb08	inherited	backend_dataflow.slot_210	backend_t__vslot_210	0.93
0x00abfe94	backend_t	backend_dataflow@0x00b0e82c	0x00abf664	211	0	00406672	FUN_00406672	0x00b0b784	backend_basetype2	00734f4c	override	backend_dataflow.slot_211	backend_t__vslot_211	0.90
0x00abfe94	backend_t	backend_dataflow@0x00b0e82c	0x00abf664	212	0	004e2d50	FUN_004e2d50	0x00b0b784	backend_basetype2	004e2d50	inherited	backend_dataflow.slot_212	backend_t__vslot_212	0.93
0x00abfe94	backend_t	backend_dataflow@0x00b0e82c	0x00abf664	213	0	0040667c	FUN_0040667c	0x00b0b784	backend_basetype2	00734f56	override	backend_dataflow.slot_213	backend_t__vslot_213	0.90
0x00abfe94	backend_t	backend_dataflow@0x00b0e82c	0x00abf664	214	0	00406681	FUN_00406681	0x00b0b784	backend_basetype2	00734f5b	override	backend_dataflow.slot_214	backend_t__vslot_214	0.90
0x00abfe94	backend_t	backend_dataflow@0x00b0e82c	0x00abf664	215	0	0040668a	FUN_0040668a	0x00b0b784	backend_basetype2	00734f64	override	backend_dataflow.slot_215	backend_t__vslot_215	0.90
0x00abfe94	backend_t	backend_dataflow@0x00b0e82c	0x00abf664	216	0	005bdd08	FUN_005bdd08	0x00b0b784	backend_basetype2	005bdd08	inherited	backend_dataflow.slot_216	backend_t__vslot_216	0.93
0x00abfe94	backend_t	backend_dataflow@0x00b0e82c	0x00abf664	217	0	0040668f	FUN_0040668f	0x00b0b784	backend_basetype2	00734f69	override	backend_dataflow.slot_217	backend_t__vslot_217	0.90
0x00abfe94	backend_t	backend_dataflow@0x00b0e82c	0x00abf664	218	0	00406698	FUN_00406698	0x00b0b784	backend_basetype2	00734f72	override	backend_dataflow.slot_218	backend_t__vslot_218	0.90
0x00abfe94	backend_t	backend_dataflow@0x00b0e82c	0x00abf664	219	0	004066a1	FUN_004066a1	0x00b0b784	backend_basetype2	00734f7b	override	backend_dataflow.slot_219	backend_t__vslot_219	0.90
0x00abfe94	backend_t	backend_dataflow@0x00b0e82c	0x00abf664	220	0	004066aa	FUN_004066aa	0x00b0b784	backend_basetype2	00734f84	override	backend_dataflow.slot_220	backend_t__vslot_220	0.90
0x00abfe94	backend_t	backend_dataflow@0x00b0e82c	0x00abf664	221	0	004066b4	FUN_004066b4	0x00b0b784	backend_basetype2	00734f8e	override	backend_dataflow.slot_221	backend_t__vslot_221	0.90
0x00abfe94	backend_t	backend_dataflow@0x00b0e82c	0x00abf664	222	0	004066b9	FUN_004066b9	0x00b0b784	backend_basetype2	00734f93	override	backend_dataflow.slot_222	backend_t__vslot_222	0.90
0x00abfe94	backend_t	backend_dataflow@0x00b0e82c	0x00abf664	223	0	004066c3	FUN_004066c3	0x00b0b784	backend_basetype2	00734f9d	override	backend_dataflow.slot_223	backend_t__vslot_223	0.90
0x00abfe94	backend_t	backend_dataflow@0x00b0e82c	0x00abf664	224	0	004066cd	FUN_004066cd	0x00b0b784	backend_basetype2	00734fa7	override	backend_dataflow.slot_224	backend_t__vslot_224	0.90
0x00abfe94	backend_t	backend_dataflow@0x00b0e82c	0x00abf664	225	0	004066d6	FUN_004066d6	0x00b0b784	backend_basetype2	00734fb0	override	backend_dataflow.slot_225	backend_t__vslot_225	0.90
0x00abfe94	backend_t	backend_dataflow@0x00b0e82c	0x00abf664	226	0	004066db	FUN_004066db	0x00b0b784	backend_basetype2	00734fb5	override	backend_dataflow.slot_226	backend_t__vslot_226	0.90
0x00abfe94	backend_t	backend_dataflow@0x00b0e82c	0x00abf664	227	0	004066e0	FUN_004066e0	0x00b0b784	backend_basetype2	00734fba	override	backend_dataflow.slot_227	backend_t__vslot_227	0.90
0x00abfe94	backend_t	backend_dataflow@0x00b0e82c	0x00abf664	228	0	00401d91	FUN_00401d91	0x00b0b784	backend_basetype2	00734fbf	override	backend_dataflow.slot_228	backend_t__vslot_228	0.90
0x00abfe94	backend_t	backend_dataflow@0x00b0e82c	0x00abf664	229	0	0074249b	FUN_0074249b	0x00b0b784	backend_basetype2	0074249b	inherited	backend_dataflow.slot_229	backend_t__vslot_229	0.93
0x00abfe94	backend_t	backend_dataflow@0x00b0e82c	0x00abf664	230	0	004066e5	FUN_004066e5	0x00b0b784	backend_basetype2	00734fc8	override	backend_dataflow.slot_230	backend_t__vslot_230	0.90
0x00abfe94	backend_t	backend_dataflow@0x00b0e82c	0x00abf664	231	0	004066ee	FUN_004066ee	0x00b0b784	backend_basetype2	00734fd1	override	backend_dataflow.slot_231	backend_t__vslot_231	0.90
0x00abfe94	backend_t	backend_dataflow@0x00b0e82c	0x00abf664	232	0	004066fd	FUN_004066fd	0x00b0b784	backend_basetype2	00734fe0	override	backend_dataflow.slot_232	backend_t__vslot_232	0.90
0x00abfe94	backend_t	backend_dataflow@0x00b0e82c	0x00abf664	233	0	00406706	FUN_00406706	0x00b0b784	backend_basetype2	00734fe9	override	backend_dataflow.slot_233	backend_t__vslot_233	0.90
0x00abfe94	backend_t	backend_dataflow@0x00b0e82c	0x00abf664	234	0	005bdcc7	FUN_005bdcc7	0x00b0b784	backend_basetype2	005bdcc7	inherited	backend_dataflow.slot_234	backend_t__vslot_234	0.93
0x00abfe94	backend_t	backend_dataflow@0x00b0e82c	0x00abf664	235	0	005bdcdc	FUN_005bdcdc	0x00b0b784	backend_basetype2	005bdcdc	inherited	backend_dataflow.slot_235	backend_t__vslot_235	0.93
0x00abfe94	backend_t	backend_dataflow@0x00b0e82c	0x00abf664	236	0	00404f81	FUN_00404f81	0x00b0b784	backend_basetype2	0077ef6e	override	backend_dataflow.slot_236	backend_t__vslot_236	0.90
0x00abfe94	backend_t	backend_dataflow@0x00b0e82c	0x00abf664	237	0	0040505a	FUN_0040505a	0x00b0b784	backend_basetype2	0077efbe	override	backend_dataflow.slot_237	backend_t__vslot_237	0.90
0x00abfe94	backend_t	backend_dataflow@0x00b0e82c	0x00abf664	238	0	00404b2f	FUN_00404b2f	0x00b0b784	backend_basetype2	005bdbe6	override	backend_dataflow.slot_238	backend_t__vslot_238	0.90
0x00abfe94	backend_t	backend_dataflow@0x00b0e82c	0x00abf664	239	0	00735673	FUN_00735673	0x00b0b784	backend_basetype2	00735673	inherited	backend_dataflow.slot_239	backend_t__vslot_239	0.93
0x00abfe94	backend_t	backend_dataflow@0x00b0e82c	0x00abf664	240	0	0040673a	FUN_0040673a	0x00b0b784	backend_basetype2	00735026	override	backend_dataflow.slot_240	backend_t__vslot_240	0.90
0x00abfe94	backend_t	backend_dataflow@0x00b0e82c	0x00abf664	241	0	00424c29	FUN_00424c29	0x00b0b784	backend_basetype2	005bde11	override	backend_dataflow.slot_241	backend_t__vslot_241	0.90
0x00abfe94	backend_t	backend_dataflow@0x00b0e82c	0x00abf664	242	0	0042439b	FUN_0042439b	0x00b0b784	backend_basetype2	0073502b	override	backend_dataflow.slot_242	backend_t__vslot_242	0.90
0x00abfe94	backend_t	backend_dataflow@0x00b0e82c	0x00abf664	243	0	004243b1	FUN_004243b1	0x00b0b784	backend_basetype2	00735034	override	backend_dataflow.slot_243	backend_t__vslot_243	0.90
0x00abfe94	backend_t	backend_dataflow@0x00b0e82c	0x00abf664	244	0	004244c6	FUN_004244c6	0x00b0b784	backend_basetype2	0073503d	override	backend_dataflow.slot_244	backend_t__vslot_244	0.90
0x00abfe94	backend_t	backend_dataflow@0x00b0e82c	0x00abf664	245	0	0049a873	FUN_0049a873	0x00b0b784	backend_basetype2	00735046	override	backend_dataflow.slot_245	backend_t__vslot_245	0.90
0x00abfe94	backend_t	backend_dataflow@0x00b0e82c	0x00abf664	246	0	009947c2	FUN_009947c2	0x00b0b784	backend_basetype2	009947c2	inherited	backend_dataflow.slot_246	backend_t__vslot_246	0.93
0x00abfe94	backend_t	backend_dataflow@0x00b0e82c	0x00abf664	247	0	00446740	FUN_00446740	0x00b0b784	backend_basetype2	006c4c04	override	backend_dataflow.slot_247	backend_t__vslot_247	0.90
0x00abfe94	backend_t	backend_dataflow@0x00b0e82c	0x00abf664	248	0	0040673f	FUN_0040673f	0x00b0b784	backend_basetype2	0073504b	override	backend_dataflow.slot_248	backend_t__vslot_248	0.90
0x00abfe94	backend_t	backend_dataflow@0x00b0e82c	0x00abf664	249	0	00406748	FUN_00406748	0x00b0b784	backend_basetype2	00735054	override	backend_dataflow.slot_249	backend_t__vslot_249	0.90
0x00abfe94	backend_t	backend_dataflow@0x00b0e82c	0x00abf664	250	0	00406751	FUN_00406751	0x00b0b784	backend_basetype2	0073505d	override	backend_dataflow.slot_250	backend_t__vslot_250	0.90
0x00abfe94	backend_t	backend_dataflow@0x00b0e82c	0x00abf664	251	0	00406756	FUN_00406756	0x00b0b784	backend_basetype2	00735062	override	backend_dataflow.slot_251	backend_t__vslot_251	0.90
0x00abfe94	backend_t	backend_dataflow@0x00b0e82c	0x00abf664	252	0	0040675e	FUN_0040675e	0x00b0b784	backend_basetype2	0073506a	override	backend_dataflow.slot_252	backend_t__vslot_252	0.90
0x00abfe94	backend_t	backend_dataflow@0x00b0e82c	0x00abf664	253	0	0047c39e	FUN_0047c39e	0x00b0b784	backend_basetype2	00735073	override	backend_dataflow.slot_253	backend_t__vslot_253	0.90
0x00abfe94	backend_t	backend_dataflow@0x00b0e82c	0x00abf664	254	0	0061eb3f	FUN_0061eb3f	0x00b0b784	backend_basetype2	0061eb3f	inherited	backend_dataflow.slot_254	backend_t__vslot_254	0.93
0x00abfe94	backend_t	backend_dataflow@0x00b0e82c	0x00abf664	255	0	0061ea6d	FUN_0061ea6d	0x00b0b784	backend_basetype2	0061ea6d	inherited	backend_dataflow.slot_255	backend_t__vslot_255	0.93
0x00abfe94	backend_t	backend_dataflow@0x00b0e82c	0x00abf664	256	0	0061ea04	FUN_0061ea04	0x00b0b784	backend_basetype2	0061ea04	inherited	backend_dataflow.slot_256	backend_t__vslot_256	0.93
0x00abfe94	backend_t	backend_dataflow@0x00b0e82c	0x00abf664	257	0	0061ead6	FUN_0061ead6	0x00b0b784	backend_basetype2	0061ead6	inherited	backend_dataflow.slot_257	backend_t__vslot_257	0.93
0x00abfe94	backend_t	backend_dataflow@0x00b0e82c	0x00abf664	258	0	0077f082	FUN_0077f082	0x00b0b784	backend_basetype2	0077f082	inherited	backend_dataflow.slot_258	backend_t__vslot_258	0.93
0x00abfe94	backend_t	backend_dataflow@0x00b0e82c	0x00abf664	259	0	00406767	FUN_00406767	0x00b0b784	backend_basetype2	0073507c	override	backend_dataflow.slot_259	backend_t__vslot_259	0.90
0x00abfe94	backend_t	backend_dataflow@0x00b0e82c	0x00abf664	260	0	0048cba0	FUN_0048cba0	0x00b0b784	backend_basetype2	00735085	override	backend_dataflow.slot_260	backend_t__vslot_260	0.90
0x00abfe94	backend_t	backend_dataflow@0x00b0e82c	0x00abf664	261	0	00424c57	FUN_00424c57	0x00b0b784	backend_basetype2	0073508e	override	backend_dataflow.slot_261	backend_t__vslot_261	0.90
0x00afc4e0	backend_basetype	backend_dataflow@0x00b0e82c	0x00afbb98	0	0	005ba5d0	FUN_005ba5d0	0x00b0e82c	backend_dataflow	0074dae0	override	backend_dataflow.slot_000	backend_basetype__vslot_000	0.90
0x00afc4e0	backend_basetype	backend_dataflow@0x00b0e82c	0x00afbb98	1	0	0076fdcf	FUN_0076fdcf	0x00b0e82c	backend_dataflow	0076fdcf	inherited	backend_dataflow.slot_001	backend_basetype__vslot_001	0.93
0x00afc4e0	backend_basetype	backend_dataflow@0x00b0e82c	0x00afbb98	2	0	005ba5d5	FUN_005ba5d5	0x00b0e82c	backend_dataflow	0074dae5	override	backend_dataflow.slot_002	backend_basetype__vslot_002	0.90
0x00afc4e0	backend_basetype	backend_dataflow@0x00b0e82c	0x00afbb98	3	0	005ba5da	FUN_005ba5da	0x00b0e82c	backend_dataflow	0074daea	override	backend_dataflow.slot_003	backend_basetype__vslot_003	0.90
0x00afc4e0	backend_basetype	backend_dataflow@0x00b0e82c	0x00afbb98	4	0	005ba5e3	FUN_005ba5e3	0x00b0e82c	backend_dataflow	0074daf3	override	backend_dataflow.slot_004	backend_basetype__vslot_004	0.90
0x00afc4e0	backend_basetype	backend_dataflow@0x00b0e82c	0x00afbb98	5	0	0076fd8c	FUN_0076fd8c	0x00b0e82c	backend_dataflow	0076fd8c	inherited	backend_dataflow.slot_005	backend_basetype__vslot_005	0.93
0x00afc4e0	backend_basetype	backend_dataflow@0x00b0e82c	0x00afbb98	6	0	007692da	FUN_007692da	0x00b0e82c	backend_dataflow	007692da	inherited	backend_dataflow.slot_006	backend_basetype__vslot_006	0.93
0x00afc4e0	backend_basetype	backend_dataflow@0x00b0e82c	0x00afbb98	7	0	0076fd44	FUN_0076fd44	0x00b0e82c	backend_dataflow	0076fd44	inherited	backend_dataflow.slot_007	backend_basetype__vslot_007	0.93
0x00afc4e0	backend_basetype	backend_dataflow@0x00b0e82c	0x00afbb98	8	0	00766cae	FUN_00766cae	0x00b0e82c	backend_dataflow	00766cae	inherited	backend_dataflow.slot_008	backend_basetype__vslot_008	0.93
0x00afc4e0	backend_basetype	backend_dataflow@0x00b0e82c	0x00afbb98	9	0	005ba5ec	FUN_005ba5ec	0x00b0e82c	backend_dataflow	0074dafc	override	backend_dataflow.slot_009	backend_basetype__vslot_009	0.90
0x00afc4e0	backend_basetype	backend_dataflow@0x00b0e82c	0x00afbb98	10	0	007700a6	FUN_007700a6	0x00b0e82c	backend_dataflow	007700a6	inherited	backend_dataflow.slot_010	backend_basetype__vslot_010	0.93
0x00afc4e0	backend_basetype	backend_dataflow@0x00b0e82c	0x00afbb98	11	0	005ba5f5	FUN_005ba5f5	0x00b0e82c	backend_dataflow	0074db05	override	backend_dataflow.slot_011	backend_basetype__vslot_011	0.90
0x00afc4e0	backend_basetype	backend_dataflow@0x00b0e82c	0x00afbb98	12	0	0076fd2e	FUN_0076fd2e	0x00b0e82c	backend_dataflow	0076fd2e	inherited	backend_dataflow.slot_012	backend_basetype__vslot_012	0.93
0x00afc4e0	backend_basetype	backend_dataflow@0x00b0e82c	0x00afbb98	13	0	005ba609	FUN_005ba609	0x00b0e82c	backend_dataflow	0074db19	override	backend_dataflow.slot_013	backend_basetype__vslot_013	0.90
0x00afc4e0	backend_basetype	backend_dataflow@0x00b0e82c	0x00afbb98	14	0	005ba612	FUN_005ba612	0x00b0e82c	backend_dataflow	0074db22	override	backend_dataflow.slot_014	backend_basetype__vslot_014	0.90
0x00afc4e0	backend_basetype	backend_dataflow@0x00b0e82c	0x00afbb98	15	0	005ba61b	FUN_005ba61b	0x00b0e82c	backend_dataflow	0074db2b	override	backend_dataflow.slot_015	backend_basetype__vslot_015	0.90
0x00afc4e0	backend_basetype	backend_dataflow@0x00b0e82c	0x00afbb98	16	0	005ba624	FUN_005ba624	0x00b0e82c	backend_dataflow	0074db34	override	backend_dataflow.slot_016	backend_basetype__vslot_016	0.90
0x00afc4e0	backend_basetype	backend_dataflow@0x00b0e82c	0x00afbb98	17	0	005ba633	FUN_005ba633	0x00b0e82c	backend_dataflow	0074db43	override	backend_dataflow.slot_017	backend_basetype__vslot_017	0.90
0x00afc4e0	backend_basetype	backend_dataflow@0x00b0e82c	0x00afbb98	18	0	005ba660	FUN_005ba660	0x00b0e82c	backend_dataflow	0074db70	override	backend_dataflow.slot_018	backend_basetype__vslot_018	0.90
0x00afc4e0	backend_basetype	backend_dataflow@0x00b0e82c	0x00afbb98	19	0	005bab1f	FUN_005bab1f	0x00b0e82c	backend_dataflow	0076c5f7	override	backend_dataflow.slot_019	backend_basetype__vslot_019	0.90
0x00afc4e0	backend_basetype	backend_dataflow@0x00b0e82c	0x00afbb98	20	0	005bab28	FUN_005bab28	0x00b0e82c	backend_dataflow	0076c612	override	backend_dataflow.slot_020	backend_basetype__vslot_020	0.90
0x00afc4e0	backend_basetype	backend_dataflow@0x00b0e82c	0x00afbb98	21	0	005bab31	FUN_005bab31	0x00b0e82c	backend_dataflow	0074db7a	override	backend_dataflow.slot_021	backend_basetype__vslot_021	0.90
0x00afc4e0	backend_basetype	backend_dataflow@0x00b0e82c	0x00afbb98	22	0	005bab3f	FUN_005bab3f	0x00b0e82c	backend_dataflow	0076ce1e	override	backend_dataflow.slot_022	backend_basetype__vslot_022	0.90
0x00afc4e0	backend_basetype	backend_dataflow@0x00b0e82c	0x00afbb98	23	0	005bab4e	FUN_005bab4e	0x00b0e82c	backend_dataflow	0074db88	override	backend_dataflow.slot_023	backend_basetype__vslot_023	0.90
0x00afc4e0	backend_basetype	backend_dataflow@0x00b0e82c	0x00afbb98	24	0	0077017f	FUN_0077017f	0x00b0e82c	backend_dataflow	0077017f	inherited	backend_dataflow.slot_024	backend_basetype__vslot_024	0.93
0x00afc4e0	backend_basetype	backend_dataflow@0x00b0e82c	0x00afbb98	25	0	007711eb	FUN_007711eb	0x00b0e82c	backend_dataflow	007711eb	inherited	backend_dataflow.slot_025	backend_basetype__vslot_025	0.93
0x00afc4e0	backend_basetype	backend_dataflow@0x00b0e82c	0x00afbb98	26	0	005ba66a	FUN_005ba66a	0x00b0e82c	backend_dataflow	0074db91	override	backend_dataflow.slot_026	backend_basetype__vslot_026	0.90
0x00afc4e0	backend_basetype	backend_dataflow@0x00b0e82c	0x00afbb98	27	0	005ba67f	FUN_005ba67f	0x00b0e82c	backend_dataflow	0074dba6	override	backend_dataflow.slot_027	backend_basetype__vslot_027	0.90
0x00afc4e0	backend_basetype	backend_dataflow@0x00b0e82c	0x00afbb98	28	0	005bc53a	FUN_005bc53a	0x00b0e82c	backend_dataflow		root_or_new	backend_dataflow.slot_028	backend_basetype__vslot_028	0.78
0x00afc4e0	backend_basetype	backend_dataflow@0x00b0e82c	0x00afbb98	29	0	005ba688	FUN_005ba688	0x00b0e82c	backend_dataflow		root_or_new	backend_dataflow.slot_029	backend_basetype__vslot_029	0.78
0x00afc4e0	backend_basetype	backend_dataflow@0x00b0e82c	0x00afbb98	30	0	005bc5d3	FUN_005bc5d3	0x00b0e82c	backend_dataflow		root_or_new	backend_dataflow.slot_030	backend_basetype__vslot_030	0.78
0x00afc4e0	backend_basetype	backend_dataflow@0x00b0e82c	0x00afbb98	31	0	005bc608	FUN_005bc608	0x00b0e82c	backend_dataflow		root_or_new	backend_dataflow.slot_031	backend_basetype__vslot_031	0.78
0x00afc4e0	backend_basetype	backend_dataflow@0x00b0e82c	0x00afbb98	32	0	005bc63d	FUN_005bc63d	0x00b0e82c	backend_dataflow		root_or_new	backend_dataflow.slot_032	backend_basetype__vslot_032	0.78
0x00afc4e0	backend_basetype	backend_dataflow@0x00b0e82c	0x00afbb98	33	0	005bc6a7	FUN_005bc6a7	0x00b0e82c	backend_dataflow		root_or_new	backend_dataflow.slot_033	backend_basetype__vslot_033	0.78
0x00afc4e0	backend_basetype	backend_dataflow@0x00b0e82c	0x00afbb98	34	0	005ba692	FUN_005ba692	0x00b0e82c	backend_dataflow		root_or_new	backend_dataflow.slot_034	backend_basetype__vslot_034	0.78
0x00afc4e0	backend_basetype	backend_dataflow@0x00b0e82c	0x00afbb98	35	0	005bc801	FUN_005bc801	0x00b0e82c	backend_dataflow		root_or_new	backend_dataflow.slot_035	backend_basetype__vslot_035	0.78
0x00afc4e0	backend_basetype	backend_dataflow@0x00b0e82c	0x00afbb98	36	0	005bc8c2	FUN_005bc8c2	0x00b0e82c	backend_dataflow		root_or_new	backend_dataflow.slot_036	backend_basetype__vslot_036	0.78
0x00afc4e0	backend_basetype	backend_dataflow@0x00b0e82c	0x00afbb98	37	0	005bc947	FUN_005bc947	0x00b0e82c	backend_dataflow		root_or_new	backend_dataflow.slot_037	backend_basetype__vslot_037	0.78
0x00afc4e0	backend_basetype	backend_dataflow@0x00b0e82c	0x00afbb98	38	0	005bca13	FUN_005bca13	0x00b0e82c	backend_dataflow		root_or_new	backend_dataflow.slot_038	backend_basetype__vslot_038	0.78
0x00afc4e0	backend_basetype	backend_dataflow@0x00b0e82c	0x00afbb98	39	0	005bca59	FUN_005bca59	0x00b0e82c	backend_dataflow		root_or_new	backend_dataflow.slot_039	backend_basetype__vslot_039	0.78
0x00afc4e0	backend_basetype	backend_dataflow@0x00b0e82c	0x00afbb98	40	0	005ba69c	FUN_005ba69c	0x00b0e82c	backend_dataflow		root_or_new	backend_dataflow.slot_040	backend_basetype__vslot_040	0.78
0x00afc4e0	backend_basetype	backend_dataflow@0x00b0e82c	0x00afbb98	41	0	005bca8e	FUN_005bca8e	0x00b0e82c	backend_dataflow		root_or_new	backend_dataflow.slot_041	backend_basetype__vslot_041	0.78
0x00afc4e0	backend_basetype	backend_dataflow@0x00b0e82c	0x00afbb98	42	0	005bca93	FUN_005bca93	0x00b0e82c	backend_dataflow		root_or_new	backend_dataflow.slot_042	backend_basetype__vslot_042	0.78
0x00afc4e0	backend_basetype	backend_dataflow@0x00b0e82c	0x00afbb98	43	0	005ba6a5	FUN_005ba6a5	0x00b0e82c	backend_dataflow		root_or_new	backend_dataflow.slot_043	backend_basetype__vslot_043	0.78
0x00afc4e0	backend_basetype	backend_dataflow@0x00b0e82c	0x00afbb98	44	0	005ba6ae	FUN_005ba6ae	0x00b0e82c	backend_dataflow		root_or_new	backend_dataflow.slot_044	backend_basetype__vslot_044	0.78
0x00afc4e0	backend_basetype	backend_dataflow@0x00b0e82c	0x00afbb98	45	0	005bca9c	FUN_005bca9c	0x00b0e82c	backend_dataflow		root_or_new	backend_dataflow.slot_045	backend_basetype__vslot_045	0.78
0x00afc4e0	backend_basetype	backend_dataflow@0x00b0e82c	0x00afbb98	46	0	005bcaa5	FUN_005bcaa5	0x00b0e82c	backend_dataflow		root_or_new	backend_dataflow.slot_046	backend_basetype__vslot_046	0.78
0x00afc4e0	backend_basetype	backend_dataflow@0x00b0e82c	0x00afbb98	47	0	005bcaae	FUN_005bcaae	0x00b0e82c	backend_dataflow		root_or_new	backend_dataflow.slot_047	backend_basetype__vslot_047	0.78
0x00afc4e0	backend_basetype	backend_dataflow@0x00b0e82c	0x00afbb98	48	0	005bcab7	FUN_005bcab7	0x00b0e82c	backend_dataflow		root_or_new	backend_dataflow.slot_048	backend_basetype__vslot_048	0.78
0x00afc4e0	backend_basetype	backend_dataflow@0x00b0e82c	0x00afbb98	49	0	005bcac0	FUN_005bcac0	0x00b0e82c	backend_dataflow		root_or_new	backend_dataflow.slot_049	backend_basetype__vslot_049	0.78
0x00afc4e0	backend_basetype	backend_dataflow@0x00b0e82c	0x00afbb98	50	0	005bcac9	FUN_005bcac9	0x00b0e82c	backend_dataflow		root_or_new	backend_dataflow.slot_050	backend_basetype__vslot_050	0.78
0x00afc4e0	backend_basetype	backend_dataflow@0x00b0e82c	0x00afbb98	51	0	005bcad2	FUN_005bcad2	0x00b0e82c	backend_dataflow		root_or_new	backend_dataflow.slot_051	backend_basetype__vslot_051	0.78
0x00afc4e0	backend_basetype	backend_dataflow@0x00b0e82c	0x00afbb98	52	0	005bcadc	FUN_005bcadc	0x00b0e82c	backend_dataflow		root_or_new	backend_dataflow.slot_052	backend_basetype__vslot_052	0.78
0x00afc4e0	backend_basetype	backend_dataflow@0x00b0e82c	0x00afbb98	53	0	005bcae5	FUN_005bcae5	0x00b0e82c	backend_dataflow		root_or_new	backend_dataflow.slot_053	backend_basetype__vslot_053	0.78
0x00afc4e0	backend_basetype	backend_dataflow@0x00b0e82c	0x00afbb98	54	0	005bcaee	FUN_005bcaee	0x00b0e82c	backend_dataflow		root_or_new	backend_dataflow.slot_054	backend_basetype__vslot_054	0.78
0x00afc4e0	backend_basetype	backend_dataflow@0x00b0e82c	0x00afbb98	55	0	005bde39	FUN_005bde39	0x00b0e82c	backend_dataflow		root_or_new	backend_dataflow.slot_055	backend_basetype__vslot_055	0.78
0x00afc4e0	backend_basetype	backend_dataflow@0x00b0e82c	0x00afbb98	56	0	005bde42	FUN_005bde42	0x00b0e82c	backend_dataflow		root_or_new	backend_dataflow.slot_056	backend_basetype__vslot_056	0.78
0x00afc4e0	backend_basetype	backend_dataflow@0x00b0e82c	0x00afbb98	57	0	005bde4b	FUN_005bde4b	0x00b0e82c	backend_dataflow		root_or_new	backend_dataflow.slot_057	backend_basetype__vslot_057	0.78
0x00afc4e0	backend_basetype	backend_dataflow@0x00b0e82c	0x00afbb98	58	0	005ba6b7	FUN_005ba6b7	0x00b0e82c	backend_dataflow		root_or_new	backend_dataflow.slot_058	backend_basetype__vslot_058	0.78
0x00afc4e0	backend_basetype	backend_dataflow@0x00b0e82c	0x00afbb98	59	0	005bcaf7	FUN_005bcaf7	0x00b0e82c	backend_dataflow		root_or_new	backend_dataflow.slot_059	backend_basetype__vslot_059	0.78
0x00afc4e0	backend_basetype	backend_dataflow@0x00b0e82c	0x00afbb98	60	0	005bcb00	FUN_005bcb00	0x00b0e82c	backend_dataflow		root_or_new	backend_dataflow.slot_060	backend_basetype__vslot_060	0.78
0x00afc4e0	backend_basetype	backend_dataflow@0x00b0e82c	0x00afbb98	61	0	0072f96d	FUN_0072f96d	0x00b0e82c	backend_dataflow		root_or_new	backend_dataflow.slot_061	backend_basetype__vslot_061	0.78
0x00afc4e0	backend_basetype	backend_dataflow@0x00b0e82c	0x00afbb98	62	0	005ba6c0	FUN_005ba6c0	0x00b0e82c	backend_dataflow		root_or_new	backend_dataflow.slot_062	backend_basetype__vslot_062	0.78
0x00afc4e0	backend_basetype	backend_dataflow@0x00b0e82c	0x00afbb98	63	0	005bca85	FUN_005bca85	0x00b0e82c	backend_dataflow		root_or_new	backend_dataflow.slot_063	backend_basetype__vslot_063	0.78
0x00afc4e0	backend_basetype	backend_dataflow@0x00b0e82c	0x00afbb98	64	0	005bcb05	FUN_005bcb05	0x00b0e82c	backend_dataflow		root_or_new	backend_dataflow.slot_064	backend_basetype__vslot_064	0.78
0x00afc4e0	backend_basetype	backend_dataflow@0x00b0e82c	0x00afbb98	65	0	005ba6c5	FUN_005ba6c5	0x00b0e82c	backend_dataflow		root_or_new	backend_dataflow.slot_065	backend_basetype__vslot_065	0.78
0x00afc4e0	backend_basetype	backend_dataflow@0x00b0e82c	0x00afbb98	66	0	005ba6ce	FUN_005ba6ce	0x00b0e82c	backend_dataflow		root_or_new	backend_dataflow.slot_066	backend_basetype__vslot_066	0.78
0x00afc4e0	backend_basetype	backend_dataflow@0x00b0e82c	0x00afbb98	67	0	005ba6d7	FUN_005ba6d7	0x00b0e82c	backend_dataflow		root_or_new	backend_dataflow.slot_067	backend_basetype__vslot_067	0.78
0x00afc4e0	backend_basetype	backend_dataflow@0x00b0e82c	0x00afbb98	68	0	005ba6e0	FUN_005ba6e0	0x00b0e82c	backend_dataflow		root_or_new	backend_dataflow.slot_068	backend_basetype__vslot_068	0.78
0x00afc4e0	backend_basetype	backend_dataflow@0x00b0e82c	0x00afbb98	69	0	005ba6ea	FUN_005ba6ea	0x00b0e82c	backend_dataflow		root_or_new	backend_dataflow.slot_069	backend_basetype__vslot_069	0.78
0x00afc4e0	backend_basetype	backend_dataflow@0x00b0e82c	0x00afbb98	70	0	005ba6f4	FUN_005ba6f4	0x00b0e82c	backend_dataflow		root_or_new	backend_dataflow.slot_070	backend_basetype__vslot_070	0.78
0x00afc4e0	backend_basetype	backend_dataflow@0x00b0e82c	0x00afbb98	71	0	005ba6fd	FUN_005ba6fd	0x00b0e82c	backend_dataflow		root_or_new	backend_dataflow.slot_071	backend_basetype__vslot_071	0.78
0x00afc4e0	backend_basetype	backend_dataflow@0x00b0e82c	0x00afbb98	72	0	005ba706	FUN_005ba706	0x00b0e82c	backend_dataflow		root_or_new	backend_dataflow.slot_072	backend_basetype__vslot_072	0.78
0x00afc4e0	backend_basetype	backend_dataflow@0x00b0e82c	0x00afbb98	73	0	005ba70f	FUN_005ba70f	0x00b0e82c	backend_dataflow		root_or_new	backend_dataflow.slot_073	backend_basetype__vslot_073	0.78
0x00afc4e0	backend_basetype	backend_dataflow@0x00b0e82c	0x00afbb98	74	0	005ba718	FUN_005ba718	0x00b0e82c	backend_dataflow		root_or_new	backend_dataflow.slot_074	backend_basetype__vslot_074	0.78
0x00afc4e0	backend_basetype	backend_dataflow@0x00b0e82c	0x00afbb98	75	0	005ba71d	FUN_005ba71d	0x00b0e82c	backend_dataflow		root_or_new	backend_dataflow.slot_075	backend_basetype__vslot_075	0.78
0x00afc4e0	backend_basetype	backend_dataflow@0x00b0e82c	0x00afbb98	76	0	005ba722	FUN_005ba722	0x00b0e82c	backend_dataflow		root_or_new	backend_dataflow.slot_076	backend_basetype__vslot_076	0.78
0x00afc4e0	backend_basetype	backend_dataflow@0x00b0e82c	0x00afbb98	77	0	005ba727	FUN_005ba727	0x00b0e82c	backend_dataflow		root_or_new	backend_dataflow.slot_077	backend_basetype__vslot_077	0.78
0x00afc4e0	backend_basetype	backend_dataflow@0x00b0e82c	0x00afbb98	78	0	005ba731	FUN_005ba731	0x00b0e82c	backend_dataflow		root_or_new	backend_dataflow.slot_078	backend_basetype__vslot_078	0.78
0x00afc4e0	backend_basetype	backend_dataflow@0x00b0e82c	0x00afbb98	79	0	005ba73f	FUN_005ba73f	0x00b0e82c	backend_dataflow		root_or_new	backend_dataflow.slot_079	backend_basetype__vslot_079	0.78
0x00afc4e0	backend_basetype	backend_dataflow@0x00b0e82c	0x00afbb98	80	0	005ba748	FUN_005ba748	0x00b0e82c	backend_dataflow		root_or_new	backend_dataflow.slot_080	backend_basetype__vslot_080	0.78
0x00afc4e0	backend_basetype	backend_dataflow@0x00b0e82c	0x00afbb98	81	0	005ba758	FUN_005ba758	0x00b0e82c	backend_dataflow		root_or_new	backend_dataflow.slot_081	backend_basetype__vslot_081	0.78
0x00afc4e0	backend_basetype	backend_dataflow@0x00b0e82c	0x00afbb98	82	0	005bcf2f	FUN_005bcf2f	0x00b0e82c	backend_dataflow		root_or_new	backend_dataflow.slot_082	backend_basetype__vslot_082	0.78
0x00afc4e0	backend_basetype	backend_dataflow@0x00b0e82c	0x00afbb98	83	0	005ba762	FUN_005ba762	0x00b0e82c	backend_dataflow		root_or_new	backend_dataflow.slot_083	backend_basetype__vslot_083	0.78
0x00afc4e0	backend_basetype	backend_dataflow@0x00b0e82c	0x00afbb98	84	0	005ba76b	FUN_005ba76b	0x00b0e82c	backend_dataflow		root_or_new	backend_dataflow.slot_084	backend_basetype__vslot_084	0.78
0x00afc4e0	backend_basetype	backend_dataflow@0x00b0e82c	0x00afbb98	85	0	0077f001	FUN_0077f001	0x00b0e82c	backend_dataflow		root_or_new	backend_dataflow.slot_085	backend_basetype__vslot_085	0.78
0x00afc4e0	backend_basetype	backend_dataflow@0x00b0e82c	0x00afbb98	86	0	0077f05d	FUN_0077f05d	0x00b0e82c	backend_dataflow		root_or_new	backend_dataflow.slot_086	backend_basetype__vslot_086	0.78
0x00afc4e0	backend_basetype	backend_dataflow@0x00b0e82c	0x00afbb98	87	0	005ba770	FUN_005ba770	0x00b0e82c	backend_dataflow		root_or_new	backend_dataflow.slot_087	backend_basetype__vslot_087	0.78
0x00afc4e0	backend_basetype	backend_dataflow@0x00b0e82c	0x00afbb98	88	0	005ba779	FUN_005ba779	0x00b0e82c	backend_dataflow		root_or_new	backend_dataflow.slot_088	backend_basetype__vslot_088	0.78
0x00afc4e0	backend_basetype	backend_dataflow@0x00b0e82c	0x00afbb98	89	0	005ba77e	FUN_005ba77e	0x00b0e82c	backend_dataflow		root_or_new	backend_dataflow.slot_089	backend_basetype__vslot_089	0.78
0x00afc4e0	backend_basetype	backend_dataflow@0x00b0e82c	0x00afbb98	90	0	005ba783	FUN_005ba783	0x00b0e82c	backend_dataflow		root_or_new	backend_dataflow.slot_090	backend_basetype__vslot_090	0.78
0x00afc4e0	backend_basetype	backend_dataflow@0x00b0e82c	0x00afbb98	91	0	005bdbcd	FUN_005bdbcd	0x00b0e82c	backend_dataflow		root_or_new	backend_dataflow.slot_091	backend_basetype__vslot_091	0.78
0x00afc4e0	backend_basetype	backend_dataflow@0x00b0e82c	0x00afbb98	92	0	006cd518	FUN_006cd518	0x00b0e82c	backend_dataflow		root_or_new	backend_dataflow.slot_092	backend_basetype__vslot_092	0.78
0x00afc4e0	backend_basetype	backend_dataflow@0x00b0e82c	0x00afbb98	93	0	005ba78d	FUN_005ba78d	0x00b0e82c	backend_dataflow		root_or_new	backend_dataflow.slot_093	backend_basetype__vslot_093	0.78
0x00afc4e0	backend_basetype	backend_dataflow@0x00b0e82c	0x00afbb98	94	0	006fc36e	FUN_006fc36e	0x00b0e82c	backend_dataflow		root_or_new	backend_dataflow.slot_094	backend_basetype__vslot_094	0.78
0x00afc4e0	backend_basetype	backend_dataflow@0x00b0e82c	0x00afbb98	95	0	006fc4f2	FUN_006fc4f2	0x00b0e82c	backend_dataflow		root_or_new	backend_dataflow.slot_095	backend_basetype__vslot_095	0.78
0x00afc4e0	backend_basetype	backend_dataflow@0x00b0e82c	0x00afbb98	96	0	006c8f2b	FUN_006c8f2b	0x00b0e82c	backend_dataflow		root_or_new	backend_dataflow.slot_096	backend_basetype__vslot_096	0.78
0x00afc4e0	backend_basetype	backend_dataflow@0x00b0e82c	0x00afbb98	97	0	005ba797	FUN_005ba797	0x00b0e82c	backend_dataflow		root_or_new	backend_dataflow.slot_097	backend_basetype__vslot_097	0.78
0x00afc4e0	backend_basetype	backend_dataflow@0x00b0e82c	0x00afbb98	98	0	005ba7a5	FUN_005ba7a5	0x00b0e82c	backend_dataflow		root_or_new	backend_dataflow.slot_098	backend_basetype__vslot_098	0.78
0x00afc4e0	backend_basetype	backend_dataflow@0x00b0e82c	0x00afbb98	99	0	005ba7b3	FUN_005ba7b3	0x00b0e82c	backend_dataflow		root_or_new	backend_dataflow.slot_099	backend_basetype__vslot_099	0.78
0x00afc4e0	backend_basetype	backend_dataflow@0x00b0e82c	0x00afbb98	100	0	005ba7c1	FUN_005ba7c1	0x00b0e82c	backend_dataflow		root_or_new	backend_dataflow.slot_100	backend_basetype__vslot_100	0.78
0x00afc4e0	backend_basetype	backend_dataflow@0x00b0e82c	0x00afbb98	101	0	005bd9df	FUN_005bd9df	0x00b0e82c	backend_dataflow		root_or_new	backend_dataflow.slot_101	backend_basetype__vslot_101	0.78
0x00afc4e0	backend_basetype	backend_dataflow@0x00b0e82c	0x00afbb98	102	0	005bd9e8	FUN_005bd9e8	0x00b0e82c	backend_dataflow		root_or_new	backend_dataflow.slot_102	backend_basetype__vslot_102	0.78
0x00afc4e0	backend_basetype	backend_dataflow@0x00b0e82c	0x00afbb98	103	0	005ba7cf	FUN_005ba7cf	0x00b0e82c	backend_dataflow		root_or_new	backend_dataflow.slot_103	backend_basetype__vslot_103	0.78
0x00afc4e0	backend_basetype	backend_dataflow@0x00b0e82c	0x00afbb98	104	0	005ba7de	FUN_005ba7de	0x00b0e82c	backend_dataflow		root_or_new	backend_dataflow.slot_104	backend_basetype__vslot_104	0.78
0x00afc4e0	backend_basetype	backend_dataflow@0x00b0e82c	0x00afbb98	105	0	005ba7e8	FUN_005ba7e8	0x00b0e82c	backend_dataflow		root_or_new	backend_dataflow.slot_105	backend_basetype__vslot_105	0.78
0x00afc4e0	backend_basetype	backend_dataflow@0x00b0e82c	0x00afbb98	106	0	005ba852	FUN_005ba852	0x00b0e82c	backend_dataflow		root_or_new	backend_dataflow.slot_106	backend_basetype__vslot_106	0.78
0x00afc4e0	backend_basetype	backend_dataflow@0x00b0e82c	0x00afbb98	107	0	005ba860	FUN_005ba860	0x00b0e82c	backend_dataflow		root_or_new	backend_dataflow.slot_107	backend_basetype__vslot_107	0.78
0x00afc4e0	backend_basetype	backend_dataflow@0x00b0e82c	0x00afbb98	108	0	005ba86e	FUN_005ba86e	0x00b0e82c	backend_dataflow		root_or_new	backend_dataflow.slot_108	backend_basetype__vslot_108	0.78
0x00afc4e0	backend_basetype	backend_dataflow@0x00b0e82c	0x00afbb98	109	0	005ba87c	FUN_005ba87c	0x00b0e82c	backend_dataflow		root_or_new	backend_dataflow.slot_109	backend_basetype__vslot_109	0.78
0x00afc4e0	backend_basetype	backend_dataflow@0x00b0e82c	0x00afbb98	110	0	005bcb18	FUN_005bcb18	0x00b0e82c	backend_dataflow		root_or_new	backend_dataflow.slot_110	backend_basetype__vslot_110	0.78
0x00afc4e0	backend_basetype	backend_dataflow@0x00b0e82c	0x00afbb98	111	0	005bcb51	FUN_005bcb51	0x00b0e82c	backend_dataflow		root_or_new	backend_dataflow.slot_111	backend_basetype__vslot_111	0.78
0x00afc4e0	backend_basetype	backend_dataflow@0x00b0e82c	0x00afbb98	112	0	005bdbaa	FUN_005bdbaa	0x00b0e82c	backend_dataflow		root_or_new	backend_dataflow.slot_112	backend_basetype__vslot_112	0.78
0x00afc4e0	backend_basetype	backend_dataflow@0x00b0e82c	0x00afbb98	113	0	00739d9d	FUN_00739d9d	0x00b0e82c	backend_dataflow		root_or_new	backend_dataflow.slot_113	backend_basetype__vslot_113	0.78
0x00afc4e0	backend_basetype	backend_dataflow@0x00b0e82c	0x00afbb98	114	0	005bcb13	FUN_005bcb13	0x00b0e82c	backend_dataflow		root_or_new	backend_dataflow.slot_114	backend_basetype__vslot_114	0.78
0x00afc4e0	backend_basetype	backend_dataflow@0x00b0e82c	0x00afbb98	115	0	005bccd3	FUN_005bccd3	0x00b0e82c	backend_dataflow		root_or_new	backend_dataflow.slot_115	backend_basetype__vslot_115	0.78
0x00afc4e0	backend_basetype	backend_dataflow@0x00b0e82c	0x00afbb98	116	0	005bcb0a	FUN_005bcb0a	0x00b0e82c	backend_dataflow		root_or_new	backend_dataflow.slot_116	backend_basetype__vslot_116	0.78
0x00afc4e0	backend_basetype	backend_dataflow@0x00b0e82c	0x00afbb98	117	0	005ba88a	FUN_005ba88a	0x00b0e82c	backend_dataflow		root_or_new	backend_dataflow.slot_117	backend_basetype__vslot_117	0.78
0x00afc4e0	backend_basetype	backend_dataflow@0x00b0e82c	0x00afbb98	118	0	005bccd8	FUN_005bccd8	0x00b0e82c	backend_dataflow		root_or_new	backend_dataflow.slot_118	backend_basetype__vslot_118	0.78
0x00afc4e0	backend_basetype	backend_dataflow@0x00b0e82c	0x00afbb98	119	0	005bcce1	FUN_005bcce1	0x00b0e82c	backend_dataflow		root_or_new	backend_dataflow.slot_119	backend_basetype__vslot_119	0.78
0x00afc4e0	backend_basetype	backend_dataflow@0x00b0e82c	0x00afbb98	120	0	005ba893	FUN_005ba893	0x00b0e82c	backend_dataflow		root_or_new	backend_dataflow.slot_120	backend_basetype__vslot_120	0.78
0x00afc4e0	backend_basetype	backend_dataflow@0x00b0e82c	0x00afbb98	121	0	005ba89c	FUN_005ba89c	0x00b0e82c	backend_dataflow		root_or_new	backend_dataflow.slot_121	backend_basetype__vslot_121	0.78
0x00afc4e0	backend_basetype	backend_dataflow@0x00b0e82c	0x00afbb98	122	0	005ba8a5	FUN_005ba8a5	0x00b0e82c	backend_dataflow		root_or_new	backend_dataflow.slot_122	backend_basetype__vslot_122	0.78
0x00afc4e0	backend_basetype	backend_dataflow@0x00b0e82c	0x00afbb98	123	0	005ba8ae	FUN_005ba8ae	0x00b0e82c	backend_dataflow		root_or_new	backend_dataflow.slot_123	backend_basetype__vslot_123	0.78
0x00afc4e0	backend_basetype	backend_dataflow@0x00b0e82c	0x00afbb98	124	0	005ba8b7	FUN_005ba8b7	0x00b0e82c	backend_dataflow		root_or_new	backend_dataflow.slot_124	backend_basetype__vslot_124	0.78
0x00afc4e0	backend_basetype	backend_dataflow@0x00b0e82c	0x00afbb98	125	0	005ba8c0	FUN_005ba8c0	0x00b0e82c	backend_dataflow		root_or_new	backend_dataflow.slot_125	backend_basetype__vslot_125	0.78
0x00afc4e0	backend_basetype	backend_dataflow@0x00b0e82c	0x00afbb98	126	0	005ba8c9	FUN_005ba8c9	0x00b0e82c	backend_dataflow		root_or_new	backend_dataflow.slot_126	backend_basetype__vslot_126	0.78
0x00afc4e0	backend_basetype	backend_dataflow@0x00b0e82c	0x00afbb98	127	0	005bde20	FUN_005bde20	0x00b0e82c	backend_dataflow		root_or_new	backend_dataflow.slot_127	backend_basetype__vslot_127	0.78
0x00afc4e0	backend_basetype	backend_dataflow@0x00b0e82c	0x00afbb98	128	0	005ba8d2	FUN_005ba8d2	0x00b0e82c	backend_dataflow		root_or_new	backend_dataflow.slot_128	backend_basetype__vslot_128	0.78
0x00afc4e0	backend_basetype	backend_dataflow@0x00b0e82c	0x00afbb98	129	0	005ba935	FUN_005ba935	0x00b0e82c	backend_dataflow		root_or_new	backend_dataflow.slot_129	backend_basetype__vslot_129	0.78
0x00afc4e0	backend_basetype	backend_dataflow@0x00b0e82c	0x00afbb98	130	0	005bccea	FUN_005bccea	0x00b0e82c	backend_dataflow		root_or_new	backend_dataflow.slot_130	backend_basetype__vslot_130	0.78
0x00afc4e0	backend_basetype	backend_dataflow@0x00b0e82c	0x00afbb98	131	0	005bce00	FUN_005bce00	0x00b0e82c	backend_dataflow		root_or_new	backend_dataflow.slot_131	backend_basetype__vslot_131	0.78
0x00afc4e0	backend_basetype	backend_dataflow@0x00b0e82c	0x00afbb98	132	0	005ba93a	FUN_005ba93a	0x00b0e82c	backend_dataflow		root_or_new	backend_dataflow.slot_132	backend_basetype__vslot_132	0.78
0x00afc4e0	backend_basetype	backend_dataflow@0x00b0e82c	0x00afbb98	133	0	005bce2d	FUN_005bce2d	0x00b0e82c	backend_dataflow		root_or_new	backend_dataflow.slot_133	backend_basetype__vslot_133	0.78
0x00afc4e0	backend_basetype	backend_dataflow@0x00b0e82c	0x00afbb98	134	0	005bce7d	FUN_005bce7d	0x00b0e82c	backend_dataflow		root_or_new	backend_dataflow.slot_134	backend_basetype__vslot_134	0.78
0x00afc4e0	backend_basetype	backend_dataflow@0x00b0e82c	0x00afbb98	135	0	005bceca	FUN_005bceca	0x00b0e82c	backend_dataflow		root_or_new	backend_dataflow.slot_135	backend_basetype__vslot_135	0.78
0x00afc4e0	backend_basetype	backend_dataflow@0x00b0e82c	0x00afbb98	136	0	005bcecf	FUN_005bcecf	0x00b0e82c	backend_dataflow		root_or_new	backend_dataflow.slot_136	backend_basetype__vslot_136	0.78
0x00afc4e0	backend_basetype	backend_dataflow@0x00b0e82c	0x00afbb98	137	0	005bcef3	FUN_005bcef3	0x00b0e82c	backend_dataflow		root_or_new	backend_dataflow.slot_137	backend_basetype__vslot_137	0.78
0x00afc4e0	backend_basetype	backend_dataflow@0x00b0e82c	0x00afbb98	138	0	005ba943	FUN_005ba943	0x00b0e82c	backend_dataflow		root_or_new	backend_dataflow.slot_138	backend_basetype__vslot_138	0.78
0x00afc4e0	backend_basetype	backend_dataflow@0x00b0e82c	0x00afbb98	139	0	005bd353	FUN_005bd353	0x00b0e82c	backend_dataflow		root_or_new	backend_dataflow.slot_139	backend_basetype__vslot_139	0.78
0x00afc4e0	backend_basetype	backend_dataflow@0x00b0e82c	0x00afbb98	140	0	005ba94c	FUN_005ba94c	0x00b0e82c	backend_dataflow		root_or_new	backend_dataflow.slot_140	backend_basetype__vslot_140	0.78
0x00afc4e0	backend_basetype	backend_dataflow@0x00b0e82c	0x00afbb98	141	0	005ba951	FUN_005ba951	0x00b0e82c	backend_dataflow		root_or_new	backend_dataflow.slot_141	backend_basetype__vslot_141	0.78
0x00afc4e0	backend_basetype	backend_dataflow@0x00b0e82c	0x00afbb98	142	0	005ba956	FUN_005ba956	0x00b0e82c	backend_dataflow		root_or_new	backend_dataflow.slot_142	backend_basetype__vslot_142	0.78
0x00afc4e0	backend_basetype	backend_dataflow@0x00b0e82c	0x00afbb98	143	0	005ba95b	FUN_005ba95b	0x00b0e82c	backend_dataflow		root_or_new	backend_dataflow.slot_143	backend_basetype__vslot_143	0.78
0x00afc4e0	backend_basetype	backend_dataflow@0x00b0e82c	0x00afbb98	144	0	005ba960	FUN_005ba960	0x00b0e82c	backend_dataflow		root_or_new	backend_dataflow.slot_144	backend_basetype__vslot_144	0.78
0x00afc4e0	backend_basetype	backend_dataflow@0x00b0e82c	0x00afbb98	145	0	005ba965	FUN_005ba965	0x00b0e82c	backend_dataflow		root_or_new	backend_dataflow.slot_145	backend_basetype__vslot_145	0.78
0x00afc4e0	backend_basetype	backend_dataflow@0x00b0e82c	0x00afbb98	146	0	005ba974	FUN_005ba974	0x00b0e82c	backend_dataflow		root_or_new	backend_dataflow.slot_146	backend_basetype__vslot_146	0.78
0x00afc4e0	backend_basetype	backend_dataflow@0x00b0e82c	0x00afbb98	147	0	005ba979	FUN_005ba979	0x00b0e82c	backend_dataflow		root_or_new	backend_dataflow.slot_147	backend_basetype__vslot_147	0.78
0x00afc4e0	backend_basetype	backend_dataflow@0x00b0e82c	0x00afbb98	148	0	005ba97e	FUN_005ba97e	0x00b0e82c	backend_dataflow		root_or_new	backend_dataflow.slot_148	backend_basetype__vslot_148	0.78
0x00afc4e0	backend_basetype	backend_dataflow@0x00b0e82c	0x00afbb98	149	0	0073bd67	FUN_0073bd67	0x00b0e82c	backend_dataflow		root_or_new	backend_dataflow.slot_149	backend_basetype__vslot_149	0.78
0x00afc4e0	backend_basetype	backend_dataflow@0x00b0e82c	0x00afbb98	150	0	0073befc	FUN_0073befc	0x00b0e82c	backend_dataflow		root_or_new	backend_dataflow.slot_150	backend_basetype__vslot_150	0.78
0x00afc4e0	backend_basetype	backend_dataflow@0x00b0e82c	0x00afbb98	151	0	0073c694	FUN_0073c694	0x00b0e82c	backend_dataflow		root_or_new	backend_dataflow.slot_151	backend_basetype__vslot_151	0.78
0x00afc4e0	backend_basetype	backend_dataflow@0x00b0e82c	0x00afbb98	152	0	005ba988	FUN_005ba988	0x00b0e82c	backend_dataflow		root_or_new	backend_dataflow.slot_152	backend_basetype__vslot_152	0.78
0x00afc4e0	backend_basetype	backend_dataflow@0x00b0e82c	0x00afbb98	153	0	005ba991	FUN_005ba991	0x00b0e82c	backend_dataflow		root_or_new	backend_dataflow.slot_153	backend_basetype__vslot_153	0.78
0x00afc4e0	backend_basetype	backend_dataflow@0x00b0e82c	0x00afbb98	154	0	005ba99b	FUN_005ba99b	0x00b0e82c	backend_dataflow		root_or_new	backend_dataflow.slot_154	backend_basetype__vslot_154	0.78
0x00afc4e0	backend_basetype	backend_dataflow@0x00b0e82c	0x00afbb98	155	0	0073e08f	FUN_0073e08f	0x00b0e82c	backend_dataflow		root_or_new	backend_dataflow.slot_155	backend_basetype__vslot_155	0.78
0x00afc4e0	backend_basetype	backend_dataflow@0x00b0e82c	0x00afbb98	156	0	0073ef61	FUN_0073ef61	0x00b0e82c	backend_dataflow		root_or_new	backend_dataflow.slot_156	backend_basetype__vslot_156	0.78
0x00afc4e0	backend_basetype	backend_dataflow@0x00b0e82c	0x00afbb98	157	0	0073f585	FUN_0073f585	0x00b0e82c	backend_dataflow		root_or_new	backend_dataflow.slot_157	backend_basetype__vslot_157	0.78
0x00afc4e0	backend_basetype	backend_dataflow@0x00b0e82c	0x00afbb98	158	0	0073ea02	FUN_0073ea02	0x00b0e82c	backend_dataflow		root_or_new	backend_dataflow.slot_158	backend_basetype__vslot_158	0.78
0x00afc4e0	backend_basetype	backend_dataflow@0x00b0e82c	0x00afbb98	159	0	005ba9a5	FUN_005ba9a5	0x00b0e82c	backend_dataflow		root_or_new	backend_dataflow.slot_159	backend_basetype__vslot_159	0.78
0x00afc4e0	backend_basetype	backend_dataflow@0x00b0e82c	0x00afbb98	160	0	005ba9af	FUN_005ba9af	0x00b0e82c	backend_dataflow		root_or_new	backend_dataflow.slot_160	backend_basetype__vslot_160	0.78
0x00afc4e0	backend_basetype	backend_dataflow@0x00b0e82c	0x00afbb98	161	0	005ba9b9	FUN_005ba9b9	0x00b0e82c	backend_dataflow		root_or_new	backend_dataflow.slot_161	backend_basetype__vslot_161	0.78
0x00afc4e0	backend_basetype	backend_dataflow@0x00b0e82c	0x00afbb98	162	0	005ba9be	FUN_005ba9be	0x00b0e82c	backend_dataflow		root_or_new	backend_dataflow.slot_162	backend_basetype__vslot_162	0.78
0x00afc4e0	backend_basetype	backend_dataflow@0x00b0e82c	0x00afbb98	163	0	005ba9c3	FUN_005ba9c3	0x00b0e82c	backend_dataflow		root_or_new	backend_dataflow.slot_163	backend_basetype__vslot_163	0.78
0x00afc4e0	backend_basetype	backend_dataflow@0x00b0e82c	0x00afbb98	164	0	005ba9c8	FUN_005ba9c8	0x00b0e82c	backend_dataflow		root_or_new	backend_dataflow.slot_164	backend_basetype__vslot_164	0.78
0x00afc4e0	backend_basetype	backend_dataflow@0x00b0e82c	0x00afbb98	165	0	005bd358	FUN_005bd358	0x00b0e82c	backend_dataflow		root_or_new	backend_dataflow.slot_165	backend_basetype__vslot_165	0.78
0x00afc4e0	backend_basetype	backend_dataflow@0x00b0e82c	0x00afbb98	166	0	005bd6a3	FUN_005bd6a3	0x00b0e82c	backend_dataflow		root_or_new	backend_dataflow.slot_166	backend_basetype__vslot_166	0.78
0x00afc4e0	backend_basetype	backend_dataflow@0x00b0e82c	0x00afbb98	167	0	005bd73a	FUN_005bd73a	0x00b0e82c	backend_dataflow		root_or_new	backend_dataflow.slot_167	backend_basetype__vslot_167	0.78
0x00afc4e0	backend_basetype	backend_dataflow@0x00b0e82c	0x00afbb98	168	0	005bd82a	FUN_005bd82a	0x00b0e82c	backend_dataflow		root_or_new	backend_dataflow.slot_168	backend_basetype__vslot_168	0.78
0x00afc4e0	backend_basetype	backend_dataflow@0x00b0e82c	0x00afbb98	169	0	005bca1d	FUN_005bca1d	0x00b0e82c	backend_dataflow		root_or_new	backend_dataflow.slot_169	backend_basetype__vslot_169	0.78
0x00afc4e0	backend_basetype	backend_dataflow@0x00b0e82c	0x00afbb98	170	0	005bca2c	FUN_005bca2c	0x00b0e82c	backend_dataflow		root_or_new	backend_dataflow.slot_170	backend_basetype__vslot_170	0.78
0x00afc4e0	backend_basetype	backend_dataflow@0x00b0e82c	0x00afbb98	171	0	005bca3b	FUN_005bca3b	0x00b0e82c	backend_dataflow		root_or_new	backend_dataflow.slot_171	backend_basetype__vslot_171	0.78
0x00afc4e0	backend_basetype	backend_dataflow@0x00b0e82c	0x00afbb98	172	0	005bca4a	FUN_005bca4a	0x00b0e82c	backend_dataflow		root_or_new	backend_dataflow.slot_172	backend_basetype__vslot_172	0.78
0x00afc4e0	backend_basetype	backend_dataflow@0x00b0e82c	0x00afbb98	173	0	005bd393	FUN_005bd393	0x00b0e82c	backend_dataflow		root_or_new	backend_dataflow.slot_173	backend_basetype__vslot_173	0.78
0x00afc4e0	backend_basetype	backend_dataflow@0x00b0e82c	0x00afbb98	174	0	005bd398	FUN_005bd398	0x00b0e82c	backend_dataflow		root_or_new	backend_dataflow.slot_174	backend_basetype__vslot_174	0.78
0x00afc4e0	backend_basetype	backend_dataflow@0x00b0e82c	0x00afbb98	175	0	005bd3a0	FUN_005bd3a0	0x00b0e82c	backend_dataflow		root_or_new	backend_dataflow.slot_175	backend_basetype__vslot_175	0.78
0x00afc4e0	backend_basetype	backend_dataflow@0x00b0e82c	0x00afbb98	176	0	005bd3a9	FUN_005bd3a9	0x00b0e82c	backend_dataflow		root_or_new	backend_dataflow.slot_176	backend_basetype__vslot_176	0.78
0x00afc4e0	backend_basetype	backend_dataflow@0x00b0e82c	0x00afbb98	177	0	005bd3b2	FUN_005bd3b2	0x00b0e82c	backend_dataflow		root_or_new	backend_dataflow.slot_177	backend_basetype__vslot_177	0.78
0x00afc4e0	backend_basetype	backend_dataflow@0x00b0e82c	0x00afbb98	178	0	005bd3bb	FUN_005bd3bb	0x00b0e82c	backend_dataflow		root_or_new	backend_dataflow.slot_178	backend_basetype__vslot_178	0.78
0x00afc4e0	backend_basetype	backend_dataflow@0x00b0e82c	0x00afbb98	179	0	005bd3c5	FUN_005bd3c5	0x00b0e82c	backend_dataflow		root_or_new	backend_dataflow.slot_179	backend_basetype__vslot_179	0.78
0x00afc4e0	backend_basetype	backend_dataflow@0x00b0e82c	0x00afbb98	180	0	005bd3ca	FUN_005bd3ca	0x00b0e82c	backend_dataflow		root_or_new	backend_dataflow.slot_180	backend_basetype__vslot_180	0.78
0x00afc4e0	backend_basetype	backend_dataflow@0x00b0e82c	0x00afbb98	181	0	005bd3cf	FUN_005bd3cf	0x00b0e82c	backend_dataflow		root_or_new	backend_dataflow.slot_181	backend_basetype__vslot_181	0.78
0x00afc4e0	backend_basetype	backend_dataflow@0x00b0e82c	0x00afbb98	182	0	005ba9d2	FUN_005ba9d2	0x00b0e82c	backend_dataflow		root_or_new	backend_dataflow.slot_182	backend_basetype__vslot_182	0.78
0x00afc4e0	backend_basetype	backend_dataflow@0x00b0e82c	0x00afbb98	183	0	005bd3d8	FUN_005bd3d8	0x00b0e82c	backend_dataflow		root_or_new	backend_dataflow.slot_183	backend_basetype__vslot_183	0.78
0x00afc4e0	backend_basetype	backend_dataflow@0x00b0e82c	0x00afbb98	184	0	005bd3dd	FUN_005bd3dd	0x00b0e82c	backend_dataflow		root_or_new	backend_dataflow.slot_184	backend_basetype__vslot_184	0.78
0x00afc4e0	backend_basetype	backend_dataflow@0x00b0e82c	0x00afbb98	185	0	005bd3e7	FUN_005bd3e7	0x00b0e82c	backend_dataflow		root_or_new	backend_dataflow.slot_185	backend_basetype__vslot_185	0.78
0x00afc4e0	backend_basetype	backend_dataflow@0x00b0e82c	0x00afbb98	186	0	005bd65c	FUN_005bd65c	0x00b0e82c	backend_dataflow		root_or_new	backend_dataflow.slot_186	backend_basetype__vslot_186	0.78
0x00afc4e0	backend_basetype	backend_dataflow@0x00b0e82c	0x00afbb98	187	0	005ba9d7	FUN_005ba9d7	0x00b0e82c	backend_dataflow		root_or_new	backend_dataflow.slot_187	backend_basetype__vslot_187	0.78
0x00afc4e0	backend_basetype	backend_dataflow@0x00b0e82c	0x00afbb98	188	0	005ba9dc	FUN_005ba9dc	0x00b0e82c	backend_dataflow		root_or_new	backend_dataflow.slot_188	backend_basetype__vslot_188	0.78
0x00afc4e0	backend_basetype	backend_dataflow@0x00b0e82c	0x00afbb98	189	0	005ba9e6	FUN_005ba9e6	0x00b0e82c	backend_dataflow		root_or_new	backend_dataflow.slot_189	backend_basetype__vslot_189	0.78
0x00afc4e0	backend_basetype	backend_dataflow@0x00b0e82c	0x00afbb98	190	0	005ba9eb	FUN_005ba9eb	0x00b0e82c	backend_dataflow		root_or_new	backend_dataflow.slot_190	backend_basetype__vslot_190	0.78
0x00afc4e0	backend_basetype	backend_dataflow@0x00b0e82c	0x00afbb98	191	0	005ba9f3	FUN_005ba9f3	0x00b0e82c	backend_dataflow		root_or_new	backend_dataflow.slot_191	backend_basetype__vslot_191	0.78
0x00afc4e0	backend_basetype	backend_dataflow@0x00b0e82c	0x00afbb98	192	0	005ba9fc	FUN_005ba9fc	0x00b0e82c	backend_dataflow		root_or_new	backend_dataflow.slot_192	backend_basetype__vslot_192	0.78
0x00afc4e0	backend_basetype	backend_dataflow@0x00b0e82c	0x00afbb98	193	0	005baa05	FUN_005baa05	0x00b0e82c	backend_dataflow		root_or_new	backend_dataflow.slot_193	backend_basetype__vslot_193	0.78
0x00afc4e0	backend_basetype	backend_dataflow@0x00b0e82c	0x00afbb98	194	0	005bd89d	FUN_005bd89d	0x00b0e82c	backend_dataflow		root_or_new	backend_dataflow.slot_194	backend_basetype__vslot_194	0.78
0x00afc4e0	backend_basetype	backend_dataflow@0x00b0e82c	0x00afbb98	195	0	005baa0e	FUN_005baa0e	0x00b0e82c	backend_dataflow		root_or_new	backend_dataflow.slot_195	backend_basetype__vslot_195	0.78
0x00afc4e0	backend_basetype	backend_dataflow@0x00b0e82c	0x00afbb98	196	0	005bd972	FUN_005bd972	0x00b0e82c	backend_dataflow		root_or_new	backend_dataflow.slot_196	backend_basetype__vslot_196	0.78
0x00afc4e0	backend_basetype	backend_dataflow@0x00b0e82c	0x00afbb98	197	0	005bd9f1	FUN_005bd9f1	0x00b0e82c	backend_dataflow		root_or_new	backend_dataflow.slot_197	backend_basetype__vslot_197	0.78
0x00afc4e0	backend_basetype	backend_dataflow@0x00b0e82c	0x00afbb98	198	0	005baa18	FUN_005baa18	0x00b0e82c	backend_dataflow		root_or_new	backend_dataflow.slot_198	backend_basetype__vslot_198	0.78
0x00afc4e0	backend_basetype	backend_dataflow@0x00b0e82c	0x00afbb98	199	0	005bda6a	FUN_005bda6a	0x00b0e82c	backend_dataflow		root_or_new	backend_dataflow.slot_199	backend_basetype__vslot_199	0.78
0x00afc4e0	backend_basetype	backend_dataflow@0x00b0e82c	0x00afbb98	200	0	005baa21	FUN_005baa21	0x00b0e82c	backend_dataflow		root_or_new	backend_dataflow.slot_200	backend_basetype__vslot_200	0.78
0x00afc4e0	backend_basetype	backend_dataflow@0x00b0e82c	0x00afbb98	201	0	005baa2d	FUN_005baa2d	0x00b0e82c	backend_dataflow		root_or_new	backend_dataflow.slot_201	backend_basetype__vslot_201	0.78
0x00afc4e0	backend_basetype	backend_dataflow@0x00b0e82c	0x00afbb98	202	0	005baa36	FUN_005baa36	0x00b0e82c	backend_dataflow		root_or_new	backend_dataflow.slot_202	backend_basetype__vslot_202	0.78
0x00afc4e0	backend_basetype	backend_dataflow@0x00b0e82c	0x00afbb98	203	0	005baa40	FUN_005baa40	0x00b0e82c	backend_dataflow		root_or_new	backend_dataflow.slot_203	backend_basetype__vslot_203	0.78
0x00afc4e0	backend_basetype	backend_dataflow@0x00b0e82c	0x00afbb98	204	0	005baa4a	FUN_005baa4a	0x00b0e82c	backend_dataflow		root_or_new	backend_dataflow.slot_204	backend_basetype__vslot_204	0.78
0x00afc4e0	backend_basetype	backend_dataflow@0x00b0e82c	0x00afbb98	205	0	005baa4f	FUN_005baa4f	0x00b0e82c	backend_dataflow		root_or_new	backend_dataflow.slot_205	backend_basetype__vslot_205	0.78
0x00afc4e0	backend_basetype	backend_dataflow@0x00b0e82c	0x00afbb98	206	0	005bd98d	FUN_005bd98d	0x00b0e82c	backend_dataflow		root_or_new	backend_dataflow.slot_206	backend_basetype__vslot_206	0.78
0x00afc4e0	backend_basetype	backend_dataflow@0x00b0e82c	0x00afbb98	207	0	005baa54	FUN_005baa54	0x00b0e82c	backend_dataflow		root_or_new	backend_dataflow.slot_207	backend_basetype__vslot_207	0.78
0x00afc4e0	backend_basetype	backend_dataflow@0x00b0e82c	0x00afbb98	208	0	005baa59	FUN_005baa59	0x00b0e82c	backend_dataflow		root_or_new	backend_dataflow.slot_208	backend_basetype__vslot_208	0.78
0x00afc4e0	backend_basetype	backend_dataflow@0x00b0e82c	0x00afbb98	209	0	005baa62	FUN_005baa62	0x00b0e82c	backend_dataflow		root_or_new	backend_dataflow.slot_209	backend_basetype__vslot_209	0.78
0x00afc4e0	backend_basetype	backend_dataflow@0x00b0e82c	0x00afbb98	210	0	005bdb08	FUN_005bdb08	0x00b0e82c	backend_dataflow		root_or_new	backend_dataflow.slot_210	backend_basetype__vslot_210	0.78
0x00afc4e0	backend_basetype	backend_dataflow@0x00b0e82c	0x00afbb98	211	0	005baa6b	FUN_005baa6b	0x00b0e82c	backend_dataflow		root_or_new	backend_dataflow.slot_211	backend_basetype__vslot_211	0.78
0x00afc4e0	backend_basetype	backend_dataflow@0x00b0e82c	0x00afbb98	212	0	004e2d50	FUN_004e2d50	0x00b0e82c	backend_dataflow		root_or_new	backend_dataflow.slot_212	backend_basetype__vslot_212	0.78
0x00afc4e0	backend_basetype	backend_dataflow@0x00b0e82c	0x00afbb98	213	0	005baa75	FUN_005baa75	0x00b0e82c	backend_dataflow		root_or_new	backend_dataflow.slot_213	backend_basetype__vslot_213	0.78
0x00afc4e0	backend_basetype	backend_dataflow@0x00b0e82c	0x00afbb98	214	0	005baa7a	FUN_005baa7a	0x00b0e82c	backend_dataflow		root_or_new	backend_dataflow.slot_214	backend_basetype__vslot_214	0.78
0x00afc4e0	backend_basetype	backend_dataflow@0x00b0e82c	0x00afbb98	215	0	005baa83	FUN_005baa83	0x00b0e82c	backend_dataflow		root_or_new	backend_dataflow.slot_215	backend_basetype__vslot_215	0.78
0x00afc4e0	backend_basetype	backend_dataflow@0x00b0e82c	0x00afbb98	216	0	005bdd08	FUN_005bdd08	0x00b0e82c	backend_dataflow		root_or_new	backend_dataflow.slot_216	backend_basetype__vslot_216	0.78
0x00afc4e0	backend_basetype	backend_dataflow@0x00b0e82c	0x00afbb98	217	0	005baa88	FUN_005baa88	0x00b0e82c	backend_dataflow		root_or_new	backend_dataflow.slot_217	backend_basetype__vslot_217	0.78
0x00afc4e0	backend_basetype	backend_dataflow@0x00b0e82c	0x00afbb98	218	0	005baa91	FUN_005baa91	0x00b0e82c	backend_dataflow		root_or_new	backend_dataflow.slot_218	backend_basetype__vslot_218	0.78
0x00afc4e0	backend_basetype	backend_dataflow@0x00b0e82c	0x00afbb98	219	0	005baa9a	FUN_005baa9a	0x00b0e82c	backend_dataflow		root_or_new	backend_dataflow.slot_219	backend_basetype__vslot_219	0.78
0x00afc4e0	backend_basetype	backend_dataflow@0x00b0e82c	0x00afbb98	220	0	005baaa3	FUN_005baaa3	0x00b0e82c	backend_dataflow		root_or_new	backend_dataflow.slot_220	backend_basetype__vslot_220	0.78
0x00afc4e0	backend_basetype	backend_dataflow@0x00b0e82c	0x00afbb98	221	0	005baaad	FUN_005baaad	0x00b0e82c	backend_dataflow		root_or_new	backend_dataflow.slot_221	backend_basetype__vslot_221	0.78
0x00afc4e0	backend_basetype	backend_dataflow@0x00b0e82c	0x00afbb98	222	0	005baab2	FUN_005baab2	0x00b0e82c	backend_dataflow		root_or_new	backend_dataflow.slot_222	backend_basetype__vslot_222	0.78
0x00afc4e0	backend_basetype	backend_dataflow@0x00b0e82c	0x00afbb98	223	0	005baabc	FUN_005baabc	0x00b0e82c	backend_dataflow		root_or_new	backend_dataflow.slot_223	backend_basetype__vslot_223	0.78
0x00afc4e0	backend_basetype	backend_dataflow@0x00b0e82c	0x00afbb98	224	0	005baac6	FUN_005baac6	0x00b0e82c	backend_dataflow		root_or_new	backend_dataflow.slot_224	backend_basetype__vslot_224	0.78
0x00afc4e0	backend_basetype	backend_dataflow@0x00b0e82c	0x00afbb98	225	0	005baacf	FUN_005baacf	0x00b0e82c	backend_dataflow		root_or_new	backend_dataflow.slot_225	backend_basetype__vslot_225	0.78
0x00afc4e0	backend_basetype	backend_dataflow@0x00b0e82c	0x00afbb98	226	0	005baad4	FUN_005baad4	0x00b0e82c	backend_dataflow		root_or_new	backend_dataflow.slot_226	backend_basetype__vslot_226	0.78
0x00afc4e0	backend_basetype	backend_dataflow@0x00b0e82c	0x00afbb98	227	0	005baad9	FUN_005baad9	0x00b0e82c	backend_dataflow		root_or_new	backend_dataflow.slot_227	backend_basetype__vslot_227	0.78
0x00afc4e0	backend_basetype	backend_dataflow@0x00b0e82c	0x00afbb98	228	0	005baade	FUN_005baade	0x00b0e82c	backend_dataflow		root_or_new	backend_dataflow.slot_228	backend_basetype__vslot_228	0.78
0x00afc4e0	backend_basetype	backend_dataflow@0x00b0e82c	0x00afbb98	229	0	0074249b	FUN_0074249b	0x00b0e82c	backend_dataflow		root_or_new	backend_dataflow.slot_229	backend_basetype__vslot_229	0.78
0x00afc4e0	backend_basetype	backend_dataflow@0x00b0e82c	0x00afbb98	230	0	005baae7	FUN_005baae7	0x00b0e82c	backend_dataflow		root_or_new	backend_dataflow.slot_230	backend_basetype__vslot_230	0.78
0x00afc4e0	backend_basetype	backend_dataflow@0x00b0e82c	0x00afbb98	231	0	005baaf0	FUN_005baaf0	0x00b0e82c	backend_dataflow		root_or_new	backend_dataflow.slot_231	backend_basetype__vslot_231	0.78
0x00afc4e0	backend_basetype	backend_dataflow@0x00b0e82c	0x00afbb98	232	0	005baaff	FUN_005baaff	0x00b0e82c	backend_dataflow		root_or_new	backend_dataflow.slot_232	backend_basetype__vslot_232	0.78
0x00afc4e0	backend_basetype	backend_dataflow@0x00b0e82c	0x00afbb98	233	0	005bab08	FUN_005bab08	0x00b0e82c	backend_dataflow		root_or_new	backend_dataflow.slot_233	backend_basetype__vslot_233	0.78
0x00afc4e0	backend_basetype	backend_dataflow@0x00b0e82c	0x00afbb98	234	0	005bdcc7	FUN_005bdcc7	0x00b0e82c	backend_dataflow		root_or_new	backend_dataflow.slot_234	backend_basetype__vslot_234	0.78
0x00afc4e0	backend_basetype	backend_dataflow@0x00b0e82c	0x00afbb98	235	0	005bdcdc	FUN_005bdcdc	0x00b0e82c	backend_dataflow		root_or_new	backend_dataflow.slot_235	backend_basetype__vslot_235	0.78
0x00afc4e0	backend_basetype	backend_dataflow@0x00b0e82c	0x00afbb98	236	0	005bab0d	FUN_005bab0d	0x00b0e82c	backend_dataflow		root_or_new	backend_dataflow.slot_236	backend_basetype__vslot_236	0.78
0x00afc4e0	backend_basetype	backend_dataflow@0x00b0e82c	0x00afbb98	237	0	005bab16	FUN_005bab16	0x00b0e82c	backend_dataflow		root_or_new	backend_dataflow.slot_237	backend_basetype__vslot_237	0.78
0x00afc4e0	backend_basetype	backend_dataflow@0x00b0e82c	0x00afbb98	238	0	005bdbe6	FUN_005bdbe6	0x00b0e82c	backend_dataflow		root_or_new	backend_dataflow.slot_238	backend_basetype__vslot_238	0.78
0x00afc4e0	backend_basetype	backend_dataflow@0x00b0e82c	0x00afbb98	239	0	005bab57	FUN_005bab57	0x00b0e82c	backend_dataflow		root_or_new	backend_dataflow.slot_239	backend_basetype__vslot_239	0.78
0x00afc4e0	backend_basetype	backend_dataflow@0x00b0e82c	0x00afbb98	240	0	005bab60	FUN_005bab60	0x00b0e82c	backend_dataflow		root_or_new	backend_dataflow.slot_240	backend_basetype__vslot_240	0.78
0x00afc4e0	backend_basetype	backend_dataflow@0x00b0e82c	0x00afbb98	241	0	005bde11	FUN_005bde11	0x00b0e82c	backend_dataflow		root_or_new	backend_dataflow.slot_241	backend_basetype__vslot_241	0.78
0x00afc4e0	backend_basetype	backend_dataflow@0x00b0e82c	0x00afbb98	242	0	005bab65	FUN_005bab65	0x00b0e82c	backend_dataflow		root_or_new	backend_dataflow.slot_242	backend_basetype__vslot_242	0.78
0x00afc4e0	backend_basetype	backend_dataflow@0x00b0e82c	0x00afbb98	243	0	005bab6e	FUN_005bab6e	0x00b0e82c	backend_dataflow		root_or_new	backend_dataflow.slot_243	backend_basetype__vslot_243	0.78
0x00afc4e0	backend_basetype	backend_dataflow@0x00b0e82c	0x00afbb98	244	0	005bab77	FUN_005bab77	0x00b0e82c	backend_dataflow		root_or_new	backend_dataflow.slot_244	backend_basetype__vslot_244	0.78
0x00afc4e0	backend_basetype	backend_dataflow@0x00b0e82c	0x00afbb98	245	0	005bab80	FUN_005bab80	0x00b0e82c	backend_dataflow		root_or_new	backend_dataflow.slot_245	backend_basetype__vslot_245	0.78
0x00afc4e0	backend_basetype	backend_dataflow@0x00b0e82c	0x00afbb98	246	0	009947c2	FUN_009947c2	0x00b0e82c	backend_dataflow		root_or_new	backend_dataflow.slot_246	backend_basetype__vslot_246	0.78
0x00afc4e0	backend_basetype	backend_dataflow@0x00b0e82c	0x00afbb98	247	0	006c4c04	FUN_006c4c04	0x00b0e82c	backend_dataflow		root_or_new	backend_dataflow.slot_247	backend_basetype__vslot_247	0.78
0x00afc4e0	backend_basetype	backend_dataflow@0x00b0e82c	0x00afbb98	248	0	005bab85	FUN_005bab85	0x00b0e82c	backend_dataflow		root_or_new	backend_dataflow.slot_248	backend_basetype__vslot_248	0.78
0x00afc4e0	backend_basetype	backend_dataflow@0x00b0e82c	0x00afbb98	249	0	005bab8e	FUN_005bab8e	0x00b0e82c	backend_dataflow		root_or_new	backend_dataflow.slot_249	backend_basetype__vslot_249	0.78
0x00afc4e0	backend_basetype	backend_dataflow@0x00b0e82c	0x00afbb98	250	0	005bab97	FUN_005bab97	0x00b0e82c	backend_dataflow		root_or_new	backend_dataflow.slot_250	backend_basetype__vslot_250	0.78
0x00afc4e0	backend_basetype	backend_dataflow@0x00b0e82c	0x00afbb98	251	0	005bab9c	FUN_005bab9c	0x00b0e82c	backend_dataflow		root_or_new	backend_dataflow.slot_251	backend_basetype__vslot_251	0.78
0x00afc4e0	backend_basetype	backend_dataflow@0x00b0e82c	0x00afbb98	252	0	005baba4	FUN_005baba4	0x00b0e82c	backend_dataflow		root_or_new	backend_dataflow.slot_252	backend_basetype__vslot_252	0.78
0x00afc4e0	backend_basetype	backend_dataflow@0x00b0e82c	0x00afbb98	253	0	005babad	FUN_005babad	0x00b0e82c	backend_dataflow		root_or_new	backend_dataflow.slot_253	backend_basetype__vslot_253	0.78
0x00afc4e0	backend_basetype	backend_dataflow@0x00b0e82c	0x00afbb98	254	0	0061eb3f	FUN_0061eb3f	0x00b0e82c	backend_dataflow		root_or_new	backend_dataflow.slot_254	backend_basetype__vslot_254	0.78
0x00afc4e0	backend_basetype	backend_dataflow@0x00b0e82c	0x00afbb98	255	0	0061ea6d	FUN_0061ea6d	0x00b0e82c	backend_dataflow		root_or_new	backend_dataflow.slot_255	backend_basetype__vslot_255	0.78
0x00afc4e0	backend_basetype	backend_dataflow@0x00b0e82c	0x00afbb98	256	0	0061ea04	FUN_0061ea04	0x00b0e82c	backend_dataflow		root_or_new	backend_dataflow.slot_256	backend_basetype__vslot_256	0.78
0x00afc4e0	backend_basetype	backend_dataflow@0x00b0e82c	0x00afbb98	257	0	0061ead6	FUN_0061ead6	0x00b0e82c	backend_dataflow		root_or_new	backend_dataflow.slot_257	backend_basetype__vslot_257	0.78
0x00afc4e0	backend_basetype	backend_dataflow@0x00b0e82c	0x00afbb98	258	0	0077f082	FUN_0077f082	0x00b0e82c	backend_dataflow		root_or_new	backend_dataflow.slot_258	backend_basetype__vslot_258	0.78
0x00afc4e0	backend_basetype	backend_dataflow@0x00b0e82c	0x00afbb98	259	0	005babb6	FUN_005babb6	0x00b0e82c	backend_dataflow		root_or_new	backend_dataflow.slot_259	backend_basetype__vslot_259	0.78
0x00afc4e0	backend_basetype	backend_dataflow@0x00b0e82c	0x00afbb98	260	0	005babbf	FUN_005babbf	0x00b0e82c	backend_dataflow		root_or_new	backend_dataflow.slot_260	backend_basetype__vslot_260	0.78
0x00afc4e0	backend_basetype	backend_dataflow@0x00b0e82c	0x00afbb98	261	0	005babc8	FUN_005babc8	0x00b0e82c	backend_dataflow		root_or_new	backend_dataflow.slot_261	backend_basetype__vslot_261	0.78
0x00b0b784	backend_basetype2	backend_dataflow@0x00b0e82c	0x00b0af54	0	0	00734b30	FUN_00734b30	0x00afc4e0	backend_basetype	005ba5d0	override	backend_dataflow.slot_000	backend_basetype2__vslot_000	0.90
0x00b0b784	backend_basetype2	backend_dataflow@0x00b0e82c	0x00b0af54	1	0	0076fdcf	FUN_0076fdcf	0x00afc4e0	backend_basetype	0076fdcf	inherited	backend_dataflow.slot_001	backend_basetype2__vslot_001	0.93
0x00b0b784	backend_basetype2	backend_dataflow@0x00b0e82c	0x00b0af54	2	0	00734b35	FUN_00734b35	0x00afc4e0	backend_basetype	005ba5d5	override	backend_dataflow.slot_002	backend_basetype2__vslot_002	0.90
0x00b0b784	backend_basetype2	backend_dataflow@0x00b0e82c	0x00b0af54	3	0	00734b3a	FUN_00734b3a	0x00afc4e0	backend_basetype	005ba5da	override	backend_dataflow.slot_003	backend_basetype2__vslot_003	0.90
0x00b0b784	backend_basetype2	backend_dataflow@0x00b0e82c	0x00b0af54	4	0	00734b43	FUN_00734b43	0x00afc4e0	backend_basetype	005ba5e3	override	backend_dataflow.slot_004	backend_basetype2__vslot_004	0.90
0x00b0b784	backend_basetype2	backend_dataflow@0x00b0e82c	0x00b0af54	5	0	0076fd8c	FUN_0076fd8c	0x00afc4e0	backend_basetype	0076fd8c	inherited	backend_dataflow.slot_005	backend_basetype2__vslot_005	0.93
0x00b0b784	backend_basetype2	backend_dataflow@0x00b0e82c	0x00b0af54	6	0	007692da	FUN_007692da	0x00afc4e0	backend_basetype	007692da	inherited	backend_dataflow.slot_006	backend_basetype2__vslot_006	0.93
0x00b0b784	backend_basetype2	backend_dataflow@0x00b0e82c	0x00b0af54	7	0	0076fd44	FUN_0076fd44	0x00afc4e0	backend_basetype	0076fd44	inherited	backend_dataflow.slot_007	backend_basetype2__vslot_007	0.93
0x00b0b784	backend_basetype2	backend_dataflow@0x00b0e82c	0x00b0af54	8	0	00766cae	FUN_00766cae	0x00afc4e0	backend_basetype	00766cae	inherited	backend_dataflow.slot_008	backend_basetype2__vslot_008	0.93
0x00b0b784	backend_basetype2	backend_dataflow@0x00b0e82c	0x00b0af54	9	0	00734b4c	FUN_00734b4c	0x00afc4e0	backend_basetype	005ba5ec	override	backend_dataflow.slot_009	backend_basetype2__vslot_009	0.90
0x00b0b784	backend_basetype2	backend_dataflow@0x00b0e82c	0x00b0af54	10	0	007700a6	FUN_007700a6	0x00afc4e0	backend_basetype	007700a6	inherited	backend_dataflow.slot_010	backend_basetype2__vslot_010	0.93
0x00b0b784	backend_basetype2	backend_dataflow@0x00b0e82c	0x00b0af54	11	0	00734b55	FUN_00734b55	0x00afc4e0	backend_basetype	005ba5f5	override	backend_dataflow.slot_011	backend_basetype2__vslot_011	0.90
0x00b0b784	backend_basetype2	backend_dataflow@0x00b0e82c	0x00b0af54	12	0	0076fd2e	FUN_0076fd2e	0x00afc4e0	backend_basetype	0076fd2e	inherited	backend_dataflow.slot_012	backend_basetype2__vslot_012	0.93
0x00b0b784	backend_basetype2	backend_dataflow@0x00b0e82c	0x00b0af54	13	0	00734b69	FUN_00734b69	0x00afc4e0	backend_basetype	005ba609	override	backend_dataflow.slot_013	backend_basetype2__vslot_013	0.90
0x00b0b784	backend_basetype2	backend_dataflow@0x00b0e82c	0x00b0af54	14	0	00734b72	FUN_00734b72	0x00afc4e0	backend_basetype	005ba612	override	backend_dataflow.slot_014	backend_basetype2__vslot_014	0.90
0x00b0b784	backend_basetype2	backend_dataflow@0x00b0e82c	0x00b0af54	15	0	00734b7b	FUN_00734b7b	0x00afc4e0	backend_basetype	005ba61b	override	backend_dataflow.slot_015	backend_basetype2__vslot_015	0.90
0x00b0b784	backend_basetype2	backend_dataflow@0x00b0e82c	0x00b0af54	16	0	00734b84	FUN_00734b84	0x00afc4e0	backend_basetype	005ba624	override	backend_dataflow.slot_016	backend_basetype2__vslot_016	0.90
0x00b0b784	backend_basetype2	backend_dataflow@0x00b0e82c	0x00b0af54	17	0	00734b93	FUN_00734b93	0x00afc4e0	backend_basetype	005ba633	override	backend_dataflow.slot_017	backend_basetype2__vslot_017	0.90
0x00b0b784	backend_basetype2	backend_dataflow@0x00b0e82c	0x00b0af54	18	0	00734bc0	FUN_00734bc0	0x00afc4e0	backend_basetype	005ba660	override	backend_dataflow.slot_018	backend_basetype2__vslot_018	0.90
0x00b0b784	backend_basetype2	backend_dataflow@0x00b0e82c	0x00b0af54	19	0	00734fee	FUN_00734fee	0x00afc4e0	backend_basetype	005bab1f	override	backend_dataflow.slot_019	backend_basetype2__vslot_019	0.90
0x00b0b784	backend_basetype2	backend_dataflow@0x00b0e82c	0x00b0af54	20	0	00734ff7	FUN_00734ff7	0x00afc4e0	backend_basetype	005bab28	override	backend_dataflow.slot_020	backend_basetype2__vslot_020	0.90
0x00b0b784	backend_basetype2	backend_dataflow@0x00b0e82c	0x00b0af54	21	0	00735000	FUN_00735000	0x00afc4e0	backend_basetype	005bab31	override	backend_dataflow.slot_021	backend_basetype2__vslot_021	0.90
0x00b0b784	backend_basetype2	backend_dataflow@0x00b0e82c	0x00b0af54	22	0	0073500e	FUN_0073500e	0x00afc4e0	backend_basetype	005bab3f	override	backend_dataflow.slot_022	backend_basetype2__vslot_022	0.90
0x00b0b784	backend_basetype2	backend_dataflow@0x00b0e82c	0x00b0af54	23	0	0073501d	FUN_0073501d	0x00afc4e0	backend_basetype	005bab4e	override	backend_dataflow.slot_023	backend_basetype2__vslot_023	0.90
0x00b0b784	backend_basetype2	backend_dataflow@0x00b0e82c	0x00b0af54	24	0	0077017f	FUN_0077017f	0x00afc4e0	backend_basetype	0077017f	inherited	backend_dataflow.slot_024	backend_basetype2__vslot_024	0.93
0x00b0b784	backend_basetype2	backend_dataflow@0x00b0e82c	0x00b0af54	25	0	007711eb	FUN_007711eb	0x00afc4e0	backend_basetype	007711eb	inherited	backend_dataflow.slot_025	backend_basetype2__vslot_025	0.93
0x00b0b784	backend_basetype2	backend_dataflow@0x00b0e82c	0x00b0af54	26	0	00734bca	FUN_00734bca	0x00afc4e0	backend_basetype	005ba66a	override	backend_dataflow.slot_026	backend_basetype2__vslot_026	0.90
0x00b0b784	backend_basetype2	backend_dataflow@0x00b0e82c	0x00b0af54	27	0	00734bdf	FUN_00734bdf	0x00afc4e0	backend_basetype	005ba67f	override	backend_dataflow.slot_027	backend_basetype2__vslot_027	0.90
0x00b0b784	backend_basetype2	backend_dataflow@0x00b0e82c	0x00b0af54	28	0	005bc53a	FUN_005bc53a	0x00afc4e0	backend_basetype	005bc53a	inherited	backend_dataflow.slot_028	backend_basetype2__vslot_028	0.93
0x00b0b784	backend_basetype2	backend_dataflow@0x00b0e82c	0x00b0af54	29	0	00734be8	FUN_00734be8	0x00afc4e0	backend_basetype	005ba688	override	backend_dataflow.slot_029	backend_basetype2__vslot_029	0.90
0x00b0b784	backend_basetype2	backend_dataflow@0x00b0e82c	0x00b0af54	30	0	005bc5d3	FUN_005bc5d3	0x00afc4e0	backend_basetype	005bc5d3	inherited	backend_dataflow.slot_030	backend_basetype2__vslot_030	0.93
0x00b0b784	backend_basetype2	backend_dataflow@0x00b0e82c	0x00b0af54	31	0	005bc608	FUN_005bc608	0x00afc4e0	backend_basetype	005bc608	inherited	backend_dataflow.slot_031	backend_basetype2__vslot_031	0.93
0x00b0b784	backend_basetype2	backend_dataflow@0x00b0e82c	0x00b0af54	32	0	005bc63d	FUN_005bc63d	0x00afc4e0	backend_basetype	005bc63d	inherited	backend_dataflow.slot_032	backend_basetype2__vslot_032	0.93
0x00b0b784	backend_basetype2	backend_dataflow@0x00b0e82c	0x00b0af54	33	0	005bc6a7	FUN_005bc6a7	0x00afc4e0	backend_basetype	005bc6a7	inherited	backend_dataflow.slot_033	backend_basetype2__vslot_033	0.93
0x00b0b784	backend_basetype2	backend_dataflow@0x00b0e82c	0x00b0af54	34	0	00734bf2	FUN_00734bf2	0x00afc4e0	backend_basetype	005ba692	override	backend_dataflow.slot_034	backend_basetype2__vslot_034	0.90
0x00b0b784	backend_basetype2	backend_dataflow@0x00b0e82c	0x00b0af54	35	0	005bc801	FUN_005bc801	0x00afc4e0	backend_basetype	005bc801	inherited	backend_dataflow.slot_035	backend_basetype2__vslot_035	0.93
0x00b0b784	backend_basetype2	backend_dataflow@0x00b0e82c	0x00b0af54	36	0	005bc8c2	FUN_005bc8c2	0x00afc4e0	backend_basetype	005bc8c2	inherited	backend_dataflow.slot_036	backend_basetype2__vslot_036	0.93
0x00b0b784	backend_basetype2	backend_dataflow@0x00b0e82c	0x00b0af54	37	0	005bc947	FUN_005bc947	0x00afc4e0	backend_basetype	005bc947	inherited	backend_dataflow.slot_037	backend_basetype2__vslot_037	0.93
0x00b0b784	backend_basetype2	backend_dataflow@0x00b0e82c	0x00b0af54	38	0	005bca13	FUN_005bca13	0x00afc4e0	backend_basetype	005bca13	inherited	backend_dataflow.slot_038	backend_basetype2__vslot_038	0.93
0x00b0b784	backend_basetype2	backend_dataflow@0x00b0e82c	0x00b0af54	39	0	005bca59	FUN_005bca59	0x00afc4e0	backend_basetype	005bca59	inherited	backend_dataflow.slot_039	backend_basetype2__vslot_039	0.93
0x00b0b784	backend_basetype2	backend_dataflow@0x00b0e82c	0x00b0af54	40	0	00734bfc	FUN_00734bfc	0x00afc4e0	backend_basetype	005ba69c	override	backend_dataflow.slot_040	backend_basetype2__vslot_040	0.90
0x00b0b784	backend_basetype2	backend_dataflow@0x00b0e82c	0x00b0af54	41	0	005bca8e	FUN_005bca8e	0x00afc4e0	backend_basetype	005bca8e	inherited	backend_dataflow.slot_041	backend_basetype2__vslot_041	0.93
0x00b0b784	backend_basetype2	backend_dataflow@0x00b0e82c	0x00b0af54	42	0	005bca93	FUN_005bca93	0x00afc4e0	backend_basetype	005bca93	inherited	backend_dataflow.slot_042	backend_basetype2__vslot_042	0.93
0x00b0b784	backend_basetype2	backend_dataflow@0x00b0e82c	0x00b0af54	43	0	00734c05	FUN_00734c05	0x00afc4e0	backend_basetype	005ba6a5	override	backend_dataflow.slot_043	backend_basetype2__vslot_043	0.90
0x00b0b784	backend_basetype2	backend_dataflow@0x00b0e82c	0x00b0af54	44	0	00734c0e	FUN_00734c0e	0x00afc4e0	backend_basetype	005ba6ae	override	backend_dataflow.slot_044	backend_basetype2__vslot_044	0.90
0x00b0b784	backend_basetype2	backend_dataflow@0x00b0e82c	0x00b0af54	45	0	005bca9c	FUN_005bca9c	0x00afc4e0	backend_basetype	005bca9c	inherited	backend_dataflow.slot_045	backend_basetype2__vslot_045	0.93
0x00b0b784	backend_basetype2	backend_dataflow@0x00b0e82c	0x00b0af54	46	0	005bcaa5	FUN_005bcaa5	0x00afc4e0	backend_basetype	005bcaa5	inherited	backend_dataflow.slot_046	backend_basetype2__vslot_046	0.93
0x00b0b784	backend_basetype2	backend_dataflow@0x00b0e82c	0x00b0af54	47	0	005bcaae	FUN_005bcaae	0x00afc4e0	backend_basetype	005bcaae	inherited	backend_dataflow.slot_047	backend_basetype2__vslot_047	0.93
0x00b0b784	backend_basetype2	backend_dataflow@0x00b0e82c	0x00b0af54	48	0	005bcab7	FUN_005bcab7	0x00afc4e0	backend_basetype	005bcab7	inherited	backend_dataflow.slot_048	backend_basetype2__vslot_048	0.93
0x00b0b784	backend_basetype2	backend_dataflow@0x00b0e82c	0x00b0af54	49	0	005bcac0	FUN_005bcac0	0x00afc4e0	backend_basetype	005bcac0	inherited	backend_dataflow.slot_049	backend_basetype2__vslot_049	0.93
0x00b0b784	backend_basetype2	backend_dataflow@0x00b0e82c	0x00b0af54	50	0	005bcac9	FUN_005bcac9	0x00afc4e0	backend_basetype	005bcac9	inherited	backend_dataflow.slot_050	backend_basetype2__vslot_050	0.93
0x00b0b784	backend_basetype2	backend_dataflow@0x00b0e82c	0x00b0af54	51	0	005bcad2	FUN_005bcad2	0x00afc4e0	backend_basetype	005bcad2	inherited	backend_dataflow.slot_051	backend_basetype2__vslot_051	0.93
0x00b0b784	backend_basetype2	backend_dataflow@0x00b0e82c	0x00b0af54	52	0	005bcadc	FUN_005bcadc	0x00afc4e0	backend_basetype	005bcadc	inherited	backend_dataflow.slot_052	backend_basetype2__vslot_052	0.93
0x00b0b784	backend_basetype2	backend_dataflow@0x00b0e82c	0x00b0af54	53	0	005bcae5	FUN_005bcae5	0x00afc4e0	backend_basetype	005bcae5	inherited	backend_dataflow.slot_053	backend_basetype2__vslot_053	0.93
0x00b0b784	backend_basetype2	backend_dataflow@0x00b0e82c	0x00b0af54	54	0	005bcaee	FUN_005bcaee	0x00afc4e0	backend_basetype	005bcaee	inherited	backend_dataflow.slot_054	backend_basetype2__vslot_054	0.93
0x00b0b784	backend_basetype2	backend_dataflow@0x00b0e82c	0x00b0af54	55	0	005bde39	FUN_005bde39	0x00afc4e0	backend_basetype	005bde39	inherited	backend_dataflow.slot_055	backend_basetype2__vslot_055	0.93
0x00b0b784	backend_basetype2	backend_dataflow@0x00b0e82c	0x00b0af54	56	0	005bde42	FUN_005bde42	0x00afc4e0	backend_basetype	005bde42	inherited	backend_dataflow.slot_056	backend_basetype2__vslot_056	0.93
0x00b0b784	backend_basetype2	backend_dataflow@0x00b0e82c	0x00b0af54	57	0	005bde4b	FUN_005bde4b	0x00afc4e0	backend_basetype	005bde4b	inherited	backend_dataflow.slot_057	backend_basetype2__vslot_057	0.93
0x00b0b784	backend_basetype2	backend_dataflow@0x00b0e82c	0x00b0af54	58	0	00734c17	FUN_00734c17	0x00afc4e0	backend_basetype	005ba6b7	override	backend_dataflow.slot_058	backend_basetype2__vslot_058	0.90
0x00b0b784	backend_basetype2	backend_dataflow@0x00b0e82c	0x00b0af54	59	0	005bcaf7	FUN_005bcaf7	0x00afc4e0	backend_basetype	005bcaf7	inherited	backend_dataflow.slot_059	backend_basetype2__vslot_059	0.93
0x00b0b784	backend_basetype2	backend_dataflow@0x00b0e82c	0x00b0af54	60	0	005bcb00	FUN_005bcb00	0x00afc4e0	backend_basetype	005bcb00	inherited	backend_dataflow.slot_060	backend_basetype2__vslot_060	0.93
0x00b0b784	backend_basetype2	backend_dataflow@0x00b0e82c	0x00b0af54	61	0	0072f96d	FUN_0072f96d	0x00afc4e0	backend_basetype	0072f96d	inherited	backend_dataflow.slot_061	backend_basetype2__vslot_061	0.93
0x00b0b784	backend_basetype2	backend_dataflow@0x00b0e82c	0x00b0af54	62	0	00734c20	FUN_00734c20	0x00afc4e0	backend_basetype	005ba6c0	override	backend_dataflow.slot_062	backend_basetype2__vslot_062	0.90
0x00b0b784	backend_basetype2	backend_dataflow@0x00b0e82c	0x00b0af54	63	0	005bca85	FUN_005bca85	0x00afc4e0	backend_basetype	005bca85	inherited	backend_dataflow.slot_063	backend_basetype2__vslot_063	0.93
0x00b0b784	backend_basetype2	backend_dataflow@0x00b0e82c	0x00b0af54	64	0	005bcb05	FUN_005bcb05	0x00afc4e0	backend_basetype	005bcb05	inherited	backend_dataflow.slot_064	backend_basetype2__vslot_064	0.93
0x00b0b784	backend_basetype2	backend_dataflow@0x00b0e82c	0x00b0af54	65	0	00734c25	FUN_00734c25	0x00afc4e0	backend_basetype	005ba6c5	override	backend_dataflow.slot_065	backend_basetype2__vslot_065	0.90
0x00b0b784	backend_basetype2	backend_dataflow@0x00b0e82c	0x00b0af54	66	0	00735592	FUN_00735592	0x00afc4e0	backend_basetype	005ba6ce	override	backend_dataflow.slot_066	backend_basetype2__vslot_066	0.90
0x00b0b784	backend_basetype2	backend_dataflow@0x00b0e82c	0x00b0af54	67	0	00734c2e	FUN_00734c2e	0x00afc4e0	backend_basetype	005ba6d7	override	backend_dataflow.slot_067	backend_basetype2__vslot_067	0.90
0x00b0b784	backend_basetype2	backend_dataflow@0x00b0e82c	0x00b0af54	68	0	007353e2	FUN_007353e2	0x00afc4e0	backend_basetype	005ba6e0	override	backend_dataflow.slot_068	backend_basetype2__vslot_068	0.90
0x00b0b784	backend_basetype2	backend_dataflow@0x00b0e82c	0x00b0af54	69	0	0073542d	FUN_0073542d	0x00afc4e0	backend_basetype	005ba6ea	override	backend_dataflow.slot_069	backend_basetype2__vslot_069	0.90
0x00b0b784	backend_basetype2	backend_dataflow@0x00b0e82c	0x00b0af54	70	0	00734c37	FUN_00734c37	0x00afc4e0	backend_basetype	005ba6f4	override	backend_dataflow.slot_070	backend_basetype2__vslot_070	0.90
0x00b0b784	backend_basetype2	backend_dataflow@0x00b0e82c	0x00b0af54	71	0	00734c40	FUN_00734c40	0x00afc4e0	backend_basetype	005ba6fd	override	backend_dataflow.slot_071	backend_basetype2__vslot_071	0.90
0x00b0b784	backend_basetype2	backend_dataflow@0x00b0e82c	0x00b0af54	72	0	007354ed	FUN_007354ed	0x00afc4e0	backend_basetype	005ba706	override	backend_dataflow.slot_072	backend_basetype2__vslot_072	0.90
0x00b0b784	backend_basetype2	backend_dataflow@0x00b0e82c	0x00b0af54	73	0	00734c49	FUN_00734c49	0x00afc4e0	backend_basetype	005ba70f	override	backend_dataflow.slot_073	backend_basetype2__vslot_073	0.90
0x00b0b784	backend_basetype2	backend_dataflow@0x00b0e82c	0x00b0af54	74	0	00734c52	FUN_00734c52	0x00afc4e0	backend_basetype	005ba718	override	backend_dataflow.slot_074	backend_basetype2__vslot_074	0.90
0x00b0b784	backend_basetype2	backend_dataflow@0x00b0e82c	0x00b0af54	75	0	00734c57	FUN_00734c57	0x00afc4e0	backend_basetype	005ba71d	override	backend_dataflow.slot_075	backend_basetype2__vslot_075	0.90
0x00b0b784	backend_basetype2	backend_dataflow@0x00b0e82c	0x00b0af54	76	0	00734c5c	FUN_00734c5c	0x00afc4e0	backend_basetype	005ba722	override	backend_dataflow.slot_076	backend_basetype2__vslot_076	0.90
0x00b0b784	backend_basetype2	backend_dataflow@0x00b0e82c	0x00b0af54	77	0	007355be	FUN_007355be	0x00afc4e0	backend_basetype	005ba727	override	backend_dataflow.slot_077	backend_basetype2__vslot_077	0.90
0x00b0b784	backend_basetype2	backend_dataflow@0x00b0e82c	0x00b0af54	78	0	00734c61	FUN_00734c61	0x00afc4e0	backend_basetype	005ba731	override	backend_dataflow.slot_078	backend_basetype2__vslot_078	0.90
0x00b0b784	backend_basetype2	backend_dataflow@0x00b0e82c	0x00b0af54	79	0	00734c6f	FUN_00734c6f	0x00afc4e0	backend_basetype	005ba73f	override	backend_dataflow.slot_079	backend_basetype2__vslot_079	0.90
0x00b0b784	backend_basetype2	backend_dataflow@0x00b0e82c	0x00b0af54	80	0	00734c78	FUN_00734c78	0x00afc4e0	backend_basetype	005ba748	override	backend_dataflow.slot_080	backend_basetype2__vslot_080	0.90
0x00b0b784	backend_basetype2	backend_dataflow@0x00b0e82c	0x00b0af54	81	0	00734c88	FUN_00734c88	0x00afc4e0	backend_basetype	005ba758	override	backend_dataflow.slot_081	backend_basetype2__vslot_081	0.90
0x00b0b784	backend_basetype2	backend_dataflow@0x00b0e82c	0x00b0af54	82	0	005bcf2f	FUN_005bcf2f	0x00afc4e0	backend_basetype	005bcf2f	inherited	backend_dataflow.slot_082	backend_basetype2__vslot_082	0.93
0x00b0b784	backend_basetype2	backend_dataflow@0x00b0e82c	0x00b0af54	83	0	00734c92	FUN_00734c92	0x00afc4e0	backend_basetype	005ba762	override	backend_dataflow.slot_083	backend_basetype2__vslot_083	0.90
0x00b0b784	backend_basetype2	backend_dataflow@0x00b0e82c	0x00b0af54	84	0	00735743	FUN_00735743	0x00afc4e0	backend_basetype	005ba76b	override	backend_dataflow.slot_084	backend_basetype2__vslot_084	0.90
0x00b0b784	backend_basetype2	backend_dataflow@0x00b0e82c	0x00b0af54	85	0	0077f001	FUN_0077f001	0x00afc4e0	backend_basetype	0077f001	inherited	backend_dataflow.slot_085	backend_basetype2__vslot_085	0.93
0x00b0b784	backend_basetype2	backend_dataflow@0x00b0e82c	0x00b0af54	86	0	0077f05d	FUN_0077f05d	0x00afc4e0	backend_basetype	0077f05d	inherited	backend_dataflow.slot_086	backend_basetype2__vslot_086	0.93
0x00b0b784	backend_basetype2	backend_dataflow@0x00b0e82c	0x00b0af54	87	0	00734c9b	FUN_00734c9b	0x00afc4e0	backend_basetype	005ba770	override	backend_dataflow.slot_087	backend_basetype2__vslot_087	0.90
0x00b0b784	backend_basetype2	backend_dataflow@0x00b0e82c	0x00b0af54	88	0	00734ca4	FUN_00734ca4	0x00afc4e0	backend_basetype	005ba779	override	backend_dataflow.slot_088	backend_basetype2__vslot_088	0.90
0x00b0b784	backend_basetype2	backend_dataflow@0x00b0e82c	0x00b0af54	89	0	00734ca9	FUN_00734ca9	0x00afc4e0	backend_basetype	005ba77e	override	backend_dataflow.slot_089	backend_basetype2__vslot_089	0.90
0x00b0b784	backend_basetype2	backend_dataflow@0x00b0e82c	0x00b0af54	90	0	00734cae	FUN_00734cae	0x00afc4e0	backend_basetype	005ba783	override	backend_dataflow.slot_090	backend_basetype2__vslot_090	0.90
0x00b0b784	backend_basetype2	backend_dataflow@0x00b0e82c	0x00b0af54	91	0	005bdbcd	FUN_005bdbcd	0x00afc4e0	backend_basetype	005bdbcd	inherited	backend_dataflow.slot_091	backend_basetype2__vslot_091	0.93
0x00b0b784	backend_basetype2	backend_dataflow@0x00b0e82c	0x00b0af54	92	0	006cd518	FUN_006cd518	0x00afc4e0	backend_basetype	006cd518	inherited	backend_dataflow.slot_092	backend_basetype2__vslot_092	0.93
0x00b0b784	backend_basetype2	backend_dataflow@0x00b0e82c	0x00b0af54	93	0	00734cb8	FUN_00734cb8	0x00afc4e0	backend_basetype	005ba78d	override	backend_dataflow.slot_093	backend_basetype2__vslot_093	0.90
0x00b0b784	backend_basetype2	backend_dataflow@0x00b0e82c	0x00b0af54	94	0	006fc36e	FUN_006fc36e	0x00afc4e0	backend_basetype	006fc36e	inherited	backend_dataflow.slot_094	backend_basetype2__vslot_094	0.93
0x00b0b784	backend_basetype2	backend_dataflow@0x00b0e82c	0x00b0af54	95	0	006fc4f2	FUN_006fc4f2	0x00afc4e0	backend_basetype	006fc4f2	inherited	backend_dataflow.slot_095	backend_basetype2__vslot_095	0.93
0x00b0b784	backend_basetype2	backend_dataflow@0x00b0e82c	0x00b0af54	96	0	006c8f2b	FUN_006c8f2b	0x00afc4e0	backend_basetype	006c8f2b	inherited	backend_dataflow.slot_096	backend_basetype2__vslot_096	0.93
0x00b0b784	backend_basetype2	backend_dataflow@0x00b0e82c	0x00b0af54	97	0	007352a0	FUN_007352a0	0x00afc4e0	backend_basetype	005ba797	override	backend_dataflow.slot_097	backend_basetype2__vslot_097	0.90
0x00b0b784	backend_basetype2	backend_dataflow@0x00b0e82c	0x00b0af54	98	0	007352ea	FUN_007352ea	0x00afc4e0	backend_basetype	005ba7a5	override	backend_dataflow.slot_098	backend_basetype2__vslot_098	0.90
0x00b0b784	backend_basetype2	backend_dataflow@0x00b0e82c	0x00b0af54	99	0	00735341	FUN_00735341	0x00afc4e0	backend_basetype	005ba7b3	override	backend_dataflow.slot_099	backend_basetype2__vslot_099	0.90
0x00b0b784	backend_basetype2	backend_dataflow@0x00b0e82c	0x00b0af54	100	0	0073538b	FUN_0073538b	0x00afc4e0	backend_basetype	005ba7c1	override	backend_dataflow.slot_100	backend_basetype2__vslot_100	0.90
0x00b0b784	backend_basetype2	backend_dataflow@0x00b0e82c	0x00b0af54	101	0	00735612	FUN_00735612	0x00afc4e0	backend_basetype	005bd9df	override	backend_dataflow.slot_101	backend_basetype2__vslot_101	0.90
0x00b0b784	backend_basetype2	backend_dataflow@0x00b0e82c	0x00b0af54	102	0	0073561b	FUN_0073561b	0x00afc4e0	backend_basetype	005bd9e8	override	backend_dataflow.slot_102	backend_basetype2__vslot_102	0.90
0x00b0b784	backend_basetype2	backend_dataflow@0x00b0e82c	0x00b0af54	103	0	00734cc2	FUN_00734cc2	0x00afc4e0	backend_basetype	005ba7cf	override	backend_dataflow.slot_103	backend_basetype2__vslot_103	0.90
0x00b0b784	backend_basetype2	backend_dataflow@0x00b0e82c	0x00b0af54	104	0	00734cd1	FUN_00734cd1	0x00afc4e0	backend_basetype	005ba7de	override	backend_dataflow.slot_104	backend_basetype2__vslot_104	0.90
0x00b0b784	backend_basetype2	backend_dataflow@0x00b0e82c	0x00b0af54	105	0	00734cdb	FUN_00734cdb	0x00afc4e0	backend_basetype	005ba7e8	override	backend_dataflow.slot_105	backend_basetype2__vslot_105	0.90
0x00b0b784	backend_basetype2	backend_dataflow@0x00b0e82c	0x00b0af54	106	0	00734d45	FUN_00734d45	0x00afc4e0	backend_basetype	005ba852	override	backend_dataflow.slot_106	backend_basetype2__vslot_106	0.90
0x00b0b784	backend_basetype2	backend_dataflow@0x00b0e82c	0x00b0af54	107	0	00734d53	FUN_00734d53	0x00afc4e0	backend_basetype	005ba860	override	backend_dataflow.slot_107	backend_basetype2__vslot_107	0.90
0x00b0b784	backend_basetype2	backend_dataflow@0x00b0e82c	0x00b0af54	108	0	00734d61	FUN_00734d61	0x00afc4e0	backend_basetype	005ba86e	override	backend_dataflow.slot_108	backend_basetype2__vslot_108	0.90
0x00b0b784	backend_basetype2	backend_dataflow@0x00b0e82c	0x00b0af54	109	0	00734d6f	FUN_00734d6f	0x00afc4e0	backend_basetype	005ba87c	override	backend_dataflow.slot_109	backend_basetype2__vslot_109	0.90
0x00b0b784	backend_basetype2	backend_dataflow@0x00b0e82c	0x00b0af54	110	0	005bcb18	FUN_005bcb18	0x00afc4e0	backend_basetype	005bcb18	inherited	backend_dataflow.slot_110	backend_basetype2__vslot_110	0.93
0x00b0b784	backend_basetype2	backend_dataflow@0x00b0e82c	0x00b0af54	111	0	005bcb51	FUN_005bcb51	0x00afc4e0	backend_basetype	005bcb51	inherited	backend_dataflow.slot_111	backend_basetype2__vslot_111	0.93
0x00b0b784	backend_basetype2	backend_dataflow@0x00b0e82c	0x00b0af54	112	0	005bdbaa	FUN_005bdbaa	0x00afc4e0	backend_basetype	005bdbaa	inherited	backend_dataflow.slot_112	backend_basetype2__vslot_112	0.93
0x00b0b784	backend_basetype2	backend_dataflow@0x00b0e82c	0x00b0af54	113	0	00739d9d	FUN_00739d9d	0x00afc4e0	backend_basetype	00739d9d	inherited	backend_dataflow.slot_113	backend_basetype2__vslot_113	0.93
0x00b0b784	backend_basetype2	backend_dataflow@0x00b0e82c	0x00b0af54	114	0	005bcb13	FUN_005bcb13	0x00afc4e0	backend_basetype	005bcb13	inherited	backend_dataflow.slot_114	backend_basetype2__vslot_114	0.93
0x00b0b784	backend_basetype2	backend_dataflow@0x00b0e82c	0x00b0af54	115	0	005bccd3	FUN_005bccd3	0x00afc4e0	backend_basetype	005bccd3	inherited	backend_dataflow.slot_115	backend_basetype2__vslot_115	0.93
0x00b0b784	backend_basetype2	backend_dataflow@0x00b0e82c	0x00b0af54	116	0	005bcb0a	FUN_005bcb0a	0x00afc4e0	backend_basetype	005bcb0a	inherited	backend_dataflow.slot_116	backend_basetype2__vslot_116	0.93
0x00b0b784	backend_basetype2	backend_dataflow@0x00b0e82c	0x00b0af54	117	0	00734d7d	FUN_00734d7d	0x00afc4e0	backend_basetype	005ba88a	override	backend_dataflow.slot_117	backend_basetype2__vslot_117	0.90
0x00b0b784	backend_basetype2	backend_dataflow@0x00b0e82c	0x00b0af54	118	0	005bccd8	FUN_005bccd8	0x00afc4e0	backend_basetype	005bccd8	inherited	backend_dataflow.slot_118	backend_basetype2__vslot_118	0.93
0x00b0b784	backend_basetype2	backend_dataflow@0x00b0e82c	0x00b0af54	119	0	005bcce1	FUN_005bcce1	0x00afc4e0	backend_basetype	005bcce1	inherited	backend_dataflow.slot_119	backend_basetype2__vslot_119	0.93
0x00b0b784	backend_basetype2	backend_dataflow@0x00b0e82c	0x00b0af54	120	0	00735098	FUN_00735098	0x00afc4e0	backend_basetype	005ba893	override	backend_dataflow.slot_120	backend_basetype2__vslot_120	0.90
0x00b0b784	backend_basetype2	backend_dataflow@0x00b0e82c	0x00b0af54	121	0	007350d0	FUN_007350d0	0x00afc4e0	backend_basetype	005ba89c	override	backend_dataflow.slot_121	backend_basetype2__vslot_121	0.90
0x00b0b784	backend_basetype2	backend_dataflow@0x00b0e82c	0x00b0af54	122	0	00734d86	FUN_00734d86	0x00afc4e0	backend_basetype	005ba8a5	override	backend_dataflow.slot_122	backend_basetype2__vslot_122	0.90
0x00b0b784	backend_basetype2	backend_dataflow@0x00b0e82c	0x00b0af54	123	0	00734d8f	FUN_00734d8f	0x00afc4e0	backend_basetype	005ba8ae	override	backend_dataflow.slot_123	backend_basetype2__vslot_123	0.90
0x00b0b784	backend_basetype2	backend_dataflow@0x00b0e82c	0x00b0af54	124	0	00734d98	FUN_00734d98	0x00afc4e0	backend_basetype	005ba8b7	override	backend_dataflow.slot_124	backend_basetype2__vslot_124	0.90
0x00b0b784	backend_basetype2	backend_dataflow@0x00b0e82c	0x00b0af54	125	0	00734da1	FUN_00734da1	0x00afc4e0	backend_basetype	005ba8c0	override	backend_dataflow.slot_125	backend_basetype2__vslot_125	0.90
0x00b0b784	backend_basetype2	backend_dataflow@0x00b0e82c	0x00b0af54	126	0	00734daa	FUN_00734daa	0x00afc4e0	backend_basetype	005ba8c9	override	backend_dataflow.slot_126	backend_basetype2__vslot_126	0.90
0x00b0b784	backend_basetype2	backend_dataflow@0x00b0e82c	0x00b0af54	127	0	005bde20	FUN_005bde20	0x00afc4e0	backend_basetype	005bde20	inherited	backend_dataflow.slot_127	backend_basetype2__vslot_127	0.93
0x00b0b784	backend_basetype2	backend_dataflow@0x00b0e82c	0x00b0af54	128	0	00734db3	FUN_00734db3	0x00afc4e0	backend_basetype	005ba8d2	override	backend_dataflow.slot_128	backend_basetype2__vslot_128	0.90
0x00b0b784	backend_basetype2	backend_dataflow@0x00b0e82c	0x00b0af54	129	0	00734e16	FUN_00734e16	0x00afc4e0	backend_basetype	005ba935	override	backend_dataflow.slot_129	backend_basetype2__vslot_129	0.90
0x00b0b784	backend_basetype2	backend_dataflow@0x00b0e82c	0x00b0af54	130	0	005bccea	FUN_005bccea	0x00afc4e0	backend_basetype	005bccea	inherited	backend_dataflow.slot_130	backend_basetype2__vslot_130	0.93
0x00b0b784	backend_basetype2	backend_dataflow@0x00b0e82c	0x00b0af54	131	0	005bce00	FUN_005bce00	0x00afc4e0	backend_basetype	005bce00	inherited	backend_dataflow.slot_131	backend_basetype2__vslot_131	0.93
0x00b0b784	backend_basetype2	backend_dataflow@0x00b0e82c	0x00b0af54	132	0	00734e1b	FUN_00734e1b	0x00afc4e0	backend_basetype	005ba93a	override	backend_dataflow.slot_132	backend_basetype2__vslot_132	0.90
0x00b0b784	backend_basetype2	backend_dataflow@0x00b0e82c	0x00b0af54	133	0	005bce2d	FUN_005bce2d	0x00afc4e0	backend_basetype	005bce2d	inherited	backend_dataflow.slot_133	backend_basetype2__vslot_133	0.93
0x00b0b784	backend_basetype2	backend_dataflow@0x00b0e82c	0x00b0af54	134	0	005bce7d	FUN_005bce7d	0x00afc4e0	backend_basetype	005bce7d	inherited	backend_dataflow.slot_134	backend_basetype2__vslot_134	0.93
0x00b0b784	backend_basetype2	backend_dataflow@0x00b0e82c	0x00b0af54	135	0	005bceca	FUN_005bceca	0x00afc4e0	backend_basetype	005bceca	inherited	backend_dataflow.slot_135	backend_basetype2__vslot_135	0.93
0x00b0b784	backend_basetype2	backend_dataflow@0x00b0e82c	0x00b0af54	136	0	005bcecf	FUN_005bcecf	0x00afc4e0	backend_basetype	005bcecf	inherited	backend_dataflow.slot_136	backend_basetype2__vslot_136	0.93
0x00b0b784	backend_basetype2	backend_dataflow@0x00b0e82c	0x00b0af54	137	0	005bcef3	FUN_005bcef3	0x00afc4e0	backend_basetype	005bcef3	inherited	backend_dataflow.slot_137	backend_basetype2__vslot_137	0.93
0x00b0b784	backend_basetype2	backend_dataflow@0x00b0e82c	0x00b0af54	138	0	00734e24	FUN_00734e24	0x00afc4e0	backend_basetype	005ba943	override	backend_dataflow.slot_138	backend_basetype2__vslot_138	0.90
0x00b0b784	backend_basetype2	backend_dataflow@0x00b0e82c	0x00b0af54	139	0	005bd353	FUN_005bd353	0x00afc4e0	backend_basetype	005bd353	inherited	backend_dataflow.slot_139	backend_basetype2__vslot_139	0.93
0x00b0b784	backend_basetype2	backend_dataflow@0x00b0e82c	0x00b0af54	140	0	00734e2d	FUN_00734e2d	0x00afc4e0	backend_basetype	005ba94c	override	backend_dataflow.slot_140	backend_basetype2__vslot_140	0.90
0x00b0b784	backend_basetype2	backend_dataflow@0x00b0e82c	0x00b0af54	141	0	00734e32	FUN_00734e32	0x00afc4e0	backend_basetype	005ba951	override	backend_dataflow.slot_141	backend_basetype2__vslot_141	0.90
0x00b0b784	backend_basetype2	backend_dataflow@0x00b0e82c	0x00b0af54	142	0	00734e37	FUN_00734e37	0x00afc4e0	backend_basetype	005ba956	override	backend_dataflow.slot_142	backend_basetype2__vslot_142	0.90
0x00b0b784	backend_basetype2	backend_dataflow@0x00b0e82c	0x00b0af54	143	0	00734e3c	FUN_00734e3c	0x00afc4e0	backend_basetype	005ba95b	override	backend_dataflow.slot_143	backend_basetype2__vslot_143	0.90
0x00b0b784	backend_basetype2	backend_dataflow@0x00b0e82c	0x00b0af54	144	0	00734e41	FUN_00734e41	0x00afc4e0	backend_basetype	005ba960	override	backend_dataflow.slot_144	backend_basetype2__vslot_144	0.90
0x00b0b784	backend_basetype2	backend_dataflow@0x00b0e82c	0x00b0af54	145	0	00734e46	FUN_00734e46	0x00afc4e0	backend_basetype	005ba965	override	backend_dataflow.slot_145	backend_basetype2__vslot_145	0.90
0x00b0b784	backend_basetype2	backend_dataflow@0x00b0e82c	0x00b0af54	146	0	00734e55	FUN_00734e55	0x00afc4e0	backend_basetype	005ba974	override	backend_dataflow.slot_146	backend_basetype2__vslot_146	0.90
0x00b0b784	backend_basetype2	backend_dataflow@0x00b0e82c	0x00b0af54	147	0	00734e5a	FUN_00734e5a	0x00afc4e0	backend_basetype	005ba979	override	backend_dataflow.slot_147	backend_basetype2__vslot_147	0.90
0x00b0b784	backend_basetype2	backend_dataflow@0x00b0e82c	0x00b0af54	148	0	00734e5f	FUN_00734e5f	0x00afc4e0	backend_basetype	005ba97e	override	backend_dataflow.slot_148	backend_basetype2__vslot_148	0.90
0x00b0b784	backend_basetype2	backend_dataflow@0x00b0e82c	0x00b0af54	149	0	0073bd67	FUN_0073bd67	0x00afc4e0	backend_basetype	0073bd67	inherited	backend_dataflow.slot_149	backend_basetype2__vslot_149	0.93
0x00b0b784	backend_basetype2	backend_dataflow@0x00b0e82c	0x00b0af54	150	0	0073befc	FUN_0073befc	0x00afc4e0	backend_basetype	0073befc	inherited	backend_dataflow.slot_150	backend_basetype2__vslot_150	0.93
0x00b0b784	backend_basetype2	backend_dataflow@0x00b0e82c	0x00b0af54	151	0	0073c694	FUN_0073c694	0x00afc4e0	backend_basetype	0073c694	inherited	backend_dataflow.slot_151	backend_basetype2__vslot_151	0.93
0x00b0b784	backend_basetype2	backend_dataflow@0x00b0e82c	0x00b0af54	152	0	00734e69	FUN_00734e69	0x00afc4e0	backend_basetype	005ba988	override	backend_dataflow.slot_152	backend_basetype2__vslot_152	0.90
0x00b0b784	backend_basetype2	backend_dataflow@0x00b0e82c	0x00b0af54	153	0	00734e72	FUN_00734e72	0x00afc4e0	backend_basetype	005ba991	override	backend_dataflow.slot_153	backend_basetype2__vslot_153	0.90
0x00b0b784	backend_basetype2	backend_dataflow@0x00b0e82c	0x00b0af54	154	0	00734e7c	FUN_00734e7c	0x00afc4e0	backend_basetype	005ba99b	override	backend_dataflow.slot_154	backend_basetype2__vslot_154	0.90
0x00b0b784	backend_basetype2	backend_dataflow@0x00b0e82c	0x00b0af54	155	0	0073e08f	FUN_0073e08f	0x00afc4e0	backend_basetype	0073e08f	inherited	backend_dataflow.slot_155	backend_basetype2__vslot_155	0.93
0x00b0b784	backend_basetype2	backend_dataflow@0x00b0e82c	0x00b0af54	156	0	0073ef61	FUN_0073ef61	0x00afc4e0	backend_basetype	0073ef61	inherited	backend_dataflow.slot_156	backend_basetype2__vslot_156	0.93
0x00b0b784	backend_basetype2	backend_dataflow@0x00b0e82c	0x00b0af54	157	0	0073f585	FUN_0073f585	0x00afc4e0	backend_basetype	0073f585	inherited	backend_dataflow.slot_157	backend_basetype2__vslot_157	0.93
0x00b0b784	backend_basetype2	backend_dataflow@0x00b0e82c	0x00b0af54	158	0	0073ea02	FUN_0073ea02	0x00afc4e0	backend_basetype	0073ea02	inherited	backend_dataflow.slot_158	backend_basetype2__vslot_158	0.93
0x00b0b784	backend_basetype2	backend_dataflow@0x00b0e82c	0x00b0af54	159	0	00734e86	FUN_00734e86	0x00afc4e0	backend_basetype	005ba9a5	override	backend_dataflow.slot_159	backend_basetype2__vslot_159	0.90
0x00b0b784	backend_basetype2	backend_dataflow@0x00b0e82c	0x00b0af54	160	0	00734e90	FUN_00734e90	0x00afc4e0	backend_basetype	005ba9af	override	backend_dataflow.slot_160	backend_basetype2__vslot_160	0.90
0x00b0b784	backend_basetype2	backend_dataflow@0x00b0e82c	0x00b0af54	161	0	00734e9a	FUN_00734e9a	0x00afc4e0	backend_basetype	005ba9b9	override	backend_dataflow.slot_161	backend_basetype2__vslot_161	0.90
0x00b0b784	backend_basetype2	backend_dataflow@0x00b0e82c	0x00b0af54	162	0	00734e9f	FUN_00734e9f	0x00afc4e0	backend_basetype	005ba9be	override	backend_dataflow.slot_162	backend_basetype2__vslot_162	0.90
0x00b0b784	backend_basetype2	backend_dataflow@0x00b0e82c	0x00b0af54	163	0	00734ea4	FUN_00734ea4	0x00afc4e0	backend_basetype	005ba9c3	override	backend_dataflow.slot_163	backend_basetype2__vslot_163	0.90
0x00b0b784	backend_basetype2	backend_dataflow@0x00b0e82c	0x00b0af54	164	0	00734ea9	FUN_00734ea9	0x00afc4e0	backend_basetype	005ba9c8	override	backend_dataflow.slot_164	backend_basetype2__vslot_164	0.90
0x00b0b784	backend_basetype2	backend_dataflow@0x00b0e82c	0x00b0af54	165	0	005bd358	FUN_005bd358	0x00afc4e0	backend_basetype	005bd358	inherited	backend_dataflow.slot_165	backend_basetype2__vslot_165	0.93
0x00b0b784	backend_basetype2	backend_dataflow@0x00b0e82c	0x00b0af54	166	0	005bd6a3	FUN_005bd6a3	0x00afc4e0	backend_basetype	005bd6a3	inherited	backend_dataflow.slot_166	backend_basetype2__vslot_166	0.93
0x00b0b784	backend_basetype2	backend_dataflow@0x00b0e82c	0x00b0af54	167	0	005bd73a	FUN_005bd73a	0x00afc4e0	backend_basetype	005bd73a	inherited	backend_dataflow.slot_167	backend_basetype2__vslot_167	0.93
0x00b0b784	backend_basetype2	backend_dataflow@0x00b0e82c	0x00b0af54	168	0	005bd82a	FUN_005bd82a	0x00afc4e0	backend_basetype	005bd82a	inherited	backend_dataflow.slot_168	backend_basetype2__vslot_168	0.93
0x00b0b784	backend_basetype2	backend_dataflow@0x00b0e82c	0x00b0af54	169	0	007351e2	FUN_007351e2	0x00afc4e0	backend_basetype	005bca1d	override	backend_dataflow.slot_169	backend_basetype2__vslot_169	0.90
0x00b0b784	backend_basetype2	backend_dataflow@0x00b0e82c	0x00b0af54	170	0	0073522e	FUN_0073522e	0x00afc4e0	backend_basetype	005bca2c	override	backend_dataflow.slot_170	backend_basetype2__vslot_170	0.90
0x00b0b784	backend_basetype2	backend_dataflow@0x00b0e82c	0x00b0af54	171	0	00735254	FUN_00735254	0x00afc4e0	backend_basetype	005bca3b	override	backend_dataflow.slot_171	backend_basetype2__vslot_171	0.90
0x00b0b784	backend_basetype2	backend_dataflow@0x00b0e82c	0x00b0af54	172	0	0073527a	FUN_0073527a	0x00afc4e0	backend_basetype	005bca4a	override	backend_dataflow.slot_172	backend_basetype2__vslot_172	0.90
0x00b0b784	backend_basetype2	backend_dataflow@0x00b0e82c	0x00b0af54	173	0	005bd393	FUN_005bd393	0x00afc4e0	backend_basetype	005bd393	inherited	backend_dataflow.slot_173	backend_basetype2__vslot_173	0.93
0x00b0b784	backend_basetype2	backend_dataflow@0x00b0e82c	0x00b0af54	174	0	005bd398	FUN_005bd398	0x00afc4e0	backend_basetype	005bd398	inherited	backend_dataflow.slot_174	backend_basetype2__vslot_174	0.93
0x00b0b784	backend_basetype2	backend_dataflow@0x00b0e82c	0x00b0af54	175	0	005bd3a0	FUN_005bd3a0	0x00afc4e0	backend_basetype	005bd3a0	inherited	backend_dataflow.slot_175	backend_basetype2__vslot_175	0.93
0x00b0b784	backend_basetype2	backend_dataflow@0x00b0e82c	0x00b0af54	176	0	005bd3a9	FUN_005bd3a9	0x00afc4e0	backend_basetype	005bd3a9	inherited	backend_dataflow.slot_176	backend_basetype2__vslot_176	0.93
0x00b0b784	backend_basetype2	backend_dataflow@0x00b0e82c	0x00b0af54	177	0	005bd3b2	FUN_005bd3b2	0x00afc4e0	backend_basetype	005bd3b2	inherited	backend_dataflow.slot_177	backend_basetype2__vslot_177	0.93
0x00b0b784	backend_basetype2	backend_dataflow@0x00b0e82c	0x00b0af54	178	0	005bd3bb	FUN_005bd3bb	0x00afc4e0	backend_basetype	005bd3bb	inherited	backend_dataflow.slot_178	backend_basetype2__vslot_178	0.93
0x00b0b784	backend_basetype2	backend_dataflow@0x00b0e82c	0x00b0af54	179	0	005bd3c5	FUN_005bd3c5	0x00afc4e0	backend_basetype	005bd3c5	inherited	backend_dataflow.slot_179	backend_basetype2__vslot_179	0.93
0x00b0b784	backend_basetype2	backend_dataflow@0x00b0e82c	0x00b0af54	180	0	005bd3ca	FUN_005bd3ca	0x00afc4e0	backend_basetype	005bd3ca	inherited	backend_dataflow.slot_180	backend_basetype2__vslot_180	0.93
0x00b0b784	backend_basetype2	backend_dataflow@0x00b0e82c	0x00b0af54	181	0	005bd3cf	FUN_005bd3cf	0x00afc4e0	backend_basetype	005bd3cf	inherited	backend_dataflow.slot_181	backend_basetype2__vslot_181	0.93
0x00b0b784	backend_basetype2	backend_dataflow@0x00b0e82c	0x00b0af54	182	0	00734eb3	FUN_00734eb3	0x00afc4e0	backend_basetype	005ba9d2	override	backend_dataflow.slot_182	backend_basetype2__vslot_182	0.90
0x00b0b784	backend_basetype2	backend_dataflow@0x00b0e82c	0x00b0af54	183	0	005bd3d8	FUN_005bd3d8	0x00afc4e0	backend_basetype	005bd3d8	inherited	backend_dataflow.slot_183	backend_basetype2__vslot_183	0.93
0x00b0b784	backend_basetype2	backend_dataflow@0x00b0e82c	0x00b0af54	184	0	005bd3dd	FUN_005bd3dd	0x00afc4e0	backend_basetype	005bd3dd	inherited	backend_dataflow.slot_184	backend_basetype2__vslot_184	0.93
0x00b0b784	backend_basetype2	backend_dataflow@0x00b0e82c	0x00b0af54	185	0	005bd3e7	FUN_005bd3e7	0x00afc4e0	backend_basetype	005bd3e7	inherited	backend_dataflow.slot_185	backend_basetype2__vslot_185	0.93
0x00b0b784	backend_basetype2	backend_dataflow@0x00b0e82c	0x00b0af54	186	0	005bd65c	FUN_005bd65c	0x00afc4e0	backend_basetype	005bd65c	inherited	backend_dataflow.slot_186	backend_basetype2__vslot_186	0.93
0x00b0b784	backend_basetype2	backend_dataflow@0x00b0e82c	0x00b0af54	187	0	00734eb8	FUN_00734eb8	0x00afc4e0	backend_basetype	005ba9d7	override	backend_dataflow.slot_187	backend_basetype2__vslot_187	0.90
0x00b0b784	backend_basetype2	backend_dataflow@0x00b0e82c	0x00b0af54	188	0	00734ebd	FUN_00734ebd	0x00afc4e0	backend_basetype	005ba9dc	override	backend_dataflow.slot_188	backend_basetype2__vslot_188	0.90
0x00b0b784	backend_basetype2	backend_dataflow@0x00b0e82c	0x00b0af54	189	0	00734ec7	FUN_00734ec7	0x00afc4e0	backend_basetype	005ba9e6	override	backend_dataflow.slot_189	backend_basetype2__vslot_189	0.90
0x00b0b784	backend_basetype2	backend_dataflow@0x00b0e82c	0x00b0af54	190	0	00734ecc	FUN_00734ecc	0x00afc4e0	backend_basetype	005ba9eb	override	backend_dataflow.slot_190	backend_basetype2__vslot_190	0.90
0x00b0b784	backend_basetype2	backend_dataflow@0x00b0e82c	0x00b0af54	191	0	00734ed4	FUN_00734ed4	0x00afc4e0	backend_basetype	005ba9f3	override	backend_dataflow.slot_191	backend_basetype2__vslot_191	0.90
0x00b0b784	backend_basetype2	backend_dataflow@0x00b0e82c	0x00b0af54	192	0	00734edd	FUN_00734edd	0x00afc4e0	backend_basetype	005ba9fc	override	backend_dataflow.slot_192	backend_basetype2__vslot_192	0.90
0x00b0b784	backend_basetype2	backend_dataflow@0x00b0e82c	0x00b0af54	193	0	00734ee6	FUN_00734ee6	0x00afc4e0	backend_basetype	005baa05	override	backend_dataflow.slot_193	backend_basetype2__vslot_193	0.90
0x00b0b784	backend_basetype2	backend_dataflow@0x00b0e82c	0x00b0af54	194	0	005bd89d	FUN_005bd89d	0x00afc4e0	backend_basetype	005bd89d	inherited	backend_dataflow.slot_194	backend_basetype2__vslot_194	0.93
0x00b0b784	backend_basetype2	backend_dataflow@0x00b0e82c	0x00b0af54	195	0	00734eef	FUN_00734eef	0x00afc4e0	backend_basetype	005baa0e	override	backend_dataflow.slot_195	backend_basetype2__vslot_195	0.90
0x00b0b784	backend_basetype2	backend_dataflow@0x00b0e82c	0x00b0af54	196	0	005bd972	FUN_005bd972	0x00afc4e0	backend_basetype	005bd972	inherited	backend_dataflow.slot_196	backend_basetype2__vslot_196	0.93
0x00b0b784	backend_basetype2	backend_dataflow@0x00b0e82c	0x00b0af54	197	0	005bd9f1	FUN_005bd9f1	0x00afc4e0	backend_basetype	005bd9f1	inherited	backend_dataflow.slot_197	backend_basetype2__vslot_197	0.93
0x00b0b784	backend_basetype2	backend_dataflow@0x00b0e82c	0x00b0af54	198	0	00734ef9	FUN_00734ef9	0x00afc4e0	backend_basetype	005baa18	override	backend_dataflow.slot_198	backend_basetype2__vslot_198	0.90
0x00b0b784	backend_basetype2	backend_dataflow@0x00b0e82c	0x00b0af54	199	0	005bda6a	FUN_005bda6a	0x00afc4e0	backend_basetype	005bda6a	inherited	backend_dataflow.slot_199	backend_basetype2__vslot_199	0.93
0x00b0b784	backend_basetype2	backend_dataflow@0x00b0e82c	0x00b0af54	200	0	00734f02	FUN_00734f02	0x00afc4e0	backend_basetype	005baa21	override	backend_dataflow.slot_200	backend_basetype2__vslot_200	0.90
0x00b0b784	backend_basetype2	backend_dataflow@0x00b0e82c	0x00b0af54	201	0	00734f0e	FUN_00734f0e	0x00afc4e0	backend_basetype	005baa2d	override	backend_dataflow.slot_201	backend_basetype2__vslot_201	0.90
0x00b0b784	backend_basetype2	backend_dataflow@0x00b0e82c	0x00b0af54	202	0	00734f17	FUN_00734f17	0x00afc4e0	backend_basetype	005baa36	override	backend_dataflow.slot_202	backend_basetype2__vslot_202	0.90
0x00b0b784	backend_basetype2	backend_dataflow@0x00b0e82c	0x00b0af54	203	0	00734f21	FUN_00734f21	0x00afc4e0	backend_basetype	005baa40	override	backend_dataflow.slot_203	backend_basetype2__vslot_203	0.90
0x00b0b784	backend_basetype2	backend_dataflow@0x00b0e82c	0x00b0af54	204	0	00734f2b	FUN_00734f2b	0x00afc4e0	backend_basetype	005baa4a	override	backend_dataflow.slot_204	backend_basetype2__vslot_204	0.90
0x00b0b784	backend_basetype2	backend_dataflow@0x00b0e82c	0x00b0af54	205	0	00734f30	FUN_00734f30	0x00afc4e0	backend_basetype	005baa4f	override	backend_dataflow.slot_205	backend_basetype2__vslot_205	0.90
0x00b0b784	backend_basetype2	backend_dataflow@0x00b0e82c	0x00b0af54	206	0	005bd98d	FUN_005bd98d	0x00afc4e0	backend_basetype	005bd98d	inherited	backend_dataflow.slot_206	backend_basetype2__vslot_206	0.93
0x00b0b784	backend_basetype2	backend_dataflow@0x00b0e82c	0x00b0af54	207	0	00734f35	FUN_00734f35	0x00afc4e0	backend_basetype	005baa54	override	backend_dataflow.slot_207	backend_basetype2__vslot_207	0.90
0x00b0b784	backend_basetype2	backend_dataflow@0x00b0e82c	0x00b0af54	208	0	00734f3a	FUN_00734f3a	0x00afc4e0	backend_basetype	005baa59	override	backend_dataflow.slot_208	backend_basetype2__vslot_208	0.90
0x00b0b784	backend_basetype2	backend_dataflow@0x00b0e82c	0x00b0af54	209	0	00734f43	FUN_00734f43	0x00afc4e0	backend_basetype	005baa62	override	backend_dataflow.slot_209	backend_basetype2__vslot_209	0.90
0x00b0b784	backend_basetype2	backend_dataflow@0x00b0e82c	0x00b0af54	210	0	005bdb08	FUN_005bdb08	0x00afc4e0	backend_basetype	005bdb08	inherited	backend_dataflow.slot_210	backend_basetype2__vslot_210	0.93
0x00b0b784	backend_basetype2	backend_dataflow@0x00b0e82c	0x00b0af54	211	0	00734f4c	FUN_00734f4c	0x00afc4e0	backend_basetype	005baa6b	override	backend_dataflow.slot_211	backend_basetype2__vslot_211	0.90
0x00b0b784	backend_basetype2	backend_dataflow@0x00b0e82c	0x00b0af54	212	0	004e2d50	FUN_004e2d50	0x00afc4e0	backend_basetype	004e2d50	inherited	backend_dataflow.slot_212	backend_basetype2__vslot_212	0.93
0x00b0b784	backend_basetype2	backend_dataflow@0x00b0e82c	0x00b0af54	213	0	00734f56	FUN_00734f56	0x00afc4e0	backend_basetype	005baa75	override	backend_dataflow.slot_213	backend_basetype2__vslot_213	0.90
0x00b0b784	backend_basetype2	backend_dataflow@0x00b0e82c	0x00b0af54	214	0	00734f5b	FUN_00734f5b	0x00afc4e0	backend_basetype	005baa7a	override	backend_dataflow.slot_214	backend_basetype2__vslot_214	0.90
0x00b0b784	backend_basetype2	backend_dataflow@0x00b0e82c	0x00b0af54	215	0	00734f64	FUN_00734f64	0x00afc4e0	backend_basetype	005baa83	override	backend_dataflow.slot_215	backend_basetype2__vslot_215	0.90
0x00b0b784	backend_basetype2	backend_dataflow@0x00b0e82c	0x00b0af54	216	0	005bdd08	FUN_005bdd08	0x00afc4e0	backend_basetype	005bdd08	inherited	backend_dataflow.slot_216	backend_basetype2__vslot_216	0.93
0x00b0b784	backend_basetype2	backend_dataflow@0x00b0e82c	0x00b0af54	217	0	00734f69	FUN_00734f69	0x00afc4e0	backend_basetype	005baa88	override	backend_dataflow.slot_217	backend_basetype2__vslot_217	0.90
0x00b0b784	backend_basetype2	backend_dataflow@0x00b0e82c	0x00b0af54	218	0	00734f72	FUN_00734f72	0x00afc4e0	backend_basetype	005baa91	override	backend_dataflow.slot_218	backend_basetype2__vslot_218	0.90
0x00b0b784	backend_basetype2	backend_dataflow@0x00b0e82c	0x00b0af54	219	0	00734f7b	FUN_00734f7b	0x00afc4e0	backend_basetype	005baa9a	override	backend_dataflow.slot_219	backend_basetype2__vslot_219	0.90
0x00b0b784	backend_basetype2	backend_dataflow@0x00b0e82c	0x00b0af54	220	0	00734f84	FUN_00734f84	0x00afc4e0	backend_basetype	005baaa3	override	backend_dataflow.slot_220	backend_basetype2__vslot_220	0.90
0x00b0b784	backend_basetype2	backend_dataflow@0x00b0e82c	0x00b0af54	221	0	00734f8e	FUN_00734f8e	0x00afc4e0	backend_basetype	005baaad	override	backend_dataflow.slot_221	backend_basetype2__vslot_221	0.90
0x00b0b784	backend_basetype2	backend_dataflow@0x00b0e82c	0x00b0af54	222	0	00734f93	FUN_00734f93	0x00afc4e0	backend_basetype	005baab2	override	backend_dataflow.slot_222	backend_basetype2__vslot_222	0.90
0x00b0b784	backend_basetype2	backend_dataflow@0x00b0e82c	0x00b0af54	223	0	00734f9d	FUN_00734f9d	0x00afc4e0	backend_basetype	005baabc	override	backend_dataflow.slot_223	backend_basetype2__vslot_223	0.90
0x00b0b784	backend_basetype2	backend_dataflow@0x00b0e82c	0x00b0af54	224	0	00734fa7	FUN_00734fa7	0x00afc4e0	backend_basetype	005baac6	override	backend_dataflow.slot_224	backend_basetype2__vslot_224	0.90
0x00b0b784	backend_basetype2	backend_dataflow@0x00b0e82c	0x00b0af54	225	0	00734fb0	FUN_00734fb0	0x00afc4e0	backend_basetype	005baacf	override	backend_dataflow.slot_225	backend_basetype2__vslot_225	0.90
0x00b0b784	backend_basetype2	backend_dataflow@0x00b0e82c	0x00b0af54	226	0	00734fb5	FUN_00734fb5	0x00afc4e0	backend_basetype	005baad4	override	backend_dataflow.slot_226	backend_basetype2__vslot_226	0.90
0x00b0b784	backend_basetype2	backend_dataflow@0x00b0e82c	0x00b0af54	227	0	00734fba	FUN_00734fba	0x00afc4e0	backend_basetype	005baad9	override	backend_dataflow.slot_227	backend_basetype2__vslot_227	0.90
0x00b0b784	backend_basetype2	backend_dataflow@0x00b0e82c	0x00b0af54	228	0	00734fbf	FUN_00734fbf	0x00afc4e0	backend_basetype	005baade	override	backend_dataflow.slot_228	backend_basetype2__vslot_228	0.90
0x00b0b784	backend_basetype2	backend_dataflow@0x00b0e82c	0x00b0af54	229	0	0074249b	FUN_0074249b	0x00afc4e0	backend_basetype	0074249b	inherited	backend_dataflow.slot_229	backend_basetype2__vslot_229	0.93
0x00b0b784	backend_basetype2	backend_dataflow@0x00b0e82c	0x00b0af54	230	0	00734fc8	FUN_00734fc8	0x00afc4e0	backend_basetype	005baae7	override	backend_dataflow.slot_230	backend_basetype2__vslot_230	0.90
0x00b0b784	backend_basetype2	backend_dataflow@0x00b0e82c	0x00b0af54	231	0	00734fd1	FUN_00734fd1	0x00afc4e0	backend_basetype	005baaf0	override	backend_dataflow.slot_231	backend_basetype2__vslot_231	0.90
0x00b0b784	backend_basetype2	backend_dataflow@0x00b0e82c	0x00b0af54	232	0	00734fe0	FUN_00734fe0	0x00afc4e0	backend_basetype	005baaff	override	backend_dataflow.slot_232	backend_basetype2__vslot_232	0.90
0x00b0b784	backend_basetype2	backend_dataflow@0x00b0e82c	0x00b0af54	233	0	00734fe9	FUN_00734fe9	0x00afc4e0	backend_basetype	005bab08	override	backend_dataflow.slot_233	backend_basetype2__vslot_233	0.90
0x00b0b784	backend_basetype2	backend_dataflow@0x00b0e82c	0x00b0af54	234	0	005bdcc7	FUN_005bdcc7	0x00afc4e0	backend_basetype	005bdcc7	inherited	backend_dataflow.slot_234	backend_basetype2__vslot_234	0.93
0x00b0b784	backend_basetype2	backend_dataflow@0x00b0e82c	0x00b0af54	235	0	005bdcdc	FUN_005bdcdc	0x00afc4e0	backend_basetype	005bdcdc	inherited	backend_dataflow.slot_235	backend_basetype2__vslot_235	0.93
0x00b0b784	backend_basetype2	backend_dataflow@0x00b0e82c	0x00b0af54	236	0	0077ef6e	FUN_0077ef6e	0x00afc4e0	backend_basetype	005bab0d	override	backend_dataflow.slot_236	backend_basetype2__vslot_236	0.90
0x00b0b784	backend_basetype2	backend_dataflow@0x00b0e82c	0x00b0af54	237	0	0077efbe	FUN_0077efbe	0x00afc4e0	backend_basetype	005bab16	override	backend_dataflow.slot_237	backend_basetype2__vslot_237	0.90
0x00b0b784	backend_basetype2	backend_dataflow@0x00b0e82c	0x00b0af54	238	0	005bdbe6	FUN_005bdbe6	0x00afc4e0	backend_basetype	005bdbe6	inherited	backend_dataflow.slot_238	backend_basetype2__vslot_238	0.93
0x00b0b784	backend_basetype2	backend_dataflow@0x00b0e82c	0x00b0af54	239	0	00735673	FUN_00735673	0x00afc4e0	backend_basetype	005bab57	override	backend_dataflow.slot_239	backend_basetype2__vslot_239	0.90
0x00b0b784	backend_basetype2	backend_dataflow@0x00b0e82c	0x00b0af54	240	0	00735026	FUN_00735026	0x00afc4e0	backend_basetype	005bab60	override	backend_dataflow.slot_240	backend_basetype2__vslot_240	0.90
0x00b0b784	backend_basetype2	backend_dataflow@0x00b0e82c	0x00b0af54	241	0	005bde11	FUN_005bde11	0x00afc4e0	backend_basetype	005bde11	inherited	backend_dataflow.slot_241	backend_basetype2__vslot_241	0.93
0x00b0b784	backend_basetype2	backend_dataflow@0x00b0e82c	0x00b0af54	242	0	0073502b	FUN_0073502b	0x00afc4e0	backend_basetype	005bab65	override	backend_dataflow.slot_242	backend_basetype2__vslot_242	0.90
0x00b0b784	backend_basetype2	backend_dataflow@0x00b0e82c	0x00b0af54	243	0	00735034	FUN_00735034	0x00afc4e0	backend_basetype	005bab6e	override	backend_dataflow.slot_243	backend_basetype2__vslot_243	0.90
0x00b0b784	backend_basetype2	backend_dataflow@0x00b0e82c	0x00b0af54	244	0	0073503d	FUN_0073503d	0x00afc4e0	backend_basetype	005bab77	override	backend_dataflow.slot_244	backend_basetype2__vslot_244	0.90
0x00b0b784	backend_basetype2	backend_dataflow@0x00b0e82c	0x00b0af54	245	0	00735046	FUN_00735046	0x00afc4e0	backend_basetype	005bab80	override	backend_dataflow.slot_245	backend_basetype2__vslot_245	0.90
0x00b0b784	backend_basetype2	backend_dataflow@0x00b0e82c	0x00b0af54	246	0	009947c2	FUN_009947c2	0x00afc4e0	backend_basetype	009947c2	inherited	backend_dataflow.slot_246	backend_basetype2__vslot_246	0.93
0x00b0b784	backend_basetype2	backend_dataflow@0x00b0e82c	0x00b0af54	247	0	006c4c04	FUN_006c4c04	0x00afc4e0	backend_basetype	006c4c04	inherited	backend_dataflow.slot_247	backend_basetype2__vslot_247	0.93
0x00b0b784	backend_basetype2	backend_dataflow@0x00b0e82c	0x00b0af54	248	0	0073504b	FUN_0073504b	0x00afc4e0	backend_basetype	005bab85	override	backend_dataflow.slot_248	backend_basetype2__vslot_248	0.90
0x00b0b784	backend_basetype2	backend_dataflow@0x00b0e82c	0x00b0af54	249	0	00735054	FUN_00735054	0x00afc4e0	backend_basetype	005bab8e	override	backend_dataflow.slot_249	backend_basetype2__vslot_249	0.90
0x00b0b784	backend_basetype2	backend_dataflow@0x00b0e82c	0x00b0af54	250	0	0073505d	FUN_0073505d	0x00afc4e0	backend_basetype	005bab97	override	backend_dataflow.slot_250	backend_basetype2__vslot_250	0.90
0x00b0b784	backend_basetype2	backend_dataflow@0x00b0e82c	0x00b0af54	251	0	00735062	FUN_00735062	0x00afc4e0	backend_basetype	005bab9c	override	backend_dataflow.slot_251	backend_basetype2__vslot_251	0.90
0x00b0b784	backend_basetype2	backend_dataflow@0x00b0e82c	0x00b0af54	252	0	0073506a	FUN_0073506a	0x00afc4e0	backend_basetype	005baba4	override	backend_dataflow.slot_252	backend_basetype2__vslot_252	0.90
0x00b0b784	backend_basetype2	backend_dataflow@0x00b0e82c	0x00b0af54	253	0	00735073	FUN_00735073	0x00afc4e0	backend_basetype	005babad	override	backend_dataflow.slot_253	backend_basetype2__vslot_253	0.90
0x00b0b784	backend_basetype2	backend_dataflow@0x00b0e82c	0x00b0af54	254	0	0061eb3f	FUN_0061eb3f	0x00afc4e0	backend_basetype	0061eb3f	inherited	backend_dataflow.slot_254	backend_basetype2__vslot_254	0.93
0x00b0b784	backend_basetype2	backend_dataflow@0x00b0e82c	0x00b0af54	255	0	0061ea6d	FUN_0061ea6d	0x00afc4e0	backend_basetype	0061ea6d	inherited	backend_dataflow.slot_255	backend_basetype2__vslot_255	0.93
0x00b0b784	backend_basetype2	backend_dataflow@0x00b0e82c	0x00b0af54	256	0	0061ea04	FUN_0061ea04	0x00afc4e0	backend_basetype	0061ea04	inherited	backend_dataflow.slot_256	backend_basetype2__vslot_256	0.93
0x00b0b784	backend_basetype2	backend_dataflow@0x00b0e82c	0x00b0af54	257	0	0061ead6	FUN_0061ead6	0x00afc4e0	backend_basetype	0061ead6	inherited	backend_dataflow.slot_257	backend_basetype2__vslot_257	0.93
0x00b0b784	backend_basetype2	backend_dataflow@0x00b0e82c	0x00b0af54	258	0	0077f082	FUN_0077f082	0x00afc4e0	backend_basetype	0077f082	inherited	backend_dataflow.slot_258	backend_basetype2__vslot_258	0.93
0x00b0b784	backend_basetype2	backend_dataflow@0x00b0e82c	0x00b0af54	259	0	0073507c	FUN_0073507c	0x00afc4e0	backend_basetype	005babb6	override	backend_dataflow.slot_259	backend_basetype2__vslot_259	0.90
0x00b0b784	backend_basetype2	backend_dataflow@0x00b0e82c	0x00b0af54	260	0	00735085	FUN_00735085	0x00afc4e0	backend_basetype	005babbf	override	backend_dataflow.slot_260	backend_basetype2__vslot_260	0.90
0x00b0b784	backend_basetype2	backend_dataflow@0x00b0e82c	0x00b0af54	261	0	0073508e	FUN_0073508e	0x00afc4e0	backend_basetype	005babc8	override	backend_dataflow.slot_261	backend_basetype2__vslot_261	0.90
0x00b0e82c	backend_dataflow	backend_dataflow@0x00b0e82c	0x00b0e544	0	0	0074dae0	FUN_0074dae0				root_or_new	backend_dataflow.slot_000	backend_dataflow__vslot_000	0.78
0x00b0e82c	backend_dataflow	backend_dataflow@0x00b0e82c	0x00b0e544	1	0	0076fdcf	FUN_0076fdcf				root_or_new	backend_dataflow.slot_001	backend_dataflow__vslot_001	0.78
0x00b0e82c	backend_dataflow	backend_dataflow@0x00b0e82c	0x00b0e544	2	0	0074dae5	FUN_0074dae5				root_or_new	backend_dataflow.slot_002	backend_dataflow__vslot_002	0.78
0x00b0e82c	backend_dataflow	backend_dataflow@0x00b0e82c	0x00b0e544	3	0	0074daea	FUN_0074daea				root_or_new	backend_dataflow.slot_003	backend_dataflow__vslot_003	0.78
0x00b0e82c	backend_dataflow	backend_dataflow@0x00b0e82c	0x00b0e544	4	0	0074daf3	FUN_0074daf3				root_or_new	backend_dataflow.slot_004	backend_dataflow__vslot_004	0.78
0x00b0e82c	backend_dataflow	backend_dataflow@0x00b0e82c	0x00b0e544	5	0	0076fd8c	FUN_0076fd8c				root_or_new	backend_dataflow.slot_005	backend_dataflow__vslot_005	0.78
0x00b0e82c	backend_dataflow	backend_dataflow@0x00b0e82c	0x00b0e544	6	0	007692da	FUN_007692da				root_or_new	backend_dataflow.slot_006	backend_dataflow__vslot_006	0.78
0x00b0e82c	backend_dataflow	backend_dataflow@0x00b0e82c	0x00b0e544	7	0	0076fd44	FUN_0076fd44				root_or_new	backend_dataflow.slot_007	backend_dataflow__vslot_007	0.78
0x00b0e82c	backend_dataflow	backend_dataflow@0x00b0e82c	0x00b0e544	8	0	00766cae	FUN_00766cae				root_or_new	backend_dataflow.slot_008	backend_dataflow__vslot_008	0.78
0x00b0e82c	backend_dataflow	backend_dataflow@0x00b0e82c	0x00b0e544	9	0	0074dafc	FUN_0074dafc				root_or_new	backend_dataflow.slot_009	backend_dataflow__vslot_009	0.78
0x00b0e82c	backend_dataflow	backend_dataflow@0x00b0e82c	0x00b0e544	10	0	007700a6	FUN_007700a6				root_or_new	backend_dataflow.slot_010	backend_dataflow__vslot_010	0.78
0x00b0e82c	backend_dataflow	backend_dataflow@0x00b0e82c	0x00b0e544	11	0	0074db05	FUN_0074db05				root_or_new	backend_dataflow.slot_011	backend_dataflow__vslot_011	0.78
0x00b0e82c	backend_dataflow	backend_dataflow@0x00b0e82c	0x00b0e544	12	0	0076fd2e	FUN_0076fd2e				root_or_new	backend_dataflow.slot_012	backend_dataflow__vslot_012	0.78
0x00b0e82c	backend_dataflow	backend_dataflow@0x00b0e82c	0x00b0e544	13	0	0074db19	FUN_0074db19				root_or_new	backend_dataflow.slot_013	backend_dataflow__vslot_013	0.78
0x00b0e82c	backend_dataflow	backend_dataflow@0x00b0e82c	0x00b0e544	14	0	0074db22	FUN_0074db22				root_or_new	backend_dataflow.slot_014	backend_dataflow__vslot_014	0.78
0x00b0e82c	backend_dataflow	backend_dataflow@0x00b0e82c	0x00b0e544	15	0	0074db2b	FUN_0074db2b				root_or_new	backend_dataflow.slot_015	backend_dataflow__vslot_015	0.78
0x00b0e82c	backend_dataflow	backend_dataflow@0x00b0e82c	0x00b0e544	16	0	0074db34	FUN_0074db34				root_or_new	backend_dataflow.slot_016	backend_dataflow__vslot_016	0.78
0x00b0e82c	backend_dataflow	backend_dataflow@0x00b0e82c	0x00b0e544	17	0	0074db43	FUN_0074db43				root_or_new	backend_dataflow.slot_017	backend_dataflow__vslot_017	0.78
0x00b0e82c	backend_dataflow	backend_dataflow@0x00b0e82c	0x00b0e544	18	0	0074db70	FUN_0074db70				root_or_new	backend_dataflow.slot_018	backend_dataflow__vslot_018	0.78
0x00b0e82c	backend_dataflow	backend_dataflow@0x00b0e82c	0x00b0e544	19	0	0076c5f7	FUN_0076c5f7				root_or_new	backend_dataflow.slot_019	backend_dataflow__vslot_019	0.78
0x00b0e82c	backend_dataflow	backend_dataflow@0x00b0e82c	0x00b0e544	20	0	0076c612	FUN_0076c612				root_or_new	backend_dataflow.slot_020	backend_dataflow__vslot_020	0.78
0x00b0e82c	backend_dataflow	backend_dataflow@0x00b0e82c	0x00b0e544	21	0	0074db7a	FUN_0074db7a				root_or_new	backend_dataflow.slot_021	backend_dataflow__vslot_021	0.78
0x00b0e82c	backend_dataflow	backend_dataflow@0x00b0e82c	0x00b0e544	22	0	0076ce1e	FUN_0076ce1e				root_or_new	backend_dataflow.slot_022	backend_dataflow__vslot_022	0.78
0x00b0e82c	backend_dataflow	backend_dataflow@0x00b0e82c	0x00b0e544	23	0	0074db88	FUN_0074db88				root_or_new	backend_dataflow.slot_023	backend_dataflow__vslot_023	0.78
0x00b0e82c	backend_dataflow	backend_dataflow@0x00b0e82c	0x00b0e544	24	0	0077017f	FUN_0077017f				root_or_new	backend_dataflow.slot_024	backend_dataflow__vslot_024	0.78
0x00b0e82c	backend_dataflow	backend_dataflow@0x00b0e82c	0x00b0e544	25	0	007711eb	FUN_007711eb				root_or_new	backend_dataflow.slot_025	backend_dataflow__vslot_025	0.78
0x00b0e82c	backend_dataflow	backend_dataflow@0x00b0e82c	0x00b0e544	26	0	0074db91	FUN_0074db91				root_or_new	backend_dataflow.slot_026	backend_dataflow__vslot_026	0.78
0x00b0e82c	backend_dataflow	backend_dataflow@0x00b0e82c	0x00b0e544	27	0	0074dba6	FUN_0074dba6				root_or_new	backend_dataflow.slot_027	backend_dataflow__vslot_027	0.78
