function_va	current_name	suggested_label	label_kind	class_name	class_record_va	family_root_name	confidence	alternatives	evidence
0x0078829c	FUN_0078829c	std_length_error__vslot_002	virtual_method	std::length_error	0x00b0f60c	std::exception	0.973	std::exception@0.324;std::logic_error@0.324	called_by:0x007883f1;called_by:0x00788774;called_by:0x00788af7;called_by:0x00788e7a;called_by:0x007894a5;called_by:0x00789ad0;called_by:0x0078a272;vtable_slot:2:override
0x00792379	FUN_00792379	std_length_error__vslot_002	virtual_method	std::length_error	0x00b10f40	std::exception	0.973	std::exception@0.324;std::logic_error@0.324	called_by:0x007932a3;called_by:0x0079392c;called_by:0x0079431f;called_by:0x007946ad;called_by:0x00794a30;called_by:0x0079525f;called_by:0x007955a0;vtable_slot:2:override
0x00405916	FUN_00405916	std_out_of_range__vslot_002	virtual_method	std::out_of_range	0x00abf2a0	std::exception	0.960	backend_t@0.361;std::exception@0.305;std::logic_error@0.305	called_by:0x004059d8;called_by:0x0042226d;called_by:0x00422ff4;vtable_slot:2:override
0x0069618a	FUN_0069618a	std_out_of_range__vslot_002	virtual_method	std::out_of_range	0x00b06c9c	std::exception	0.960	std::exception@0.305;std::logic_error@0.305	called_by:0x0069619b;called_by:0x006c6104;called_by:0x006c6a0b;vtable_slot:2:override
0x007882e6	FUN_007882e6	std_out_of_range__vslot_002	virtual_method	std::out_of_range	0x00b0f61c	std::exception	0.960	register_range@0.361;register_set@0.361;register_implicit@0.361;std::exception@0.305	called_by:0x0078af4d;called_by:0x0078b927;called_by:0x0078be11;vtable_slot:2:override
0x007923c3	FUN_007923c3	std_out_of_range__vslot_002	virtual_method	std::out_of_range	0x00b10f50	std::exception	0.960	Disassembler@0.321;std::exception@0.305;std::logic_error@0.305	called_by:0x007928f3;called_by:0x00797bb6;called_by:0x007991de;vtable_slot:2:override
0x0071dfdd	FUN_0071dfdd	alloc_table_hash__destructor_or_virtual_reinit	destructor_or_virtual_reinit	alloc_table_hash	0x00b0a5c8	alloc_table	0.958		vtable_slot:0:override;vtable_store:destructor_or_virtual_reinit
0x0071e0a4	FUN_0071e0a4	alloc_table_btree__destructor_or_virtual_reinit	destructor_or_virtual_reinit	alloc_table_btree	0x00b0a5d8	alloc_table	0.958		vtable_slot:0:override;vtable_store:destructor_or_virtual_reinit
0x0071e19f	FUN_0071e19f	alloc_table_bcl__destructor_or_virtual_reinit	destructor_or_virtual_reinit	alloc_table_bcl	0x00b0a5e8	alloc_table	0.958		vtable_slot:0:override;vtable_store:destructor_or_virtual_reinit
0x00748805	FUN_00748805	Cmm__destructor_or_virtual_reinit	destructor_or_virtual_reinit	Cmm	0x00b0d2e4	Exp	0.958	Exp@0.764;Alu@0.760;Bop@0.760;Num@0.484	vtable_slot:1:override;vtable_store:destructor_or_virtual_reinit
0x0079d993	FUN_0079d993	IndInst_instopreg__destructor_or_virtual_reinit	destructor_or_virtual_reinit	IndInst::instopreg	0x00b11f28	IndInst::instop	0.958	IndInst::instop@0.760	vtable_slot:1:override;vtable_store:destructor_or_virtual_reinit
0x0079daaf	FUN_0079daaf	IndInst_instopimm__destructor_or_virtual_reinit	destructor_or_virtual_reinit	IndInst::instopimm	0x00b11f38	IndInst::instop	0.958	IndInst::instop@0.760	vtable_slot:1:override;vtable_store:destructor_or_virtual_reinit
0x0079dc2a	FUN_0079dc2a	IndInst_instopcomp__destructor_or_virtual_reinit	destructor_or_virtual_reinit	IndInst::instopcomp	0x00b11f48	IndInst::instop	0.958		vtable_slot:0:override;vtable_store:destructor_or_virtual_reinit
0x0079de2e	FUN_0079de2e	IndInst_instopreglist__destructor_or_virtual_reinit	destructor_or_virtual_reinit	IndInst::instopreglist	0x00b11f58	IndInst::instop	0.958		vtable_slot:0:override;vtable_store:destructor_or_virtual_reinit
0x0079deed	FUN_0079deed	IndInst_instopreglist__destructor_or_virtual_reinit	destructor_or_virtual_reinit	IndInst::instopreglist	0x00b11f58	IndInst::instop	0.958	IndInst::instop@0.760;std::length_error@0.484;std::exception@0.424;std::logic_error@0.418	vtable_slot:1:override;vtable_store:destructor_or_virtual_reinit
0x0079dcba	FUN_0079dcba	IndInst_instopcomp__vslot_001	virtual_method	IndInst::instopcomp	0x00b11f48	IndInst::instop	0.955	IndInst::instop@0.418	calls:0x0079d78c;vtable_slot:1:override
0x004059c7	FUN_004059c7	std_overflow_error__vslot_002	virtual_method	std::overflow_error	0x00abf2c0	std::exception	0.953	std::exception@0.289;std::runtime_error@0.289	called_by:0x00405fae;vtable_slot:2:override
0x00425606	FUN_00425606	std_out_of_range__vslot_002	virtual_method	std::out_of_range	0x00abffc8	std::exception	0.953	std::exception@0.289;std::logic_error@0.289	called_by:0x004256c8;vtable_slot:2:override
0x004256b7	FUN_004256b7	std_overflow_error__vslot_002	virtual_method	std::overflow_error	0x00abffe8	std::exception	0.953	std::exception@0.289;std::runtime_error@0.289	called_by:0x00425b92;vtable_slot:2:override
0x0043ade6	FUN_0043ade6	std_out_of_range__vslot_002	virtual_method	std::out_of_range	0x00ac0a48	std::exception	0.953	std::exception@0.289;std::logic_error@0.289	called_by:0x0043adf7;vtable_slot:2:override
0x004e1725	FUN_004e1725	std_out_of_range__vslot_002	virtual_method	std::out_of_range	0x00ace658	std::exception	0.953	std::exception@0.289;std::logic_error@0.289	called_by:0x004e17e7;vtable_slot:2:override
0x004e17d6	FUN_004e17d6	std_overflow_error__vslot_002	virtual_method	std::overflow_error	0x00ace678	std::exception	0.953	std::exception@0.289;std::runtime_error@0.289	called_by:0x004e1cb1;vtable_slot:2:override
0x007005ed	FUN_007005ed	MachopChecker__vslot_001	virtual_method	MachopChecker	0x00b09ad8	MachopVisitor	0.953	MachopVisitor@0.289	called_by:0x007006e7;vtable_slot:1:override
0x00786121	FUN_00786121	std_length_error__vslot_002	virtual_method	std::length_error	0x00b0f21c	std::exception	0.953	std::exception@0.289;std::logic_error@0.289	called_by:0x00786132;vtable_slot:2:override
0x0079d3c5	FUN_0079d3c5	std_length_error__vslot_002	virtual_method	std::length_error	0x00b11ad8	std::exception	0.953	std::exception@0.289;std::logic_error@0.289	called_by:0x0079d3d6;vtable_slot:2:override
0x0079f529	FUN_0079f529	std_length_error__vslot_002	virtual_method	std::length_error	0x00b12038	std::exception	0.953	std::exception@0.289;std::logic_error@0.289	called_by:0x0079f618;vtable_slot:2:override
0x00a92805	FUN_00a92805	std_length_error__vslot_002	virtual_method	std::length_error	0x00bd48d0	std::exception	0.953	std::logic_error@0.289	called_by:0x00a9252b;vtable_slot:2:override
0x00a92846	FUN_00a92846	std_out_of_range__vslot_002	virtual_method	std::out_of_range	0x00bd48e0	std::exception	0.953	std::logic_error@0.289	called_by:0x00a9214f;vtable_slot:2:override
0x00401ded	FUN_00401ded	backend_t__vslot_007	virtual_method	backend_t	0x00abfe94	backend_dataflow	0.951		2hop_calls:0x00568af3;vtable_slot:7:override
0x00403387	FUN_00403387	backend_t__vslot_005	virtual_method	backend_t	0x00abfe94	backend_dataflow	0.951		2hop_calls:0x00568af3;vtable_slot:5:override
0x004044b4	FUN_004044b4	backend_t__vslot_006	virtual_method	backend_t	0x00abfe94	backend_dataflow	0.951	backend_basetype@0.456;backend_basetype2@0.455;backend_dataflow@0.451	2hop_calls:0x00568af3;vtable_slot:6:override
0x00406468	FUN_00406468	backend_t__vslot_016	virtual_method	backend_t	0x00abfe94	backend_dataflow	0.951		2hop_calls:0x00568af3;vtable_slot:16:override
0x004064a4	FUN_004064a4	backend_t__vslot_018	virtual_method	backend_t	0x00abfe94	backend_dataflow	0.951		2hop_calls:0x00568af3;vtable_slot:18:override
0x00406544	FUN_00406544	backend_t__vslot_093	virtual_method	backend_t	0x00abfe94	backend_dataflow	0.951		2hop_calls:0x00568af3;vtable_slot:93:override
0x0040654e	FUN_0040654e	backend_t__vslot_103	virtual_method	backend_t	0x00abfe94	backend_dataflow	0.951		2hop_calls:0x00568af3;vtable_slot:103:override
0x0040655d	FUN_0040655d	backend_t__vslot_104	virtual_method	backend_t	0x00abfe94	backend_dataflow	0.951		2hop_calls:0x00568af3;vtable_slot:104:override
0x004065be	FUN_004065be	backend_t__vslot_145	virtual_method	backend_t	0x00abfe94	backend_dataflow	0.951		2hop_calls:0x00568af3;vtable_slot:145:override
0x004065fe	FUN_004065fe	backend_t__vslot_159	virtual_method	backend_t	0x00abfe94	backend_dataflow	0.951		2hop_calls:0x00568af3;vtable_slot:159:override
0x00406608	FUN_00406608	backend_t__vslot_160	virtual_method	backend_t	0x00abfe94	backend_dataflow	0.951		2hop_calls:0x00568af3;vtable_slot:160:override
0x00406647	FUN_00406647	backend_t__vslot_202	virtual_method	backend_t	0x00abfe94	backend_dataflow	0.951		2hop_calls:0x00568af3;vtable_slot:202:override
0x00406651	FUN_00406651	backend_t__vslot_203	virtual_method	backend_t	0x00abfe94	backend_dataflow	0.951		2hop_calls:0x00568af3;vtable_slot:203:override
0x004066aa	FUN_004066aa	backend_t__vslot_220	virtual_method	backend_t	0x00abfe94	backend_dataflow	0.951		2hop_calls:0x00568af3;vtable_slot:220:override
0x004066b9	FUN_004066b9	backend_t__vslot_222	virtual_method	backend_t	0x00abfe94	backend_dataflow	0.951		2hop_calls:0x00568af3;vtable_slot:222:override
0x004066c3	FUN_004066c3	backend_t__vslot_223	virtual_method	backend_t	0x00abfe94	backend_dataflow	0.951		2hop_calls:0x00568af3;vtable_slot:223:override
0x004066ee	FUN_004066ee	backend_t__vslot_231	virtual_method	backend_t	0x00abfe94	backend_dataflow	0.951		2hop_calls:0x00568af3;vtable_slot:231:override
0x0040671d	FUN_0040671d	backend_t__vslot_021	virtual_method	backend_t	0x00abfe94	backend_dataflow	0.951		2hop_calls:0x00568af3;vtable_slot:21:override
0x0040672b	FUN_0040672b	backend_t__vslot_022	virtual_method	backend_t	0x00abfe94	backend_dataflow	0.951		2hop_calls:0x00568af3;vtable_slot:22:override
0x0040735e	FUN_0040735e	backend_t__vslot_128	virtual_method	backend_t	0x00abfe94	backend_dataflow	0.951		2hop_calls:0x00568af3;vtable_slot:128:override
0x00423caf	FUN_00423caf	backend_t__vslot_200	virtual_method	backend_t	0x00abfe94	backend_dataflow	0.951		2hop_calls:0x00568af3;vtable_slot:200:override
0x00423ce7	FUN_00423ce7	backend_t__vslot_188	virtual_method	backend_t	0x00abfe94	backend_dataflow	0.951		2hop_calls:0x00568af3;vtable_slot:188:override
0x004243b1	FUN_004243b1	backend_t__vslot_243	virtual_method	backend_t	0x00abfe94	backend_dataflow	0.951		2hop_calls:0x00568af3;vtable_slot:243:override
0x004244c6	FUN_004244c6	backend_t__vslot_244	virtual_method	backend_t	0x00abfe94	backend_dataflow	0.951		2hop_calls:0x00568af3;vtable_slot:244:override
0x00437ac1	FUN_00437ac1	backend_t__vslot_176	virtual_method	backend_t	0x00abfe94	backend_dataflow	0.951		2hop_calls:0x00568af3;vtable_slot:176:override
0x0046f5c7	FUN_0046f5c7	backend_t__vslot_059	virtual_method	backend_t	0x00abfe94	backend_dataflow	0.951		2hop_calls:0x00568af3;vtable_slot:59:override
0x00470998	FUN_00470998	backend_t__vslot_140	virtual_method	backend_t	0x00abfe94	backend_dataflow	0.951		2hop_calls:0x00568af3;vtable_slot:140:override
0x005ba624	FUN_005ba624	backend_basetype__vslot_016	virtual_method	backend_basetype	0x00afc4e0	backend_dataflow	0.951		2hop_calls:0x00568af3;vtable_slot:16:override
0x005ba660	FUN_005ba660	backend_basetype__vslot_018	virtual_method	backend_basetype	0x00afc4e0	backend_dataflow	0.951		2hop_calls:0x00568af3;vtable_slot:18:override
0x005ba727	FUN_005ba727	backend_basetype__vslot_077	virtual_method	backend_basetype	0x00afc4e0	backend_dataflow	0.951		2hop_calls:0x00568af3;vtable_slot:77:introduced
0x005ba78d	FUN_005ba78d	backend_basetype__vslot_093	virtual_method	backend_basetype	0x00afc4e0	backend_dataflow	0.951		2hop_calls:0x00568af3;vtable_slot:93:introduced
0x005ba797	FUN_005ba797	backend_basetype__vslot_097	virtual_method	backend_basetype	0x00afc4e0	backend_dataflow	0.951		2hop_calls:0x00568af3;vtable_slot:97:introduced
0x005ba7a5	FUN_005ba7a5	backend_basetype__vslot_098	virtual_method	backend_basetype	0x00afc4e0	backend_dataflow	0.951		2hop_calls:0x00568af3;vtable_slot:98:introduced
0x005ba7b3	FUN_005ba7b3	backend_basetype__vslot_099	virtual_method	backend_basetype	0x00afc4e0	backend_dataflow	0.951		2hop_calls:0x00568af3;vtable_slot:99:introduced
0x005ba7c1	FUN_005ba7c1	backend_basetype__vslot_100	virtual_method	backend_basetype	0x00afc4e0	backend_dataflow	0.951		2hop_calls:0x00568af3;vtable_slot:100:introduced
0x005ba7cf	FUN_005ba7cf	backend_basetype__vslot_103	virtual_method	backend_basetype	0x00afc4e0	backend_dataflow	0.951		2hop_calls:0x00568af3;vtable_slot:103:introduced
0x005ba7de	FUN_005ba7de	backend_basetype__vslot_104	virtual_method	backend_basetype	0x00afc4e0	backend_dataflow	0.951		2hop_calls:0x00568af3;vtable_slot:104:introduced
0x005ba852	FUN_005ba852	backend_basetype__vslot_106	virtual_method	backend_basetype	0x00afc4e0	backend_dataflow	0.951		2hop_calls:0x00568af3;vtable_slot:106:introduced
0x005ba860	FUN_005ba860	backend_basetype__vslot_107	virtual_method	backend_basetype	0x00afc4e0	backend_dataflow	0.951		2hop_calls:0x00568af3;vtable_slot:107:introduced
0x005ba86e	FUN_005ba86e	backend_basetype__vslot_108	virtual_method	backend_basetype	0x00afc4e0	backend_dataflow	0.951		2hop_calls:0x00568af3;vtable_slot:108:introduced
0x005ba87c	FUN_005ba87c	backend_basetype__vslot_109	virtual_method	backend_basetype	0x00afc4e0	backend_dataflow	0.951		2hop_calls:0x00568af3;vtable_slot:109:introduced
0x005ba8d2	FUN_005ba8d2	backend_basetype__vslot_128	virtual_method	backend_basetype	0x00afc4e0	backend_dataflow	0.951		2hop_calls:0x00568af3;vtable_slot:128:introduced
0x005ba965	FUN_005ba965	backend_basetype__vslot_145	virtual_method	backend_basetype	0x00afc4e0	backend_dataflow	0.951		2hop_calls:0x00568af3;vtable_slot:145:introduced
0x005ba9a5	FUN_005ba9a5	backend_basetype__vslot_159	virtual_method	backend_basetype	0x00afc4e0	backend_dataflow	0.951		2hop_calls:0x00568af3;vtable_slot:159:introduced
0x005ba9af	FUN_005ba9af	backend_basetype__vslot_160	virtual_method	backend_basetype	0x00afc4e0	backend_dataflow	0.951		2hop_calls:0x00568af3;vtable_slot:160:introduced
0x005baa36	FUN_005baa36	backend_basetype__vslot_202	virtual_method	backend_basetype	0x00afc4e0	backend_dataflow	0.951		2hop_calls:0x00568af3;vtable_slot:202:introduced
0x005baa40	FUN_005baa40	backend_basetype__vslot_203	virtual_method	backend_basetype	0x00afc4e0	backend_dataflow	0.951		2hop_calls:0x00568af3;vtable_slot:203:introduced
0x005baaa3	FUN_005baaa3	backend_basetype__vslot_220	virtual_method	backend_basetype	0x00afc4e0	backend_dataflow	0.951		2hop_calls:0x00568af3;vtable_slot:220:introduced
0x005baab2	FUN_005baab2	backend_basetype__vslot_222	virtual_method	backend_basetype	0x00afc4e0	backend_dataflow	0.951		2hop_calls:0x00568af3;vtable_slot:222:introduced
0x005baabc	FUN_005baabc	backend_basetype__vslot_223	virtual_method	backend_basetype	0x00afc4e0	backend_dataflow	0.951		2hop_calls:0x00568af3;vtable_slot:223:introduced
0x005baaf0	FUN_005baaf0	backend_basetype__vslot_231	virtual_method	backend_basetype	0x00afc4e0	backend_dataflow	0.951		2hop_calls:0x00568af3;vtable_slot:231:introduced
0x005bab31	FUN_005bab31	backend_basetype__vslot_021	virtual_method	backend_basetype	0x00afc4e0	backend_dataflow	0.951		2hop_calls:0x00568af3;vtable_slot:21:override
0x005bab3f	FUN_005bab3f	backend_basetype__vslot_022	virtual_method	backend_basetype	0x00afc4e0	backend_dataflow	0.951		2hop_calls:0x00568af3;vtable_slot:22:override
0x005bca1d	FUN_005bca1d	backend_basetype__vslot_169	virtual_method	backend_basetype	0x00afc4e0	backend_dataflow	0.951		2hop_calls:0x00568af3;vtable_slot:169:introduced
0x005bca2c	FUN_005bca2c	backend_basetype__vslot_170	virtual_method	backend_basetype	0x00afc4e0	backend_dataflow	0.951		2hop_calls:0x00568af3;vtable_slot:170:introduced
0x005bca3b	FUN_005bca3b	backend_basetype__vslot_171	virtual_method	backend_basetype	0x00afc4e0	backend_dataflow	0.951		2hop_calls:0x00568af3;vtable_slot:171:introduced
0x005bca4a	FUN_005bca4a	backend_basetype__vslot_172	virtual_method	backend_basetype	0x00afc4e0	backend_dataflow	0.951		2hop_calls:0x00568af3;vtable_slot:172:introduced
0x005bcad2	FUN_005bcad2	backend_basetype__vslot_051	virtual_method	backend_basetype	0x00afc4e0	backend_dataflow	0.951	backend_t@0.821;backend_basetype2@0.821	2hop_calls:0x00568af3;vtable_slot:51:introduced
0x005bcb51	FUN_005bcb51	backend_basetype__vslot_111	virtual_method	backend_basetype	0x00afc4e0	backend_dataflow	0.951	backend_t@0.821;backend_basetype2@0.821	2hop_calls:0x00568af3;vtable_slot:111:introduced
0x005bd358	FUN_005bd358	backend_basetype__vslot_165	virtual_method	backend_basetype	0x00afc4e0	backend_dataflow	0.951	backend_t@0.821;backend_basetype2@0.821	2hop_calls:0x00568af3;vtable_slot:165:introduced
0x005bd3e7	FUN_005bd3e7	backend_basetype__vslot_185	virtual_method	backend_basetype	0x00afc4e0	backend_dataflow	0.951	backend_basetype2@0.821	2hop_calls:0x00568af3;vtable_slot:185:introduced
0x005bd89d	FUN_005bd89d	backend_basetype__vslot_194	virtual_method	backend_basetype	0x00afc4e0	backend_dataflow	0.951	backend_t@0.821;backend_basetype2@0.821	2hop_calls:0x00568af3;vtable_slot:194:introduced
0x005bd9f1	FUN_005bd9f1	backend_basetype__vslot_197	virtual_method	backend_basetype	0x00afc4e0	backend_dataflow	0.951	backend_basetype2@0.821	2hop_calls:0x00568af3;vtable_slot:197:introduced
0x005bda6a	FUN_005bda6a	backend_basetype__vslot_199	virtual_method	backend_basetype	0x00afc4e0	backend_dataflow	0.951	backend_basetype2@0.821	2hop_calls:0x00568af3;vtable_slot:199:introduced
0x005bdb08	FUN_005bdb08	backend_basetype__vslot_210	virtual_method	backend_basetype	0x00afc4e0	backend_dataflow	0.951	backend_t@0.821;backend_basetype2@0.821	2hop_calls:0x00568af3;vtable_slot:210:introduced
0x006c4c04	FUN_006c4c04	backend_basetype__vslot_247	virtual_method	backend_basetype	0x00afc4e0	backend_dataflow	0.951	backend_basetype2@0.821;backend_t@0.365	2hop_calls:0x00568af3;vtable_slot:247:introduced
0x006c8f2b	FUN_006c8f2b	backend_basetype__vslot_096	virtual_method	backend_basetype	0x00afc4e0	backend_dataflow	0.951	backend_t@0.821;backend_basetype2@0.821	2hop_calls:0x00568af3;vtable_slot:96:introduced
0x00734b84	FUN_00734b84	backend_basetype2__vslot_016	virtual_method	backend_basetype2	0x00b0b784	backend_dataflow	0.951		2hop_calls:0x00568af3;vtable_slot:16:override
0x00734bc0	FUN_00734bc0	backend_basetype2__vslot_018	virtual_method	backend_basetype2	0x00b0b784	backend_dataflow	0.951		2hop_calls:0x00568af3;vtable_slot:18:override
0x00734cb8	FUN_00734cb8	backend_basetype2__vslot_093	virtual_method	backend_basetype2	0x00b0b784	backend_dataflow	0.951		2hop_calls:0x00568af3;vtable_slot:93:override
0x00734cc2	FUN_00734cc2	backend_basetype2__vslot_103	virtual_method	backend_basetype2	0x00b0b784	backend_dataflow	0.951		2hop_calls:0x00568af3;vtable_slot:103:override
0x00734cd1	FUN_00734cd1	backend_basetype2__vslot_104	virtual_method	backend_basetype2	0x00b0b784	backend_dataflow	0.951		2hop_calls:0x00568af3;vtable_slot:104:override
0x00734d45	FUN_00734d45	backend_basetype2__vslot_106	virtual_method	backend_basetype2	0x00b0b784	backend_dataflow	0.951		2hop_calls:0x00568af3;vtable_slot:106:override
0x00734d53	FUN_00734d53	backend_basetype2__vslot_107	virtual_method	backend_basetype2	0x00b0b784	backend_dataflow	0.951		2hop_calls:0x00568af3;vtable_slot:107:override
0x00734d61	FUN_00734d61	backend_basetype2__vslot_108	virtual_method	backend_basetype2	0x00b0b784	backend_dataflow	0.951		2hop_calls:0x00568af3;vtable_slot:108:override
0x00734d6f	FUN_00734d6f	backend_basetype2__vslot_109	virtual_method	backend_basetype2	0x00b0b784	backend_dataflow	0.951		2hop_calls:0x00568af3;vtable_slot:109:override
0x00734db3	FUN_00734db3	backend_basetype2__vslot_128	virtual_method	backend_basetype2	0x00b0b784	backend_dataflow	0.951		2hop_calls:0x00568af3;vtable_slot:128:override
0x00734e46	FUN_00734e46	backend_basetype2__vslot_145	virtual_method	backend_basetype2	0x00b0b784	backend_dataflow	0.951		2hop_calls:0x00568af3;vtable_slot:145:override
0x00734e86	FUN_00734e86	backend_basetype2__vslot_159	virtual_method	backend_basetype2	0x00b0b784	backend_dataflow	0.951		2hop_calls:0x00568af3;vtable_slot:159:override
0x00734e90	FUN_00734e90	backend_basetype2__vslot_160	virtual_method	backend_basetype2	0x00b0b784	backend_dataflow	0.951		2hop_calls:0x00568af3;vtable_slot:160:override
0x00734f17	FUN_00734f17	backend_basetype2__vslot_202	virtual_method	backend_basetype2	0x00b0b784	backend_dataflow	0.951		2hop_calls:0x00568af3;vtable_slot:202:override
0x00734f21	FUN_00734f21	backend_basetype2__vslot_203	virtual_method	backend_basetype2	0x00b0b784	backend_dataflow	0.951		2hop_calls:0x00568af3;vtable_slot:203:override
0x00734f84	FUN_00734f84	backend_basetype2__vslot_220	virtual_method	backend_basetype2	0x00b0b784	backend_dataflow	0.951		2hop_calls:0x00568af3;vtable_slot:220:override
0x00734f93	FUN_00734f93	backend_basetype2__vslot_222	virtual_method	backend_basetype2	0x00b0b784	backend_dataflow	0.951		2hop_calls:0x00568af3;vtable_slot:222:override
0x00734f9d	FUN_00734f9d	backend_basetype2__vslot_223	virtual_method	backend_basetype2	0x00b0b784	backend_dataflow	0.951		2hop_calls:0x00568af3;vtable_slot:223:override
0x00734fd1	FUN_00734fd1	backend_basetype2__vslot_231	virtual_method	backend_basetype2	0x00b0b784	backend_dataflow	0.951		2hop_calls:0x00568af3;vtable_slot:231:override
0x00735000	FUN_00735000	backend_basetype2__vslot_021	virtual_method	backend_basetype2	0x00b0b784	backend_dataflow	0.951		2hop_calls:0x00568af3;vtable_slot:21:override
0x0073500e	FUN_0073500e	backend_basetype2__vslot_022	virtual_method	backend_basetype2	0x00b0b784	backend_dataflow	0.951		2hop_calls:0x00568af3;vtable_slot:22:override
0x0073542d	FUN_0073542d	backend_basetype2__vslot_069	virtual_method	backend_basetype2	0x00b0b784	backend_dataflow	0.951	backend_t@0.365	2hop_calls:0x00568af3;vtable_slot:69:override
0x007355be	FUN_007355be	backend_basetype2__vslot_077	virtual_method	backend_basetype2	0x00b0b784	backend_dataflow	0.951	backend_t@0.821	2hop_calls:0x00568af3;vtable_slot:77:override
0x00735743	FUN_00735743	backend_basetype2__vslot_084	virtual_method	backend_basetype2	0x00b0b784	backend_dataflow	0.951	backend_t@0.821	2hop_calls:0x00568af3;vtable_slot:84:override
0x0073e08f	FUN_0073e08f	backend_basetype__vslot_155	virtual_method	backend_basetype	0x00afc4e0	backend_dataflow	0.951	backend_t@0.821;backend_basetype2@0.821	2hop_calls:0x00568af3;vtable_slot:155:introduced
0x0073ef61	FUN_0073ef61	backend_basetype__vslot_156	virtual_method	backend_basetype	0x00afc4e0	backend_dataflow	0.951	backend_t@0.821;backend_basetype2@0.821	2hop_calls:0x00568af3;vtable_slot:156:introduced
0x0074249b	FUN_0074249b	backend_basetype__vslot_229	virtual_method	backend_basetype	0x00afc4e0	backend_dataflow	0.951	backend_t@0.821;backend_basetype2@0.821	2hop_calls:0x00568af3;vtable_slot:229:introduced
0x00401010	FUN_00401010	vn_advisor_ppc_consolshift__vslot_004	virtual_method	vn_advisor_ppc_consolshift	0x00abf0b0	vn_advisor	0.950		vtable_slot:4:override
0x00401024	FUN_00401024	backend_t__vslot_029	virtual_method	backend_t	0x00abfe94	backend_dataflow	0.950		vtable_slot:29:override
0x004010cd	FUN_004010cd	vn_advisor_ppc_consolshift__vslot_006	virtual_method	vn_advisor_ppc_consolshift	0x00abf0b0	vn_advisor	0.950		vtable_slot:6:override
0x004011b5	FUN_004011b5	vn_advisor_ppc_consolshift__vslot_003	virtual_method	vn_advisor_ppc_consolshift	0x00abf0b0	vn_advisor	0.950		vtable_slot:3:override
0x00401490	FUN_00401490	vn_advisor_ppc_consolshift__vslot_005	virtual_method	vn_advisor_ppc_consolshift	0x00abf0b0	vn_advisor	0.950		vtable_slot:5:override
0x00401d91	FUN_00401d91	backend_t__vslot_228	virtual_method	backend_t	0x00abfe94	backend_dataflow	0.950		vtable_slot:228:override
0x00402fa8	FUN_00402fa8	backend_t__vslot_008	virtual_method	backend_t	0x00abfe94	backend_dataflow	0.950	backend_basetype@0.451;backend_basetype2@0.451;backend_dataflow@0.451	vtable_slot:8:override
0x00404b07	FUN_00404b07	backend_t__vslot_012	virtual_method	backend_t	0x00abfe94	backend_dataflow	0.950		vtable_slot:12:override
0x00404b2f	FUN_00404b2f	backend_t__vslot_238	virtual_method	backend_t	0x00abfe94	backend_dataflow	0.950		vtable_slot:238:override
0x00404f81	FUN_00404f81	backend_t__vslot_236	virtual_method	backend_t	0x00abfe94	backend_dataflow	0.950		vtable_slot:236:override
0x0040505a	FUN_0040505a	backend_t__vslot_237	virtual_method	backend_t	0x00abfe94	backend_dataflow	0.950	backend_basetype2@0.522	vtable_slot:237:override
0x004050d2	FUN_004050d2	backend_t__vslot_023	virtual_method	backend_t	0x00abfe94	backend_dataflow	0.950		vtable_slot:23:override
0x00405128	FUN_00405128	backend_t__vslot_027	virtual_method	backend_t	0x00abfe94	backend_dataflow	0.950		vtable_slot:27:override
0x004051c8	FUN_004051c8	std_bad_alloc__vslot_000	virtual_method	std::bad_alloc	0x00abf280	std::exception	0.950		vtable_slot:0:override
0x004051ef	FUN_004051ef	std_bad_alloc__vslot_002	virtual_method	std::bad_alloc	0x00abf280	std::exception	0.950		vtable_slot:2:override
0x00405876	FUN_00405876	std_logic_error__vslot_000	virtual_method	std::logic_error	0x00abf290	std::exception	0.950		vtable_slot:0:override
0x004058af	FUN_004058af	std_logic_error__vslot_001	virtual_method	std::logic_error	0x00abf290	std::exception	0.950	std::out_of_range@0.820	vtable_slot:1:override
0x004058cc	FUN_004058cc	std_logic_error__vslot_002	virtual_method	std::logic_error	0x00abf290	std::exception	0.950		vtable_slot:2:override
0x004058dd	FUN_004058dd	std_out_of_range__vslot_000	virtual_method	std::out_of_range	0x00abf2a0	std::exception	0.950		vtable_slot:0:override
0x00405927	FUN_00405927	std_runtime_error__vslot_000	virtual_method	std::runtime_error	0x00abf2b0	std::exception	0.950		vtable_slot:0:override
0x00405960	FUN_00405960	std_runtime_error__vslot_001	virtual_method	std::runtime_error	0x00abf2b0	std::exception	0.950	std::overflow_error@0.820	vtable_slot:1:override
0x0040597d	FUN_0040597d	std_runtime_error__vslot_002	virtual_method	std::runtime_error	0x00abf2b0	std::exception	0.950		vtable_slot:2:override
0x0040598e	FUN_0040598e	std_overflow_error__vslot_000	virtual_method	std::overflow_error	0x00abf2c0	std::exception	0.950		vtable_slot:0:override
0x00406414	FUN_00406414	backend_t__vslot_000	virtual_method	backend_t	0x00abfe94	backend_dataflow	0.950		vtable_slot:0:override
0x00406419	FUN_00406419	backend_t__vslot_002	virtual_method	backend_t	0x00abfe94	backend_dataflow	0.950		vtable_slot:2:override
0x0040641e	FUN_0040641e	backend_t__vslot_003	virtual_method	backend_t	0x00abfe94	backend_dataflow	0.950		vtable_slot:3:override
0x00406427	FUN_00406427	backend_t__vslot_004	virtual_method	backend_t	0x00abfe94	backend_dataflow	0.950		vtable_slot:4:override
0x00406430	FUN_00406430	backend_t__vslot_009	virtual_method	backend_t	0x00abfe94	backend_dataflow	0.950		vtable_slot:9:override
0x00406439	FUN_00406439	backend_t__vslot_011	virtual_method	backend_t	0x00abfe94	backend_dataflow	0.950		vtable_slot:11:override
0x0040644d	FUN_0040644d	backend_t__vslot_013	virtual_method	backend_t	0x00abfe94	backend_dataflow	0.950		vtable_slot:13:override
0x00406456	FUN_00406456	backend_t__vslot_014	virtual_method	backend_t	0x00abfe94	backend_dataflow	0.950		vtable_slot:14:override
0x0040645f	FUN_0040645f	backend_t__vslot_015	virtual_method	backend_t	0x00abfe94	backend_dataflow	0.950		vtable_slot:15:override
0x00406477	FUN_00406477	backend_t__vslot_017	virtual_method	backend_t	0x00abfe94	backend_dataflow	0.950		vtable_slot:17:override
0x004064ae	FUN_004064ae	backend_t__vslot_026	virtual_method	backend_t	0x00abfe94	backend_dataflow	0.950		vtable_slot:26:override
0x004064c3	FUN_004064c3	backend_t__vslot_034	virtual_method	backend_t	0x00abfe94	backend_dataflow	0.950		vtable_slot:34:override
0x004064cd	FUN_004064cd	backend_t__vslot_040	virtual_method	backend_t	0x00abfe94	backend_dataflow	0.950		vtable_slot:40:override
0x004064d6	FUN_004064d6	backend_t__vslot_044	virtual_method	backend_t	0x00abfe94	backend_dataflow	0.950		vtable_slot:44:override
0x004064df	FUN_004064df	backend_t__vslot_058	virtual_method	backend_t	0x00abfe94	backend_dataflow	0.950		vtable_slot:58:override
0x004064e8	FUN_004064e8	backend_t__vslot_062	virtual_method	backend_t	0x00abfe94	backend_dataflow	0.950		vtable_slot:62:override
0x004064ed	FUN_004064ed	backend_t__vslot_075	virtual_method	backend_t	0x00abfe94	backend_dataflow	0.950		vtable_slot:75:override
0x004064f2	FUN_004064f2	backend_t__vslot_076	virtual_method	backend_t	0x00abfe94	backend_dataflow	0.950		vtable_slot:76:override
0x004064f7	FUN_004064f7	backend_t__vslot_078	virtual_method	backend_t	0x00abfe94	backend_dataflow	0.950		vtable_slot:78:override
0x00406505	FUN_00406505	backend_t__vslot_079	virtual_method	backend_t	0x00abfe94	backend_dataflow	0.950		vtable_slot:79:override
0x0040650e	FUN_0040650e	backend_t__vslot_080	virtual_method	backend_t	0x00abfe94	backend_dataflow	0.950		vtable_slot:80:override
0x0040651e	FUN_0040651e	backend_t__vslot_083	virtual_method	backend_t	0x00abfe94	backend_dataflow	0.950		vtable_slot:83:override
0x00406527	FUN_00406527	backend_t__vslot_087	virtual_method	backend_t	0x00abfe94	backend_dataflow	0.950		vtable_slot:87:override
0x00406530	FUN_00406530	backend_t__vslot_088	virtual_method	backend_t	0x00abfe94	backend_dataflow	0.950		vtable_slot:88:override
0x00406535	FUN_00406535	backend_t__vslot_089	virtual_method	backend_t	0x00abfe94	backend_dataflow	0.950		vtable_slot:89:override
0x0040653a	FUN_0040653a	backend_t__vslot_090	virtual_method	backend_t	0x00abfe94	backend_dataflow	0.950		vtable_slot:90:override
0x00406567	FUN_00406567	backend_t__vslot_117	virtual_method	backend_t	0x00abfe94	backend_dataflow	0.950		vtable_slot:117:override
0x00406570	FUN_00406570	backend_t__vslot_122	virtual_method	backend_t	0x00abfe94	backend_dataflow	0.950		vtable_slot:122:override
0x00406579	FUN_00406579	backend_t__vslot_123	virtual_method	backend_t	0x00abfe94	backend_dataflow	0.950		vtable_slot:123:override
0x00406582	FUN_00406582	backend_t__vslot_124	virtual_method	backend_t	0x00abfe94	backend_dataflow	0.950		vtable_slot:124:override
0x0040658b	FUN_0040658b	backend_t__vslot_125	virtual_method	backend_t	0x00abfe94	backend_dataflow	0.950		vtable_slot:125:override
0x00406594	FUN_00406594	backend_t__vslot_126	virtual_method	backend_t	0x00abfe94	backend_dataflow	0.950		vtable_slot:126:override
0x0040659d	FUN_0040659d	backend_t__vslot_129	virtual_method	backend_t	0x00abfe94	backend_dataflow	0.950		vtable_slot:129:override
0x004065a2	FUN_004065a2	backend_t__vslot_132	virtual_method	backend_t	0x00abfe94	backend_dataflow	0.950		vtable_slot:132:override
0x004065ab	FUN_004065ab	backend_t__vslot_138	virtual_method	backend_t	0x00abfe94	backend_dataflow	0.950		vtable_slot:138:override
0x004065b4	FUN_004065b4	backend_t__vslot_141	virtual_method	backend_t	0x00abfe94	backend_dataflow	0.950		vtable_slot:141:override
0x004065b9	FUN_004065b9	backend_t__vslot_144	virtual_method	backend_t	0x00abfe94	backend_dataflow	0.950		vtable_slot:144:override
0x004065cd	FUN_004065cd	backend_t__vslot_146	virtual_method	backend_t	0x00abfe94	backend_dataflow	0.950		vtable_slot:146:override
0x004065d2	FUN_004065d2	backend_t__vslot_147	virtual_method	backend_t	0x00abfe94	backend_dataflow	0.950		vtable_slot:147:override
0x004065d7	FUN_004065d7	backend_t__vslot_148	virtual_method	backend_t	0x00abfe94	backend_dataflow	0.950		vtable_slot:148:override
0x004065e1	FUN_004065e1	backend_t__vslot_152	virtual_method	backend_t	0x00abfe94	backend_dataflow	0.950		vtable_slot:152:override
0x004065ea	FUN_004065ea	backend_t__vslot_153	virtual_method	backend_t	0x00abfe94	backend_dataflow	0.950		vtable_slot:153:override
0x004065f4	FUN_004065f4	backend_t__vslot_154	virtual_method	backend_t	0x00abfe94	backend_dataflow	0.950		vtable_slot:154:override
0x00406612	FUN_00406612	backend_t__vslot_161	virtual_method	backend_t	0x00abfe94	backend_dataflow	0.950		vtable_slot:161:override
0x00406617	FUN_00406617	backend_t__vslot_162	virtual_method	backend_t	0x00abfe94	backend_dataflow	0.950		vtable_slot:162:override
0x0040661c	FUN_0040661c	backend_t__vslot_163	virtual_method	backend_t	0x00abfe94	backend_dataflow	0.950		vtable_slot:163:override
0x00406621	FUN_00406621	backend_t__vslot_164	virtual_method	backend_t	0x00abfe94	backend_dataflow	0.950		vtable_slot:164:override
0x0040662b	FUN_0040662b	backend_t__vslot_182	virtual_method	backend_t	0x00abfe94	backend_dataflow	0.950		vtable_slot:182:override
0x00406630	FUN_00406630	backend_t__vslot_189	virtual_method	backend_t	0x00abfe94	backend_dataflow	0.950		vtable_slot:189:override
0x00406635	FUN_00406635	backend_t__vslot_198	virtual_method	backend_t	0x00abfe94	backend_dataflow	0.950		vtable_slot:198:override
0x0040663e	FUN_0040663e	backend_t__vslot_201	virtual_method	backend_t	0x00abfe94	backend_dataflow	0.950		vtable_slot:201:override
0x0040665b	FUN_0040665b	backend_t__vslot_204	virtual_method	backend_t	0x00abfe94	backend_dataflow	0.950		vtable_slot:204:override
0x00406660	FUN_00406660	backend_t__vslot_208	virtual_method	backend_t	0x00abfe94	backend_dataflow	0.950		vtable_slot:208:override
0x00406669	FUN_00406669	backend_t__vslot_209	virtual_method	backend_t	0x00abfe94	backend_dataflow	0.950		vtable_slot:209:override
0x00406672	FUN_00406672	backend_t__vslot_211	virtual_method	backend_t	0x00abfe94	backend_dataflow	0.950		vtable_slot:211:override
0x0040667c	FUN_0040667c	backend_t__vslot_213	virtual_method	backend_t	0x00abfe94	backend_dataflow	0.950		vtable_slot:213:override
0x00406681	FUN_00406681	backend_t__vslot_214	virtual_method	backend_t	0x00abfe94	backend_dataflow	0.950		vtable_slot:214:override
0x0040668a	FUN_0040668a	backend_t__vslot_215	virtual_method	backend_t	0x00abfe94	backend_dataflow	0.950		vtable_slot:215:override
0x0040668f	FUN_0040668f	backend_t__vslot_217	virtual_method	backend_t	0x00abfe94	backend_dataflow	0.950		vtable_slot:217:override
0x00406698	FUN_00406698	backend_t__vslot_218	virtual_method	backend_t	0x00abfe94	backend_dataflow	0.950		vtable_slot:218:override
0x004066a1	FUN_004066a1	backend_t__vslot_219	virtual_method	backend_t	0x00abfe94	backend_dataflow	0.950		vtable_slot:219:override
0x004066b4	FUN_004066b4	backend_t__vslot_221	virtual_method	backend_t	0x00abfe94	backend_dataflow	0.950		vtable_slot:221:override
0x004066cd	FUN_004066cd	backend_t__vslot_224	virtual_method	backend_t	0x00abfe94	backend_dataflow	0.950		vtable_slot:224:override
0x004066d6	FUN_004066d6	backend_t__vslot_225	virtual_method	backend_t	0x00abfe94	backend_dataflow	0.950		vtable_slot:225:override
0x004066db	FUN_004066db	backend_t__vslot_226	virtual_method	backend_t	0x00abfe94	backend_dataflow	0.950		vtable_slot:226:override
0x004066e0	FUN_004066e0	backend_t__vslot_227	virtual_method	backend_t	0x00abfe94	backend_dataflow	0.950		vtable_slot:227:override
0x004066e5	FUN_004066e5	backend_t__vslot_230	virtual_method	backend_t	0x00abfe94	backend_dataflow	0.950		vtable_slot:230:override
0x004066fd	FUN_004066fd	backend_t__vslot_232	virtual_method	backend_t	0x00abfe94	backend_dataflow	0.950		vtable_slot:232:override
0x00406706	FUN_00406706	backend_t__vslot_233	virtual_method	backend_t	0x00abfe94	backend_dataflow	0.950		vtable_slot:233:override
0x0040670b	FUN_0040670b	backend_t__vslot_019	virtual_method	backend_t	0x00abfe94	backend_dataflow	0.950		vtable_slot:19:override
0x00406714	FUN_00406714	backend_t__vslot_020	virtual_method	backend_t	0x00abfe94	backend_dataflow	0.950		vtable_slot:20:override
0x0040673a	FUN_0040673a	backend_t__vslot_240	virtual_method	backend_t	0x00abfe94	backend_dataflow	0.950		vtable_slot:240:override
0x0040673f	FUN_0040673f	backend_t__vslot_248	virtual_method	backend_t	0x00abfe94	backend_dataflow	0.950		vtable_slot:248:override
0x00406748	FUN_00406748	backend_t__vslot_249	virtual_method	backend_t	0x00abfe94	backend_dataflow	0.950		vtable_slot:249:override
0x00406751	FUN_00406751	backend_t__vslot_250	virtual_method	backend_t	0x00abfe94	backend_dataflow	0.950		vtable_slot:250:override
0x00406756	FUN_00406756	backend_t__vslot_251	virtual_method	backend_t	0x00abfe94	backend_dataflow	0.950		vtable_slot:251:override
0x0040675e	FUN_0040675e	backend_t__vslot_252	virtual_method	backend_t	0x00abfe94	backend_dataflow	0.950		vtable_slot:252:override
0x00406767	FUN_00406767	backend_t__vslot_259	virtual_method	backend_t	0x00abfe94	backend_dataflow	0.950		vtable_slot:259:override
0x00406770	FUN_00406770	backend_t__vslot_120	virtual_method	backend_t	0x00abfe94	backend_dataflow	0.950		vtable_slot:120:override
0x004067a8	FUN_004067a8	backend_t__vslot_121	virtual_method	backend_t	0x00abfe94	backend_dataflow	0.950		vtable_slot:121:override
0x004221e8	FUN_004221e8	backend_t__vslot_133	virtual_method	backend_t	0x00abfe94	backend_dataflow	0.950		vtable_slot:133:override
0x00422ff4	FUN_00422ff4	backend_t__vslot_187	virtual_method	backend_t	0x00abfe94	backend_dataflow	0.950	std::out_of_range@0.892;std::exception@0.766;std::logic_error@0.764;std::out_of_range@0.497	vtable_slot:187:override
0x00423965	FUN_00423965	backend_t__vslot_184	virtual_method	backend_t	0x00abfe94	backend_dataflow	0.950		vtable_slot:184:override
0x00423991	FUN_00423991	backend_t__vslot_185	virtual_method	backend_t	0x00abfe94	backend_dataflow	0.950		vtable_slot:185:override
0x004239de	FUN_004239de	backend_t__vslot_039	virtual_method	backend_t	0x00abfe94	backend_dataflow	0.950		vtable_slot:39:override
0x00423aa1	FUN_00423aa1	backend_t__vslot_196	virtual_method	backend_t	0x00abfe94	backend_dataflow	0.950		vtable_slot:196:override
0x00423c13	FUN_00423c13	backend_t__vslot_195	virtual_method	backend_t	0x00abfe94	backend_dataflow	0.950		vtable_slot:195:override
0x00423e2d	FUN_00423e2d	backend_t__vslot_191	virtual_method	backend_t	0x00abfe94	backend_dataflow	0.950		vtable_slot:191:override
0x00423f45	FUN_00423f45	backend_t__vslot_167	virtual_method	backend_t	0x00abfe94	backend_dataflow	0.950		vtable_slot:167:override
0x00424027	FUN_00424027	backend_t__vslot_168	virtual_method	backend_t	0x00abfe94	backend_dataflow	0.950		vtable_slot:168:override
0x00424088	FUN_00424088	backend_t__vslot_065	virtual_method	backend_t	0x00abfe94	backend_dataflow	0.950		vtable_slot:65:override
0x00424123	FUN_00424123	backend_t__vslot_207	virtual_method	backend_t	0x00abfe94	backend_dataflow	0.950		vtable_slot:207:override
0x00424164	FUN_00424164	backend_t__vslot_112	virtual_method	backend_t	0x00abfe94	backend_dataflow	0.950		vtable_slot:112:override
0x004241a3	FUN_004241a3	backend_t__vslot_043	virtual_method	backend_t	0x00abfe94	backend_dataflow	0.950		vtable_slot:43:override
0x0042420b	FUN_0042420b	backend_t__vslot_038	virtual_method	backend_t	0x00abfe94	backend_dataflow	0.950		vtable_slot:38:override
0x004242c0	FUN_004242c0	backend_t__vslot_205	virtual_method	backend_t	0x00abfe94	backend_dataflow	0.950		vtable_slot:205:override
0x0042439b	FUN_0042439b	backend_t__vslot_242	virtual_method	backend_t	0x00abfe94	backend_dataflow	0.950		vtable_slot:242:override
0x00424b5d	FUN_00424b5d	backend_t__vslot_143	virtual_method	backend_t	0x00abfe94	backend_dataflow	0.950		vtable_slot:143:override
0x00424b8f	FUN_00424b8f	backend_t__vslot_142	virtual_method	backend_t	0x00abfe94	backend_dataflow	0.950		vtable_slot:142:override
0x00424bce	FUN_00424bce	backend_t__vslot_197	virtual_method	backend_t	0x00abfe94	backend_dataflow	0.950		vtable_slot:197:override
0x00424c29	FUN_00424c29	backend_t__vslot_241	virtual_method	backend_t	0x00abfe94	backend_dataflow	0.950		vtable_slot:241:override
0x00424c57	FUN_00424c57	backend_t__vslot_261	virtual_method	backend_t	0x00abfe94	backend_dataflow	0.950		vtable_slot:261:override
0x00424c85	FUN_00424c85	backend_t__vslot_190	virtual_method	backend_t	0x00abfe94	backend_dataflow	0.950		vtable_slot:190:override
0x00424eb8	FUN_00424eb8	std_bad_alloc__vslot_000	virtual_method	std::bad_alloc	0x00abffa8	std::exception	0.950		vtable_slot:0:override
0x00424edf	FUN_00424edf	std_bad_alloc__vslot_002	virtual_method	std::bad_alloc	0x00abffa8	std::exception	0.950		vtable_slot:2:override
0x00425566	FUN_00425566	std_logic_error__vslot_000	virtual_method	std::logic_error	0x00abffb8	std::exception	0.950		vtable_slot:0:override
0x0042559f	FUN_0042559f	std_logic_error__vslot_001	virtual_method	std::logic_error	0x00abffb8	std::exception	0.950	std::out_of_range@0.820	vtable_slot:1:override
0x004255bc	FUN_004255bc	std_logic_error__vslot_002	virtual_method	std::logic_error	0x00abffb8	std::exception	0.950		vtable_slot:2:override
0x004255cd	FUN_004255cd	std_out_of_range__vslot_000	virtual_method	std::out_of_range	0x00abffc8	std::exception	0.950		vtable_slot:0:override
0x00425617	FUN_00425617	std_runtime_error__vslot_000	virtual_method	std::runtime_error	0x00abffd8	std::exception	0.950		vtable_slot:0:override
0x00425650	FUN_00425650	std_runtime_error__vslot_001	virtual_method	std::runtime_error	0x00abffd8	std::exception	0.950	std::overflow_error@0.820	vtable_slot:1:override
0x0042566d	FUN_0042566d	std_runtime_error__vslot_002	virtual_method	std::runtime_error	0x00abffd8	std::exception	0.950		vtable_slot:2:override
0x0042567e	FUN_0042567e	std_overflow_error__vslot_000	virtual_method	std::overflow_error	0x00abffe8	std::exception	0.950		vtable_slot:0:override
0x00431693	FUN_00431693	backend_t__vslot_192	virtual_method	backend_t	0x00abfe94	backend_dataflow	0.950		vtable_slot:192:override
0x00431851	FUN_00431851	backend_t__vslot_179	virtual_method	backend_t	0x00abfe94	backend_dataflow	0.950		vtable_slot:179:override
0x00431985	FUN_00431985	backend_t__vslot_180	virtual_method	backend_t	0x00abfe94	backend_dataflow	0.950		vtable_slot:180:override
0x0043269d	FUN_0043269d	backend_t__vslot_181	virtual_method	backend_t	0x00abfe94	backend_dataflow	0.950		vtable_slot:181:override
0x00432726	FUN_00432726	backend_t__vslot_173	virtual_method	backend_t	0x00abfe94	backend_dataflow	0.950		vtable_slot:173:override
0x0043a1b7	FUN_0043a1b7	backend_t__vslot_175	virtual_method	backend_t	0x00abfe94	backend_dataflow	0.950		vtable_slot:175:override
0x0043a621	FUN_0043a621	backend_t__vslot_174	virtual_method	backend_t	0x00abfe94	backend_dataflow	0.950		vtable_slot:174:override
0x0043a698	FUN_0043a698	std_bad_alloc__vslot_000	virtual_method	std::bad_alloc	0x00ac0a28	std::exception	0.950		vtable_slot:0:override
0x0043a6bf	FUN_0043a6bf	std_bad_alloc__vslot_002	virtual_method	std::bad_alloc	0x00ac0a28	std::exception	0.950		vtable_slot:2:override
0x0043ad46	FUN_0043ad46	std_logic_error__vslot_000	virtual_method	std::logic_error	0x00ac0a38	std::exception	0.950		vtable_slot:0:override
0x0043ad7f	FUN_0043ad7f	std_logic_error__vslot_001	virtual_method	std::logic_error	0x00ac0a38	std::exception	0.950	std::out_of_range@0.820	vtable_slot:1:override
0x0043ad9c	FUN_0043ad9c	std_logic_error__vslot_002	virtual_method	std::logic_error	0x00ac0a38	std::exception	0.950		vtable_slot:2:override
0x0043adad	FUN_0043adad	std_out_of_range__vslot_000	virtual_method	std::out_of_range	0x00ac0a48	std::exception	0.950		vtable_slot:0:override
0x0043ec1b	FUN_0043ec1b	backend_t__vslot_193	virtual_method	backend_t	0x00abfe94	backend_dataflow	0.950		vtable_slot:193:override
0x00446740	FUN_00446740	backend_t__vslot_247	virtual_method	backend_t	0x00abfe94	backend_dataflow	0.950	backend_basetype@0.522;backend_basetype2@0.451	vtable_slot:247:override
0x00469105	FUN_00469105	backend_t__vslot_063	virtual_method	backend_t	0x00abfe94	backend_dataflow	0.950		vtable_slot:63:override
0x0046f8f7	FUN_0046f8f7	backend_t__vslot_060	virtual_method	backend_t	0x00abfe94	backend_dataflow	0.950		vtable_slot:60:override
0x0046f93f	FUN_0046f93f	backend_t__vslot_071	virtual_method	backend_t	0x00abfe94	backend_dataflow	0.950		vtable_slot:71:override
0x004711e8	FUN_004711e8	backend_t__vslot_070	virtual_method	backend_t	0x00abfe94	backend_dataflow	0.950		vtable_slot:70:override
0x00471769	FUN_00471769	backend_t__vslot_074	virtual_method	backend_t	0x00abfe94	backend_dataflow	0.950		vtable_slot:74:override
0x00471795	FUN_00471795	backend_t__vslot_073	virtual_method	backend_t	0x00abfe94	backend_dataflow	0.950		vtable_slot:73:override
0x0047196d	FUN_0047196d	backend_t__vslot_067	virtual_method	backend_t	0x00abfe94	backend_dataflow	0.950		vtable_slot:67:override
0x00473a91	FUN_00473a91	backend_t__vslot_081	virtual_method	backend_t	0x00abfe94	backend_dataflow	0.950		vtable_slot:81:override
0x0047c2f4	FUN_0047c2f4	backend_t__vslot_064	virtual_method	backend_t	0x00abfe94	backend_dataflow	0.950		vtable_slot:64:override
0x0047c39e	FUN_0047c39e	backend_t__vslot_253	virtual_method	backend_t	0x00abfe94	backend_dataflow	0.950		vtable_slot:253:override
0x004869f9	FUN_004869f9	backend_t__vslot_108	virtual_method	backend_t	0x00abfe94	backend_dataflow	0.950		vtable_slot:108:override
0x00486abc	FUN_00486abc	backend_t__vslot_105	virtual_method	backend_t	0x00abfe94	backend_dataflow	0.950		vtable_slot:105:override
0x00486ae9	FUN_00486ae9	backend_t__vslot_107	virtual_method	backend_t	0x00abfe94	backend_dataflow	0.950		vtable_slot:107:override
0x00486b20	FUN_00486b20	backend_t__vslot_106	virtual_method	backend_t	0x00abfe94	backend_dataflow	0.950		vtable_slot:106:override
0x00486b57	FUN_00486b57	backend_t__vslot_109	virtual_method	backend_t	0x00abfe94	backend_dataflow	0.950		vtable_slot:109:override
0x00486b90	FUN_00486b90	g4_resource_scheduler__vslot_000	virtual_method	g4_resource_scheduler	0x00ac5960	list_scheduler	0.950	ppc970_resource_scheduler@0.950	vtable_slot:0:override
0x00486cbc	FUN_00486cbc	g4_resource_scheduler__vslot_011	virtual_method	g4_resource_scheduler	0x00ac5960	list_scheduler	0.950		vtable_slot:11:override
0x00487f47	FUN_00487f47	g4_resource_scheduler__vslot_001	virtual_method	g4_resource_scheduler	0x00ac5960	list_scheduler	0.950	resource_model_scheduler@0.522	vtable_slot:1:override
0x00487ff2	FUN_00487ff2	ppc970_resource_scheduler__vslot_011	virtual_method	ppc970_resource_scheduler	0x00ac5970	list_scheduler	0.950		vtable_slot:11:override
0x00488266	FUN_00488266	ppc970_resource_scheduler__vslot_001	virtual_method	ppc970_resource_scheduler	0x00ac5970	list_scheduler	0.950	resource_model_scheduler@0.522	vtable_slot:1:override
0x0048a852	FUN_0048a852	ame_resource_scheduler__vslot_000	virtual_method	ame_resource_scheduler	0x00ac5980	list_scheduler	0.950		vtable_slot:0:override
0x0048a91c	FUN_0048a91c	ame_resource_scheduler__vslot_011	virtual_method	ame_resource_scheduler	0x00ac5980	list_scheduler	0.950		vtable_slot:11:override
0x0048af87	FUN_0048af87	ame_resource_scheduler__vslot_001	virtual_method	ame_resource_scheduler	0x00ac5980	list_scheduler	0.950	resource_model_scheduler@0.522	vtable_slot:1:override
0x0048cba0	FUN_0048cba0	backend_t__vslot_260	virtual_method	backend_t	0x00abfe94	backend_dataflow	0.950		vtable_slot:260:override
0x0049a873	FUN_0049a873	backend_t__vslot_245	virtual_method	backend_t	0x00abfe94	backend_dataflow	0.950		vtable_slot:245:override
0x0049efb5	FUN_0049efb5	backend_t__vslot_199	virtual_method	backend_t	0x00abfe94	backend_dataflow	0.950		vtable_slot:199:override
0x004a45f0	FUN_004a45f0	backend_t__vslot_069	virtual_method	backend_t	0x00abfe94	backend_dataflow	0.950	backend_basetype2@0.522	vtable_slot:69:override
0x004a4615	FUN_004a4615	backend_t__vslot_134	virtual_method	backend_t	0x00abfe94	backend_dataflow	0.950		vtable_slot:134:override
0x004a5d0f	FUN_004a5d0f	objectdata_twoop__vslot_001	virtual_method	objectdata_twoop	0x00ace1e0	objectdata	0.950		vtable_slot:1:override
0x004a5d19	FUN_004a5d19	objectdata_arrayop__vslot_001	virtual_method	objectdata_arrayop	0x00ace1f0	objectdata	0.950		vtable_slot:1:override
0x004a5d23	FUN_004a5d23	objectdata_vectorop__vslot_001	virtual_method	objectdata_vectorop	0x00ace200	objectdata	0.950		vtable_slot:1:override
0x004a5d2d	FUN_004a5d2d	objectdata_compoundop__vslot_001	virtual_method	objectdata_compoundop	0x00ace210	objectdata	0.950		vtable_slot:1:override
0x004a5d37	FUN_004a5d37	objectdata_magictype__vslot_001	virtual_method	objectdata_magictype	0x00ace220	objectdata	0.950		vtable_slot:1:override
0x004a5d41	FUN_004a5d41	objectdata_qindex__vslot_001	virtual_method	objectdata_qindex	0x00ace230	objectdata	0.950		vtable_slot:1:override
0x004a5d4b	FUN_004a5d4b	objectdata_dot__vslot_001	virtual_method	objectdata_dot	0x00ace240	objectdata	0.950		vtable_slot:1:override
0x004a5d55	FUN_004a5d55	objectdata_recordtyp__vslot_001	virtual_method	objectdata_recordtyp	0x00ace250	objectdata	0.950		vtable_slot:1:override
0x004a5d5f	FUN_004a5d5f	objectdata_subrangeop__vslot_001	virtual_method	objectdata_subrangeop	0x00ace260	objectdata	0.950		vtable_slot:1:override
0x004a5d69	FUN_004a5d69	objectdata_call__vslot_001	virtual_method	objectdata_call	0x00ace270	objectdata	0.950		vtable_slot:1:override
0x004a5d73	FUN_004a5d73	objectdata_rouconstr__vslot_001	virtual_method	objectdata_rouconstr	0x00ace280	objectdata	0.950		vtable_slot:1:override
0x004a5d7d	FUN_004a5d7d	objectdata_entryop__vslot_001	virtual_method	objectdata_entryop	0x00ace290	objectdata	0.950		vtable_slot:1:override
0x004a5d87	FUN_004a5d87	objectdata_statfunc__vslot_001	virtual_method	objectdata_statfunc	0x00ace2a0	objectdata	0.950		vtable_slot:1:override
0x004a5d91	FUN_004a5d91	objectdata_qaddrs__vslot_001	virtual_method	objectdata_qaddrs	0x00ace2b0	objectdata	0.950		vtable_slot:1:override
0x004a5d9b	FUN_004a5d9b	objectdata_variable__vslot_001	virtual_method	objectdata_variable	0x00ace2c0	objectdata	0.950		vtable_slot:1:override
0x004a5da5	FUN_004a5da5	objectdata_varfield__vslot_001	virtual_method	objectdata_varfield	0x00ace2d0	objectdata	0.950		vtable_slot:1:override
0x004a5daf	FUN_004a5daf	objectdata_generic__vslot_001	virtual_method	objectdata_generic	0x00ace2e0	objectdata	0.950		vtable_slot:1:override
0x004a60ed	FUN_004a60ed	objectdata_scalconst__vslot_001	virtual_method	objectdata_scalconst	0x00ace2f0	objectdata	0.950		vtable_slot:1:override
0x004a60f7	FUN_004a60f7	objectdata_floatconst__vslot_001	virtual_method	objectdata_floatconst	0x00ace300	objectdata	0.950		vtable_slot:1:override
0x004a6101	FUN_004a6101	objectdata_strconst__vslot_001	virtual_method	objectdata_strconst	0x00ace310	objectdata	0.950		vtable_slot:1:override
0x004a610b	FUN_004a610b	objectdata_setconstructor__vslot_001	virtual_method	objectdata_setconstructor	0x00ace320	objectdata	0.950		vtable_slot:1:override
0x004a6115	FUN_004a6115	objectdata_complexop__vslot_001	virtual_method	objectdata_complexop	0x00ace330	objectdata	0.950		vtable_slot:1:override
0x004a611f	FUN_004a611f	objectdata_data__vslot_001	virtual_method	objectdata_data	0x00ace340	objectdata	0.950		vtable_slot:1:override
0x004a6129	FUN_004a6129	objectdata_qjcond__vslot_001	virtual_method	objectdata_qjcond	0x00ace350	objectdata	0.950		vtable_slot:1:override
0x004a6133	FUN_004a6133	objectdata_qjmp__vslot_001	virtual_method	objectdata_qjmp	0x00ace360	objectdata	0.950		vtable_slot:1:override
0x004a613d	FUN_004a613d	objectdata_qjtab__vslot_001	virtual_method	objectdata_qjtab	0x00ace370	objectdata	0.950		vtable_slot:1:override
0x004a6147	FUN_004a6147	objectdata_arithifi__vslot_001	virtual_method	objectdata_arithifi	0x00ace380	objectdata	0.950		vtable_slot:1:override
0x004a6151	FUN_004a6151	objectdata_ifop__vslot_001	virtual_method	objectdata_ifop	0x00ace390	objectdata	0.950		vtable_slot:1:override
0x004a615b	FUN_004a615b	objectdata_predcode__vslot_001	virtual_method	objectdata_predcode	0x00ace3a0	objectdata	0.950		vtable_slot:1:override
0x004a6165	FUN_004a6165	objectdata_block__vslot_001	virtual_method	objectdata_block	0x00ace3b0	objectdata	0.950		vtable_slot:1:override
0x004a616f	FUN_004a616f	objectdata_undefop__vslot_001	virtual_method	objectdata_undefop	0x00ace3c0	objectdata	0.950		vtable_slot:1:override
0x004a6179	FUN_004a6179	objectdata_fourop__vslot_001	virtual_method	objectdata_fourop	0x00ace3d0	objectdata	0.950		vtable_slot:1:override
0x004a6183	FUN_004a6183	objectdata_casm__vslot_001	virtual_method	objectdata_casm	0x00ace3e0	objectdata	0.950		vtable_slot:1:override
0x004a618d	FUN_004a618d	objectdata_lineop__vslot_001	virtual_method	objectdata_lineop	0x00ace3f0	objectdata	0.950		vtable_slot:1:override
0x004a6197	FUN_004a6197	objectdata_commentop__vslot_001	virtual_method	objectdata_commentop	0x00ace400	objectdata	0.950		vtable_slot:1:override
0x004a61a1	FUN_004a61a1	objectdata_startscope__vslot_001	virtual_method	objectdata_startscope	0x00ace410	objectdata	0.950		vtable_slot:1:override
0x004a61ab	FUN_004a61ab	objectdata_leavescope__vslot_001	virtual_method	objectdata_leavescope	0x00ace420	objectdata	0.950		vtable_slot:1:override
0x004a61b5	FUN_004a61b5	objectdata_varargsop__vslot_001	virtual_method	objectdata_varargsop	0x00ace430	objectdata	0.950		vtable_slot:1:override
0x004a61bf	FUN_004a61bf	objectdata_statexpr__vslot_001	virtual_method	objectdata_statexpr	0x00ace440	objectdata	0.950		vtable_slot:1:override
0x004dea19	FUN_004dea19	objectdata_twoop__vslot_000	virtual_method	objectdata_twoop	0x00ace1e0	objectdata	0.950		vtable_slot:0:override
0x004dea1e	FUN_004dea1e	objectdata_arrayop__vslot_000	virtual_method	objectdata_arrayop	0x00ace1f0	objectdata	0.950		vtable_slot:0:override
0x004dea23	FUN_004dea23	objectdata_vectorop__vslot_000	virtual_method	objectdata_vectorop	0x00ace200	objectdata	0.950		vtable_slot:0:override
0x004dea28	FUN_004dea28	objectdata_compoundop__vslot_000	virtual_method	objectdata_compoundop	0x00ace210	objectdata	0.950		vtable_slot:0:override
0x004dea2d	FUN_004dea2d	objectdata_magictype__vslot_000	virtual_method	objectdata_magictype	0x00ace220	objectdata	0.950		vtable_slot:0:override
0x004dea32	FUN_004dea32	objectdata_qindex__vslot_000	virtual_method	objectdata_qindex	0x00ace230	objectdata	0.950		vtable_slot:0:override
0x004dea37	FUN_004dea37	objectdata_dot__vslot_000	virtual_method	objectdata_dot	0x00ace240	objectdata	0.950		vtable_slot:0:override
0x004dea3c	FUN_004dea3c	objectdata_recordtyp__vslot_000	virtual_method	objectdata_recordtyp	0x00ace250	objectdata	0.950		vtable_slot:0:override
0x004dea41	FUN_004dea41	objectdata_subrangeop__vslot_000	virtual_method	objectdata_subrangeop	0x00ace260	objectdata	0.950		vtable_slot:0:override
0x004dea46	FUN_004dea46	objectdata_call__vslot_000	virtual_method	objectdata_call	0x00ace270	objectdata	0.950		vtable_slot:0:override
0x004dea4b	FUN_004dea4b	objectdata_rouconstr__vslot_000	virtual_method	objectdata_rouconstr	0x00ace280	objectdata	0.950		vtable_slot:0:override
0x004dea50	FUN_004dea50	objectdata_entryop__vslot_000	virtual_method	objectdata_entryop	0x00ace290	objectdata	0.950		vtable_slot:0:override
0x004dea55	FUN_004dea55	objectdata_statfunc__vslot_000	virtual_method	objectdata_statfunc	0x00ace2a0	objectdata	0.950		vtable_slot:0:override
0x004dea5a	FUN_004dea5a	objectdata_qaddrs__vslot_000	virtual_method	objectdata_qaddrs	0x00ace2b0	objectdata	0.950		vtable_slot:0:override
0x004dea5f	FUN_004dea5f	objectdata_variable__vslot_000	virtual_method	objectdata_variable	0x00ace2c0	objectdata	0.950		vtable_slot:0:override
0x004dea64	FUN_004dea64	objectdata_varfield__vslot_000	virtual_method	objectdata_varfield	0x00ace2d0	objectdata	0.950		vtable_slot:0:override
0x004dea69	FUN_004dea69	objectdata_generic__vslot_000	virtual_method	objectdata_generic	0x00ace2e0	objectdata	0.950		vtable_slot:0:override
0x004dea6e	FUN_004dea6e	objectdata_scalconst__vslot_000	virtual_method	objectdata_scalconst	0x00ace2f0	objectdata	0.950		vtable_slot:0:override
0x004dea73	FUN_004dea73	objectdata_floatconst__vslot_000	virtual_method	objectdata_floatconst	0x00ace300	objectdata	0.950		vtable_slot:0:override
0x004dea78	FUN_004dea78	objectdata_strconst__vslot_000	virtual_method	objectdata_strconst	0x00ace310	objectdata	0.950		vtable_slot:0:override
0x004dea7d	FUN_004dea7d	objectdata_setconstructor__vslot_000	virtual_method	objectdata_setconstructor	0x00ace320	objectdata	0.950		vtable_slot:0:override
0x004dea82	FUN_004dea82	objectdata_complexop__vslot_000	virtual_method	objectdata_complexop	0x00ace330	objectdata	0.950		vtable_slot:0:override
0x004dea87	FUN_004dea87	objectdata_data__vslot_000	virtual_method	objectdata_data	0x00ace340	objectdata	0.950		vtable_slot:0:override
0x004dea8c	FUN_004dea8c	objectdata_qjcond__vslot_000	virtual_method	objectdata_qjcond	0x00ace350	objectdata	0.950		vtable_slot:0:override
0x004dea91	FUN_004dea91	objectdata_qjmp__vslot_000	virtual_method	objectdata_qjmp	0x00ace360	objectdata	0.950		vtable_slot:0:override
0x004dea96	FUN_004dea96	objectdata_qjtab__vslot_000	virtual_method	objectdata_qjtab	0x00ace370	objectdata	0.950		vtable_slot:0:override
0x004dea9b	FUN_004dea9b	objectdata_arithifi__vslot_000	virtual_method	objectdata_arithifi	0x00ace380	objectdata	0.950		vtable_slot:0:override
0x004deaa0	FUN_004deaa0	objectdata_ifop__vslot_000	virtual_method	objectdata_ifop	0x00ace390	objectdata	0.950		vtable_slot:0:override
0x004deaa5	FUN_004deaa5	objectdata_predcode__vslot_000	virtual_method	objectdata_predcode	0x00ace3a0	objectdata	0.950		vtable_slot:0:override
0x004deaaa	FUN_004deaaa	objectdata_block__vslot_000	virtual_method	objectdata_block	0x00ace3b0	objectdata	0.950		vtable_slot:0:override
0x004deaaf	FUN_004deaaf	objectdata_undefop__vslot_000	virtual_method	objectdata_undefop	0x00ace3c0	objectdata	0.950		vtable_slot:0:override
0x004deab4	FUN_004deab4	objectdata_fourop__vslot_000	virtual_method	objectdata_fourop	0x00ace3d0	objectdata	0.950		vtable_slot:0:override
0x004deab9	FUN_004deab9	objectdata_casm__vslot_000	virtual_method	objectdata_casm	0x00ace3e0	objectdata	0.950		vtable_slot:0:override
0x004deabe	FUN_004deabe	objectdata_lineop__vslot_000	virtual_method	objectdata_lineop	0x00ace3f0	objectdata	0.950		vtable_slot:0:override
0x004deac3	FUN_004deac3	objectdata_commentop__vslot_000	virtual_method	objectdata_commentop	0x00ace400	objectdata	0.950		vtable_slot:0:override
0x004deac8	FUN_004deac8	objectdata_startscope__vslot_000	virtual_method	objectdata_startscope	0x00ace410	objectdata	0.950		vtable_slot:0:override
0x004deacd	FUN_004deacd	objectdata_leavescope__vslot_000	virtual_method	objectdata_leavescope	0x00ace420	objectdata	0.950		vtable_slot:0:override
0x004dead2	FUN_004dead2	objectdata_varargsop__vslot_000	virtual_method	objectdata_varargsop	0x00ace430	objectdata	0.950		vtable_slot:0:override
0x004dead7	FUN_004dead7	objectdata_statexpr__vslot_000	virtual_method	objectdata_statexpr	0x00ace440	objectdata	0.950		vtable_slot:0:override
0x004e0fd7	FUN_004e0fd7	std_bad_alloc__vslot_000	virtual_method	std::bad_alloc	0x00ace638	std::exception	0.950		vtable_slot:0:override
0x004e0ffe	FUN_004e0ffe	std_bad_alloc__vslot_002	virtual_method	std::bad_alloc	0x00ace638	std::exception	0.950		vtable_slot:2:override
0x004e1685	FUN_004e1685	std_logic_error__vslot_000	virtual_method	std::logic_error	0x00ace648	std::exception	0.950		vtable_slot:0:override
0x004e16be	FUN_004e16be	std_logic_error__vslot_001	virtual_method	std::logic_error	0x00ace648	std::exception	0.950	std::out_of_range@0.820	vtable_slot:1:override
0x004e16db	FUN_004e16db	std_logic_error__vslot_002	virtual_method	std::logic_error	0x00ace648	std::exception	0.950		vtable_slot:2:override
0x004e16ec	FUN_004e16ec	std_out_of_range__vslot_000	virtual_method	std::out_of_range	0x00ace658	std::exception	0.950		vtable_slot:0:override
0x004e1736	FUN_004e1736	std_runtime_error__vslot_000	virtual_method	std::runtime_error	0x00ace668	std::exception	0.950		vtable_slot:0:override
0x004e176f	FUN_004e176f	std_runtime_error__vslot_001	virtual_method	std::runtime_error	0x00ace668	std::exception	0.950	std::overflow_error@0.820	vtable_slot:1:override
0x004e178c	FUN_004e178c	std_runtime_error__vslot_002	virtual_method	std::runtime_error	0x00ace668	std::exception	0.950		vtable_slot:2:override
0x004e179d	FUN_004e179d	std_overflow_error__vslot_000	virtual_method	std::overflow_error	0x00ace678	std::exception	0.950		vtable_slot:0:override
0x004e2d50	FUN_004e2d50	backend_basetype__vslot_212	virtual_method	backend_basetype	0x00afc4e0	backend_dataflow	0.950	backend_t@0.820;backend_basetype2@0.820	vtable_slot:212:introduced
0x00500898	FUN_00500898	TouchesDf__vslot_000	virtual_method	TouchesDf	0x00acf6d0	InterblockDf	0.950		vtable_slot:0:override
0x00500b42	FUN_00500b42	TouchesDf__vslot_001	virtual_method	TouchesDf	0x00acf6d0	InterblockDf	0.950		vtable_slot:1:override
0x00500b9f	FUN_00500b9f	LivenessDf__vslot_000	virtual_method	LivenessDf	0x00acf6e0	InterblockDf	0.950		vtable_slot:0:override
0x00500cd7	FUN_00500cd7	LivenessDf__vslot_001	virtual_method	LivenessDf	0x00acf6e0	InterblockDf	0.950		vtable_slot:1:override
0x00500d3f	FUN_00500d3f	PostLivenessDf__vslot_000	virtual_method	PostLivenessDf	0x00acf6f0	InterblockDf	0.950		vtable_slot:0:override
0x00500d44	FUN_00500d44	PostLivenessDf__vslot_001	virtual_method	PostLivenessDf	0x00acf6f0	InterblockDf	0.950		vtable_slot:1:override
0x005ba5d0	FUN_005ba5d0	backend_basetype__vslot_000	virtual_method	backend_basetype	0x00afc4e0	backend_dataflow	0.950		vtable_slot:0:override
0x005ba5d5	FUN_005ba5d5	backend_basetype__vslot_002	virtual_method	backend_basetype	0x00afc4e0	backend_dataflow	0.950		vtable_slot:2:override
0x005ba5da	FUN_005ba5da	backend_basetype__vslot_003	virtual_method	backend_basetype	0x00afc4e0	backend_dataflow	0.950		vtable_slot:3:override
0x005ba5e3	FUN_005ba5e3	backend_basetype__vslot_004	virtual_method	backend_basetype	0x00afc4e0	backend_dataflow	0.950		vtable_slot:4:override
0x005ba5ec	FUN_005ba5ec	backend_basetype__vslot_009	virtual_method	backend_basetype	0x00afc4e0	backend_dataflow	0.950		vtable_slot:9:override
0x005ba5f5	FUN_005ba5f5	backend_basetype__vslot_011	virtual_method	backend_basetype	0x00afc4e0	backend_dataflow	0.950		vtable_slot:11:override
0x005ba609	FUN_005ba609	backend_basetype__vslot_013	virtual_method	backend_basetype	0x00afc4e0	backend_dataflow	0.950		vtable_slot:13:override
0x005ba612	FUN_005ba612	backend_basetype__vslot_014	virtual_method	backend_basetype	0x00afc4e0	backend_dataflow	0.950		vtable_slot:14:override
0x005ba61b	FUN_005ba61b	backend_basetype__vslot_015	virtual_method	backend_basetype	0x00afc4e0	backend_dataflow	0.950		vtable_slot:15:override
0x005ba633	FUN_005ba633	backend_basetype__vslot_017	virtual_method	backend_basetype	0x00afc4e0	backend_dataflow	0.950		vtable_slot:17:override
0x005ba66a	FUN_005ba66a	backend_basetype__vslot_026	virtual_method	backend_basetype	0x00afc4e0	backend_dataflow	0.950		vtable_slot:26:override
0x005ba67f	FUN_005ba67f	backend_basetype__vslot_027	virtual_method	backend_basetype	0x00afc4e0	backend_dataflow	0.950		vtable_slot:27:override
0x005ba688	FUN_005ba688	backend_basetype__vslot_029	virtual_method	backend_basetype	0x00afc4e0	backend_dataflow	0.950		vtable_slot:29:introduced
0x005ba692	FUN_005ba692	backend_basetype__vslot_034	virtual_method	backend_basetype	0x00afc4e0	backend_dataflow	0.950		vtable_slot:34:introduced
0x005ba69c	FUN_005ba69c	backend_basetype__vslot_040	virtual_method	backend_basetype	0x00afc4e0	backend_dataflow	0.950		vtable_slot:40:introduced
0x005ba6a5	FUN_005ba6a5	backend_basetype__vslot_043	virtual_method	backend_basetype	0x00afc4e0	backend_dataflow	0.950		vtable_slot:43:introduced
0x005ba6ae	FUN_005ba6ae	backend_basetype__vslot_044	virtual_method	backend_basetype	0x00afc4e0	backend_dataflow	0.950		vtable_slot:44:introduced
0x005ba6b7	FUN_005ba6b7	backend_basetype__vslot_058	virtual_method	backend_basetype	0x00afc4e0	backend_dataflow	0.950		vtable_slot:58:introduced
0x005ba6c0	FUN_005ba6c0	backend_basetype__vslot_062	virtual_method	backend_basetype	0x00afc4e0	backend_dataflow	0.950		vtable_slot:62:introduced
0x005ba6c5	FUN_005ba6c5	backend_basetype__vslot_065	virtual_method	backend_basetype	0x00afc4e0	backend_dataflow	0.950		vtable_slot:65:introduced
0x005ba6ce	FUN_005ba6ce	backend_basetype__vslot_066	virtual_method	backend_basetype	0x00afc4e0	backend_dataflow	0.950		vtable_slot:66:introduced
0x005ba6d7	FUN_005ba6d7	backend_basetype__vslot_067	virtual_method	backend_basetype	0x00afc4e0	backend_dataflow	0.950		vtable_slot:67:introduced
0x005ba6e0	FUN_005ba6e0	backend_basetype__vslot_068	virtual_method	backend_basetype	0x00afc4e0	backend_dataflow	0.950		vtable_slot:68:introduced
0x005ba6ea	FUN_005ba6ea	backend_basetype__vslot_069	virtual_method	backend_basetype	0x00afc4e0	backend_dataflow	0.950		vtable_slot:69:introduced
0x005ba6f4	FUN_005ba6f4	backend_basetype__vslot_070	virtual_method	backend_basetype	0x00afc4e0	backend_dataflow	0.950		vtable_slot:70:introduced
0x005ba6fd	FUN_005ba6fd	backend_basetype__vslot_071	virtual_method	backend_basetype	0x00afc4e0	backend_dataflow	0.950		vtable_slot:71:introduced
0x005ba706	FUN_005ba706	backend_basetype__vslot_072	virtual_method	backend_basetype	0x00afc4e0	backend_dataflow	0.950		vtable_slot:72:introduced
0x005ba70f	FUN_005ba70f	backend_basetype__vslot_073	virtual_method	backend_basetype	0x00afc4e0	backend_dataflow	0.950		vtable_slot:73:introduced
0x005ba718	FUN_005ba718	backend_basetype__vslot_074	virtual_method	backend_basetype	0x00afc4e0	backend_dataflow	0.950		vtable_slot:74:introduced
0x005ba71d	FUN_005ba71d	backend_basetype__vslot_075	virtual_method	backend_basetype	0x00afc4e0	backend_dataflow	0.950		vtable_slot:75:introduced
0x005ba722	FUN_005ba722	backend_basetype__vslot_076	virtual_method	backend_basetype	0x00afc4e0	backend_dataflow	0.950		vtable_slot:76:introduced
0x005ba731	FUN_005ba731	backend_basetype__vslot_078	virtual_method	backend_basetype	0x00afc4e0	backend_dataflow	0.950		vtable_slot:78:introduced
0x005ba73f	FUN_005ba73f	backend_basetype__vslot_079	virtual_method	backend_basetype	0x00afc4e0	backend_dataflow	0.950		vtable_slot:79:introduced
0x005ba748	FUN_005ba748	backend_basetype__vslot_080	virtual_method	backend_basetype	0x00afc4e0	backend_dataflow	0.950		vtable_slot:80:introduced
0x005ba758	FUN_005ba758	backend_basetype__vslot_081	virtual_method	backend_basetype	0x00afc4e0	backend_dataflow	0.950		vtable_slot:81:introduced
0x005ba762	FUN_005ba762	backend_basetype__vslot_083	virtual_method	backend_basetype	0x00afc4e0	backend_dataflow	0.950		vtable_slot:83:introduced
0x005ba76b	FUN_005ba76b	backend_basetype__vslot_084	virtual_method	backend_basetype	0x00afc4e0	backend_dataflow	0.950		vtable_slot:84:introduced
0x005ba770	FUN_005ba770	backend_basetype__vslot_087	virtual_method	backend_basetype	0x00afc4e0	backend_dataflow	0.950		vtable_slot:87:introduced
0x005ba779	FUN_005ba779	backend_basetype__vslot_088	virtual_method	backend_basetype	0x00afc4e0	backend_dataflow	0.950		vtable_slot:88:introduced
0x005ba77e	FUN_005ba77e	backend_basetype__vslot_089	virtual_method	backend_basetype	0x00afc4e0	backend_dataflow	0.950		vtable_slot:89:introduced
0x005ba783	FUN_005ba783	backend_basetype__vslot_090	virtual_method	backend_basetype	0x00afc4e0	backend_dataflow	0.950		vtable_slot:90:introduced
0x005ba7e8	FUN_005ba7e8	backend_basetype__vslot_105	virtual_method	backend_basetype	0x00afc4e0	backend_dataflow	0.950		vtable_slot:105:introduced
0x005ba88a	FUN_005ba88a	backend_basetype__vslot_117	virtual_method	backend_basetype	0x00afc4e0	backend_dataflow	0.950		vtable_slot:117:introduced
0x005ba893	FUN_005ba893	backend_basetype__vslot_120	virtual_method	backend_basetype	0x00afc4e0	backend_dataflow	0.950		vtable_slot:120:introduced
0x005ba89c	FUN_005ba89c	backend_basetype__vslot_121	virtual_method	backend_basetype	0x00afc4e0	backend_dataflow	0.950		vtable_slot:121:introduced
0x005ba8a5	FUN_005ba8a5	backend_basetype__vslot_122	virtual_method	backend_basetype	0x00afc4e0	backend_dataflow	0.950		vtable_slot:122:introduced
0x005ba8ae	FUN_005ba8ae	backend_basetype__vslot_123	virtual_method	backend_basetype	0x00afc4e0	backend_dataflow	0.950		vtable_slot:123:introduced
0x005ba8b7	FUN_005ba8b7	backend_basetype__vslot_124	virtual_method	backend_basetype	0x00afc4e0	backend_dataflow	0.950		vtable_slot:124:introduced
0x005ba8c0	FUN_005ba8c0	backend_basetype__vslot_125	virtual_method	backend_basetype	0x00afc4e0	backend_dataflow	0.950		vtable_slot:125:introduced
0x005ba8c9	FUN_005ba8c9	backend_basetype__vslot_126	virtual_method	backend_basetype	0x00afc4e0	backend_dataflow	0.950		vtable_slot:126:introduced
0x005ba935	FUN_005ba935	backend_basetype__vslot_129	virtual_method	backend_basetype	0x00afc4e0	backend_dataflow	0.950		vtable_slot:129:introduced
0x005ba93a	FUN_005ba93a	backend_basetype__vslot_132	virtual_method	backend_basetype	0x00afc4e0	backend_dataflow	0.950		vtable_slot:132:introduced
0x005ba943	FUN_005ba943	backend_basetype__vslot_138	virtual_method	backend_basetype	0x00afc4e0	backend_dataflow	0.950		vtable_slot:138:introduced
0x005ba94c	FUN_005ba94c	backend_basetype__vslot_140	virtual_method	backend_basetype	0x00afc4e0	backend_dataflow	0.950		vtable_slot:140:introduced
0x005ba951	FUN_005ba951	backend_basetype__vslot_141	virtual_method	backend_basetype	0x00afc4e0	backend_dataflow	0.950		vtable_slot:141:introduced
0x005ba956	FUN_005ba956	backend_basetype__vslot_142	virtual_method	backend_basetype	0x00afc4e0	backend_dataflow	0.950		vtable_slot:142:introduced
0x005ba95b	FUN_005ba95b	backend_basetype__vslot_143	virtual_method	backend_basetype	0x00afc4e0	backend_dataflow	0.950		vtable_slot:143:introduced
0x005ba960	FUN_005ba960	backend_basetype__vslot_144	virtual_method	backend_basetype	0x00afc4e0	backend_dataflow	0.950		vtable_slot:144:introduced
0x005ba974	FUN_005ba974	backend_basetype__vslot_146	virtual_method	backend_basetype	0x00afc4e0	backend_dataflow	0.950		vtable_slot:146:introduced
0x005ba979	FUN_005ba979	backend_basetype__vslot_147	virtual_method	backend_basetype	0x00afc4e0	backend_dataflow	0.950		vtable_slot:147:introduced
0x005ba97e	FUN_005ba97e	backend_basetype__vslot_148	virtual_method	backend_basetype	0x00afc4e0	backend_dataflow	0.950		vtable_slot:148:introduced
0x005ba988	FUN_005ba988	backend_basetype__vslot_152	virtual_method	backend_basetype	0x00afc4e0	backend_dataflow	0.950		vtable_slot:152:introduced
0x005ba991	FUN_005ba991	backend_basetype__vslot_153	virtual_method	backend_basetype	0x00afc4e0	backend_dataflow	0.950		vtable_slot:153:introduced
0x005ba99b	FUN_005ba99b	backend_basetype__vslot_154	virtual_method	backend_basetype	0x00afc4e0	backend_dataflow	0.950		vtable_slot:154:introduced
0x005ba9b9	FUN_005ba9b9	backend_basetype__vslot_161	virtual_method	backend_basetype	0x00afc4e0	backend_dataflow	0.950		vtable_slot:161:introduced
0x005ba9be	FUN_005ba9be	backend_basetype__vslot_162	virtual_method	backend_basetype	0x00afc4e0	backend_dataflow	0.950		vtable_slot:162:introduced
0x005ba9c3	FUN_005ba9c3	backend_basetype__vslot_163	virtual_method	backend_basetype	0x00afc4e0	backend_dataflow	0.950		vtable_slot:163:introduced
0x005ba9c8	FUN_005ba9c8	backend_basetype__vslot_164	virtual_method	backend_basetype	0x00afc4e0	backend_dataflow	0.950		vtable_slot:164:introduced
0x005ba9d2	FUN_005ba9d2	backend_basetype__vslot_182	virtual_method	backend_basetype	0x00afc4e0	backend_dataflow	0.950		vtable_slot:182:introduced
0x005ba9d7	FUN_005ba9d7	backend_basetype__vslot_187	virtual_method	backend_basetype	0x00afc4e0	backend_dataflow	0.950		vtable_slot:187:introduced
0x005ba9dc	FUN_005ba9dc	backend_basetype__vslot_188	virtual_method	backend_basetype	0x00afc4e0	backend_dataflow	0.950		vtable_slot:188:introduced
0x005ba9e6	FUN_005ba9e6	backend_basetype__vslot_189	virtual_method	backend_basetype	0x00afc4e0	backend_dataflow	0.950		vtable_slot:189:introduced
0x005ba9eb	FUN_005ba9eb	backend_basetype__vslot_190	virtual_method	backend_basetype	0x00afc4e0	backend_dataflow	0.950		vtable_slot:190:introduced
0x005ba9f3	FUN_005ba9f3	backend_basetype__vslot_191	virtual_method	backend_basetype	0x00afc4e0	backend_dataflow	0.950		vtable_slot:191:introduced
0x005ba9fc	FUN_005ba9fc	backend_basetype__vslot_192	virtual_method	backend_basetype	0x00afc4e0	backend_dataflow	0.950		vtable_slot:192:introduced
0x005baa05	FUN_005baa05	backend_basetype__vslot_193	virtual_method	backend_basetype	0x00afc4e0	backend_dataflow	0.950		vtable_slot:193:introduced
0x005baa0e	FUN_005baa0e	backend_basetype__vslot_195	virtual_method	backend_basetype	0x00afc4e0	backend_dataflow	0.950		vtable_slot:195:introduced
0x005baa18	FUN_005baa18	backend_basetype__vslot_198	virtual_method	backend_basetype	0x00afc4e0	backend_dataflow	0.950		vtable_slot:198:introduced
0x005baa21	FUN_005baa21	backend_basetype__vslot_200	virtual_method	backend_basetype	0x00afc4e0	backend_dataflow	0.950		vtable_slot:200:introduced
0x005baa2d	FUN_005baa2d	backend_basetype__vslot_201	virtual_method	backend_basetype	0x00afc4e0	backend_dataflow	0.950		vtable_slot:201:introduced
0x005baa4a	FUN_005baa4a	backend_basetype__vslot_204	virtual_method	backend_basetype	0x00afc4e0	backend_dataflow	0.950		vtable_slot:204:introduced
0x005baa4f	FUN_005baa4f	backend_basetype__vslot_205	virtual_method	backend_basetype	0x00afc4e0	backend_dataflow	0.950		vtable_slot:205:introduced
0x005baa54	FUN_005baa54	backend_basetype__vslot_207	virtual_method	backend_basetype	0x00afc4e0	backend_dataflow	0.950		vtable_slot:207:introduced
0x005baa59	FUN_005baa59	backend_basetype__vslot_208	virtual_method	backend_basetype	0x00afc4e0	backend_dataflow	0.950		vtable_slot:208:introduced
0x005baa62	FUN_005baa62	backend_basetype__vslot_209	virtual_method	backend_basetype	0x00afc4e0	backend_dataflow	0.950		vtable_slot:209:introduced
0x005baa6b	FUN_005baa6b	backend_basetype__vslot_211	virtual_method	backend_basetype	0x00afc4e0	backend_dataflow	0.950		vtable_slot:211:introduced
0x005baa75	FUN_005baa75	backend_basetype__vslot_213	virtual_method	backend_basetype	0x00afc4e0	backend_dataflow	0.950		vtable_slot:213:introduced
0x005baa7a	FUN_005baa7a	backend_basetype__vslot_214	virtual_method	backend_basetype	0x00afc4e0	backend_dataflow	0.950		vtable_slot:214:introduced
0x005baa83	FUN_005baa83	backend_basetype__vslot_215	virtual_method	backend_basetype	0x00afc4e0	backend_dataflow	0.950		vtable_slot:215:introduced
0x005baa88	FUN_005baa88	backend_basetype__vslot_217	virtual_method	backend_basetype	0x00afc4e0	backend_dataflow	0.950		vtable_slot:217:introduced
0x005baa91	FUN_005baa91	backend_basetype__vslot_218	virtual_method	backend_basetype	0x00afc4e0	backend_dataflow	0.950		vtable_slot:218:introduced
0x005baa9a	FUN_005baa9a	backend_basetype__vslot_219	virtual_method	backend_basetype	0x00afc4e0	backend_dataflow	0.950		vtable_slot:219:introduced
0x005baaad	FUN_005baaad	backend_basetype__vslot_221	virtual_method	backend_basetype	0x00afc4e0	backend_dataflow	0.950		vtable_slot:221:introduced
0x005baac6	FUN_005baac6	backend_basetype__vslot_224	virtual_method	backend_basetype	0x00afc4e0	backend_dataflow	0.950		vtable_slot:224:introduced
0x005baacf	FUN_005baacf	backend_basetype__vslot_225	virtual_method	backend_basetype	0x00afc4e0	backend_dataflow	0.950		vtable_slot:225:introduced
0x005baad4	FUN_005baad4	backend_basetype__vslot_226	virtual_method	backend_basetype	0x00afc4e0	backend_dataflow	0.950		vtable_slot:226:introduced
0x005baad9	FUN_005baad9	backend_basetype__vslot_227	virtual_method	backend_basetype	0x00afc4e0	backend_dataflow	0.950		vtable_slot:227:introduced
0x005baade	FUN_005baade	backend_basetype__vslot_228	virtual_method	backend_basetype	0x00afc4e0	backend_dataflow	0.950		vtable_slot:228:introduced
0x005baae7	FUN_005baae7	backend_basetype__vslot_230	virtual_method	backend_basetype	0x00afc4e0	backend_dataflow	0.950		vtable_slot:230:introduced
0x005baaff	FUN_005baaff	backend_basetype__vslot_232	virtual_method	backend_basetype	0x00afc4e0	backend_dataflow	0.950		vtable_slot:232:introduced
0x005bab08	FUN_005bab08	backend_basetype__vslot_233	virtual_method	backend_basetype	0x00afc4e0	backend_dataflow	0.950		vtable_slot:233:introduced
0x005bab0d	FUN_005bab0d	backend_basetype__vslot_236	virtual_method	backend_basetype	0x00afc4e0	backend_dataflow	0.950		vtable_slot:236:introduced
0x005bab16	FUN_005bab16	backend_basetype__vslot_237	virtual_method	backend_basetype	0x00afc4e0	backend_dataflow	0.950		vtable_slot:237:introduced
0x005bab1f	FUN_005bab1f	backend_basetype__vslot_019	virtual_method	backend_basetype	0x00afc4e0	backend_dataflow	0.950		vtable_slot:19:override
0x005bab28	FUN_005bab28	backend_basetype__vslot_020	virtual_method	backend_basetype	0x00afc4e0	backend_dataflow	0.950		vtable_slot:20:override
0x005bab4e	FUN_005bab4e	backend_basetype__vslot_023	virtual_method	backend_basetype	0x00afc4e0	backend_dataflow	0.950		vtable_slot:23:override
0x005bab57	FUN_005bab57	backend_basetype__vslot_239	virtual_method	backend_basetype	0x00afc4e0	backend_dataflow	0.950		vtable_slot:239:introduced
0x005bab60	FUN_005bab60	backend_basetype__vslot_240	virtual_method	backend_basetype	0x00afc4e0	backend_dataflow	0.950		vtable_slot:240:introduced
0x005bab65	FUN_005bab65	backend_basetype__vslot_242	virtual_method	backend_basetype	0x00afc4e0	backend_dataflow	0.950		vtable_slot:242:introduced
0x005bab6e	FUN_005bab6e	backend_basetype__vslot_243	virtual_method	backend_basetype	0x00afc4e0	backend_dataflow	0.950		vtable_slot:243:introduced
0x005bab77	FUN_005bab77	backend_basetype__vslot_244	virtual_method	backend_basetype	0x00afc4e0	backend_dataflow	0.950		vtable_slot:244:introduced
0x005bab80	FUN_005bab80	backend_basetype__vslot_245	virtual_method	backend_basetype	0x00afc4e0	backend_dataflow	0.950		vtable_slot:245:introduced
0x005bab85	FUN_005bab85	backend_basetype__vslot_248	virtual_method	backend_basetype	0x00afc4e0	backend_dataflow	0.950		vtable_slot:248:introduced
0x005bab8e	FUN_005bab8e	backend_basetype__vslot_249	virtual_method	backend_basetype	0x00afc4e0	backend_dataflow	0.950		vtable_slot:249:introduced
0x005bab97	FUN_005bab97	backend_basetype__vslot_250	virtual_method	backend_basetype	0x00afc4e0	backend_dataflow	0.950		vtable_slot:250:introduced
0x005bab9c	FUN_005bab9c	backend_basetype__vslot_251	virtual_method	backend_basetype	0x00afc4e0	backend_dataflow	0.950		vtable_slot:251:introduced
0x005baba4	FUN_005baba4	backend_basetype__vslot_252	virtual_method	backend_basetype	0x00afc4e0	backend_dataflow	0.950		vtable_slot:252:introduced
0x005babad	FUN_005babad	backend_basetype__vslot_253	virtual_method	backend_basetype	0x00afc4e0	backend_dataflow	0.950		vtable_slot:253:introduced
0x005babb6	FUN_005babb6	backend_basetype__vslot_259	virtual_method	backend_basetype	0x00afc4e0	backend_dataflow	0.950		vtable_slot:259:introduced
0x005babbf	FUN_005babbf	backend_basetype__vslot_260	virtual_method	backend_basetype	0x00afc4e0	backend_dataflow	0.950		vtable_slot:260:introduced
0x005babc8	FUN_005babc8	backend_basetype__vslot_261	virtual_method	backend_basetype	0x00afc4e0	backend_dataflow	0.950		vtable_slot:261:introduced
0x005bc53a	FUN_005bc53a	backend_basetype__vslot_028	virtual_method	backend_basetype	0x00afc4e0	backend_dataflow	0.950	backend_t@0.820;backend_basetype2@0.820	vtable_slot:28:introduced
0x005bc5d3	FUN_005bc5d3	backend_basetype__vslot_030	virtual_method	backend_basetype	0x00afc4e0	backend_dataflow	0.950	backend_t@0.820;backend_basetype2@0.820	vtable_slot:30:introduced
0x005bc608	FUN_005bc608	backend_basetype__vslot_031	virtual_method	backend_basetype	0x00afc4e0	backend_dataflow	0.950	backend_t@0.820;backend_basetype2@0.820	vtable_slot:31:introduced
0x005bc63d	FUN_005bc63d	backend_basetype__vslot_032	virtual_method	backend_basetype	0x00afc4e0	backend_dataflow	0.950	backend_t@0.820;backend_basetype2@0.820	vtable_slot:32:introduced
0x005bc6a7	FUN_005bc6a7	backend_basetype__vslot_033	virtual_method	backend_basetype	0x00afc4e0	backend_dataflow	0.950	backend_t@0.820;backend_basetype2@0.820	vtable_slot:33:introduced
0x005bc801	FUN_005bc801	backend_basetype__vslot_035	virtual_method	backend_basetype	0x00afc4e0	backend_dataflow	0.950	backend_t@0.820;backend_basetype2@0.820	vtable_slot:35:introduced
0x005bc8c2	FUN_005bc8c2	backend_basetype__vslot_036	virtual_method	backend_basetype	0x00afc4e0	backend_dataflow	0.950	backend_t@0.820;backend_basetype2@0.820	vtable_slot:36:introduced
0x005bc947	FUN_005bc947	backend_basetype__vslot_037	virtual_method	backend_basetype	0x00afc4e0	backend_dataflow	0.950	backend_t@0.820;backend_basetype2@0.820	vtable_slot:37:introduced
0x005bca13	FUN_005bca13	backend_basetype__vslot_038	virtual_method	backend_basetype	0x00afc4e0	backend_dataflow	0.950	backend_basetype2@0.820	vtable_slot:38:introduced
0x005bca59	FUN_005bca59	backend_basetype__vslot_039	virtual_method	backend_basetype	0x00afc4e0	backend_dataflow	0.950	backend_basetype2@0.820	vtable_slot:39:introduced
0x005bca85	FUN_005bca85	backend_basetype__vslot_063	virtual_method	backend_basetype	0x00afc4e0	backend_dataflow	0.950	backend_basetype2@0.820	vtable_slot:63:introduced
0x005bca8e	FUN_005bca8e	backend_basetype__vslot_041	virtual_method	backend_basetype	0x00afc4e0	backend_dataflow	0.950	backend_t@0.820;backend_basetype2@0.820	vtable_slot:41:introduced
0x005bca93	FUN_005bca93	backend_basetype__vslot_042	virtual_method	backend_basetype	0x00afc4e0	backend_dataflow	0.950	backend_t@0.820;backend_basetype2@0.820	vtable_slot:42:introduced
0x005bca9c	FUN_005bca9c	backend_basetype__vslot_045	virtual_method	backend_basetype	0x00afc4e0	backend_dataflow	0.950	backend_t@0.820;backend_basetype2@0.820	vtable_slot:45:introduced
0x005bcaa5	FUN_005bcaa5	backend_basetype__vslot_046	virtual_method	backend_basetype	0x00afc4e0	backend_dataflow	0.950	backend_t@0.820;backend_basetype2@0.820	vtable_slot:46:introduced
0x005bcaae	FUN_005bcaae	backend_basetype__vslot_047	virtual_method	backend_basetype	0x00afc4e0	backend_dataflow	0.950	backend_t@0.820;backend_basetype2@0.820	vtable_slot:47:introduced
0x005bcab7	FUN_005bcab7	backend_basetype__vslot_048	virtual_method	backend_basetype	0x00afc4e0	backend_dataflow	0.950	backend_t@0.820;backend_basetype2@0.820	vtable_slot:48:introduced
0x005bcac0	FUN_005bcac0	backend_basetype__vslot_049	virtual_method	backend_basetype	0x00afc4e0	backend_dataflow	0.950	backend_t@0.820;backend_basetype2@0.820	vtable_slot:49:introduced
0x005bcac9	FUN_005bcac9	backend_basetype__vslot_050	virtual_method	backend_basetype	0x00afc4e0	backend_dataflow	0.950	backend_t@0.820;backend_basetype2@0.820	vtable_slot:50:introduced
0x005bcadc	FUN_005bcadc	backend_basetype__vslot_052	virtual_method	backend_basetype	0x00afc4e0	backend_dataflow	0.950	backend_t@0.820;backend_basetype2@0.820	vtable_slot:52:introduced
0x005bcae5	FUN_005bcae5	backend_basetype__vslot_053	virtual_method	backend_basetype	0x00afc4e0	backend_dataflow	0.950	backend_t@0.820;backend_basetype2@0.820	vtable_slot:53:introduced
0x005bcaee	FUN_005bcaee	backend_basetype__vslot_054	virtual_method	backend_basetype	0x00afc4e0	backend_dataflow	0.950	backend_t@0.820;backend_basetype2@0.820	vtable_slot:54:introduced
0x005bcaf7	FUN_005bcaf7	backend_basetype__vslot_059	virtual_method	backend_basetype	0x00afc4e0	backend_dataflow	0.950	backend_basetype2@0.820	vtable_slot:59:introduced
0x005bcb00	FUN_005bcb00	backend_basetype__vslot_060	virtual_method	backend_basetype	0x00afc4e0	backend_dataflow	0.950	backend_basetype2@0.820	vtable_slot:60:introduced
0x005bcb05	FUN_005bcb05	backend_basetype__vslot_064	virtual_method	backend_basetype	0x00afc4e0	backend_dataflow	0.950	backend_basetype2@0.820	vtable_slot:64:introduced
0x005bcb0a	FUN_005bcb0a	backend_basetype__vslot_116	virtual_method	backend_basetype	0x00afc4e0	backend_dataflow	0.950	backend_t@0.820;backend_basetype2@0.820	vtable_slot:116:introduced
0x005bcb13	FUN_005bcb13	backend_basetype__vslot_114	virtual_method	backend_basetype	0x00afc4e0	backend_dataflow	0.950	backend_t@0.820;backend_basetype2@0.820	vtable_slot:114:introduced
0x005bcb18	FUN_005bcb18	backend_basetype__vslot_110	virtual_method	backend_basetype	0x00afc4e0	backend_dataflow	0.950	backend_t@0.820;backend_basetype2@0.820	vtable_slot:110:introduced
0x005bccd3	FUN_005bccd3	backend_basetype__vslot_115	virtual_method	backend_basetype	0x00afc4e0	backend_dataflow	0.950	backend_t@0.820;backend_basetype2@0.820	vtable_slot:115:introduced
0x005bccd8	FUN_005bccd8	backend_basetype__vslot_118	virtual_method	backend_basetype	0x00afc4e0	backend_dataflow	0.950	backend_t@0.820;backend_basetype2@0.820	vtable_slot:118:introduced
0x005bcce1	FUN_005bcce1	backend_basetype__vslot_119	virtual_method	backend_basetype	0x00afc4e0	backend_dataflow	0.950	backend_t@0.820;backend_basetype2@0.820	vtable_slot:119:introduced
0x005bccea	FUN_005bccea	backend_basetype__vslot_130	virtual_method	backend_basetype	0x00afc4e0	backend_dataflow	0.950	backend_t@0.820;backend_basetype2@0.820	vtable_slot:130:introduced
0x005bce00	FUN_005bce00	backend_basetype__vslot_131	virtual_method	backend_basetype	0x00afc4e0	backend_dataflow	0.950	backend_t@0.820;backend_basetype2@0.820	vtable_slot:131:introduced
0x005bce2d	FUN_005bce2d	backend_basetype__vslot_133	virtual_method	backend_basetype	0x00afc4e0	backend_dataflow	0.950	backend_basetype2@0.820	vtable_slot:133:introduced
0x005bce7d	FUN_005bce7d	backend_basetype__vslot_134	virtual_method	backend_basetype	0x00afc4e0	backend_dataflow	0.950	backend_basetype2@0.820	vtable_slot:134:introduced
0x005bceca	FUN_005bceca	backend_basetype__vslot_135	virtual_method	backend_basetype	0x00afc4e0	backend_dataflow	0.950	backend_t@0.820;backend_basetype2@0.820	vtable_slot:135:introduced
0x005bcecf	FUN_005bcecf	backend_basetype__vslot_136	virtual_method	backend_basetype	0x00afc4e0	backend_dataflow	0.950	backend_t@0.820;backend_basetype2@0.820	vtable_slot:136:introduced
0x005bcef3	FUN_005bcef3	backend_basetype__vslot_137	virtual_method	backend_basetype	0x00afc4e0	backend_dataflow	0.950	backend_t@0.820;backend_basetype2@0.820	vtable_slot:137:introduced
0x005bcf2f	FUN_005bcf2f	backend_basetype__vslot_082	virtual_method	backend_basetype	0x00afc4e0	backend_dataflow	0.950	backend_t@0.820;backend_basetype2@0.820	vtable_slot:82:introduced
0x005bd353	FUN_005bd353	backend_basetype__vslot_139	virtual_method	backend_basetype	0x00afc4e0	backend_dataflow	0.950	backend_t@0.820;backend_basetype2@0.820	vtable_slot:139:introduced
0x005bd393	FUN_005bd393	backend_basetype__vslot_173	virtual_method	backend_basetype	0x00afc4e0	backend_dataflow	0.950	backend_basetype2@0.820	vtable_slot:173:introduced
0x005bd398	FUN_005bd398	backend_basetype__vslot_174	virtual_method	backend_basetype	0x00afc4e0	backend_dataflow	0.950	backend_basetype2@0.820	vtable_slot:174:introduced
0x005bd3a0	FUN_005bd3a0	backend_basetype__vslot_175	virtual_method	backend_basetype	0x00afc4e0	backend_dataflow	0.950	backend_basetype2@0.820	vtable_slot:175:introduced
0x005bd3a9	FUN_005bd3a9	backend_basetype__vslot_176	virtual_method	backend_basetype	0x00afc4e0	backend_dataflow	0.950	backend_basetype2@0.820	vtable_slot:176:introduced
0x005bd3b2	FUN_005bd3b2	backend_basetype__vslot_177	virtual_method	backend_basetype	0x00afc4e0	backend_dataflow	0.950	backend_t@0.820;backend_basetype2@0.820	vtable_slot:177:introduced
0x005bd3bb	FUN_005bd3bb	backend_basetype__vslot_178	virtual_method	backend_basetype	0x00afc4e0	backend_dataflow	0.950	backend_t@0.820;backend_basetype2@0.820	vtable_slot:178:introduced
0x005bd3c5	FUN_005bd3c5	backend_basetype__vslot_179	virtual_method	backend_basetype	0x00afc4e0	backend_dataflow	0.950	backend_basetype2@0.820	vtable_slot:179:introduced
0x005bd3ca	FUN_005bd3ca	backend_basetype__vslot_180	virtual_method	backend_basetype	0x00afc4e0	backend_dataflow	0.950	backend_basetype2@0.820	vtable_slot:180:introduced
0x005bd3cf	FUN_005bd3cf	backend_basetype__vslot_181	virtual_method	backend_basetype	0x00afc4e0	backend_dataflow	0.950	backend_basetype2@0.820	vtable_slot:181:introduced
0x005bd3d8	FUN_005bd3d8	backend_basetype__vslot_183	virtual_method	backend_basetype	0x00afc4e0	backend_dataflow	0.950	backend_t@0.820;backend_basetype2@0.820	vtable_slot:183:introduced
0x005bd3dd	FUN_005bd3dd	backend_basetype__vslot_184	virtual_method	backend_basetype	0x00afc4e0	backend_dataflow	0.950	backend_basetype2@0.820	vtable_slot:184:introduced
0x005bd65c	FUN_005bd65c	backend_basetype__vslot_186	virtual_method	backend_basetype	0x00afc4e0	backend_dataflow	0.950	backend_t@0.820;backend_basetype2@0.820	vtable_slot:186:introduced
0x005bd6a3	FUN_005bd6a3	backend_basetype__vslot_166	virtual_method	backend_basetype	0x00afc4e0	backend_dataflow	0.950	backend_t@0.820;backend_basetype2@0.820	vtable_slot:166:introduced
0x005bd73a	FUN_005bd73a	backend_basetype__vslot_167	virtual_method	backend_basetype	0x00afc4e0	backend_dataflow	0.950	backend_basetype2@0.820	vtable_slot:167:introduced
0x005bd82a	FUN_005bd82a	backend_basetype__vslot_168	virtual_method	backend_basetype	0x00afc4e0	backend_dataflow	0.950	backend_basetype2@0.820	vtable_slot:168:introduced
0x005bd972	FUN_005bd972	backend_basetype__vslot_196	virtual_method	backend_basetype	0x00afc4e0	backend_dataflow	0.950	backend_basetype2@0.820	vtable_slot:196:introduced
0x005bd98d	FUN_005bd98d	backend_basetype__vslot_206	virtual_method	backend_basetype	0x00afc4e0	backend_dataflow	0.950	backend_t@0.820;backend_basetype2@0.820	vtable_slot:206:introduced
0x005bd9df	FUN_005bd9df	backend_basetype__vslot_101	virtual_method	backend_basetype	0x00afc4e0	backend_dataflow	0.950		vtable_slot:101:introduced
0x005bd9e8	FUN_005bd9e8	backend_basetype__vslot_102	virtual_method	backend_basetype	0x00afc4e0	backend_dataflow	0.950		vtable_slot:102:introduced
0x005bdbaa	FUN_005bdbaa	backend_basetype__vslot_112	virtual_method	backend_basetype	0x00afc4e0	backend_dataflow	0.950	backend_basetype2@0.820	vtable_slot:112:introduced
0x005bdbcd	FUN_005bdbcd	backend_basetype__vslot_091	virtual_method	backend_basetype	0x00afc4e0	backend_dataflow	0.950	backend_t@0.820;backend_basetype2@0.820	vtable_slot:91:introduced
0x005bdbe6	FUN_005bdbe6	backend_basetype__vslot_238	virtual_method	backend_basetype	0x00afc4e0	backend_dataflow	0.950	backend_basetype2@0.820	vtable_slot:238:introduced
0x005bdcc7	FUN_005bdcc7	backend_basetype__vslot_234	virtual_method	backend_basetype	0x00afc4e0	backend_dataflow	0.950	backend_t@0.820;backend_basetype2@0.820	vtable_slot:234:introduced
0x005bdcdc	FUN_005bdcdc	backend_basetype__vslot_235	virtual_method	backend_basetype	0x00afc4e0	backend_dataflow	0.950	backend_t@0.820;backend_basetype2@0.820	vtable_slot:235:introduced
0x005bdd08	FUN_005bdd08	backend_basetype__vslot_216	virtual_method	backend_basetype	0x00afc4e0	backend_dataflow	0.950	backend_t@0.820;backend_basetype2@0.820	vtable_slot:216:introduced
0x005bde11	FUN_005bde11	backend_basetype__vslot_241	virtual_method	backend_basetype	0x00afc4e0	backend_dataflow	0.950	backend_basetype2@0.820	vtable_slot:241:introduced
0x005bde20	FUN_005bde20	backend_basetype__vslot_127	virtual_method	backend_basetype	0x00afc4e0	backend_dataflow	0.950	backend_t@0.820;backend_basetype2@0.820	vtable_slot:127:introduced
0x005bde39	FUN_005bde39	backend_basetype__vslot_055	virtual_method	backend_basetype	0x00afc4e0	backend_dataflow	0.950	backend_t@0.820;backend_basetype2@0.820	vtable_slot:55:introduced
0x005bde42	FUN_005bde42	backend_basetype__vslot_056	virtual_method	backend_basetype	0x00afc4e0	backend_dataflow	0.950	backend_t@0.820;backend_basetype2@0.820	vtable_slot:56:introduced
0x005bde4b	FUN_005bde4b	backend_basetype__vslot_057	virtual_method	backend_basetype	0x00afc4e0	backend_dataflow	0.950	backend_t@0.820;backend_basetype2@0.820	vtable_slot:57:introduced
0x005cf40e	FUN_005cf40e	TimeAccurateAliasAnalyzer__vslot_000	virtual_method	TimeAccurateAliasAnalyzer	0x00aff0dc	AliasAnalyzer	0.950		vtable_slot:0:override
0x005cf451	FUN_005cf451	TimeAccurateAliasAnalyzer__vslot_001	virtual_method	TimeAccurateAliasAnalyzer	0x00aff0dc	AliasAnalyzer	0.950		vtable_slot:1:override
0x005d940a	FUN_005d940a	DownSafetyDf__vslot_000	virtual_method	DownSafetyDf	0x00afd638	InterblockDf	0.950		vtable_slot:0:override
0x005d9425	FUN_005d9425	DownSafetyDf__vslot_001	virtual_method	DownSafetyDf	0x00afd638	InterblockDf	0.950		vtable_slot:1:override
0x005d9566	FUN_005d9566	UpSafetyDf__vslot_000	virtual_method	UpSafetyDf	0x00afd648	InterblockDf	0.950		vtable_slot:0:override
0x005d9581	FUN_005d9581	UpSafetyDf__vslot_001	virtual_method	UpSafetyDf	0x00afd648	InterblockDf	0.950		vtable_slot:1:override
0x005d96aa	FUN_005d96aa	EarliestDf__vslot_000	virtual_method	EarliestDf	0x00afd658	InterblockDf	0.950		vtable_slot:0:override
0x005d96af	FUN_005d96af	EarliestDf__vslot_001	virtual_method	EarliestDf	0x00afd658	InterblockDf	0.950		vtable_slot:1:override
0x005d9789	FUN_005d9789	DelayedDf__vslot_000	virtual_method	DelayedDf	0x00afd668	InterblockDf	0.950		vtable_slot:0:override
0x005d97a4	FUN_005d97a4	DelayedDf__vslot_001	virtual_method	DelayedDf	0x00afd668	InterblockDf	0.950		vtable_slot:1:override
0x005d98f5	FUN_005d98f5	LatestDf__vslot_000	virtual_method	LatestDf	0x00afd678	InterblockDf	0.950		vtable_slot:0:override
0x005d98fa	FUN_005d98fa	LatestDf__vslot_001	virtual_method	LatestDf	0x00afd678	InterblockDf	0.950		vtable_slot:1:override
0x005d9a1d	FUN_005d9a1d	IsolatedDf__vslot_000	virtual_method	IsolatedDf	0x00afd688	InterblockDf	0.950		vtable_slot:0:override
0x005d9a38	FUN_005d9a38	IsolatedDf__vslot_001	virtual_method	IsolatedDf	0x00afd688	InterblockDf	0.950		vtable_slot:1:override
0x005d9b39	FUN_005d9b39	FinalDf__vslot_000	virtual_method	FinalDf	0x00afd698	InterblockDf	0.950		vtable_slot:0:override
0x005d9b3e	FUN_005d9b3e	FinalDf__vslot_001	virtual_method	FinalDf	0x00afd698	InterblockDf	0.950		vtable_slot:1:override
0x005d9c3c	FUN_005d9c3c	GcseSelectDf__vslot_000	virtual_method	GcseSelectDf	0x00afd6a8	InterblockDf	0.950		vtable_slot:0:override
0x005d9caf	FUN_005d9caf	GcseSelectDf__vslot_001	virtual_method	GcseSelectDf	0x00afd6a8	InterblockDf	0.950		vtable_slot:1:override
0x005d9d5b	FUN_005d9d5b	GcseLiveDf__vslot_000	virtual_method	GcseLiveDf	0x00afd6b8	InterblockDf	0.950		vtable_slot:0:override
0x005d9d7b	FUN_005d9d7b	GcseLiveDf__vslot_001	virtual_method	GcseLiveDf	0x00afd6b8	InterblockDf	0.950		vtable_slot:1:override
0x005d9e6d	FUN_005d9e6d	GcseFinalDf__vslot_000	virtual_method	GcseFinalDf	0x00afd6c8	InterblockDf	0.950		vtable_slot:0:override
0x005d9e72	FUN_005d9e72	GcseFinalDf__vslot_001	virtual_method	GcseFinalDf	0x00afd6c8	InterblockDf	0.950		vtable_slot:1:override
0x005db3f1	FUN_005db3f1	BooleanAccurateAliasAnalyzer__vslot_000	virtual_method	BooleanAccurateAliasAnalyzer	0x00aff0ec	AliasAnalyzer	0.950		vtable_slot:0:override
0x005db4b8	FUN_005db4b8	BooleanAccurateAliasAnalyzer__vslot_001	virtual_method	BooleanAccurateAliasAnalyzer	0x00aff0ec	AliasAnalyzer	0.950		vtable_slot:1:override
0x005ea90a	FUN_005ea90a	ValueNeededDf__vslot_000	virtual_method	ValueNeededDf	0x00aff16c	InterblockDf	0.950		vtable_slot:0:override
0x005ea96a	FUN_005ea96a	ValueNeededDf__vslot_001	virtual_method	ValueNeededDf	0x00aff16c	InterblockDf	0.950		vtable_slot:1:override
0x005f5279	FUN_005f5279	FCEReachingWriteDf__vslot_000	virtual_method	FCEReachingWriteDf	0x00aff19c	InterblockDf	0.950		vtable_slot:0:override
0x005f5c56	FUN_005f5c56	FCEReachingWriteDf__vslot_001	virtual_method	FCEReachingWriteDf	0x00aff19c	InterblockDf	0.950		vtable_slot:1:override
0x005f9a83	FUN_005f9a83	HoistAvailDf__vslot_000	virtual_method	HoistAvailDf	0x00afd738	InterblockDf	0.950		vtable_slot:0:override
0x005f9adc	FUN_005f9adc	HoistAvailDf__vslot_001	virtual_method	HoistAvailDf	0x00afd738	InterblockDf	0.950		vtable_slot:1:override
0x005f9bdf	FUN_005f9bdf	HoistHelpfulDf__vslot_000	virtual_method	HoistHelpfulDf	0x00afd748	InterblockDf	0.950		vtable_slot:0:override
0x005f9be4	FUN_005f9be4	HoistHelpfulDf__vslot_001	virtual_method	HoistHelpfulDf	0x00afd748	InterblockDf	0.950		vtable_slot:1:override
0x005f9c19	FUN_005f9c19	HoistRedundantDf__vslot_000	virtual_method	HoistRedundantDf	0x00afd758	InterblockDf	0.950		vtable_slot:0:override
0x005f9c39	FUN_005f9c39	HoistRedundantDf__vslot_001	virtual_method	HoistRedundantDf	0x00afd758	InterblockDf	0.950		vtable_slot:1:override
0x005f9d89	FUN_005f9d89	HoistFinalDf__vslot_000	virtual_method	HoistFinalDf	0x00afd768	InterblockDf	0.950		vtable_slot:0:override
0x005f9d8e	FUN_005f9d8e	HoistFinalDf__vslot_001	virtual_method	HoistFinalDf	0x00afd768	InterblockDf	0.950		vtable_slot:1:override
0x005f9e3d	FUN_005f9e3d	HoistDelayDf__vslot_000	virtual_method	HoistDelayDf	0x00afd778	InterblockDf	0.950		vtable_slot:0:override
0x005f9e65	FUN_005f9e65	HoistDelayDf__vslot_001	virtual_method	HoistDelayDf	0x00afd778	InterblockDf	0.950		vtable_slot:1:override
0x005f9fc1	FUN_005f9fc1	HoistFinal2Df__vslot_000	virtual_method	HoistFinal2Df	0x00afd788	InterblockDf	0.950		vtable_slot:0:override
0x005fa09b	FUN_005fa09b	HoistFinal2Df__vslot_001	virtual_method	HoistFinal2Df	0x00afd788	InterblockDf	0.950		vtable_slot:1:override
0x005fa155	FUN_005fa155	HoistUsableDf__vslot_000	virtual_method	HoistUsableDf	0x00afd798	InterblockDf	0.950		vtable_slot:0:override
0x005fa170	FUN_005fa170	HoistUsableDf__vslot_001	virtual_method	HoistUsableDf	0x00afd798	InterblockDf	0.950		vtable_slot:1:override
0x005fa269	FUN_005fa269	HoistFinal3Df__vslot_000	virtual_method	HoistFinal3Df	0x00afd7a8	InterblockDf	0.950		vtable_slot:0:override
0x005fa26e	FUN_005fa26e	HoistFinal3Df__vslot_001	virtual_method	HoistFinal3Df	0x00afd7a8	InterblockDf	0.950		vtable_slot:1:override
0x005fc273	FUN_005fc273	CopyPropDf__vslot_000	virtual_method	CopyPropDf	0x00aff1ec	InterblockDf	0.950		vtable_slot:0:override
0x005fc3a0	FUN_005fc3a0	CopyPropDf__vslot_001	virtual_method	CopyPropDf	0x00aff1ec	InterblockDf	0.950		vtable_slot:1:override
0x006032db	FUN_006032db	CheckerFlow__vslot_000	virtual_method	CheckerFlow	0x00b01680	InterblockDf	0.950		vtable_slot:0:override
0x006034e2	FUN_006034e2	CheckerIntStateLValue__vslot_007	virtual_method	CheckerIntStateLValue	0x00aff4fc	Checker	0.950	NULLCheckChecker@0.820;NULLCheckCheckerBackwards@0.820;DerefNULLChecker@0.820;LocalScopeChecker@0.820	vtable_slot:7:override
0x006034f7	FUN_006034f7	CheckerLValue__vslot_007	virtual_method	CheckerLValue	0x00aff50c	Checker	0.950	ConstChecker@0.820;EquivChecker@0.820;UninitMemChecker@0.820;RangeChecker@0.820	vtable_slot:7:override
0x0060350c	FUN_0060350c	CheckerIntStateSafevar__vslot_007	virtual_method	CheckerIntStateSafevar	0x00aff51c	Checker	0.950	MemLeakChecker@0.820;MemLeakCheckerBackwards@0.820;UnreadChecker@0.820;UnreadCheckerBackwards@0.820	vtable_slot:7:override
0x00603521	FUN_00603521	CheckerIntStateAll__vslot_007	virtual_method	CheckerIntStateAll	0x00aff52c	Checker	0.950	FreeChecker@0.820;FreeCheckerBackwards@0.820;NoReturnChecker@0.820;NoFlowChecker@0.820	vtable_slot:7:override
0x006035fe	FUN_006035fe	ConstChecker__vslot_004	virtual_method	ConstChecker	0x00b016a0	Checker	0.950		vtable_slot:4:override
0x00603603	FUN_00603603	EquivChecker__vslot_000	virtual_method	EquivChecker	0x00b016b0	Checker	0.950		vtable_slot:0:override
0x00603608	FUN_00603608	EquivChecker__vslot_004	virtual_method	EquivChecker	0x00b016b0	Checker	0.950		vtable_slot:4:override
0x0060375a	FUN_0060375a	UninitMemChecker__vslot_004	virtual_method	UninitMemChecker	0x00b016c0	Checker	0.950		vtable_slot:4:override
0x0060375f	FUN_0060375f	UninitMemChecker__vslot_005	virtual_method	UninitMemChecker	0x00b016c0	Checker	0.950		vtable_slot:5:override
0x00603764	FUN_00603764	RangeChecker__vslot_004	virtual_method	RangeChecker	0x00b016d0	Checker	0.950		vtable_slot:4:override
0x00603769	FUN_00603769	MemLeakChecker__vslot_010	virtual_method	MemLeakChecker	0x00b016e0	Checker	0.950		vtable_slot:10:override
0x00603773	FUN_00603773	MemLeakChecker__vslot_011	virtual_method	MemLeakChecker	0x00b016e0	Checker	0.950		vtable_slot:11:override
0x006037b0	FUN_006037b0	MemLeakCheckerBackwards__vslot_010	virtual_method	MemLeakCheckerBackwards	0x00b016f0	Checker	0.950		vtable_slot:10:override
0x006037ba	FUN_006037ba	MemLeakCheckerBackwards__vslot_011	virtual_method	MemLeakCheckerBackwards	0x00b016f0	Checker	0.950		vtable_slot:11:override
0x006037f7	FUN_006037f7	MemLeakCheckerBackwards__vslot_009	virtual_method	MemLeakCheckerBackwards	0x00b016f0	Checker	0.950		vtable_slot:9:override
0x006037fc	FUN_006037fc	MemLeakCheckerBackwards__vslot_005	virtual_method	MemLeakCheckerBackwards	0x00b016f0	Checker	0.950		vtable_slot:5:override
0x00603801	FUN_00603801	NULLCheckChecker__vslot_010	virtual_method	NULLCheckChecker	0x00b01700	Checker	0.950		vtable_slot:10:override
0x0060380b	FUN_0060380b	NULLCheckChecker__vslot_011	virtual_method	NULLCheckChecker	0x00b01700	Checker	0.950		vtable_slot:11:override
0x00603848	FUN_00603848	NULLCheckChecker__vslot_009	virtual_method	NULLCheckChecker	0x00b01700	Checker	0.950		vtable_slot:9:override
0x0060384d	FUN_0060384d	NULLCheckChecker__vslot_005	virtual_method	NULLCheckChecker	0x00b01700	Checker	0.950		vtable_slot:5:override
0x00603852	FUN_00603852	NULLCheckCheckerBackwards__vslot_010	virtual_method	NULLCheckCheckerBackwards	0x00b01710	Checker	0.950		vtable_slot:10:override
0x0060385c	FUN_0060385c	NULLCheckCheckerBackwards__vslot_011	virtual_method	NULLCheckCheckerBackwards	0x00b01710	Checker	0.950		vtable_slot:11:override
0x00603866	FUN_00603866	NULLCheckCheckerBackwards__vslot_009	virtual_method	NULLCheckCheckerBackwards	0x00b01710	Checker	0.950		vtable_slot:9:override
0x0060386b	FUN_0060386b	NULLCheckCheckerBackwards__vslot_005	virtual_method	NULLCheckCheckerBackwards	0x00b01710	Checker	0.950		vtable_slot:5:override
0x00603870	FUN_00603870	FreeChecker__vslot_010	virtual_method	FreeChecker	0x00b01720	Checker	0.950		vtable_slot:10:override
0x0060387a	FUN_0060387a	FreeChecker__vslot_011	virtual_method	FreeChecker	0x00b01720	Checker	0.950		vtable_slot:11:override
0x00603898	FUN_00603898	FreeChecker__vslot_009	virtual_method	FreeChecker	0x00b01720	Checker	0.950		vtable_slot:9:override
0x0060389d	FUN_0060389d	FreeChecker__vslot_005	virtual_method	FreeChecker	0x00b01720	Checker	0.950		vtable_slot:5:override
0x006038a2	FUN_006038a2	FreeCheckerBackwards__vslot_010	virtual_method	FreeCheckerBackwards	0x00b01730	Checker	0.950		vtable_slot:10:override
0x006038ac	FUN_006038ac	FreeCheckerBackwards__vslot_011	virtual_method	FreeCheckerBackwards	0x00b01730	Checker	0.950		vtable_slot:11:override
0x006038b6	FUN_006038b6	FreeCheckerBackwards__vslot_009	virtual_method	FreeCheckerBackwards	0x00b01730	Checker	0.950		vtable_slot:9:override
0x006038bb	FUN_006038bb	FreeCheckerBackwards__vslot_005	virtual_method	FreeCheckerBackwards	0x00b01730	Checker	0.950		vtable_slot:5:override
0x006038c0	FUN_006038c0	DerefNULLChecker__vslot_010	virtual_method	DerefNULLChecker	0x00b01740	Checker	0.950		vtable_slot:10:override
0x006038ca	FUN_006038ca	DerefNULLChecker__vslot_011	virtual_method	DerefNULLChecker	0x00b01740	Checker	0.950		vtable_slot:11:override
0x006038d4	FUN_006038d4	DerefNULLChecker__vslot_009	virtual_method	DerefNULLChecker	0x00b01740	Checker	0.950		vtable_slot:9:override
0x006038d9	FUN_006038d9	DerefNULLChecker__vslot_005	virtual_method	DerefNULLChecker	0x00b01740	Checker	0.950		vtable_slot:5:override
0x006038de	FUN_006038de	LocalScopeChecker__vslot_010	virtual_method	LocalScopeChecker	0x00b01750	Checker	0.950		vtable_slot:10:override
0x006038e8	FUN_006038e8	LocalScopeChecker__vslot_011	virtual_method	LocalScopeChecker	0x00b01750	Checker	0.950		vtable_slot:11:override
0x006038f2	FUN_006038f2	LocalScopeChecker__vslot_009	virtual_method	LocalScopeChecker	0x00b01750	Checker	0.950		vtable_slot:9:override
0x006038f7	FUN_006038f7	LocalScopeChecker__vslot_005	virtual_method	LocalScopeChecker	0x00b01750	Checker	0.950		vtable_slot:5:override
0x006038fc	FUN_006038fc	ReadOnlyWriteChecker__vslot_010	virtual_method	ReadOnlyWriteChecker	0x00b01760	Checker	0.950		vtable_slot:10:override
0x00603906	FUN_00603906	ReadOnlyWriteChecker__vslot_011	virtual_method	ReadOnlyWriteChecker	0x00b01760	Checker	0.950		vtable_slot:11:override
0x00603910	FUN_00603910	ReadOnlyWriteChecker__vslot_009	virtual_method	ReadOnlyWriteChecker	0x00b01760	Checker	0.950		vtable_slot:9:override
0x00603915	FUN_00603915	ReadOnlyWriteChecker__vslot_005	virtual_method	ReadOnlyWriteChecker	0x00b01760	Checker	0.950		vtable_slot:5:override
0x0060391a	FUN_0060391a	NewSingleChecker__vslot_010	virtual_method	NewSingleChecker	0x00b01770	Checker	0.950		vtable_slot:10:override
0x00603924	FUN_00603924	NewSingleChecker__vslot_011	virtual_method	NewSingleChecker	0x00b01770	Checker	0.950		vtable_slot:11:override
0x0060392e	FUN_0060392e	NewSingleChecker__vslot_009	virtual_method	NewSingleChecker	0x00b01770	Checker	0.950		vtable_slot:9:override
0x00603933	FUN_00603933	NewSingleChecker__vslot_005	virtual_method	NewSingleChecker	0x00b01770	Checker	0.950		vtable_slot:5:override
0x00603938	FUN_00603938	NewArrayChecker__vslot_010	virtual_method	NewArrayChecker	0x00b01780	Checker	0.950		vtable_slot:10:override
0x00603942	FUN_00603942	NewArrayChecker__vslot_011	virtual_method	NewArrayChecker	0x00b01780	Checker	0.950		vtable_slot:11:override
0x0060394c	FUN_0060394c	NewArrayChecker__vslot_009	virtual_method	NewArrayChecker	0x00b01780	Checker	0.950		vtable_slot:9:override
0x00603951	FUN_00603951	NewArrayChecker__vslot_005	virtual_method	NewArrayChecker	0x00b01780	Checker	0.950		vtable_slot:5:override
0x00603956	FUN_00603956	NoReturnChecker__vslot_010	virtual_method	NoReturnChecker	0x00b01790	Checker	0.950		vtable_slot:10:override
0x00603960	FUN_00603960	NoReturnChecker__vslot_011	virtual_method	NoReturnChecker	0x00b01790	Checker	0.950		vtable_slot:11:override
0x0060396a	FUN_0060396a	NoReturnChecker__vslot_001	virtual_method	NoReturnChecker	0x00b01790	Checker	0.950		vtable_slot:1:override
0x0060396f	FUN_0060396f	NoReturnChecker__vslot_008	virtual_method	NoReturnChecker	0x00b01790	Checker	0.950		vtable_slot:8:override
0x00603979	FUN_00603979	NoReturnChecker__vslot_005	virtual_method	NoReturnChecker	0x00b01790	Checker	0.950		vtable_slot:5:override
0x0060397e	FUN_0060397e	UnreadChecker__vslot_010	virtual_method	UnreadChecker	0x00b017a0	Checker	0.950		vtable_slot:10:override
0x00603988	FUN_00603988	UnreadChecker__vslot_011	virtual_method	UnreadChecker	0x00b017a0	Checker	0.950		vtable_slot:11:override
0x00603992	FUN_00603992	UnreadChecker__vslot_009	virtual_method	UnreadChecker	0x00b017a0	Checker	0.950		vtable_slot:9:override
0x00603997	FUN_00603997	UnreadChecker__vslot_005	virtual_method	UnreadChecker	0x00b017a0	Checker	0.950		vtable_slot:5:override
0x0060399c	FUN_0060399c	UnreadCheckerBackwards__vslot_010	virtual_method	UnreadCheckerBackwards	0x00b017b0	Checker	0.950		vtable_slot:10:override
0x006039a6	FUN_006039a6	UnreadCheckerBackwards__vslot_011	virtual_method	UnreadCheckerBackwards	0x00b017b0	Checker	0.950		vtable_slot:11:override
0x006039c4	FUN_006039c4	UnreadCheckerBackwards__vslot_009	virtual_method	UnreadCheckerBackwards	0x00b017b0	Checker	0.950		vtable_slot:9:override
0x006039c9	FUN_006039c9	UnreadCheckerBackwards__vslot_005	virtual_method	UnreadCheckerBackwards	0x00b017b0	Checker	0.950		vtable_slot:5:override
0x006039ce	FUN_006039ce	NULLCheckDerefChecker__vslot_010	virtual_method	NULLCheckDerefChecker	0x00b017c0	Checker	0.950		vtable_slot:10:override
0x006039d8	FUN_006039d8	NULLCheckDerefChecker__vslot_011	virtual_method	NULLCheckDerefChecker	0x00b017c0	Checker	0.950		vtable_slot:11:override
0x006039e2	FUN_006039e2	NULLCheckDerefChecker__vslot_009	virtual_method	NULLCheckDerefChecker	0x00b017c0	Checker	0.950		vtable_slot:9:override
0x006039e7	FUN_006039e7	UninitReadChecker__vslot_010	virtual_method	UninitReadChecker	0x00b017d0	Checker	0.950		vtable_slot:10:override
0x006039f1	FUN_006039f1	UninitReadChecker__vslot_011	virtual_method	UninitReadChecker	0x00b017d0	Checker	0.950		vtable_slot:11:override
0x006039fb	FUN_006039fb	UninitReadChecker__vslot_009	virtual_method	UninitReadChecker	0x00b017d0	Checker	0.950		vtable_slot:9:override
0x00603a00	FUN_00603a00	UninitReadChecker__vslot_005	virtual_method	UninitReadChecker	0x00b017d0	Checker	0.950		vtable_slot:5:override
0x00603a05	FUN_00603a05	UninitReadCheckerBackwards__vslot_010	virtual_method	UninitReadCheckerBackwards	0x00b017e0	Checker	0.950		vtable_slot:10:override
0x00603a0f	FUN_00603a0f	UninitReadCheckerBackwards__vslot_011	virtual_method	UninitReadCheckerBackwards	0x00b017e0	Checker	0.950		vtable_slot:11:override
0x00603aa4	FUN_00603aa4	UninitReadCheckerBackwards__vslot_005	virtual_method	UninitReadCheckerBackwards	0x00b017e0	Checker	0.950		vtable_slot:5:override
0x00603aa9	FUN_00603aa9	NoFlowChecker__vslot_010	virtual_method	NoFlowChecker	0x00b017f0	Checker	0.950		vtable_slot:10:override
0x00603ab3	FUN_00603ab3	NoFlowChecker__vslot_011	virtual_method	NoFlowChecker	0x00b017f0	Checker	0.950		vtable_slot:11:override
0x00603abd	FUN_00603abd	NoFlowChecker__vslot_001	virtual_method	NoFlowChecker	0x00b017f0	Checker	0.950		vtable_slot:1:override
0x00603ac2	FUN_00603ac2	NoFlowChecker__vslot_008	virtual_method	NoFlowChecker	0x00b017f0	Checker	0.950		vtable_slot:8:override
0x00603acc	FUN_00603acc	NoFlowChecker__vslot_009	virtual_method	NoFlowChecker	0x00b017f0	Checker	0.950		vtable_slot:9:override
0x00603ad1	FUN_00603ad1	NoFlowChecker__vslot_005	virtual_method	NoFlowChecker	0x00b017f0	Checker	0.950		vtable_slot:5:override
0x00603ad6	FUN_00603ad6	StrictUninitChecker__vslot_010	virtual_method	StrictUninitChecker	0x00b01800	Checker	0.950		vtable_slot:10:override
0x00603ae0	FUN_00603ae0	StrictUninitChecker__vslot_011	virtual_method	StrictUninitChecker	0x00b01800	Checker	0.950		vtable_slot:11:override
0x00603aea	FUN_00603aea	StrictUninitChecker__vslot_008	virtual_method	StrictUninitChecker	0x00b01800	Checker	0.950		vtable_slot:8:override
0x00603af4	FUN_00603af4	StrictUninitChecker__vslot_005	virtual_method	StrictUninitChecker	0x00b01800	Checker	0.950		vtable_slot:5:override
0x006044a2	FUN_006044a2	ConstChecker__vslot_000	virtual_method	ConstChecker	0x00b016a0	Checker	0.950		vtable_slot:0:override
0x00604574	FUN_00604574	ConstChecker__vslot_001	virtual_method	ConstChecker	0x00b016a0	Checker	0.950		vtable_slot:1:override
0x0060486e	FUN_0060486e	ConstChecker__vslot_002	virtual_method	ConstChecker	0x00b016a0	Checker	0.950		vtable_slot:2:override
0x006051cb	FUN_006051cb	RangeChecker__vslot_000	virtual_method	RangeChecker	0x00b016d0	Checker	0.950		vtable_slot:0:override
0x006059b7	FUN_006059b7	RangeChecker__vslot_001	virtual_method	RangeChecker	0x00b016d0	Checker	0.950		vtable_slot:1:override
0x00605b0b	FUN_00605b0b	RangeChecker__vslot_002	virtual_method	RangeChecker	0x00b016d0	Checker	0.950		vtable_slot:2:override
0x00605d43	FUN_00605d43	RangeChecker__vslot_005	virtual_method	RangeChecker	0x00b016d0	Checker	0.950		vtable_slot:5:override
0x00606087	FUN_00606087	ConstChecker__vslot_005	virtual_method	ConstChecker	0x00b016a0	Checker	0.950		vtable_slot:5:override
0x00606284	FUN_00606284	ConstChecker__vslot_003	virtual_method	ConstChecker	0x00b016a0	Checker	0.950		vtable_slot:3:override
0x006062d2	FUN_006062d2	RangeChecker__vslot_003	virtual_method	RangeChecker	0x00b016d0	Checker	0.950		vtable_slot:3:override
0x00606314	FUN_00606314	ConstChecker__vslot_006	virtual_method	ConstChecker	0x00b016a0	Checker	0.950		vtable_slot:6:override
0x006063ad	FUN_006063ad	RangeChecker__vslot_006	virtual_method	RangeChecker	0x00b016d0	Checker	0.950		vtable_slot:6:override
0x00606438	FUN_00606438	CheckerIntState__vslot_006	virtual_method	CheckerIntState	0x00b01690	Checker	0.950	CheckerIntStateLValue@0.820;CheckerIntStateSafevar@0.820;CheckerIntStateAll@0.820;MemLeakChecker@0.820	vtable_slot:6:override
0x0060648e	FUN_0060648e	MemLeakCheckerBackwards__vslot_000	virtual_method	MemLeakCheckerBackwards	0x00b016f0	Checker	0.950		vtable_slot:0:override
0x0060652a	FUN_0060652a	MemLeakCheckerBackwards__vslot_001	virtual_method	MemLeakCheckerBackwards	0x00b016f0	Checker	0.950		vtable_slot:1:override
0x00606659	FUN_00606659	MemLeakCheckerBackwards__vslot_008	virtual_method	MemLeakCheckerBackwards	0x00b016f0	Checker	0.950		vtable_slot:8:override
0x006066b8	FUN_006066b8	MemLeakChecker__vslot_000	virtual_method	MemLeakChecker	0x00b016e0	Checker	0.950		vtable_slot:0:override
0x0060677f	FUN_0060677f	MemLeakChecker__vslot_001	virtual_method	MemLeakChecker	0x00b016e0	Checker	0.950		vtable_slot:1:override
0x006068a3	FUN_006068a3	MemLeakChecker__vslot_008	virtual_method	MemLeakChecker	0x00b016e0	Checker	0.950		vtable_slot:8:override
0x00606908	FUN_00606908	MemLeakChecker__vslot_009	virtual_method	MemLeakChecker	0x00b016e0	Checker	0.950		vtable_slot:9:override
0x00606982	FUN_00606982	MemLeakChecker__vslot_005	virtual_method	MemLeakChecker	0x00b016e0	Checker	0.950		vtable_slot:5:override
0x00606a4a	FUN_00606a4a	NoFlowChecker__vslot_000	virtual_method	NoFlowChecker	0x00b017f0	Checker	0.950		vtable_slot:0:override
0x00606e3f	FUN_00606e3f	EquivChecker__vslot_001	virtual_method	EquivChecker	0x00b016b0	Checker	0.950		vtable_slot:1:override
0x00606f1d	FUN_00606f1d	EquivChecker__vslot_002	virtual_method	EquivChecker	0x00b016b0	Checker	0.950		vtable_slot:2:override
0x00607059	FUN_00607059	EquivChecker__vslot_003	virtual_method	EquivChecker	0x00b016b0	Checker	0.950		vtable_slot:3:override
0x006074e6	FUN_006074e6	EquivChecker__vslot_005	virtual_method	EquivChecker	0x00b016b0	Checker	0.950		vtable_slot:5:override
0x00607581	FUN_00607581	EquivChecker__vslot_006	virtual_method	EquivChecker	0x00b016b0	Checker	0.950		vtable_slot:6:override
0x00607766	FUN_00607766	UninitMemChecker__vslot_000	virtual_method	UninitMemChecker	0x00b016c0	Checker	0.950		vtable_slot:0:override
0x00607cad	FUN_00607cad	UninitMemChecker__vslot_001	virtual_method	UninitMemChecker	0x00b016c0	Checker	0.950		vtable_slot:1:override
0x00607de5	FUN_00607de5	UninitMemChecker__vslot_003	virtual_method	UninitMemChecker	0x00b016c0	Checker	0.950		vtable_slot:3:override
0x00607e6d	FUN_00607e6d	UninitMemChecker__vslot_002	virtual_method	UninitMemChecker	0x00b016c0	Checker	0.950		vtable_slot:2:override
0x006080a8	FUN_006080a8	UninitMemChecker__vslot_006	virtual_method	UninitMemChecker	0x00b016c0	Checker	0.950		vtable_slot:6:override
0x0060810e	FUN_0060810e	StrictUninitChecker__vslot_000	virtual_method	StrictUninitChecker	0x00b01800	Checker	0.950		vtable_slot:0:override
0x00608433	FUN_00608433	StrictUninitChecker__vslot_001	virtual_method	StrictUninitChecker	0x00b01800	Checker	0.950		vtable_slot:1:override
0x006084ef	FUN_006084ef	StrictUninitChecker__vslot_009	virtual_method	StrictUninitChecker	0x00b01800	Checker	0.950		vtable_slot:9:override
0x0060ad2b	FUN_0060ad2b	NULLCheckChecker__vslot_000	virtual_method	NULLCheckChecker	0x00b01700	Checker	0.950		vtable_slot:0:override
0x0060ae91	FUN_0060ae91	NULLCheckChecker__vslot_001	virtual_method	NULLCheckChecker	0x00b01700	Checker	0.950		vtable_slot:1:override
0x0060af20	FUN_0060af20	NULLCheckChecker__vslot_008	virtual_method	NULLCheckChecker	0x00b01700	Checker	0.950		vtable_slot:8:override
0x0060af85	FUN_0060af85	NULLCheckCheckerBackwards__vslot_000	virtual_method	NULLCheckCheckerBackwards	0x00b01710	Checker	0.950		vtable_slot:0:override
0x0060afe1	FUN_0060afe1	NULLCheckCheckerBackwards__vslot_001	virtual_method	NULLCheckCheckerBackwards	0x00b01710	Checker	0.950		vtable_slot:1:override
0x0060b0eb	FUN_0060b0eb	NULLCheckCheckerBackwards__vslot_008	virtual_method	NULLCheckCheckerBackwards	0x00b01710	Checker	0.950		vtable_slot:8:override
0x0060b123	FUN_0060b123	FreeChecker__vslot_000	virtual_method	FreeChecker	0x00b01720	Checker	0.950		vtable_slot:0:override
0x0060b29e	FUN_0060b29e	FreeChecker__vslot_001	virtual_method	FreeChecker	0x00b01720	Checker	0.950		vtable_slot:1:override
0x0060b30d	FUN_0060b30d	FreeChecker__vslot_008	virtual_method	FreeChecker	0x00b01720	Checker	0.950		vtable_slot:8:override
0x0060b317	FUN_0060b317	FreeCheckerBackwards__vslot_000	virtual_method	FreeCheckerBackwards	0x00b01730	Checker	0.950		vtable_slot:0:override
0x0060b430	FUN_0060b430	FreeCheckerBackwards__vslot_001	virtual_method	FreeCheckerBackwards	0x00b01730	Checker	0.950		vtable_slot:1:override
0x0060b448	FUN_0060b448	FreeCheckerBackwards__vslot_008	virtual_method	FreeCheckerBackwards	0x00b01730	Checker	0.950		vtable_slot:8:override
0x0060b452	FUN_0060b452	DerefNULLChecker__vslot_000	virtual_method	DerefNULLChecker	0x00b01740	Checker	0.950		vtable_slot:0:override
0x0060b615	FUN_0060b615	DerefNULLChecker__vslot_001	virtual_method	DerefNULLChecker	0x00b01740	Checker	0.950		vtable_slot:1:override
0x0060b64b	FUN_0060b64b	DerefNULLChecker__vslot_008	virtual_method	DerefNULLChecker	0x00b01740	Checker	0.950		vtable_slot:8:override
0x0060b655	FUN_0060b655	LocalScopeChecker__vslot_000	virtual_method	LocalScopeChecker	0x00b01750	Checker	0.950		vtable_slot:0:override
0x0060b702	FUN_0060b702	LocalScopeChecker__vslot_001	virtual_method	LocalScopeChecker	0x00b01750	Checker	0.950		vtable_slot:1:override
0x0060b8bd	FUN_0060b8bd	LocalScopeChecker__vslot_008	virtual_method	LocalScopeChecker	0x00b01750	Checker	0.950		vtable_slot:8:override
0x0060b8f5	FUN_0060b8f5	ReadOnlyWriteChecker__vslot_000	virtual_method	ReadOnlyWriteChecker	0x00b01760	Checker	0.950		vtable_slot:0:override
0x0060b983	FUN_0060b983	ReadOnlyWriteChecker__vslot_001	virtual_method	ReadOnlyWriteChecker	0x00b01760	Checker	0.950		vtable_slot:1:override
0x0060ba1b	FUN_0060ba1b	ReadOnlyWriteChecker__vslot_008	virtual_method	ReadOnlyWriteChecker	0x00b01760	Checker	0.950		vtable_slot:8:override
0x0060ba53	FUN_0060ba53	NewSingleChecker__vslot_000	virtual_method	NewSingleChecker	0x00b01770	Checker	0.950		vtable_slot:0:override
0x0060bb55	FUN_0060bb55	NewSingleChecker__vslot_001	virtual_method	NewSingleChecker	0x00b01770	Checker	0.950		vtable_slot:1:override
0x0060bc06	FUN_0060bc06	NewSingleChecker__vslot_008	virtual_method	NewSingleChecker	0x00b01770	Checker	0.950		vtable_slot:8:override
0x0060bc3e	FUN_0060bc3e	NewArrayChecker__vslot_000	virtual_method	NewArrayChecker	0x00b01780	Checker	0.950		vtable_slot:0:override
0x0060bd02	FUN_0060bd02	NewArrayChecker__vslot_001	virtual_method	NewArrayChecker	0x00b01780	Checker	0.950		vtable_slot:1:override
0x0060bded	FUN_0060bded	NewArrayChecker__vslot_008	virtual_method	NewArrayChecker	0x00b01780	Checker	0.950		vtable_slot:8:override
0x0060bfb2	FUN_0060bfb2	NoReturnChecker__vslot_000	virtual_method	NoReturnChecker	0x00b01790	Checker	0.950		vtable_slot:0:override
0x0060bffe	FUN_0060bffe	NoReturnChecker__vslot_009	virtual_method	NoReturnChecker	0x00b01790	Checker	0.950		vtable_slot:9:override
0x0060c05a	FUN_0060c05a	UnreadChecker__vslot_000	virtual_method	UnreadChecker	0x00b017a0	Checker	0.950		vtable_slot:0:override
0x0060c08e	FUN_0060c08e	UnreadChecker__vslot_001	virtual_method	UnreadChecker	0x00b017a0	Checker	0.950		vtable_slot:1:override
0x0060c0f0	FUN_0060c0f0	UnreadChecker__vslot_008	virtual_method	UnreadChecker	0x00b017a0	Checker	0.950		vtable_slot:8:override
0x0060c128	FUN_0060c128	UnreadCheckerBackwards__vslot_000	virtual_method	UnreadCheckerBackwards	0x00b017b0	Checker	0.950		vtable_slot:0:override
0x0060c140	FUN_0060c140	UnreadCheckerBackwards__vslot_001	virtual_method	UnreadCheckerBackwards	0x00b017b0	Checker	0.950		vtable_slot:1:override
0x0060c2f2	FUN_0060c2f2	UnreadCheckerBackwards__vslot_008	virtual_method	UnreadCheckerBackwards	0x00b017b0	Checker	0.950		vtable_slot:8:override
0x0060c34e	FUN_0060c34e	NULLCheckDerefChecker__vslot_000	virtual_method	NULLCheckDerefChecker	0x00b017c0	Checker	0.950		vtable_slot:0:override
0x0060c41a	FUN_0060c41a	NULLCheckDerefChecker__vslot_001	virtual_method	NULLCheckDerefChecker	0x00b017c0	Checker	0.950		vtable_slot:1:override
0x0060c432	FUN_0060c432	NULLCheckDerefChecker__vslot_008	virtual_method	NULLCheckDerefChecker	0x00b017c0	Checker	0.950		vtable_slot:8:override
0x0060c46a	FUN_0060c46a	NULLCheckDerefChecker__vslot_005	virtual_method	NULLCheckDerefChecker	0x00b017c0	Checker	0.950		vtable_slot:5:override
0x0060c4ca	FUN_0060c4ca	UninitReadChecker__vslot_000	virtual_method	UninitReadChecker	0x00b017d0	Checker	0.950		vtable_slot:0:override
0x0060c517	FUN_0060c517	UninitReadChecker__vslot_001	virtual_method	UninitReadChecker	0x00b017d0	Checker	0.950		vtable_slot:1:override
0x0060c53a	FUN_0060c53a	UninitReadChecker__vslot_008	virtual_method	UninitReadChecker	0x00b017d0	Checker	0.950		vtable_slot:8:override
0x0060c578	FUN_0060c578	UninitReadCheckerBackwards__vslot_000	virtual_method	UninitReadCheckerBackwards	0x00b017e0	Checker	0.950		vtable_slot:0:override
0x0060c5c0	FUN_0060c5c0	UninitReadCheckerBackwards__vslot_001	virtual_method	UninitReadCheckerBackwards	0x00b017e0	Checker	0.950		vtable_slot:1:override
0x0060c628	FUN_0060c628	UninitReadCheckerBackwards__vslot_008	virtual_method	UninitReadCheckerBackwards	0x00b017e0	Checker	0.950		vtable_slot:8:override
0x0060c694	FUN_0060c694	UninitReadCheckerBackwards__vslot_009	virtual_method	UninitReadCheckerBackwards	0x00b017e0	Checker	0.950		vtable_slot:9:override
0x0060d30f	FUN_0060d30f	CheckerIntState__vslot_003	virtual_method	CheckerIntState	0x00b01690	Checker	0.950	CheckerIntStateLValue@0.820;CheckerIntStateSafevar@0.820;CheckerIntStateAll@0.820;MemLeakChecker@0.820	vtable_slot:3:override
0x0060ecc6	FUN_0060ecc6	CheckerIntState__vslot_002	virtual_method	CheckerIntState	0x00b01690	Checker	0.950	CheckerIntStateLValue@0.820;CheckerIntStateSafevar@0.820;CheckerIntStateAll@0.820;MemLeakChecker@0.820	vtable_slot:2:override
0x0060ee8f	FUN_0060ee8f	CheckerIntState__vslot_004	virtual_method	CheckerIntState	0x00b01690	Checker	0.950	CheckerIntStateLValue@0.820;CheckerIntStateSafevar@0.820;CheckerIntStateAll@0.820;MemLeakChecker@0.820	vtable_slot:4:override
0x00611205	FUN_00611205	CheckerFlow__vslot_001	virtual_method	CheckerFlow	0x00b01680	InterblockDf	0.950		vtable_slot:1:override
0x0061ea04	FUN_0061ea04	backend_basetype__vslot_256	virtual_method	backend_basetype	0x00afc4e0	backend_dataflow	0.950	backend_t@0.820;backend_basetype2@0.820	vtable_slot:256:introduced
0x0061ea6d	FUN_0061ea6d	backend_basetype__vslot_255	virtual_method	backend_basetype	0x00afc4e0	backend_dataflow	0.950	backend_t@0.820;backend_basetype2@0.820	vtable_slot:255:introduced
0x0061ead6	FUN_0061ead6	backend_basetype__vslot_257	virtual_method	backend_basetype	0x00afc4e0	backend_dataflow	0.950	backend_t@0.820;backend_basetype2@0.820	vtable_slot:257:introduced
0x0061eb3f	FUN_0061eb3f	backend_basetype__vslot_254	virtual_method	backend_basetype	0x00afc4e0	backend_dataflow	0.950	backend_t@0.820;backend_basetype2@0.820	vtable_slot:254:introduced
0x0061eb9b	FUN_0061eb9b	pt_condcodes__vslot_003	virtual_method	pt_condcodes	0x00b01e68	peep_transformer	0.950		vtable_slot:3:override
0x0061eba4	FUN_0061eba4	pt_condcodes__vslot_004	virtual_method	pt_condcodes	0x00b01e68	peep_transformer	0.950		vtable_slot:4:override
0x0061ebad	FUN_0061ebad	pt_condcodes__vslot_005	virtual_method	pt_condcodes	0x00b01e68	peep_transformer	0.950		vtable_slot:5:override
0x0061ebb6	FUN_0061ebb6	pt_condcodes__vslot_007	virtual_method	pt_condcodes	0x00b01e68	peep_transformer	0.950		vtable_slot:7:override
0x0061ed77	FUN_0061ed77	pt_dead__vslot_003	virtual_method	pt_dead	0x00b01e78	peep_transformer	0.950		vtable_slot:3:override
0x0061ed88	FUN_0061ed88	pt_dead__vslot_004	virtual_method	pt_dead	0x00b01e78	peep_transformer	0.950		vtable_slot:4:override
0x0061ed91	FUN_0061ed91	pt_dead__vslot_005	virtual_method	pt_dead	0x00b01e78	peep_transformer	0.950		vtable_slot:5:override
0x0061ed9a	FUN_0061ed9a	pt_dead__vslot_000	virtual_method	pt_dead	0x00b01e78	peep_transformer	0.950		vtable_slot:0:override
0x0061ee81	FUN_0061ee81	pt_dead__vslot_001	virtual_method	pt_dead	0x00b01e78	peep_transformer	0.950		vtable_slot:1:override
0x0061ef23	FUN_0061ef23	pt_dead__vslot_007	virtual_method	pt_dead	0x00b01e78	peep_transformer	0.950		vtable_slot:7:override
0x0061f047	FUN_0061f047	pt_alias__vslot_003	virtual_method	pt_alias	0x00b01e88	peep_transformer	0.950		vtable_slot:3:override
0x0061f050	FUN_0061f050	pt_alias__vslot_004	virtual_method	pt_alias	0x00b01e88	peep_transformer	0.950		vtable_slot:4:override
0x0061f059	FUN_0061f059	pt_alias__vslot_005	virtual_method	pt_alias	0x00b01e88	peep_transformer	0.950		vtable_slot:5:override
0x0061f062	FUN_0061f062	pt_alias__vslot_002	virtual_method	pt_alias	0x00b01e88	peep_transformer	0.950		vtable_slot:2:override
0x0061f226	FUN_0061f226	pt_alias__vslot_008	virtual_method	pt_alias	0x00b01e88	peep_transformer	0.950		vtable_slot:8:override
0x0061fb3d	FUN_0061fb3d	pt_const__vslot_008	virtual_method	pt_const	0x00b01e98	peep_transformer	0.950		vtable_slot:8:override
0x0061fe41	FUN_0061fe41	pt_const__vslot_003	virtual_method	pt_const	0x00b01e98	peep_transformer	0.950		vtable_slot:3:override
0x0061fe4a	FUN_0061fe4a	pt_const__vslot_004	virtual_method	pt_const	0x00b01e98	peep_transformer	0.950		vtable_slot:4:override
0x0061fe53	FUN_0061fe53	pt_const__vslot_005	virtual_method	pt_const	0x00b01e98	peep_transformer	0.950		vtable_slot:5:override
0x0062036f	FUN_0062036f	bytereverser__vslot_001	virtual_method	bytereverser	0x00b020b0	ObjectVisitor	0.950		vtable_slot:1:override
0x006204c7	FUN_006204c7	bytereverser__vslot_002	virtual_method	bytereverser	0x00b020b0	ObjectVisitor	0.950		vtable_slot:2:override
0x00665e3b	FUN_00665e3b	vn_advisor_consoladd__vslot_005	virtual_method	vn_advisor_consoladd	0x00b05b44	vn_advisor	0.950		vtable_slot:5:override
0x00665e82	FUN_00665e82	vn_advisor_consoladd__vslot_004	virtual_method	vn_advisor_consoladd	0x00b05b44	vn_advisor	0.950		vtable_slot:4:override
0x00665f01	FUN_00665f01	vn_advisor_consoladd__vslot_003	virtual_method	vn_advisor_consoladd	0x00b05b44	vn_advisor	0.950		vtable_slot:3:override
0x00665f70	FUN_00665f70	vn_advisor_consoladd__vslot_006	virtual_method	vn_advisor_consoladd	0x00b05b44	vn_advisor	0.950		vtable_slot:6:override
0x00665fc4	FUN_00665fc4	vn_advisor_consolshift__vslot_003	virtual_method	vn_advisor_consolshift	0x00b05b54	vn_advisor	0.950		vtable_slot:3:override
0x006660fd	FUN_006660fd	vn_advisor_consolshift__vslot_006	virtual_method	vn_advisor_consolshift	0x00b05b54	vn_advisor	0.950		vtable_slot:6:override
0x0066616f	FUN_0066616f	vn_advisor_consolshift__vslot_001	virtual_method	vn_advisor_consolshift	0x00b05b54	vn_advisor	0.950	vn_advisor_ppc_consolshift@0.820	vtable_slot:1:override
0x006661ce	FUN_006661ce	vn_advisor_consolshift__vslot_002	virtual_method	vn_advisor_consolshift	0x00b05b54	vn_advisor	0.950	vn_advisor_ppc_consolshift@0.820	vtable_slot:2:override
0x00666295	FUN_00666295	vn_advisor_consolshift__vslot_004	virtual_method	vn_advisor_consolshift	0x00b05b54	vn_advisor	0.950		vtable_slot:4:override
0x006662e1	FUN_006662e1	vn_advisor_consolshift__vslot_005	virtual_method	vn_advisor_consolshift	0x00b05b54	vn_advisor	0.950		vtable_slot:5:override
0x00695a3c	FUN_00695a3c	std_bad_alloc__vslot_000	virtual_method	std::bad_alloc	0x00b06c7c	std::exception	0.950		vtable_slot:0:override
0x00695a63	FUN_00695a63	std_bad_alloc__vslot_002	virtual_method	std::bad_alloc	0x00b06c7c	std::exception	0.950		vtable_slot:2:override
0x006960ea	FUN_006960ea	std_logic_error__vslot_000	virtual_method	std::logic_error	0x00b06c8c	std::exception	0.950		vtable_slot:0:override
0x00696123	FUN_00696123	std_logic_error__vslot_001	virtual_method	std::logic_error	0x00b06c8c	std::exception	0.950	std::out_of_range@0.820	vtable_slot:1:override
0x00696140	FUN_00696140	std_logic_error__vslot_002	virtual_method	std::logic_error	0x00b06c8c	std::exception	0.950		vtable_slot:2:override
0x00696151	FUN_00696151	std_out_of_range__vslot_000	virtual_method	std::out_of_range	0x00b06c9c	std::exception	0.950		vtable_slot:0:override
0x006abe80	FUN_006abe80	Split64TestVisitor__vslot_000	virtual_method	Split64TestVisitor	0x00b06c5c	MachopVisitor	0.950		vtable_slot:0:override
0x006abfb6	FUN_006abfb6	Split64TestVisitor__vslot_001	virtual_method	Split64TestVisitor	0x00b06c5c	MachopVisitor	0.950		vtable_slot:1:override
0x006ac165	FUN_006ac165	Split64DoVisitor__vslot_000	virtual_method	Split64DoVisitor	0x00b07ef0	MachopVisitor	0.950		vtable_slot:0:override
0x006ac246	FUN_006ac246	Split64DoVisitor__vslot_001	virtual_method	Split64DoVisitor	0x00b07ef0	MachopVisitor	0.950		vtable_slot:1:override
0x006cd518	FUN_006cd518	backend_basetype__vslot_092	virtual_method	backend_basetype	0x00afc4e0	backend_dataflow	0.950	backend_t@0.820;backend_basetype2@0.820	vtable_slot:92:introduced
0x006d77d0	FUN_006d77d0	MachopObjectInvalidator__vslot_000	virtual_method	MachopObjectInvalidator	0x00b080b0	MachopVisitor	0.950		vtable_slot:0:override
0x006d7ef3	FUN_006d7ef3	MachopImmpropClearer__vslot_000	virtual_method	MachopImmpropClearer	0x00b080c0	MachopVisitor	0.950		vtable_slot:0:override
0x006fc36e	FUN_006fc36e	backend_basetype__vslot_094	virtual_method	backend_basetype	0x00afc4e0	backend_dataflow	0.950	backend_t@0.820;backend_basetype2@0.820	vtable_slot:94:introduced
0x006fc4f2	FUN_006fc4f2	backend_basetype__vslot_095	virtual_method	backend_basetype	0x00afc4e0	backend_dataflow	0.950	backend_t@0.820;backend_basetype2@0.820	vtable_slot:95:introduced
0x007005b0	FUN_007005b0	MachopChecker__vslot_000	virtual_method	MachopChecker	0x00b09ad8	MachopVisitor	0.950		vtable_slot:0:override
0x0070136d	FUN_0070136d	MachopBitoffsetClearer__vslot_000	virtual_method	MachopBitoffsetClearer	0x00b09ae8	MachopVisitor	0.950		vtable_slot:0:override
0x007013f2	FUN_007013f2	AddMachopVisitor__vslot_000	virtual_method	AddMachopVisitor	0x00b09af8	MachopVisitor	0.950		vtable_slot:0:override
0x0071e1f5	FUN_0071e1f5	alloc_table_bcl__vslot_001	virtual_method	alloc_table_bcl	0x00b0a5e8	alloc_table	0.950		vtable_slot:1:override
0x0071e320	FUN_0071e320	alloc_table_bcl__vslot_002	virtual_method	alloc_table_bcl	0x00b0a5e8	alloc_table	0.950		vtable_slot:2:override
0x0071e388	FUN_0071e388	alloc_table_bcl__vslot_003	virtual_method	alloc_table_bcl	0x00b0a5e8	alloc_table	0.950		vtable_slot:3:override
0x0071ea8f	FUN_0071ea8f	alloc_table_hash__vslot_001	virtual_method	alloc_table_hash	0x00b0a5c8	alloc_table	0.950		vtable_slot:1:override
0x0071f0b7	FUN_0071f0b7	alloc_table_btree__vslot_001	virtual_method	alloc_table_btree	0x00b0a5d8	alloc_table	0.950		vtable_slot:1:override
0x0071f1a1	FUN_0071f1a1	alloc_table_hash__vslot_002	virtual_method	alloc_table_hash	0x00b0a5c8	alloc_table	0.950		vtable_slot:2:override
0x0071f33f	FUN_0071f33f	alloc_table_btree__vslot_002	virtual_method	alloc_table_btree	0x00b0a5d8	alloc_table	0.950		vtable_slot:2:override
0x0071f38a	FUN_0071f38a	alloc_table_hash__vslot_003	virtual_method	alloc_table_hash	0x00b0a5c8	alloc_table	0.950		vtable_slot:3:override
0x0071f497	FUN_0071f497	alloc_table_btree__vslot_003	virtual_method	alloc_table_btree	0x00b0a5d8	alloc_table	0.950		vtable_slot:3:override
0x0072f96d	FUN_0072f96d	backend_basetype__vslot_061	virtual_method	backend_basetype	0x00afc4e0	backend_dataflow	0.950	backend_t@0.820;backend_basetype2@0.820	vtable_slot:61:introduced
0x00734b30	FUN_00734b30	backend_basetype2__vslot_000	virtual_method	backend_basetype2	0x00b0b784	backend_dataflow	0.950		vtable_slot:0:override
0x00734b35	FUN_00734b35	backend_basetype2__vslot_002	virtual_method	backend_basetype2	0x00b0b784	backend_dataflow	0.950		vtable_slot:2:override
0x00734b3a	FUN_00734b3a	backend_basetype2__vslot_003	virtual_method	backend_basetype2	0x00b0b784	backend_dataflow	0.950		vtable_slot:3:override
0x00734b43	FUN_00734b43	backend_basetype2__vslot_004	virtual_method	backend_basetype2	0x00b0b784	backend_dataflow	0.950		vtable_slot:4:override
0x00734b4c	FUN_00734b4c	backend_basetype2__vslot_009	virtual_method	backend_basetype2	0x00b0b784	backend_dataflow	0.950		vtable_slot:9:override
0x00734b55	FUN_00734b55	backend_basetype2__vslot_011	virtual_method	backend_basetype2	0x00b0b784	backend_dataflow	0.950		vtable_slot:11:override
0x00734b69	FUN_00734b69	backend_basetype2__vslot_013	virtual_method	backend_basetype2	0x00b0b784	backend_dataflow	0.950		vtable_slot:13:override
0x00734b72	FUN_00734b72	backend_basetype2__vslot_014	virtual_method	backend_basetype2	0x00b0b784	backend_dataflow	0.950		vtable_slot:14:override
0x00734b7b	FUN_00734b7b	backend_basetype2__vslot_015	virtual_method	backend_basetype2	0x00b0b784	backend_dataflow	0.950		vtable_slot:15:override
0x00734b93	FUN_00734b93	backend_basetype2__vslot_017	virtual_method	backend_basetype2	0x00b0b784	backend_dataflow	0.950		vtable_slot:17:override
0x00734bca	FUN_00734bca	backend_basetype2__vslot_026	virtual_method	backend_basetype2	0x00b0b784	backend_dataflow	0.950		vtable_slot:26:override
0x00734bdf	FUN_00734bdf	backend_basetype2__vslot_027	virtual_method	backend_basetype2	0x00b0b784	backend_dataflow	0.950		vtable_slot:27:override
0x00734be8	FUN_00734be8	backend_basetype2__vslot_029	virtual_method	backend_basetype2	0x00b0b784	backend_dataflow	0.950		vtable_slot:29:override
0x00734bf2	FUN_00734bf2	backend_basetype2__vslot_034	virtual_method	backend_basetype2	0x00b0b784	backend_dataflow	0.950		vtable_slot:34:override
0x00734bfc	FUN_00734bfc	backend_basetype2__vslot_040	virtual_method	backend_basetype2	0x00b0b784	backend_dataflow	0.950		vtable_slot:40:override
0x00734c05	FUN_00734c05	backend_basetype2__vslot_043	virtual_method	backend_basetype2	0x00b0b784	backend_dataflow	0.950		vtable_slot:43:override
0x00734c0e	FUN_00734c0e	backend_basetype2__vslot_044	virtual_method	backend_basetype2	0x00b0b784	backend_dataflow	0.950		vtable_slot:44:override
0x00734c17	FUN_00734c17	backend_basetype2__vslot_058	virtual_method	backend_basetype2	0x00b0b784	backend_dataflow	0.950		vtable_slot:58:override
0x00734c20	FUN_00734c20	backend_basetype2__vslot_062	virtual_method	backend_basetype2	0x00b0b784	backend_dataflow	0.950		vtable_slot:62:override
0x00734c25	FUN_00734c25	backend_basetype2__vslot_065	virtual_method	backend_basetype2	0x00b0b784	backend_dataflow	0.950		vtable_slot:65:override
0x00734c2e	FUN_00734c2e	backend_basetype2__vslot_067	virtual_method	backend_basetype2	0x00b0b784	backend_dataflow	0.950		vtable_slot:67:override
0x00734c37	FUN_00734c37	backend_basetype2__vslot_070	virtual_method	backend_basetype2	0x00b0b784	backend_dataflow	0.950		vtable_slot:70:override
0x00734c40	FUN_00734c40	backend_basetype2__vslot_071	virtual_method	backend_basetype2	0x00b0b784	backend_dataflow	0.950		vtable_slot:71:override
0x00734c49	FUN_00734c49	backend_basetype2__vslot_073	virtual_method	backend_basetype2	0x00b0b784	backend_dataflow	0.950		vtable_slot:73:override
0x00734c52	FUN_00734c52	backend_basetype2__vslot_074	virtual_method	backend_basetype2	0x00b0b784	backend_dataflow	0.950		vtable_slot:74:override
0x00734c57	FUN_00734c57	backend_basetype2__vslot_075	virtual_method	backend_basetype2	0x00b0b784	backend_dataflow	0.950		vtable_slot:75:override
0x00734c5c	FUN_00734c5c	backend_basetype2__vslot_076	virtual_method	backend_basetype2	0x00b0b784	backend_dataflow	0.950		vtable_slot:76:override
0x00734c61	FUN_00734c61	backend_basetype2__vslot_078	virtual_method	backend_basetype2	0x00b0b784	backend_dataflow	0.950		vtable_slot:78:override
0x00734c6f	FUN_00734c6f	backend_basetype2__vslot_079	virtual_method	backend_basetype2	0x00b0b784	backend_dataflow	0.950		vtable_slot:79:override
0x00734c78	FUN_00734c78	backend_basetype2__vslot_080	virtual_method	backend_basetype2	0x00b0b784	backend_dataflow	0.950		vtable_slot:80:override
0x00734c88	FUN_00734c88	backend_basetype2__vslot_081	virtual_method	backend_basetype2	0x00b0b784	backend_dataflow	0.950		vtable_slot:81:override
0x00734c92	FUN_00734c92	backend_basetype2__vslot_083	virtual_method	backend_basetype2	0x00b0b784	backend_dataflow	0.950		vtable_slot:83:override
0x00734c9b	FUN_00734c9b	backend_basetype2__vslot_087	virtual_method	backend_basetype2	0x00b0b784	backend_dataflow	0.950		vtable_slot:87:override
0x00734ca4	FUN_00734ca4	backend_basetype2__vslot_088	virtual_method	backend_basetype2	0x00b0b784	backend_dataflow	0.950		vtable_slot:88:override
0x00734ca9	FUN_00734ca9	backend_basetype2__vslot_089	virtual_method	backend_basetype2	0x00b0b784	backend_dataflow	0.950		vtable_slot:89:override
0x00734cae	FUN_00734cae	backend_basetype2__vslot_090	virtual_method	backend_basetype2	0x00b0b784	backend_dataflow	0.950		vtable_slot:90:override
0x00734cdb	FUN_00734cdb	backend_basetype2__vslot_105	virtual_method	backend_basetype2	0x00b0b784	backend_dataflow	0.950		vtable_slot:105:override
0x00734d7d	FUN_00734d7d	backend_basetype2__vslot_117	virtual_method	backend_basetype2	0x00b0b784	backend_dataflow	0.950		vtable_slot:117:override
0x00734d86	FUN_00734d86	backend_basetype2__vslot_122	virtual_method	backend_basetype2	0x00b0b784	backend_dataflow	0.950		vtable_slot:122:override
0x00734d8f	FUN_00734d8f	backend_basetype2__vslot_123	virtual_method	backend_basetype2	0x00b0b784	backend_dataflow	0.950		vtable_slot:123:override
0x00734d98	FUN_00734d98	backend_basetype2__vslot_124	virtual_method	backend_basetype2	0x00b0b784	backend_dataflow	0.950		vtable_slot:124:override
0x00734da1	FUN_00734da1	backend_basetype2__vslot_125	virtual_method	backend_basetype2	0x00b0b784	backend_dataflow	0.950		vtable_slot:125:override
0x00734daa	FUN_00734daa	backend_basetype2__vslot_126	virtual_method	backend_basetype2	0x00b0b784	backend_dataflow	0.950		vtable_slot:126:override
0x00734e16	FUN_00734e16	backend_basetype2__vslot_129	virtual_method	backend_basetype2	0x00b0b784	backend_dataflow	0.950		vtable_slot:129:override
0x00734e1b	FUN_00734e1b	backend_basetype2__vslot_132	virtual_method	backend_basetype2	0x00b0b784	backend_dataflow	0.950		vtable_slot:132:override
0x00734e24	FUN_00734e24	backend_basetype2__vslot_138	virtual_method	backend_basetype2	0x00b0b784	backend_dataflow	0.950		vtable_slot:138:override
0x00734e2d	FUN_00734e2d	backend_basetype2__vslot_140	virtual_method	backend_basetype2	0x00b0b784	backend_dataflow	0.950		vtable_slot:140:override
0x00734e32	FUN_00734e32	backend_basetype2__vslot_141	virtual_method	backend_basetype2	0x00b0b784	backend_dataflow	0.950		vtable_slot:141:override
0x00734e37	FUN_00734e37	backend_basetype2__vslot_142	virtual_method	backend_basetype2	0x00b0b784	backend_dataflow	0.950		vtable_slot:142:override
0x00734e3c	FUN_00734e3c	backend_basetype2__vslot_143	virtual_method	backend_basetype2	0x00b0b784	backend_dataflow	0.950		vtable_slot:143:override
0x00734e41	FUN_00734e41	backend_basetype2__vslot_144	virtual_method	backend_basetype2	0x00b0b784	backend_dataflow	0.950		vtable_slot:144:override
0x00734e55	FUN_00734e55	backend_basetype2__vslot_146	virtual_method	backend_basetype2	0x00b0b784	backend_dataflow	0.950		vtable_slot:146:override
0x00734e5a	FUN_00734e5a	backend_basetype2__vslot_147	virtual_method	backend_basetype2	0x00b0b784	backend_dataflow	0.950		vtable_slot:147:override
0x00734e5f	FUN_00734e5f	backend_basetype2__vslot_148	virtual_method	backend_basetype2	0x00b0b784	backend_dataflow	0.950		vtable_slot:148:override
0x00734e69	FUN_00734e69	backend_basetype2__vslot_152	virtual_method	backend_basetype2	0x00b0b784	backend_dataflow	0.950		vtable_slot:152:override
0x00734e72	FUN_00734e72	backend_basetype2__vslot_153	virtual_method	backend_basetype2	0x00b0b784	backend_dataflow	0.950		vtable_slot:153:override
0x00734e7c	FUN_00734e7c	backend_basetype2__vslot_154	virtual_method	backend_basetype2	0x00b0b784	backend_dataflow	0.950		vtable_slot:154:override
0x00734e9a	FUN_00734e9a	backend_basetype2__vslot_161	virtual_method	backend_basetype2	0x00b0b784	backend_dataflow	0.950		vtable_slot:161:override
0x00734e9f	FUN_00734e9f	backend_basetype2__vslot_162	virtual_method	backend_basetype2	0x00b0b784	backend_dataflow	0.950		vtable_slot:162:override
0x00734ea4	FUN_00734ea4	backend_basetype2__vslot_163	virtual_method	backend_basetype2	0x00b0b784	backend_dataflow	0.950		vtable_slot:163:override
0x00734ea9	FUN_00734ea9	backend_basetype2__vslot_164	virtual_method	backend_basetype2	0x00b0b784	backend_dataflow	0.950		vtable_slot:164:override
0x00734eb3	FUN_00734eb3	backend_basetype2__vslot_182	virtual_method	backend_basetype2	0x00b0b784	backend_dataflow	0.950		vtable_slot:182:override
0x00734eb8	FUN_00734eb8	backend_basetype2__vslot_187	virtual_method	backend_basetype2	0x00b0b784	backend_dataflow	0.950		vtable_slot:187:override
0x00734ebd	FUN_00734ebd	backend_basetype2__vslot_188	virtual_method	backend_basetype2	0x00b0b784	backend_dataflow	0.950		vtable_slot:188:override
0x00734ec7	FUN_00734ec7	backend_basetype2__vslot_189	virtual_method	backend_basetype2	0x00b0b784	backend_dataflow	0.950		vtable_slot:189:override
0x00734ecc	FUN_00734ecc	backend_basetype2__vslot_190	virtual_method	backend_basetype2	0x00b0b784	backend_dataflow	0.950		vtable_slot:190:override
0x00734ed4	FUN_00734ed4	backend_basetype2__vslot_191	virtual_method	backend_basetype2	0x00b0b784	backend_dataflow	0.950		vtable_slot:191:override
0x00734edd	FUN_00734edd	backend_basetype2__vslot_192	virtual_method	backend_basetype2	0x00b0b784	backend_dataflow	0.950		vtable_slot:192:override
0x00734ee6	FUN_00734ee6	backend_basetype2__vslot_193	virtual_method	backend_basetype2	0x00b0b784	backend_dataflow	0.950		vtable_slot:193:override
0x00734eef	FUN_00734eef	backend_basetype2__vslot_195	virtual_method	backend_basetype2	0x00b0b784	backend_dataflow	0.950		vtable_slot:195:override
0x00734ef9	FUN_00734ef9	backend_basetype2__vslot_198	virtual_method	backend_basetype2	0x00b0b784	backend_dataflow	0.950		vtable_slot:198:override
0x00734f02	FUN_00734f02	backend_basetype2__vslot_200	virtual_method	backend_basetype2	0x00b0b784	backend_dataflow	0.950		vtable_slot:200:override
0x00734f0e	FUN_00734f0e	backend_basetype2__vslot_201	virtual_method	backend_basetype2	0x00b0b784	backend_dataflow	0.950		vtable_slot:201:override
0x00734f2b	FUN_00734f2b	backend_basetype2__vslot_204	virtual_method	backend_basetype2	0x00b0b784	backend_dataflow	0.950		vtable_slot:204:override
0x00734f30	FUN_00734f30	backend_basetype2__vslot_205	virtual_method	backend_basetype2	0x00b0b784	backend_dataflow	0.950		vtable_slot:205:override
0x00734f35	FUN_00734f35	backend_basetype2__vslot_207	virtual_method	backend_basetype2	0x00b0b784	backend_dataflow	0.950		vtable_slot:207:override
0x00734f3a	FUN_00734f3a	backend_basetype2__vslot_208	virtual_method	backend_basetype2	0x00b0b784	backend_dataflow	0.950		vtable_slot:208:override
0x00734f43	FUN_00734f43	backend_basetype2__vslot_209	virtual_method	backend_basetype2	0x00b0b784	backend_dataflow	0.950		vtable_slot:209:override
0x00734f4c	FUN_00734f4c	backend_basetype2__vslot_211	virtual_method	backend_basetype2	0x00b0b784	backend_dataflow	0.950		vtable_slot:211:override
0x00734f56	FUN_00734f56	backend_basetype2__vslot_213	virtual_method	backend_basetype2	0x00b0b784	backend_dataflow	0.950		vtable_slot:213:override
0x00734f5b	FUN_00734f5b	backend_basetype2__vslot_214	virtual_method	backend_basetype2	0x00b0b784	backend_dataflow	0.950		vtable_slot:214:override
0x00734f64	FUN_00734f64	backend_basetype2__vslot_215	virtual_method	backend_basetype2	0x00b0b784	backend_dataflow	0.950		vtable_slot:215:override
0x00734f69	FUN_00734f69	backend_basetype2__vslot_217	virtual_method	backend_basetype2	0x00b0b784	backend_dataflow	0.950		vtable_slot:217:override
0x00734f72	FUN_00734f72	backend_basetype2__vslot_218	virtual_method	backend_basetype2	0x00b0b784	backend_dataflow	0.950		vtable_slot:218:override
0x00734f7b	FUN_00734f7b	backend_basetype2__vslot_219	virtual_method	backend_basetype2	0x00b0b784	backend_dataflow	0.950		vtable_slot:219:override
0x00734f8e	FUN_00734f8e	backend_basetype2__vslot_221	virtual_method	backend_basetype2	0x00b0b784	backend_dataflow	0.950		vtable_slot:221:override
0x00734fa7	FUN_00734fa7	backend_basetype2__vslot_224	virtual_method	backend_basetype2	0x00b0b784	backend_dataflow	0.950		vtable_slot:224:override
0x00734fb0	FUN_00734fb0	backend_basetype2__vslot_225	virtual_method	backend_basetype2	0x00b0b784	backend_dataflow	0.950		vtable_slot:225:override
0x00734fb5	FUN_00734fb5	backend_basetype2__vslot_226	virtual_method	backend_basetype2	0x00b0b784	backend_dataflow	0.950		vtable_slot:226:override
0x00734fba	FUN_00734fba	backend_basetype2__vslot_227	virtual_method	backend_basetype2	0x00b0b784	backend_dataflow	0.950		vtable_slot:227:override
0x00734fbf	FUN_00734fbf	backend_basetype2__vslot_228	virtual_method	backend_basetype2	0x00b0b784	backend_dataflow	0.950		vtable_slot:228:override
0x00734fc8	FUN_00734fc8	backend_basetype2__vslot_230	virtual_method	backend_basetype2	0x00b0b784	backend_dataflow	0.950		vtable_slot:230:override
0x00734fe0	FUN_00734fe0	backend_basetype2__vslot_232	virtual_method	backend_basetype2	0x00b0b784	backend_dataflow	0.950		vtable_slot:232:override
0x00734fe9	FUN_00734fe9	backend_basetype2__vslot_233	virtual_method	backend_basetype2	0x00b0b784	backend_dataflow	0.950		vtable_slot:233:override
0x00734fee	FUN_00734fee	backend_basetype2__vslot_019	virtual_method	backend_basetype2	0x00b0b784	backend_dataflow	0.950		vtable_slot:19:override
0x00734ff7	FUN_00734ff7	backend_basetype2__vslot_020	virtual_method	backend_basetype2	0x00b0b784	backend_dataflow	0.950		vtable_slot:20:override
0x0073501d	FUN_0073501d	backend_basetype2__vslot_023	virtual_method	backend_basetype2	0x00b0b784	backend_dataflow	0.950		vtable_slot:23:override
0x00735026	FUN_00735026	backend_basetype2__vslot_240	virtual_method	backend_basetype2	0x00b0b784	backend_dataflow	0.950		vtable_slot:240:override
0x0073502b	FUN_0073502b	backend_basetype2__vslot_242	virtual_method	backend_basetype2	0x00b0b784	backend_dataflow	0.950		vtable_slot:242:override
0x00735034	FUN_00735034	backend_basetype2__vslot_243	virtual_method	backend_basetype2	0x00b0b784	backend_dataflow	0.950		vtable_slot:243:override
0x0073503d	FUN_0073503d	backend_basetype2__vslot_244	virtual_method	backend_basetype2	0x00b0b784	backend_dataflow	0.950		vtable_slot:244:override
0x00735046	FUN_00735046	backend_basetype2__vslot_245	virtual_method	backend_basetype2	0x00b0b784	backend_dataflow	0.950		vtable_slot:245:override
0x0073504b	FUN_0073504b	backend_basetype2__vslot_248	virtual_method	backend_basetype2	0x00b0b784	backend_dataflow	0.950		vtable_slot:248:override
0x00735054	FUN_00735054	backend_basetype2__vslot_249	virtual_method	backend_basetype2	0x00b0b784	backend_dataflow	0.950		vtable_slot:249:override
0x0073505d	FUN_0073505d	backend_basetype2__vslot_250	virtual_method	backend_basetype2	0x00b0b784	backend_dataflow	0.950		vtable_slot:250:override
0x00735062	FUN_00735062	backend_basetype2__vslot_251	virtual_method	backend_basetype2	0x00b0b784	backend_dataflow	0.950		vtable_slot:251:override
0x0073506a	FUN_0073506a	backend_basetype2__vslot_252	virtual_method	backend_basetype2	0x00b0b784	backend_dataflow	0.950		vtable_slot:252:override
0x00735073	FUN_00735073	backend_basetype2__vslot_253	virtual_method	backend_basetype2	0x00b0b784	backend_dataflow	0.950		vtable_slot:253:override
0x0073507c	FUN_0073507c	backend_basetype2__vslot_259	virtual_method	backend_basetype2	0x00b0b784	backend_dataflow	0.950		vtable_slot:259:override
0x00735085	FUN_00735085	backend_basetype2__vslot_260	virtual_method	backend_basetype2	0x00b0b784	backend_dataflow	0.950		vtable_slot:260:override
0x0073508e	FUN_0073508e	backend_basetype2__vslot_261	virtual_method	backend_basetype2	0x00b0b784	backend_dataflow	0.950		vtable_slot:261:override
0x00735098	FUN_00735098	backend_basetype2__vslot_120	virtual_method	backend_basetype2	0x00b0b784	backend_dataflow	0.950		vtable_slot:120:override
0x007350d0	FUN_007350d0	backend_basetype2__vslot_121	virtual_method	backend_basetype2	0x00b0b784	backend_dataflow	0.950		vtable_slot:121:override
0x007351e2	FUN_007351e2	backend_basetype2__vslot_169	virtual_method	backend_basetype2	0x00b0b784	backend_dataflow	0.950	backend_t@0.820	vtable_slot:169:override
0x0073522e	FUN_0073522e	backend_basetype2__vslot_170	virtual_method	backend_basetype2	0x00b0b784	backend_dataflow	0.950	backend_t@0.820	vtable_slot:170:override
0x00735254	FUN_00735254	backend_basetype2__vslot_171	virtual_method	backend_basetype2	0x00b0b784	backend_dataflow	0.950	backend_t@0.820	vtable_slot:171:override
0x0073527a	FUN_0073527a	backend_basetype2__vslot_172	virtual_method	backend_basetype2	0x00b0b784	backend_dataflow	0.950	backend_t@0.820	vtable_slot:172:override
0x007352a0	FUN_007352a0	backend_basetype2__vslot_097	virtual_method	backend_basetype2	0x00b0b784	backend_dataflow	0.950	backend_t@0.820	vtable_slot:97:override
0x007352ea	FUN_007352ea	backend_basetype2__vslot_098	virtual_method	backend_basetype2	0x00b0b784	backend_dataflow	0.950	backend_t@0.820	vtable_slot:98:override
0x00735341	FUN_00735341	backend_basetype2__vslot_099	virtual_method	backend_basetype2	0x00b0b784	backend_dataflow	0.950	backend_t@0.820	vtable_slot:99:override
0x0073538b	FUN_0073538b	backend_basetype2__vslot_100	virtual_method	backend_basetype2	0x00b0b784	backend_dataflow	0.950	backend_t@0.820	vtable_slot:100:override
0x007353e2	FUN_007353e2	backend_basetype2__vslot_068	virtual_method	backend_basetype2	0x00b0b784	backend_dataflow	0.950	backend_t@0.820	vtable_slot:68:override
0x007354ed	FUN_007354ed	backend_basetype2__vslot_072	virtual_method	backend_basetype2	0x00b0b784	backend_dataflow	0.950	backend_t@0.820	vtable_slot:72:override
0x00735592	FUN_00735592	backend_basetype2__vslot_066	virtual_method	backend_basetype2	0x00b0b784	backend_dataflow	0.950	backend_t@0.820	vtable_slot:66:override
0x00735612	FUN_00735612	backend_basetype2__vslot_101	virtual_method	backend_basetype2	0x00b0b784	backend_dataflow	0.950	backend_t@0.820	vtable_slot:101:override
0x0073561b	FUN_0073561b	backend_basetype2__vslot_102	virtual_method	backend_basetype2	0x00b0b784	backend_dataflow	0.950	backend_t@0.820	vtable_slot:102:override
0x00735673	FUN_00735673	backend_basetype2__vslot_239	virtual_method	backend_basetype2	0x00b0b784	backend_dataflow	0.950	backend_t@0.820	vtable_slot:239:override
0x00735ac3	FUN_00735ac3	ls_window_scheduler__vslot_001	virtual_method	ls_window_scheduler	0x00b0c114	ws_interface	0.950		vtable_slot:1:override
0x00735ac8	FUN_00735ac8	ls_window_scheduler__vslot_002	virtual_method	ls_window_scheduler	0x00b0c114	ws_interface	0.950		vtable_slot:2:override
0x00735acd	FUN_00735acd	ls_window_scheduler__vslot_009	virtual_method	ls_window_scheduler	0x00b0c114	ws_interface	0.950		vtable_slot:9:override
0x00735ae0	FUN_00735ae0	ls_window_scheduler__vslot_010	virtual_method	ls_window_scheduler	0x00b0c114	ws_interface	0.950		vtable_slot:10:override
0x00735af3	FUN_00735af3	ls_window_scheduler__vslot_011	virtual_method	ls_window_scheduler	0x00b0c114	ws_interface	0.950		vtable_slot:11:override
0x00735b00	FUN_00735b00	ls_window_scheduler__vslot_012	virtual_method	ls_window_scheduler	0x00b0c114	ws_interface	0.950		vtable_slot:12:override
0x00738772	FUN_00738772	resource_model_scheduler__vslot_004	virtual_method	resource_model_scheduler	0x00b0c0f4	list_scheduler	0.950	g4_resource_scheduler@0.820;ppc970_resource_scheduler@0.820;ame_resource_scheduler@0.820	vtable_slot:4:override
0x007387cf	FUN_007387cf	resource_model_scheduler__vslot_002	virtual_method	resource_model_scheduler	0x00b0c0f4	list_scheduler	0.950	g4_resource_scheduler@0.820;ppc970_resource_scheduler@0.820;ame_resource_scheduler@0.820;list_scheduler@0.451	vtable_slot:2:override
0x00738d12	FUN_00738d12	resource_model_scheduler__vslot_005	virtual_method	resource_model_scheduler	0x00b0c0f4	list_scheduler	0.950	g4_resource_scheduler@0.820;ppc970_resource_scheduler@0.820;ame_resource_scheduler@0.820;list_scheduler@0.451	vtable_slot:5:override
0x00738de5	FUN_00738de5	resource_model_scheduler__vslot_003	virtual_method	resource_model_scheduler	0x00b0c0f4	list_scheduler	0.950	g4_resource_scheduler@0.820;ppc970_resource_scheduler@0.820;ame_resource_scheduler@0.820;list_scheduler@0.451	vtable_slot:3:override
0x00739097	FUN_00739097	resource_model_scheduler__vslot_006	virtual_method	resource_model_scheduler	0x00b0c0f4	list_scheduler	0.950	g4_resource_scheduler@0.820;ppc970_resource_scheduler@0.820;ame_resource_scheduler@0.820	vtable_slot:6:override
0x0073950f	FUN_0073950f	resource_model_scheduler__vslot_001	virtual_method	resource_model_scheduler	0x00b0c0f4	list_scheduler	0.950	list_scheduler@0.451;g4_resource_scheduler@0.361;ppc970_resource_scheduler@0.361;ame_resource_scheduler@0.361	vtable_slot:1:override
0x00739659	FUN_00739659	resource_model_scheduler__vslot_008	virtual_method	resource_model_scheduler	0x00b0c0f4	list_scheduler	0.950	g4_resource_scheduler@0.820;ppc970_resource_scheduler@0.820;ame_resource_scheduler@0.820	vtable_slot:8:override
0x00739679	FUN_00739679	resource_model_scheduler__vslot_007	virtual_method	resource_model_scheduler	0x00b0c0f4	list_scheduler	0.950	g4_resource_scheduler@0.820;ppc970_resource_scheduler@0.820;ame_resource_scheduler@0.820	vtable_slot:7:override
0x00739824	FUN_00739824	resource_model_scheduler__vslot_010	virtual_method	resource_model_scheduler	0x00b0c0f4	list_scheduler	0.950	g4_resource_scheduler@0.820;ppc970_resource_scheduler@0.820;ame_resource_scheduler@0.820;list_scheduler@0.451	vtable_slot:10:override
0x007399dd	FUN_007399dd	resource_model_scheduler__vslot_012	virtual_method	resource_model_scheduler	0x00b0c0f4	list_scheduler	0.950	g4_resource_scheduler@0.820;ppc970_resource_scheduler@0.820;ame_resource_scheduler@0.820	vtable_slot:12:introduced
0x00739ae2	FUN_00739ae2	resource_model_scheduler__vslot_009	virtual_method	resource_model_scheduler	0x00b0c0f4	list_scheduler	0.950	g4_resource_scheduler@0.820;ppc970_resource_scheduler@0.820;ame_resource_scheduler@0.820;list_scheduler@0.451	vtable_slot:9:override
0x00739d9d	FUN_00739d9d	backend_basetype__vslot_113	virtual_method	backend_basetype	0x00afc4e0	backend_dataflow	0.950	backend_t@0.820;backend_basetype2@0.820	vtable_slot:113:introduced
0x0073a7f7	FUN_0073a7f7	compat_list_scheduler__vslot_006	virtual_method	compat_list_scheduler	0x00b0c104	list_scheduler	0.950		vtable_slot:6:override
0x0073a81f	FUN_0073a81f	compat_list_scheduler__vslot_001	virtual_method	compat_list_scheduler	0x00b0c104	list_scheduler	0.950	list_scheduler@0.451	vtable_slot:1:override
0x0073a849	FUN_0073a849	compat_list_scheduler__vslot_004	virtual_method	compat_list_scheduler	0x00b0c104	list_scheduler	0.950		vtable_slot:4:override
0x0073aa46	FUN_0073aa46	ls_window_scheduler__vslot_000	virtual_method	ls_window_scheduler	0x00b0c114	ws_interface	0.950		vtable_slot:0:override
0x0073aa91	FUN_0073aa91	ls_window_scheduler__vslot_003	virtual_method	ls_window_scheduler	0x00b0c114	ws_interface	0.950		vtable_slot:3:override
0x0073abbc	FUN_0073abbc	ls_window_scheduler__vslot_004	virtual_method	ls_window_scheduler	0x00b0c114	ws_interface	0.950		vtable_slot:4:override
0x0073abfc	FUN_0073abfc	ls_window_scheduler__vslot_005	virtual_method	ls_window_scheduler	0x00b0c114	ws_interface	0.950		vtable_slot:5:override
0x0073acce	FUN_0073acce	ls_window_scheduler__vslot_006	virtual_method	ls_window_scheduler	0x00b0c114	ws_interface	0.950		vtable_slot:6:override
0x0073ad76	FUN_0073ad76	ls_window_scheduler__vslot_007	virtual_method	ls_window_scheduler	0x00b0c114	ws_interface	0.950		vtable_slot:7:override
0x0073add4	FUN_0073add4	ls_window_scheduler__vslot_008	virtual_method	ls_window_scheduler	0x00b0c114	ws_interface	0.950		vtable_slot:8:override
0x0073b65e	FUN_0073b65e	immediate_implicit__vslot_004	virtual_method	immediate_implicit	0x00b0c7dc	operand_parser	0.950	empty@0.820;operand_parser@0.820	vtable_slot:4:override
0x0073b697	FUN_0073b697	immediate_implicit__vslot_010	virtual_method	immediate_implicit	0x00b0c7dc	operand_parser	0.950	empty@0.820;operand_parser@0.820	vtable_slot:10:override
0x0073b7fb	FUN_0073b7fb	immediate_implicit__vslot_020	virtual_method	immediate_implicit	0x00b0c7dc	operand_parser	0.950	empty@0.820;operand_parser@0.820	vtable_slot:20:override
0x0073b890	FUN_0073b890	immediate_implicit__vslot_000	virtual_method	immediate_implicit	0x00b0c7dc	operand_parser	0.950		vtable_slot:0:override
0x0073b899	FUN_0073b899	immediate_implicit__vslot_001	virtual_method	immediate_implicit	0x00b0c7dc	operand_parser	0.950		vtable_slot:1:override
0x0073bd67	FUN_0073bd67	backend_basetype__vslot_149	virtual_method	backend_basetype	0x00afc4e0	backend_dataflow	0.950	backend_t@0.820;backend_basetype2@0.820	vtable_slot:149:introduced
0x0073befc	FUN_0073befc	backend_basetype__vslot_150	virtual_method	backend_basetype	0x00afc4e0	backend_dataflow	0.950	backend_t@0.820;backend_basetype2@0.820	vtable_slot:150:introduced
0x0073c694	FUN_0073c694	backend_basetype__vslot_151	virtual_method	backend_basetype	0x00afc4e0	backend_dataflow	0.950	backend_t@0.820;backend_basetype2@0.820	vtable_slot:151:introduced
0x0073ea02	FUN_0073ea02	backend_basetype__vslot_158	virtual_method	backend_basetype	0x00afc4e0	backend_dataflow	0.950	backend_t@0.820;backend_basetype2@0.820	vtable_slot:158:introduced
0x0073f585	FUN_0073f585	backend_basetype__vslot_157	virtual_method	backend_basetype	0x00afc4e0	backend_dataflow	0.950	backend_t@0.820;backend_basetype2@0.820	vtable_slot:157:introduced
0x00742a3b	FUN_00742a3b	register_range__vslot_005	virtual_method	register_range	0x00b10d30	operand_parser	0.950		vtable_slot:5:override
0x00742bcd	FUN_00742bcd	register_range__vslot_008	virtual_method	register_range	0x00b10d30	operand_parser	0.950		vtable_slot:8:override
0x00742c28	FUN_00742c28	register_range__vslot_010	virtual_method	register_range	0x00b10d30	operand_parser	0.950		vtable_slot:10:override
0x00742c51	FUN_00742c51	register_set__vslot_005	virtual_method	register_set	0x00b10d40	operand_parser	0.950		vtable_slot:5:override
0x00742e0d	FUN_00742e0d	register_set__vslot_007	virtual_method	register_set	0x00b10d40	operand_parser	0.950		vtable_slot:7:override
0x00742e72	FUN_00742e72	register_set__vslot_008	virtual_method	register_set	0x00b10d40	operand_parser	0.950		vtable_slot:8:override
0x00742ef7	FUN_00742ef7	register_implicit__vslot_005	virtual_method	register_implicit	0x00b10d50	operand_parser	0.950		vtable_slot:5:override
0x0074308b	FUN_0074308b	register_implicit__vslot_007	virtual_method	register_implicit	0x00b10d50	operand_parser	0.950		vtable_slot:7:override
0x007430b7	FUN_007430b7	register_implicit__vslot_009	virtual_method	register_implicit	0x00b10d50	operand_parser	0.950		vtable_slot:9:override
0x007432aa	FUN_007432aa	immediate__vslot_005	virtual_method	immediate	0x00b10d70	operand_parser	0.950	immediate_implicit@0.361	vtable_slot:5:override
0x00743723	FUN_00743723	immediate__vslot_008	virtual_method	immediate	0x00b10d70	operand_parser	0.950	immediate_implicit@0.820	vtable_slot:8:override
0x007438b4	FUN_007438b4	immediate__vslot_009	virtual_method	immediate	0x00b10d70	operand_parser	0.950	empty@0.451;operand_parser@0.451;register_range@0.451;register_set@0.451	vtable_slot:9:override
0x00743944	FUN_00743944	immediate_implicit__vslot_005	virtual_method	immediate_implicit	0x00b0c7dc	operand_parser	0.950	immediate@0.522	vtable_slot:5:override
0x0074396e	FUN_0074396e	immediate_implicit__vslot_007	virtual_method	immediate_implicit	0x00b0c7dc	operand_parser	0.950		vtable_slot:7:override
0x00743a1f	FUN_00743a1f	immediate_implicit__vslot_009	virtual_method	immediate_implicit	0x00b0c7dc	operand_parser	0.950		vtable_slot:9:override
0x00743bcd	FUN_00743bcd	statictext__vslot_008	virtual_method	statictext	0x00b10d90	operand_parser	0.950		vtable_slot:8:override
0x00744328	FUN_00744328	compose__vslot_005	virtual_method	compose	0x00b10db0	operand_parser	0.950		vtable_slot:5:override
0x00744931	FUN_00744931	compose__vslot_006	virtual_method	compose	0x00b10db0	operand_parser	0.950		vtable_slot:6:override
0x0074520f	FUN_0074520f	compose__vslot_009	virtual_method	compose	0x00b10db0	operand_parser	0.950	empty@0.451;operand_parser@0.451;register_range@0.451;register_set@0.451	vtable_slot:9:override
0x0074563b	FUN_0074563b	choose__vslot_005	virtual_method	choose	0x00b10dc0	operand_parser	0.950		vtable_slot:5:override
0x0074567e	FUN_0074567e	choose__vslot_006	virtual_method	choose	0x00b10dc0	operand_parser	0.950		vtable_slot:6:override
0x00745727	FUN_00745727	choose__vslot_009	virtual_method	choose	0x00b10dc0	operand_parser	0.950		vtable_slot:9:override
0x00745783	FUN_00745783	multiple_fields__vslot_005	virtual_method	multiple_fields	0x00b10dd0	operand_parser	0.950		vtable_slot:5:override
0x007457ad	FUN_007457ad	multiple_fields__vslot_006	virtual_method	multiple_fields	0x00b10dd0	operand_parser	0.950		vtable_slot:6:override
0x0074582f	FUN_0074582f	multiple_fields__vslot_009	virtual_method	multiple_fields	0x00b10dd0	operand_parser	0.950		vtable_slot:9:override
0x00747c38	FUN_00747c38	Val__vslot_014	virtual_method	Val	0x00b0c89c	Exp	0.950	Num@0.820;Unk@0.820;Bot@0.820;Mem@0.820	vtable_slot:14:override
0x00747c41	FUN_00747c41	Val__vslot_000	virtual_method	Val	0x00b0c89c	Exp	0.950	Num@0.820;Unk@0.820;Bot@0.820;Mem@0.820	vtable_slot:0:override
0x00747cd2	FUN_00747cd2	Num__vslot_016	virtual_method	Num	0x00b0c8ac	Exp	0.950		vtable_slot:16:override
0x00747cdb	FUN_00747cdb	Num__vslot_024	virtual_method	Num	0x00b0c8ac	Exp	0.950		vtable_slot:24:override
0x00747d4a	FUN_00747d4a	Unk__vslot_017	virtual_method	Unk	0x00b0c8bc	Exp	0.950	Bot@0.820;Mem@0.820	vtable_slot:17:override
0x00747d53	FUN_00747d53	Unk__vslot_024	virtual_method	Unk	0x00b0c8bc	Exp	0.950	Bot@0.820;Mem@0.820	vtable_slot:24:override
0x00747dd5	FUN_00747dd5	Bot__vslot_018	virtual_method	Bot	0x00b0c8cc	Exp	0.950		vtable_slot:18:override
0x00747dde	FUN_00747dde	Bot__vslot_025	virtual_method	Bot	0x00b0c8cc	Exp	0.950		vtable_slot:25:override
0x00747ed8	FUN_00747ed8	Mem__vslot_019	virtual_method	Mem	0x00b0c8dc	Exp	0.950		vtable_slot:19:override
0x00747ee1	FUN_00747ee1	Mem__vslot_025	virtual_method	Mem	0x00b0c8dc	Exp	0.950		vtable_slot:25:override
0x00748125	FUN_00748125	Alu__vslot_015	virtual_method	Alu	0x00b0c8ec	Exp	0.950	Bop@0.820;Ncm@0.820;Uop@0.820;Cmm@0.820	vtable_slot:15:override
0x0074812e	FUN_0074812e	Alu__vslot_000	virtual_method	Alu	0x00b0c8ec	Exp	0.950	Bop@0.820;Ncm@0.820;Uop@0.820;Cmm@0.820	vtable_slot:0:override
0x007481db	FUN_007481db	Bop__vslot_020	virtual_method	Bop	0x00b0c8fc	Exp	0.950	Ncm@0.820;Cmm@0.820	vtable_slot:20:override
0x007481e4	FUN_007481e4	Bop__vslot_024	virtual_method	Bop	0x00b0c8fc	Exp	0.950	Ncm@0.820;Cmm@0.820	vtable_slot:24:override
0x00748266	FUN_00748266	Cmm__vslot_021	virtual_method	Cmm	0x00b0d2e4	Exp	0.950		vtable_slot:21:override
0x0074826f	FUN_0074826f	Cmm__vslot_025	virtual_method	Cmm	0x00b0d2e4	Exp	0.950		vtable_slot:25:override
0x007482e8	FUN_007482e8	Ncm__vslot_022	virtual_method	Ncm	0x00b0c90c	Exp	0.950		vtable_slot:22:override
0x00748388	FUN_00748388	Ncm__vslot_025	virtual_method	Ncm	0x00b0c90c	Exp	0.950		vtable_slot:25:override
0x007483f8	FUN_007483f8	Uop__vslot_023	virtual_method	Uop	0x00b0c91c	Exp	0.950		vtable_slot:23:override
0x00748401	FUN_00748401	Uop__vslot_024	virtual_method	Uop	0x00b0c91c	Exp	0.950		vtable_slot:24:override
0x0074a248	FUN_0074a248	singleton_iter__vslot_000	virtual_method	singleton_iter	0x00b0d3c8	obj_iter	0.950		vtable_slot:0:override
0x0074a25b	FUN_0074a25b	singleton_iter__vslot_001	virtual_method	singleton_iter	0x00b0d3c8	obj_iter	0.950		vtable_slot:1:override
0x0074a26f	FUN_0074a26f	singleton_iter__vslot_002	virtual_method	singleton_iter	0x00b0d3c8	obj_iter	0.950		vtable_slot:2:override
0x0074a284	FUN_0074a284	var_map_objectlist_var_map_iter__vslot_000	virtual_method	var_map<objectlist>::var_map_iter	0x00b0d418	obj_iter	0.950		vtable_slot:0:override
0x0074a303	FUN_0074a303	var_map_objectlist_var_map_iter__vslot_001	virtual_method	var_map<objectlist>::var_map_iter	0x00b0d418	obj_iter	0.950		vtable_slot:1:override
0x0074a33b	FUN_0074a33b	var_map_objectlist_var_map_iter__vslot_002	virtual_method	var_map<objectlist>::var_map_iter	0x00b0d418	obj_iter	0.950		vtable_slot:2:override
0x0074a350	FUN_0074a350	objectlist_iter__vslot_001	virtual_method	objectlist_iter	0x00b0d3f8	obj_iter	0.950		vtable_slot:1:override
0x0074a36a	FUN_0074a36a	objectlist_iter__vslot_000	virtual_method	objectlist_iter	0x00b0d3f8	obj_iter	0.950		vtable_slot:0:override
0x0074a37d	FUN_0074a37d	objectlist_iter__vslot_002	virtual_method	objectlist_iter	0x00b0d3f8	obj_iter	0.950		vtable_slot:2:override
0x0074a392	FUN_0074a392	var_multimap_impl__vslot_000	virtual_method	var_multimap_impl	0x00b0d408	var_multimap	0.950		vtable_slot:0:override
0x0074a3d9	FUN_0074a3d9	var_multimap_impl__vslot_001	virtual_method	var_multimap_impl	0x00b0d408	var_multimap	0.950		vtable_slot:1:override
0x0074a41e	FUN_0074a41e	var_multimap_impl__vslot_002	virtual_method	var_multimap_impl	0x00b0d408	var_multimap	0.950		vtable_slot:2:override
0x0074a477	FUN_0074a477	var_multimap_impl__vslot_003	virtual_method	var_multimap_impl	0x00b0d408	var_multimap	0.950		vtable_slot:3:override
0x0074a4d0	FUN_0074a4d0	var_multimap_impl__vslot_004	virtual_method	var_multimap_impl	0x00b0d408	var_multimap	0.950		vtable_slot:4:override
0x0074a4e8	FUN_0074a4e8	var_multimap_impl__vslot_005	virtual_method	var_multimap_impl	0x00b0d408	var_multimap	0.950		vtable_slot:5:override
0x0074a4fd	FUN_0074a4fd	var_multimap_impl__vslot_006	virtual_method	var_multimap_impl	0x00b0d408	var_multimap	0.950	objectlist_iter@0.484;obj_iter@0.418	vtable_slot:6:override
0x0074a547	FUN_0074a547	var_multimap_impl__vslot_007	virtual_method	var_multimap_impl	0x00b0d408	var_multimap	0.950		vtable_slot:7:override
0x0074a589	FUN_0074a589	var_multimap_impl__vslot_008	virtual_method	var_multimap_impl	0x00b0d408	var_multimap	0.950		vtable_slot:8:override
0x0074a61d	FUN_0074a61d	var_multimap_impl__vslot_009	virtual_method	var_multimap_impl	0x00b0d408	var_multimap	0.950		vtable_slot:9:override
0x0074a780	FUN_0074a780	var_disjointsets_impl__vslot_000	virtual_method	var_disjointsets_impl	0x00b0d428	var_disjointsets	0.950		vtable_slot:0:override
0x0074a7b6	FUN_0074a7b6	var_disjointsets_impl__vslot_001	virtual_method	var_disjointsets_impl	0x00b0d428	var_disjointsets	0.950		vtable_slot:1:override
0x0074a846	FUN_0074a846	var_disjointsets_impl__vslot_002	virtual_method	var_disjointsets_impl	0x00b0d428	var_disjointsets	0.950		vtable_slot:2:override
0x0074a869	FUN_0074a869	var_disjointsets_impl__vslot_003	virtual_method	var_disjointsets_impl	0x00b0d428	var_disjointsets	0.950	singleton_iter@0.484;obj_iter@0.418	vtable_slot:3:override
0x0074afa4	FUN_0074afa4	objpairlist_searchiter__vslot_002	virtual_method	objpairlist_searchiter	0x00b0d8b8	obj_iter	0.950		vtable_slot:2:override
0x0074d343	FUN_0074d343	objpairlist_searchiter__vslot_000	virtual_method	objpairlist_searchiter	0x00b0d8b8	obj_iter	0.950		vtable_slot:0:override
0x0074d3ac	FUN_0074d3ac	objpairlist_searchiter__vslot_001	virtual_method	objpairlist_searchiter	0x00b0d8b8	obj_iter	0.950		vtable_slot:1:override
0x0074dd47	FUN_0074dd47	IndDataFlow__vslot_002	virtual_method	IndDataFlow	0x00b0e83c	InterblockDf	0.950	RegReNameBkwdDataFlow@0.820	vtable_slot:2:introduced
0x0074dd4c	FUN_0074dd4c	IndDataFlow__vslot_003	virtual_method	IndDataFlow	0x00b0e83c	InterblockDf	0.950	RBBkwdDataFlow@0.820;RegReNameBkwdDataFlow@0.820	vtable_slot:3:introduced
0x0074dd69	FUN_0074dd69	IndDataFlow__vslot_004	virtual_method	IndDataFlow	0x00b0e83c	InterblockDf	0.950	RBFwdDataFlow@0.820	vtable_slot:4:introduced
0x0074dd86	FUN_0074dd86	IndDataFlow__vslot_005	virtual_method	IndDataFlow	0x00b0e83c	InterblockDf	0.950	RBBkwdDataFlow@0.820;RegReNameBkwdDataFlow@0.820	vtable_slot:5:introduced
0x0074dd9f	FUN_0074dd9f	IndDataFlow__vslot_006	virtual_method	IndDataFlow	0x00b0e83c	InterblockDf	0.950	RBFwdDataFlow@0.820	vtable_slot:6:introduced
0x0074ddb8	FUN_0074ddb8	IndDataFlow__vslot_008	virtual_method	IndDataFlow	0x00b0e83c	InterblockDf	0.950	RegReNameBkwdDataFlow@0.820	vtable_slot:8:introduced
0x0074ddbd	FUN_0074ddbd	IndDataFlow__vslot_009	virtual_method	IndDataFlow	0x00b0e83c	InterblockDf	0.950	RBFwdDataFlow@0.820	vtable_slot:9:introduced
0x0074ddc7	FUN_0074ddc7	IndDataFlow__vslot_010	virtual_method	IndDataFlow	0x00b0e83c	InterblockDf	0.950	RBBkwdDataFlow@0.820;RegReNameBkwdDataFlow@0.820	vtable_slot:10:introduced
0x0074ddcc	FUN_0074ddcc	IndDataFlow__vslot_014	virtual_method	IndDataFlow	0x00b0e83c	InterblockDf	0.950	RBFwdDataFlow@0.820;RBBkwdDataFlow@0.820;RegReNameBkwdDataFlow@0.820	vtable_slot:14:introduced
0x0074e21a	FUN_0074e21a	RBFwdDataFlow__vslot_002	virtual_method	RBFwdDataFlow	0x00b0e84c	InterblockDf	0.950		vtable_slot:2:override
0x0074e300	FUN_0074e300	RBBkwdDataFlow__vslot_002	virtual_method	RBBkwdDataFlow	0x00b0e85c	InterblockDf	0.950		vtable_slot:2:override
0x0074e30e	FUN_0074e30e	RBBkwdDataFlow__vslot_004	virtual_method	RBBkwdDataFlow	0x00b0e85c	InterblockDf	0.950		vtable_slot:4:override
0x0074e377	FUN_0074e377	RBBkwdDataFlow__vslot_006	virtual_method	RBBkwdDataFlow	0x00b0e85c	InterblockDf	0.950		vtable_slot:6:override
0x0074e3bd	FUN_0074e3bd	RBBkwdDataFlow__vslot_009	virtual_method	RBBkwdDataFlow	0x00b0e85c	InterblockDf	0.950		vtable_slot:9:override
0x0074e3d6	FUN_0074e3d6	RegReNameBkwdDataFlow__vslot_004	virtual_method	RegReNameBkwdDataFlow	0x00b0e86c	InterblockDf	0.950		vtable_slot:4:override
0x0074e429	FUN_0074e429	RegReNameBkwdDataFlow__vslot_006	virtual_method	RegReNameBkwdDataFlow	0x00b0e86c	InterblockDf	0.950		vtable_slot:6:override
0x0074e464	FUN_0074e464	RegReNameBkwdDataFlow__vslot_007	virtual_method	RegReNameBkwdDataFlow	0x00b0e86c	InterblockDf	0.950		vtable_slot:7:override
0x00753c6c	FUN_00753c6c	RBFwdDataFlow__vslot_010	virtual_method	RBFwdDataFlow	0x00b0e84c	InterblockDf	0.950		vtable_slot:10:override
0x00753da9	FUN_00753da9	RBFwdDataFlow__vslot_003	virtual_method	RBFwdDataFlow	0x00b0e84c	InterblockDf	0.950		vtable_slot:3:override
0x00753eb5	FUN_00753eb5	RBFwdDataFlow__vslot_005	virtual_method	RBFwdDataFlow	0x00b0e84c	InterblockDf	0.950		vtable_slot:5:override
0x00753f4e	FUN_00753f4e	RBFwdDataFlow__vslot_007	virtual_method	RBFwdDataFlow	0x00b0e84c	InterblockDf	0.950		vtable_slot:7:override
0x00753fc7	FUN_00753fc7	RBBkwdDataFlow__vslot_007	virtual_method	RBBkwdDataFlow	0x00b0e85c	InterblockDf	0.950		vtable_slot:7:override
0x0076a145	FUN_0076a145	RegReNameBkwdDataFlow__vslot_000	virtual_method	RegReNameBkwdDataFlow	0x00b0e86c	InterblockDf	0.950		vtable_slot:0:override
0x0076a4bf	FUN_0076a4bf	RegReNameBkwdDataFlow__vslot_001	virtual_method	RegReNameBkwdDataFlow	0x00b0e86c	InterblockDf	0.950		vtable_slot:1:override
0x0076a5ce	FUN_0076a5ce	RegReNameBkwdDataFlow__vslot_009	virtual_method	RegReNameBkwdDataFlow	0x00b0e86c	InterblockDf	0.950		vtable_slot:9:override
0x0076a793	FUN_0076a793	RegReNameBkwdDataFlow__vslot_011	virtual_method	RegReNameBkwdDataFlow	0x00b0e86c	InterblockDf	0.950		vtable_slot:11:override
0x0076da5c	FUN_0076da5c	IndDataFlow__vslot_012	virtual_method	IndDataFlow	0x00b0e83c	InterblockDf	0.950	RBFwdDataFlow@0.820;RBBkwdDataFlow@0.820;RegReNameBkwdDataFlow@0.820	vtable_slot:12:introduced
0x0076da6c	FUN_0076da6c	IndDataFlow__vslot_013	virtual_method	IndDataFlow	0x00b0e83c	InterblockDf	0.950	RBFwdDataFlow@0.820;RBBkwdDataFlow@0.820;RegReNameBkwdDataFlow@0.820	vtable_slot:13:introduced
0x0076da7c	FUN_0076da7c	RBBkwdDataFlow__vslot_008	virtual_method	RBBkwdDataFlow	0x00b0e85c	InterblockDf	0.950		vtable_slot:8:override
0x0076e139	FUN_0076e139	RBFwdDataFlow__vslot_008	virtual_method	RBFwdDataFlow	0x00b0e84c	InterblockDf	0.950		vtable_slot:8:override
0x0076e46b	FUN_0076e46b	RBBkwdDataFlow__vslot_011	virtual_method	RBBkwdDataFlow	0x00b0e85c	InterblockDf	0.950		vtable_slot:11:override
0x0076e53f	FUN_0076e53f	RBFwdDataFlow__vslot_011	virtual_method	RBFwdDataFlow	0x00b0e84c	InterblockDf	0.950		vtable_slot:11:override
0x0076e5c3	FUN_0076e5c3	RBFwdDataFlow__vslot_000	virtual_method	RBFwdDataFlow	0x00b0e84c	InterblockDf	0.950		vtable_slot:0:override
0x0076e643	FUN_0076e643	RBBkwdDataFlow__vslot_000	virtual_method	RBBkwdDataFlow	0x00b0e85c	InterblockDf	0.950		vtable_slot:0:override
0x0076e876	FUN_0076e876	RBFwdDataFlow__vslot_001	virtual_method	RBFwdDataFlow	0x00b0e84c	InterblockDf	0.950		vtable_slot:1:override
0x0076ec9e	FUN_0076ec9e	RBBkwdDataFlow__vslot_001	virtual_method	RBBkwdDataFlow	0x00b0e85c	InterblockDf	0.950		vtable_slot:1:override
0x00774486	FUN_00774486	VNFwdDataFlow__vslot_004	virtual_method	VNFwdDataFlow	0x00b0ed44	InterblockDf	0.950		vtable_slot:4:override
0x007744a3	FUN_007744a3	VNFwdDataFlow__vslot_006	virtual_method	VNFwdDataFlow	0x00b0ed44	InterblockDf	0.950		vtable_slot:6:override
0x007744bc	FUN_007744bc	VNFwdDataFlow__vslot_008	virtual_method	VNFwdDataFlow	0x00b0ed44	InterblockDf	0.950		vtable_slot:8:override
0x007744c1	FUN_007744c1	VNFwdDataFlow__vslot_009	virtual_method	VNFwdDataFlow	0x00b0ed44	InterblockDf	0.950		vtable_slot:9:override
0x007744cb	FUN_007744cb	VNFwdDataFlow__vslot_010	virtual_method	VNFwdDataFlow	0x00b0ed44	InterblockDf	0.950		vtable_slot:10:override
0x00775706	FUN_00775706	VNFwdDataFlow__vslot_014	virtual_method	VNFwdDataFlow	0x00b0ed44	InterblockDf	0.950		vtable_slot:14:override
0x00779add	FUN_00779add	VNFwdDataFlow__vslot_012	virtual_method	VNFwdDataFlow	0x00b0ed44	InterblockDf	0.950		vtable_slot:12:override
0x00779afe	FUN_00779afe	VNFwdDataFlow__vslot_013	virtual_method	VNFwdDataFlow	0x00b0ed44	InterblockDf	0.950		vtable_slot:13:override
0x00779b03	FUN_00779b03	VNFwdDataFlow__vslot_002	virtual_method	VNFwdDataFlow	0x00b0ed44	InterblockDf	0.950		vtable_slot:2:override
0x00779b11	FUN_00779b11	VNFwdDataFlow__vslot_003	virtual_method	VNFwdDataFlow	0x00b0ed44	InterblockDf	0.950		vtable_slot:3:override
0x00779c05	FUN_00779c05	VNFwdDataFlow__vslot_005	virtual_method	VNFwdDataFlow	0x00b0ed44	InterblockDf	0.950		vtable_slot:5:override
0x00779cfc	FUN_00779cfc	VNFwdDataFlow__vslot_007	virtual_method	VNFwdDataFlow	0x00b0ed44	InterblockDf	0.950		vtable_slot:7:override
0x00779f66	FUN_00779f66	VNFwdDataFlow__vslot_000	virtual_method	VNFwdDataFlow	0x00b0ed44	InterblockDf	0.950		vtable_slot:0:override
0x0077a131	FUN_0077a131	VNFwdDataFlow__vslot_001	virtual_method	VNFwdDataFlow	0x00b0ed44	InterblockDf	0.950		vtable_slot:1:override
0x0077a910	FUN_0077a910	VNFwdDataFlow__vslot_011	virtual_method	VNFwdDataFlow	0x00b0ed44	InterblockDf	0.950		vtable_slot:11:override
0x0077ef6e	FUN_0077ef6e	backend_basetype2__vslot_236	virtual_method	backend_basetype2	0x00b0b784	backend_dataflow	0.950		vtable_slot:236:override
0x0077efbe	FUN_0077efbe	backend_basetype2__vslot_237	virtual_method	backend_basetype2	0x00b0b784	backend_dataflow	0.950	backend_t@0.361	vtable_slot:237:override
0x0077f001	FUN_0077f001	backend_basetype__vslot_085	virtual_method	backend_basetype	0x00afc4e0	backend_dataflow	0.950	backend_t@0.820;backend_basetype2@0.820	vtable_slot:85:introduced
0x0077f05d	FUN_0077f05d	backend_basetype__vslot_086	virtual_method	backend_basetype	0x00afc4e0	backend_dataflow	0.950	backend_t@0.820;backend_basetype2@0.820	vtable_slot:86:introduced
0x0077f082	FUN_0077f082	backend_basetype__vslot_258	virtual_method	backend_basetype	0x00afc4e0	backend_dataflow	0.950	backend_t@0.820;backend_basetype2@0.820	vtable_slot:258:introduced
0x00785948	FUN_00785948	std_bad_alloc__vslot_000	virtual_method	std::bad_alloc	0x00b0f1fc	std::exception	0.950		vtable_slot:0:override
0x0078596f	FUN_0078596f	std_bad_alloc__vslot_002	virtual_method	std::bad_alloc	0x00b0f1fc	std::exception	0.950		vtable_slot:2:override
0x00786081	FUN_00786081	std_logic_error__vslot_000	virtual_method	std::logic_error	0x00b0f20c	std::exception	0.950		vtable_slot:0:override
0x007860ba	FUN_007860ba	std_logic_error__vslot_001	virtual_method	std::logic_error	0x00b0f20c	std::exception	0.950	std::length_error@0.820	vtable_slot:1:override
0x007860d7	FUN_007860d7	std_logic_error__vslot_002	virtual_method	std::logic_error	0x00b0f20c	std::exception	0.950		vtable_slot:2:override
0x007860e8	FUN_007860e8	std_length_error__vslot_000	virtual_method	std::length_error	0x00b0f21c	std::exception	0.950		vtable_slot:0:override
0x00787838	FUN_00787838	std_bad_alloc__vslot_000	virtual_method	std::bad_alloc	0x00b0f5ec	std::exception	0.950		vtable_slot:0:override
0x0078785f	FUN_0078785f	std_bad_alloc__vslot_002	virtual_method	std::bad_alloc	0x00b0f5ec	std::exception	0.950		vtable_slot:2:override
0x007881fc	FUN_007881fc	std_logic_error__vslot_000	virtual_method	std::logic_error	0x00b0f5fc	std::exception	0.950		vtable_slot:0:override
0x00788235	FUN_00788235	std_logic_error__vslot_001	virtual_method	std::logic_error	0x00b0f5fc	std::exception	0.950	std::length_error@0.820;std::out_of_range@0.820	vtable_slot:1:override
0x00788252	FUN_00788252	std_logic_error__vslot_002	virtual_method	std::logic_error	0x00b0f5fc	std::exception	0.950		vtable_slot:2:override
0x00788263	FUN_00788263	std_length_error__vslot_000	virtual_method	std::length_error	0x00b0f60c	std::exception	0.950		vtable_slot:0:override
0x007882ad	FUN_007882ad	std_out_of_range__vslot_000	virtual_method	std::out_of_range	0x00b0f61c	std::exception	0.950		vtable_slot:0:override
0x0078a5b3	FUN_0078a5b3	register_implicit__vslot_000	virtual_method	register_implicit	0x00b10d50	operand_parser	0.950	hardcode@0.950	vtable_slot:0:override
0x0078a5bc	FUN_0078a5bc	register_implicit__vslot_001	virtual_method	register_implicit	0x00b10d50	operand_parser	0.950	hardcode@0.950;ignore@0.950;mnemonic_placeholder@0.950	vtable_slot:1:override
0x0078a5c1	FUN_0078a5c1	register_implicit__vslot_002	virtual_method	register_implicit	0x00b10d50	operand_parser	0.950	textset@0.950;register_list@0.950;statictext@0.950;sameas@0.950	vtable_slot:2:override
0x0078a60a	FUN_0078a60a	register_implicit__vslot_003	virtual_method	register_implicit	0x00b10d50	operand_parser	0.950	register_list@0.950;statictext@0.950;sameas@0.950;ignore@0.950	vtable_slot:3:override
0x0078a63f	FUN_0078a63f	textset__vslot_004	virtual_method	textset	0x00b10d60	operand_parser	0.950	immediate@0.950;register_list@0.950;statictext@0.950;hardcode@0.950	vtable_slot:4:override
0x0078a644	FUN_0078a644	register_list__vslot_005	virtual_method	register_list	0x00b10d80	operand_parser	0.950	statictext@0.950;hardcode@0.950;split_fields@0.950;suffix@0.950	vtable_slot:5:override
0x0078a665	FUN_0078a665	register_range__vslot_007	virtual_method	register_range	0x00b10d30	operand_parser	0.950	textset@0.950;immediate@0.950;register_list@0.950;statictext@0.950	vtable_slot:7:override
0x0078a66f	FUN_0078a66f	register_implicit__vslot_008	virtual_method	register_implicit	0x00b10d50	operand_parser	0.950	textset@0.950;register_list@0.950;hardcode@0.950;compose@0.950	vtable_slot:8:override
0x0078a678	FUN_0078a678	register_set__vslot_010	virtual_method	register_set	0x00b10d40	operand_parser	0.950	register_implicit@0.950;textset@0.950;immediate@0.950;register_list@0.950	vtable_slot:10:override
0x0078a699	FUN_0078a699	register_list__vslot_011	virtual_method	register_list	0x00b10d80	operand_parser	0.950	statictext@0.950;hardcode@0.950;split_fields@0.950;suffix@0.950	vtable_slot:11:override
0x0078a6af	FUN_0078a6af	register_list__vslot_012	virtual_method	register_list	0x00b10d80	operand_parser	0.950	statictext@0.950;hardcode@0.950;split_fields@0.950;suffix@0.950	vtable_slot:12:override
0x0078a6c3	FUN_0078a6c3	register_list__vslot_014	virtual_method	register_list	0x00b10d80	operand_parser	0.950	statictext@0.950;hardcode@0.950;split_fields@0.950;suffix@0.950	vtable_slot:14:override
0x0078a6dd	FUN_0078a6dd	register_list__vslot_015	virtual_method	register_list	0x00b10d80	operand_parser	0.950	statictext@0.950;hardcode@0.950;split_fields@0.950;suffix@0.950	vtable_slot:15:override
0x0078a6f1	FUN_0078a6f1	register_list__vslot_016	virtual_method	register_list	0x00b10d80	operand_parser	0.950	statictext@0.950;hardcode@0.950;split_fields@0.950;suffix@0.950	vtable_slot:16:override
0x0078a712	FUN_0078a712	register_list__vslot_017	virtual_method	register_list	0x00b10d80	operand_parser	0.950	statictext@0.950;hardcode@0.950;split_fields@0.950;suffix@0.950	vtable_slot:17:override
0x0078a732	FUN_0078a732	register_implicit__vslot_018	virtual_method	register_implicit	0x00b10d50	operand_parser	0.950	textset@0.950;register_list@0.950;statictext@0.950;hardcode@0.950	vtable_slot:18:override
0x0078a78d	FUN_0078a78d	textset__vslot_019	virtual_method	textset	0x00b10d60	operand_parser	0.950	register_list@0.950;split_fields@0.950;suffix@0.950;sameas@0.950	vtable_slot:19:override
0x0078a7dc	FUN_0078a7dc	register_range__vslot_020	virtual_method	register_range	0x00b10d30	operand_parser	0.950	register_set@0.950;register_implicit@0.950;textset@0.950;immediate@0.950	vtable_slot:20:override
0x0078a834	FUN_0078a834	register_implicit__vslot_021	virtual_method	register_implicit	0x00b10d50	operand_parser	0.950	register_list@0.950;split_fields@0.950;suffix@0.950;join@0.950	vtable_slot:21:override
0x0078a855	FUN_0078a855	register_implicit__vslot_022	virtual_method	register_implicit	0x00b10d50	operand_parser	0.950	textset@0.950;register_list@0.950;statictext@0.950;hardcode@0.950	vtable_slot:22:override
0x0078a871	FUN_0078a871	textset__vslot_005	virtual_method	textset	0x00b10d60	operand_parser	0.950		vtable_slot:5:override
0x0078a87b	FUN_0078a87b	textset__vslot_021	virtual_method	textset	0x00b10d60	operand_parser	0.950		vtable_slot:21:override
0x0078a885	FUN_0078a885	statictext__vslot_021	virtual_method	statictext	0x00b10d90	operand_parser	0.950		vtable_slot:21:override
0x0078a88f	FUN_0078a88f	hardcode__vslot_021	virtual_method	hardcode	0x00b10da0	operand_parser	0.950		vtable_slot:21:override
0x0078a899	FUN_0078a899	choose__vslot_010	virtual_method	choose	0x00b10dc0	operand_parser	0.950		vtable_slot:10:override
0x0078a8c8	FUN_0078a8c8	multiple_fields__vslot_011	virtual_method	multiple_fields	0x00b10dd0	operand_parser	0.950		vtable_slot:11:override
0x0078a8f5	FUN_0078a8f5	multiple_fields__vslot_012	virtual_method	multiple_fields	0x00b10dd0	operand_parser	0.950		vtable_slot:12:override
0x0078a924	FUN_0078a924	multiple_fields__vslot_014	virtual_method	multiple_fields	0x00b10dd0	operand_parser	0.950		vtable_slot:14:override
0x0078a953	FUN_0078a953	multiple_fields__vslot_015	virtual_method	multiple_fields	0x00b10dd0	operand_parser	0.950		vtable_slot:15:override
0x0078a984	FUN_0078a984	multiple_fields__vslot_016	virtual_method	multiple_fields	0x00b10dd0	operand_parser	0.950		vtable_slot:16:override
0x0078a9b3	FUN_0078a9b3	multiple_fields__vslot_017	virtual_method	multiple_fields	0x00b10dd0	operand_parser	0.950		vtable_slot:17:override
0x0078acb8	FUN_0078acb8	register_range__vslot_000	virtual_method	register_range	0x00b10d30	operand_parser	0.950		vtable_slot:0:override
0x0078ada6	FUN_0078ada6	register_range__vslot_002	virtual_method	register_range	0x00b10d30	operand_parser	0.950		vtable_slot:2:override
0x0078addc	FUN_0078addc	register_range__vslot_003	virtual_method	register_range	0x00b10d30	operand_parser	0.950		vtable_slot:3:override
0x0078ae3a	FUN_0078ae3a	register_range__vslot_001	virtual_method	register_range	0x00b10d30	operand_parser	0.950		vtable_slot:1:override
0x0078af4d	FUN_0078af4d	register_range__vslot_004	virtual_method	register_range	0x00b10d30	operand_parser	0.950	std::out_of_range@0.885;std::exception@0.762;std::logic_error@0.760;std::out_of_range@0.493	vtable_slot:4:override
0x0078b2a2	FUN_0078b2a2	register_range__vslot_018	virtual_method	register_range	0x00b10d30	operand_parser	0.950		vtable_slot:18:override
0x0078b309	FUN_0078b309	register_range__vslot_019	virtual_method	register_range	0x00b10d30	operand_parser	0.950		vtable_slot:19:override
0x0078b33f	FUN_0078b33f	register_range__vslot_021	virtual_method	register_range	0x00b10d30	operand_parser	0.950		vtable_slot:21:override
0x0078b375	FUN_0078b375	register_range__vslot_022	virtual_method	register_range	0x00b10d30	operand_parser	0.950		vtable_slot:22:override
0x0078b6c7	FUN_0078b6c7	register_set__vslot_000	virtual_method	register_set	0x00b10d40	operand_parser	0.950		vtable_slot:0:override
0x0078b7db	FUN_0078b7db	register_set__vslot_002	virtual_method	register_set	0x00b10d40	operand_parser	0.950		vtable_slot:2:override
0x0078b81f	FUN_0078b81f	register_set__vslot_003	virtual_method	register_set	0x00b10d40	operand_parser	0.950		vtable_slot:3:override
0x0078b8ab	FUN_0078b8ab	register_set__vslot_001	virtual_method	register_set	0x00b10d40	operand_parser	0.950		vtable_slot:1:override
0x0078b927	FUN_0078b927	register_set__vslot_004	virtual_method	register_set	0x00b10d40	operand_parser	0.950	std::out_of_range@0.885;std::exception@0.762;std::logic_error@0.760;std::out_of_range@0.493	vtable_slot:4:override
0x0078bc7c	FUN_0078bc7c	register_set__vslot_018	virtual_method	register_set	0x00b10d40	operand_parser	0.950		vtable_slot:18:override
0x0078bce3	FUN_0078bce3	register_set__vslot_019	virtual_method	register_set	0x00b10d40	operand_parser	0.950		vtable_slot:19:override
0x0078bd19	FUN_0078bd19	register_set__vslot_021	virtual_method	register_set	0x00b10d40	operand_parser	0.950		vtable_slot:21:override
0x0078bd4f	FUN_0078bd4f	register_set__vslot_022	virtual_method	register_set	0x00b10d40	operand_parser	0.950		vtable_slot:22:override
0x0078be11	FUN_0078be11	register_implicit__vslot_004	virtual_method	register_implicit	0x00b10d50	operand_parser	0.950	std::out_of_range@0.885;std::exception@0.762;std::logic_error@0.760;std::out_of_range@0.493	vtable_slot:4:override
0x0078c15d	FUN_0078c15d	register_implicit__vslot_019	virtual_method	register_implicit	0x00b10d50	operand_parser	0.950		vtable_slot:19:override
0x0078c28b	FUN_0078c28b	immediate__vslot_000	virtual_method	immediate	0x00b10d70	operand_parser	0.950		vtable_slot:0:override
0x0078cd07	FUN_0078cd07	immediate__vslot_001	virtual_method	immediate	0x00b10d70	operand_parser	0.950		vtable_slot:1:override
0x0078d31f	FUN_0078d31f	immediate__vslot_002	virtual_method	immediate	0x00b10d70	operand_parser	0.950	immediate_implicit@0.820	vtable_slot:2:override
0x0078d4c7	FUN_0078d4c7	immediate__vslot_003	virtual_method	immediate	0x00b10d70	operand_parser	0.950	immediate_implicit@0.820	vtable_slot:3:override
0x0078da29	FUN_0078da29	immediate__vslot_018	virtual_method	immediate	0x00b10d70	operand_parser	0.950	immediate_implicit@0.820	vtable_slot:18:override
0x0078da77	FUN_0078da77	immediate__vslot_019	virtual_method	immediate	0x00b10d70	operand_parser	0.950	immediate_implicit@0.820	vtable_slot:19:override
0x0078da83	FUN_0078da83	immediate__vslot_021	virtual_method	immediate	0x00b10d70	operand_parser	0.950	immediate_implicit@0.820	vtable_slot:21:override
0x0078da8f	FUN_0078da8f	immediate__vslot_022	virtual_method	immediate	0x00b10d70	operand_parser	0.950	immediate_implicit@0.820	vtable_slot:22:override
0x0078db80	FUN_0078db80	statictext__vslot_000	virtual_method	statictext	0x00b10d90	operand_parser	0.950		vtable_slot:0:override
0x0078dbf2	FUN_0078dbf2	statictext__vslot_001	virtual_method	statictext	0x00b10d90	operand_parser	0.950		vtable_slot:1:override
0x0078dcfb	FUN_0078dcfb	statictext__vslot_019	virtual_method	statictext	0x00b10d90	operand_parser	0.950		vtable_slot:19:override
0x0078dd90	FUN_0078dd90	ignore__vslot_000	virtual_method	ignore	0x00b10e20	operand_parser	0.950		vtable_slot:0:override
0x0078ddf0	FUN_0078ddf0	hardcode__vslot_003	virtual_method	hardcode	0x00b10da0	operand_parser	0.950		vtable_slot:3:override
0x0078de53	FUN_0078de53	hardcode__vslot_002	virtual_method	hardcode	0x00b10da0	operand_parser	0.950		vtable_slot:2:override
0x0078de86	FUN_0078de86	hardcode__vslot_019	virtual_method	hardcode	0x00b10da0	operand_parser	0.950		vtable_slot:19:override
0x0078dfda	FUN_0078dfda	textset__vslot_000	virtual_method	textset	0x00b10d60	operand_parser	0.950		vtable_slot:0:override
0x0078e0d1	FUN_0078e0d1	textset__vslot_003	virtual_method	textset	0x00b10d60	operand_parser	0.950		vtable_slot:3:override
0x0078e142	FUN_0078e142	textset__vslot_001	virtual_method	textset	0x00b10d60	operand_parser	0.950		vtable_slot:1:override
0x0078e4fa	FUN_0078e4fa	compose__vslot_000	virtual_method	compose	0x00b10db0	operand_parser	0.950	std::length_error@0.484;std::exception@0.418;std::logic_error@0.418	vtable_slot:0:override
0x0078e84d	FUN_0078e84d	compose__vslot_001	virtual_method	compose	0x00b10db0	operand_parser	0.950		vtable_slot:1:override
0x0078eb1d	FUN_0078eb1d	compose__vslot_002	virtual_method	compose	0x00b10db0	operand_parser	0.950		vtable_slot:2:override
0x0078ec37	FUN_0078ec37	compose__vslot_003	virtual_method	compose	0x00b10db0	operand_parser	0.950		vtable_slot:3:override
0x0078ed64	FUN_0078ed64	compose__vslot_004	virtual_method	compose	0x00b10db0	operand_parser	0.950		vtable_slot:4:override
0x0078ef64	FUN_0078ef64	compose__vslot_018	virtual_method	compose	0x00b10db0	operand_parser	0.950		vtable_slot:18:override
0x0078f047	FUN_0078f047	compose__vslot_019	virtual_method	compose	0x00b10db0	operand_parser	0.950		vtable_slot:19:override
0x0078f12a	FUN_0078f12a	compose__vslot_020	virtual_method	compose	0x00b10db0	operand_parser	0.950		vtable_slot:20:override
0x0078f278	FUN_0078f278	compose__vslot_021	virtual_method	compose	0x00b10db0	operand_parser	0.950		vtable_slot:21:override
0x0078f35b	FUN_0078f35b	compose__vslot_022	virtual_method	compose	0x00b10db0	operand_parser	0.950		vtable_slot:22:override
0x0078f66f	FUN_0078f66f	choose__vslot_000	virtual_method	choose	0x00b10dc0	operand_parser	0.950		vtable_slot:0:override
0x0078f94d	FUN_0078f94d	choose__vslot_001	virtual_method	choose	0x00b10dc0	operand_parser	0.950		vtable_slot:1:override
0x0078f9fa	FUN_0078f9fa	choose__vslot_003	virtual_method	choose	0x00b10dc0	operand_parser	0.950		vtable_slot:3:override
0x0078fb8b	FUN_0078fb8b	choose__vslot_002	virtual_method	choose	0x00b10dc0	operand_parser	0.950		vtable_slot:2:override
0x0078fc59	FUN_0078fc59	choose__vslot_004	virtual_method	choose	0x00b10dc0	operand_parser	0.950		vtable_slot:4:override
0x0078fcf0	FUN_0078fcf0	choose__vslot_018	virtual_method	choose	0x00b10dc0	operand_parser	0.950		vtable_slot:18:override
0x0078fd46	FUN_0078fd46	choose__vslot_019	virtual_method	choose	0x00b10dc0	operand_parser	0.950		vtable_slot:19:override
0x0078fe03	FUN_0078fe03	choose__vslot_021	virtual_method	choose	0x00b10dc0	operand_parser	0.950		vtable_slot:21:override
0x0078fe59	FUN_0078fe59	choose__vslot_022	virtual_method	choose	0x00b10dc0	operand_parser	0.950		vtable_slot:22:override
0x0078ff0b	FUN_0078ff0b	multiple_fields__vslot_000	virtual_method	multiple_fields	0x00b10dd0	operand_parser	0.950		vtable_slot:0:override
0x0078ff51	FUN_0078ff51	multiple_fields__vslot_001	virtual_method	multiple_fields	0x00b10dd0	operand_parser	0.950		vtable_slot:1:override
0x0078ff7b	FUN_0078ff7b	multiple_fields__vslot_002	virtual_method	multiple_fields	0x00b10dd0	operand_parser	0.950		vtable_slot:2:override
0x0078ffd3	FUN_0078ffd3	multiple_fields__vslot_003	virtual_method	multiple_fields	0x00b10dd0	operand_parser	0.950	std::length_error@0.484;std::exception@0.418;std::logic_error@0.418	vtable_slot:3:override
0x0079015a	FUN_0079015a	multiple_fields__vslot_004	virtual_method	multiple_fields	0x00b10dd0	operand_parser	0.950		vtable_slot:4:override
0x00790184	FUN_00790184	multiple_fields__vslot_019	virtual_method	multiple_fields	0x00b10dd0	operand_parser	0.950		vtable_slot:19:override
0x007901ad	FUN_007901ad	multiple_fields__vslot_021	virtual_method	multiple_fields	0x00b10dd0	operand_parser	0.950		vtable_slot:21:override
0x00790349	FUN_00790349	split_fields__vslot_000	virtual_method	split_fields	0x00b10de0	operand_parser	0.950		vtable_slot:0:override
0x0079037d	FUN_0079037d	split_fields__vslot_001	virtual_method	split_fields	0x00b10de0	operand_parser	0.950		vtable_slot:1:override
0x007903a7	FUN_007903a7	split_fields__vslot_002	virtual_method	split_fields	0x00b10de0	operand_parser	0.950		vtable_slot:2:override
0x00790442	FUN_00790442	split_fields__vslot_003	virtual_method	split_fields	0x00b10de0	operand_parser	0.950		vtable_slot:3:override
0x0079059f	FUN_0079059f	register_list__vslot_000	virtual_method	register_list	0x00b10d80	operand_parser	0.950		vtable_slot:0:override
0x00790805	FUN_00790805	register_list__vslot_001	virtual_method	register_list	0x00b10d80	operand_parser	0.950		vtable_slot:1:override
0x00790a1c	FUN_00790a1c	mnemonic_placeholder__vslot_000	virtual_method	mnemonic_placeholder	0x00b10e30	operand_parser	0.950		vtable_slot:0:override
0x00790a91	FUN_00790a91	sameas__vslot_000	virtual_method	sameas	0x00b10e10	operand_parser	0.950		vtable_slot:0:override
0x00790aa9	FUN_00790aa9	sameas__vslot_001	virtual_method	sameas	0x00b10e10	operand_parser	0.950		vtable_slot:1:override
0x00790b2e	FUN_00790b2e	join__vslot_000	virtual_method	join	0x00b10e00	operand_parser	0.950		vtable_slot:0:override
0x00790fa6	FUN_00790fa6	join__vslot_001	virtual_method	join	0x00b10e00	operand_parser	0.950		vtable_slot:1:override
0x0079103a	FUN_0079103a	join__vslot_002	virtual_method	join	0x00b10e00	operand_parser	0.950		vtable_slot:2:override
0x007910ce	FUN_007910ce	join__vslot_003	virtual_method	join	0x00b10e00	operand_parser	0.950		vtable_slot:3:override
0x00791176	FUN_00791176	join__vslot_019	virtual_method	join	0x00b10e00	operand_parser	0.950		vtable_slot:19:override
0x0079118f	FUN_0079118f	join__vslot_020	virtual_method	join	0x00b10e00	operand_parser	0.950		vtable_slot:20:override
0x007912d2	FUN_007912d2	suffix__vslot_000	virtual_method	suffix	0x00b10df0	operand_parser	0.950		vtable_slot:0:override
0x007913bd	FUN_007913bd	suffix__vslot_001	virtual_method	suffix	0x00b10df0	operand_parser	0.950		vtable_slot:1:override
0x007913f8	FUN_007913f8	suffix__vslot_002	virtual_method	suffix	0x00b10df0	operand_parser	0.950		vtable_slot:2:override
0x00791425	FUN_00791425	suffix__vslot_003	virtual_method	suffix	0x00b10df0	operand_parser	0.950		vtable_slot:3:override
0x007918f8	FUN_007918f8	std_bad_alloc__vslot_000	virtual_method	std::bad_alloc	0x00b10f20	std::exception	0.950		vtable_slot:0:override
0x0079191f	FUN_0079191f	std_bad_alloc__vslot_002	virtual_method	std::bad_alloc	0x00b10f20	std::exception	0.950		vtable_slot:2:override
0x007922d9	FUN_007922d9	std_logic_error__vslot_000	virtual_method	std::logic_error	0x00b10f30	std::exception	0.950		vtable_slot:0:override
0x00792312	FUN_00792312	std_logic_error__vslot_001	virtual_method	std::logic_error	0x00b10f30	std::exception	0.950	std::length_error@0.820;std::out_of_range@0.820	vtable_slot:1:override
0x0079232f	FUN_0079232f	std_logic_error__vslot_002	virtual_method	std::logic_error	0x00b10f30	std::exception	0.950		vtable_slot:2:override
0x00792340	FUN_00792340	std_length_error__vslot_000	virtual_method	std::length_error	0x00b10f40	std::exception	0.950		vtable_slot:0:override
0x0079238a	FUN_0079238a	std_out_of_range__vslot_000	virtual_method	std::out_of_range	0x00b10f50	std::exception	0.950		vtable_slot:0:override
0x0079b5c2	FUN_0079b5c2	register_range__vslot_011	virtual_method	register_range	0x00b10d30	operand_parser	0.950		vtable_slot:11:override
0x0079b63f	FUN_0079b63f	register_range__vslot_012	virtual_method	register_range	0x00b10d30	operand_parser	0.950		vtable_slot:12:override
0x0079b669	FUN_0079b669	register_set__vslot_011	virtual_method	register_set	0x00b10d40	operand_parser	0.950		vtable_slot:11:override
0x0079b710	FUN_0079b710	register_set__vslot_012	virtual_method	register_set	0x00b10d40	operand_parser	0.950		vtable_slot:12:override
0x0079b73a	FUN_0079b73a	register_implicit__vslot_011	virtual_method	register_implicit	0x00b10d50	operand_parser	0.950		vtable_slot:11:override
0x0079b7cd	FUN_0079b7cd	register_implicit__vslot_012	virtual_method	register_implicit	0x00b10d50	operand_parser	0.950		vtable_slot:12:override
0x0079b7f8	FUN_0079b7f8	textset__vslot_011	virtual_method	textset	0x00b10d60	operand_parser	0.950		vtable_slot:11:override
0x0079b8e2	FUN_0079b8e2	textset__vslot_012	virtual_method	textset	0x00b10d60	operand_parser	0.950		vtable_slot:12:override
0x0079b922	FUN_0079b922	immediate__vslot_011	virtual_method	immediate	0x00b10d70	operand_parser	0.950	immediate_implicit@0.820	vtable_slot:11:override
0x0079bc62	FUN_0079bc62	immediate__vslot_012	virtual_method	immediate	0x00b10d70	operand_parser	0.950		vtable_slot:12:override
0x0079bd33	FUN_0079bd33	immediate_implicit__vslot_012	virtual_method	immediate_implicit	0x00b0c7dc	operand_parser	0.950		vtable_slot:12:override
0x0079bfc6	FUN_0079bfc6	compose__vslot_011	virtual_method	compose	0x00b10db0	operand_parser	0.950		vtable_slot:11:override
0x0079c30a	FUN_0079c30a	compose__vslot_012	virtual_method	compose	0x00b10db0	operand_parser	0.950		vtable_slot:12:override
0x0079c628	FUN_0079c628	compose__vslot_013	virtual_method	compose	0x00b10db0	operand_parser	0.950	empty@0.451;operand_parser@0.451;immediate_implicit@0.451;register_range@0.451	vtable_slot:13:override
0x0079c8c8	FUN_0079c8c8	choose__vslot_011	virtual_method	choose	0x00b10dc0	operand_parser	0.950		vtable_slot:11:override
0x0079c993	FUN_0079c993	choose__vslot_012	virtual_method	choose	0x00b10dc0	operand_parser	0.950		vtable_slot:12:override
0x0079ca78	FUN_0079ca78	std_bad_alloc__vslot_000	virtual_method	std::bad_alloc	0x00b11ab8	std::exception	0.950		vtable_slot:0:override
0x0079ca9f	FUN_0079ca9f	std_bad_alloc__vslot_002	virtual_method	std::bad_alloc	0x00b11ab8	std::exception	0.950		vtable_slot:2:override
0x0079d325	FUN_0079d325	std_logic_error__vslot_000	virtual_method	std::logic_error	0x00b11ac8	std::exception	0.950		vtable_slot:0:override
0x0079d35e	FUN_0079d35e	std_logic_error__vslot_001	virtual_method	std::logic_error	0x00b11ac8	std::exception	0.950	std::length_error@0.820	vtable_slot:1:override
0x0079d37b	FUN_0079d37b	std_logic_error__vslot_002	virtual_method	std::logic_error	0x00b11ac8	std::exception	0.950		vtable_slot:2:override
0x0079d38c	FUN_0079d38c	std_length_error__vslot_000	virtual_method	std::length_error	0x00b11ad8	std::exception	0.950		vtable_slot:0:override
0x0079d73e	FUN_0079d73e	IndInst_instopreg__vslot_000	virtual_method	IndInst::instopreg	0x00b11f28	IndInst::instop	0.950		vtable_slot:0:override
0x0079d765	FUN_0079d765	IndInst_instopimm__vslot_000	virtual_method	IndInst::instopimm	0x00b11f38	IndInst::instop	0.950		vtable_slot:0:override
0x0079da64	FUN_0079da64	IndInst_instopreg__vslot_002	virtual_method	IndInst::instopreg	0x00b11f28	IndInst::instop	0.950	IndInst::instop@0.451	vtable_slot:2:override
0x0079dba8	FUN_0079dba8	IndInst_instopimm__vslot_002	virtual_method	IndInst::instopimm	0x00b11f38	IndInst::instop	0.950	IndInst::instop@0.451	vtable_slot:2:override
0x0079dd7a	FUN_0079dd7a	IndInst_instopcomp__vslot_002	virtual_method	IndInst::instopcomp	0x00b11f48	IndInst::instop	0.950	IndInst::instop@0.451	vtable_slot:2:override
0x0079e0ab	FUN_0079e0ab	IndInst_instopreglist__vslot_002	virtual_method	IndInst::instopreglist	0x00b11f58	IndInst::instop	0.950	IndInst::instop@0.451	vtable_slot:2:override
0x0079ea48	FUN_0079ea48	std_bad_alloc__vslot_000	virtual_method	std::bad_alloc	0x00b12018	std::exception	0.950		vtable_slot:0:override
0x0079ea6f	FUN_0079ea6f	std_bad_alloc__vslot_002	virtual_method	std::bad_alloc	0x00b12018	std::exception	0.950		vtable_slot:2:override
0x0079f489	FUN_0079f489	std_logic_error__vslot_000	virtual_method	std::logic_error	0x00b12028	std::exception	0.950		vtable_slot:0:override
0x0079f4c2	FUN_0079f4c2	std_logic_error__vslot_001	virtual_method	std::logic_error	0x00b12028	std::exception	0.950	std::length_error@0.820	vtable_slot:1:override
0x0079f4df	FUN_0079f4df	std_logic_error__vslot_002	virtual_method	std::logic_error	0x00b12028	std::exception	0.950		vtable_slot:2:override
0x0079f4f0	FUN_0079f4f0	std_length_error__vslot_000	virtual_method	std::length_error	0x00b12038	std::exception	0.950		vtable_slot:0:override
0x007a0ed0	FUN_007a0ed0	SimpleOutputGen__vslot_000	virtual_method	SimpleOutputGen	0x00b12810	OutputGen	0.950		vtable_slot:0:override
0x007a0f69	FUN_007a0f69	SimpleOutputGen__vslot_001	virtual_method	SimpleOutputGen	0x00b12810	OutputGen	0.950		vtable_slot:1:override
0x007a0ff2	FUN_007a0ff2	SimpleOutputGen__vslot_002	virtual_method	SimpleOutputGen	0x00b12810	OutputGen	0.950	OutputGen@0.451;BufferOutputGen@0.451;DebugOutputGen@0.451	vtable_slot:2:override
0x007a1026	FUN_007a1026	FileOutputGen__vslot_000	virtual_method	FileOutputGen	0x00b12820	OutputGen	0.950		vtable_slot:0:override
0x007a1060	FUN_007a1060	FileOutputGen__vslot_001	virtual_method	FileOutputGen	0x00b12820	OutputGen	0.950		vtable_slot:1:override
0x007a1098	FUN_007a1098	FileOutputGen__vslot_002	virtual_method	FileOutputGen	0x00b12820	OutputGen	0.950		vtable_slot:2:override
0x007a10d3	FUN_007a10d3	BufferOutputGen__vslot_000	virtual_method	BufferOutputGen	0x00b12830	OutputGen	0.950		vtable_slot:0:override
0x007a10fe	FUN_007a10fe	BufferOutputGen__vslot_001	virtual_method	BufferOutputGen	0x00b12830	OutputGen	0.950		vtable_slot:1:override
0x007a11cf	FUN_007a11cf	DebugOutputGen__vslot_000	virtual_method	DebugOutputGen	0x00b12840	OutputGen	0.950		vtable_slot:0:override
0x007a1239	FUN_007a1239	DebugOutputGen__vslot_001	virtual_method	DebugOutputGen	0x00b12840	OutputGen	0.950		vtable_slot:1:override
0x007a127c	FUN_007a127c	register_range__vslot_014	virtual_method	register_range	0x00b10d30	operand_parser	0.950		vtable_slot:14:override
0x007a129c	FUN_007a129c	register_range__vslot_015	virtual_method	register_range	0x00b10d30	operand_parser	0.950		vtable_slot:15:override
0x007a12bc	FUN_007a12bc	register_range__vslot_016	virtual_method	register_range	0x00b10d30	operand_parser	0.950		vtable_slot:16:override
0x007a12dd	FUN_007a12dd	register_range__vslot_017	virtual_method	register_range	0x00b10d30	operand_parser	0.950		vtable_slot:17:override
0x007a12fd	FUN_007a12fd	register_set__vslot_014	virtual_method	register_set	0x00b10d40	operand_parser	0.950		vtable_slot:14:override
0x007a131d	FUN_007a131d	register_set__vslot_015	virtual_method	register_set	0x00b10d40	operand_parser	0.950		vtable_slot:15:override
0x007a133d	FUN_007a133d	register_set__vslot_016	virtual_method	register_set	0x00b10d40	operand_parser	0.950		vtable_slot:16:override
0x007a135e	FUN_007a135e	register_set__vslot_017	virtual_method	register_set	0x00b10d40	operand_parser	0.950		vtable_slot:17:override
0x007a137e	FUN_007a137e	register_implicit__vslot_014	virtual_method	register_implicit	0x00b10d50	operand_parser	0.950		vtable_slot:14:override
0x007a139e	FUN_007a139e	register_implicit__vslot_015	virtual_method	register_implicit	0x00b10d50	operand_parser	0.950		vtable_slot:15:override
0x007a13be	FUN_007a13be	register_implicit__vslot_016	virtual_method	register_implicit	0x00b10d50	operand_parser	0.950		vtable_slot:16:override
0x007a13df	FUN_007a13df	register_implicit__vslot_017	virtual_method	register_implicit	0x00b10d50	operand_parser	0.950		vtable_slot:17:override
0x007a13ff	FUN_007a13ff	textset__vslot_014	virtual_method	textset	0x00b10d60	operand_parser	0.950		vtable_slot:14:override
0x007a141f	FUN_007a141f	textset__vslot_015	virtual_method	textset	0x00b10d60	operand_parser	0.950		vtable_slot:15:override
0x007a143f	FUN_007a143f	textset__vslot_016	virtual_method	textset	0x00b10d60	operand_parser	0.950		vtable_slot:16:override
0x007a1460	FUN_007a1460	textset__vslot_017	virtual_method	textset	0x00b10d60	operand_parser	0.950		vtable_slot:17:override
0x007a1480	FUN_007a1480	immediate__vslot_014	virtual_method	immediate	0x00b10d70	operand_parser	0.950	immediate_implicit@0.820	vtable_slot:14:override
0x007a14a0	FUN_007a14a0	immediate__vslot_015	virtual_method	immediate	0x00b10d70	operand_parser	0.950	immediate_implicit@0.820	vtable_slot:15:override
0x007a14c0	FUN_007a14c0	immediate__vslot_016	virtual_method	immediate	0x00b10d70	operand_parser	0.950	immediate_implicit@0.820	vtable_slot:16:override
0x007a14e1	FUN_007a14e1	immediate__vslot_017	virtual_method	immediate	0x00b10d70	operand_parser	0.950	immediate_implicit@0.820	vtable_slot:17:override
0x007a1501	FUN_007a1501	compose__vslot_014	virtual_method	compose	0x00b10db0	operand_parser	0.950		vtable_slot:14:override
0x007a1521	FUN_007a1521	compose__vslot_015	virtual_method	compose	0x00b10db0	operand_parser	0.950		vtable_slot:15:override
0x007a1541	FUN_007a1541	compose__vslot_016	virtual_method	compose	0x00b10db0	operand_parser	0.950		vtable_slot:16:override
0x007a1562	FUN_007a1562	compose__vslot_017	virtual_method	compose	0x00b10db0	operand_parser	0.950		vtable_slot:17:override
0x007a1582	FUN_007a1582	choose__vslot_014	virtual_method	choose	0x00b10dc0	operand_parser	0.950		vtable_slot:14:override
0x007a15a2	FUN_007a15a2	choose__vslot_015	virtual_method	choose	0x00b10dc0	operand_parser	0.950		vtable_slot:15:override
0x007a15c2	FUN_007a15c2	choose__vslot_016	virtual_method	choose	0x00b10dc0	operand_parser	0.950		vtable_slot:16:override
0x007a15e3	FUN_007a15e3	choose__vslot_017	virtual_method	choose	0x00b10dc0	operand_parser	0.950		vtable_slot:17:override
0x007a1648	FUN_007a1648	std_bad_alloc__vslot_000	virtual_method	std::bad_alloc	0x00b12d04	std::exception	0.950		vtable_slot:0:override
0x007a166f	FUN_007a166f	std_bad_alloc__vslot_002	virtual_method	std::bad_alloc	0x00b12d04	std::exception	0.950		vtable_slot:2:override
0x009947c2	FUN_009947c2	backend_basetype__vslot_246	virtual_method	backend_basetype	0x00afc4e0	backend_dataflow	0.950	backend_t@0.820;backend_basetype2@0.820	vtable_slot:246:introduced
0x00a91fd0	FUN_00a91fd0	std_bad_alloc__vslot_002	virtual_method	std::bad_alloc	0x00bd48b0	std::exception	0.950		vtable_slot:2:override
0x00a91fd9	FUN_00a91fd9	std_bad_alloc__vslot_000	virtual_method	std::bad_alloc	0x00bd48b0	std::exception	0.950		vtable_slot:0:override
0x00a9276f	FUN_00a9276f	std_logic_error__vslot_000	virtual_method	std::logic_error	0x00bd48c0	std::exception	0.950		vtable_slot:0:override
0x00a927a7	FUN_00a927a7	std_logic_error__vslot_001	virtual_method	std::logic_error	0x00bd48c0	std::exception	0.950	std::length_error@0.820;std::out_of_range@0.820	vtable_slot:1:override
0x00a927c4	FUN_00a927c4	std_logic_error__vslot_002	virtual_method	std::logic_error	0x00bd48c0	std::exception	0.950		vtable_slot:2:override
0x00a927cd	FUN_00a927cd	std_length_error__vslot_000	virtual_method	std::length_error	0x00bd48d0	std::exception	0.950		vtable_slot:0:override
0x00a9280e	FUN_00a9280e	std_out_of_range__vslot_000	virtual_method	std::out_of_range	0x00bd48e0	std::exception	0.950		vtable_slot:0:override
0x005f7add	FUN_005f7add	AliasAnalyzer__constructor_like	constructor_like	AliasAnalyzer	0x00aff0cc	AliasAnalyzer	0.936	objectdata_block@0.484;objectdata@0.418;InterblockDf@0.382;FCEReachingWriteDf@0.374	called_by:0x005fc5a6;calls:0x005f6efe;vtable_store:constructor_like
0x005f8f9f	FUN_005f8f9f	AliasAnalyzer__constructor_like	constructor_like	AliasAnalyzer	0x00aff0cc	AliasAnalyzer	0.935		calls:0x005cf1dd;vtable_store:constructor_like
0x005cf1dd	FUN_005cf1dd	AliasAnalyzer__constructor_like	constructor_like	AliasAnalyzer	0x00aff0cc	AliasAnalyzer	0.934	BooleanAccurateAliasAnalyzer@0.353	called_by:0x005f8f9f;vtable_store:constructor_like
0x005e7ea4	FUN_005e7ea4	AliasAnalyzer__constructor_like	constructor_like	AliasAnalyzer	0x00aff0cc	AliasAnalyzer	0.932	InterblockDf@0.253;DownSafetyDf@0.253;UpSafetyDf@0.253;EarliestDf@0.253	2hop_calls:0x005e7582;vtable_store:constructor_like
0x00486b99	FUN_00486b99	g4_resource_scheduler__constructor_like	constructor_like	g4_resource_scheduler	0x00ac5960	list_scheduler	0.930	resource_model_scheduler@0.512	vtable_store:constructor_like
0x00487f60	FUN_00487f60	ppc970_resource_scheduler__constructor_like	constructor_like	ppc970_resource_scheduler	0x00ac5970	list_scheduler	0.930	resource_model_scheduler@0.512	vtable_store:constructor_like
0x0048a79c	FUN_0048a79c	ame_resource_scheduler__constructor_like	constructor_like	ame_resource_scheduler	0x00ac5980	list_scheduler	0.930	resource_model_scheduler@0.512	vtable_store:constructor_like
0x005d6287	FUN_005d6287	AliasAnalyzer__constructor_like	constructor_like	AliasAnalyzer	0x00aff0cc	AliasAnalyzer	0.930		vtable_store:constructor_like
0x005d8667	FUN_005d8667	BooleanAccurateAliasAnalyzer__constructor_like	constructor_like	BooleanAccurateAliasAnalyzer	0x00aff0ec	AliasAnalyzer	0.930	AliasAnalyzer@0.520;TimeAccurateAliasAnalyzer@0.334	vtable_store:constructor_like
0x005faf93	FUN_005faf93	AliasAnalyzer__constructor_like	constructor_like	AliasAnalyzer	0x00aff0cc	AliasAnalyzer	0.930		vtable_store:constructor_like
0x00736142	FUN_00736142	list_scheduler__constructor_like	constructor_like	list_scheduler	0x00b0c0e4	list_scheduler	0.930	resource_model_scheduler@0.353;compat_list_scheduler@0.353	vtable_store:constructor_like
0x007386ff	FUN_007386ff	resource_model_scheduler__constructor_like	constructor_like	resource_model_scheduler	0x00b0c0f4	list_scheduler	0.930	list_scheduler@0.512;g4_resource_scheduler@0.353;ppc970_resource_scheduler@0.353;ame_resource_scheduler@0.353	vtable_store:constructor_like
0x0073a67d	FUN_0073a67d	compat_list_scheduler__constructor_like	constructor_like	compat_list_scheduler	0x00b0c104	list_scheduler	0.930	list_scheduler@0.512	vtable_store:constructor_like
0x00745a76	FUN_00745a76	empty__constructor_like	constructor_like	empty	0x00b0c328	operand_parser	0.930	operand_parser@0.512	vtable_store:constructor_like
0x00781c4e	FUN_00781c4e	ScavengingFixup__constructor_like	constructor_like	ScavengingFixup	0x00b0edf0	ScavengingFixup	0.930		vtable_store:constructor_like
0x0078abd5	FUN_0078abd5	operand_parser__constructor_like	constructor_like	operand_parser	0x00b0c7cc	operand_parser	0.930	empty@0.353;register_range@0.353;register_set@0.353;register_implicit@0.353	vtable_store:constructor_like
0x0078ac6b	FUN_0078ac6b	register_range__constructor_like	constructor_like	register_range	0x00b10d30	operand_parser	0.930	operand_parser@0.512	vtable_store:constructor_like
0x0078b3d6	FUN_0078b3d6	register_set__constructor_like	constructor_like	register_set	0x00b10d40	operand_parser	0.930	operand_parser@0.512;std::length_error@0.489;std::exception@0.418;std::logic_error@0.418	vtable_store:constructor_like
0x0078bdb0	FUN_0078bdb0	register_implicit__constructor_like	constructor_like	register_implicit	0x00b10d50	operand_parser	0.930	operand_parser@0.512	vtable_store:constructor_like
0x0078c194	FUN_0078c194	immediate__constructor_like	constructor_like	immediate	0x00b10d70	operand_parser	0.930	operand_parser@0.512;immediate_implicit@0.353	vtable_store:constructor_like
0x0078daa3	FUN_0078daa3	immediate_implicit__constructor_like	constructor_like	immediate_implicit	0x00b0c7dc	operand_parser	0.930	immediate@0.512	vtable_store:constructor_like
0x0078db21	FUN_0078db21	statictext__constructor_like	constructor_like	statictext	0x00b10d90	operand_parser	0.930	operand_parser@0.512	vtable_store:constructor_like
0x0078dd43	FUN_0078dd43	ignore__constructor_like	constructor_like	ignore	0x00b10e20	operand_parser	0.930	operand_parser@0.512	vtable_store:constructor_like
0x0078dda2	FUN_0078dda2	hardcode__constructor_like	constructor_like	hardcode	0x00b10da0	operand_parser	0.930	operand_parser@0.512	vtable_store:constructor_like
0x0078de90	FUN_0078de90	textset__constructor_like	constructor_like	textset	0x00b10d60	operand_parser	0.930	operand_parser@0.512;std::length_error@0.498;std::exception@0.430;std::logic_error@0.430	vtable_store:constructor_like
0x0078e2ac	FUN_0078e2ac	compose__constructor_like	constructor_like	compose	0x00b10db0	operand_parser	0.930	operand_parser@0.512;std::length_error@0.510;std::exception@0.439;std::logic_error@0.439	vtable_store:constructor_like
0x0078f45c	FUN_0078f45c	choose__constructor_like	constructor_like	choose	0x00b10dc0	operand_parser	0.930	operand_parser@0.512;std::length_error@0.498;std::exception@0.430;std::logic_error@0.430	vtable_store:constructor_like
0x0078feb2	FUN_0078feb2	multiple_fields__constructor_like	constructor_like	multiple_fields	0x00b10dd0	operand_parser	0.930	operand_parser@0.512	vtable_store:constructor_like
0x007901d6	FUN_007901d6	split_fields__constructor_like	constructor_like	split_fields	0x00b10de0	operand_parser	0.930	operand_parser@0.512;std::length_error@0.498;std::exception@0.430;std::logic_error@0.430	vtable_store:constructor_like
0x00790514	FUN_00790514	register_list__constructor_like	constructor_like	register_list	0x00b10d80	operand_parser	0.930	operand_parser@0.512	vtable_store:constructor_like
0x007909cf	FUN_007909cf	mnemonic_placeholder__constructor_like	constructor_like	mnemonic_placeholder	0x00b10e30	operand_parser	0.930	operand_parser@0.512	vtable_store:constructor_like
0x00790a2e	FUN_00790a2e	sameas__constructor_like	constructor_like	sameas	0x00b10e10	operand_parser	0.930	operand_parser@0.512	vtable_store:constructor_like
0x00790abd	FUN_00790abd	join__constructor_like	constructor_like	join	0x00b10e00	operand_parser	0.930	operand_parser@0.512	vtable_store:constructor_like
0x00791273	FUN_00791273	suffix__constructor_like	constructor_like	suffix	0x00b10df0	operand_parser	0.930	operand_parser@0.512	vtable_store:constructor_like
0x00796899	FUN_00796899	Disassembler__constructor_like	constructor_like	Disassembler	0x00b1155c	Disassembler	0.930	std::length_error@0.484;std::exception@0.418;std::logic_error@0.418	vtable_store:constructor_like
0x0079d894	FUN_0079d894	IndInst_instop__constructor_like	constructor_like	IndInst::instop	0x00b11f18	IndInst::instop	0.930		vtable_store:constructor_like
0x007a1191	FUN_007a1191	DebugOutputGen__constructor_like	constructor_like	DebugOutputGen	0x00b12840	OutputGen	0.930		vtable_store:constructor_like
0x00a9252b	FUN_00a9252b	std_length_error__constructor_like_final_type	constructor_like_final_type	std::length_error	0x00bd48d0	std::exception	0.895	std::logic_error@0.770;std::length_error@0.373;std::length_error@0.373;backend_t@0.361	2hop_calls:0x00a92393;called_by:0x00a9252b;calls:0x00a9252b;calls:0x00a92805;vtable_store:constructor_like_final_type
0x006c6104	FUN_006c6104	std_out_of_range__constructor_like_final_type	constructor_like_final_type	std::out_of_range	0x00b06c9c	std::exception	0.893	std::exception@0.769;std::logic_error@0.767;std::out_of_range@0.497;std::length_error@0.497	called_by:0x006c6104;calls:0x0069618a;calls:0x006c6104;vtable_store:constructor_like_final_type
0x00748a3e	FUN_00748a3e	Ncm__constructor_like_final_type	constructor_like_final_type	Ncm	0x00b0c90c	Exp	0.892	Alu@0.772;Bop@0.772;Exp@0.772;Val@0.335	called_by:0x00746fff;called_by:0x00747014;called_by:0x00747029;called_by:0x0074703e;vtable_store:constructor_like_final_type
0x004059d8	FUN_004059d8	std_out_of_range__constructor_like_final_type	constructor_like_final_type	std::out_of_range	0x00abf2a0	std::exception	0.889	std::exception@0.765;std::logic_error@0.763;std::out_of_range@0.493;std::length_error@0.493	called_by:0x00422ff4;calls:0x00405916;vtable_store:constructor_like_final_type
0x00a9214f	FUN_00a9214f	std_out_of_range__constructor_like_final_type	constructor_like_final_type	std::out_of_range	0x00bd48e0	std::exception	0.888	std::logic_error@0.764;std::length_error@0.489;std::length_error@0.373;std::length_error@0.373	2hop_calls:0x00a920cd;2hop_calls:0x00a92393;calls:0x00a92846;vtable_store:constructor_like_final_type
0x00748af0	FUN_00748af0	Uop__constructor_like_final_type	constructor_like_final_type	Uop	0x00b0c91c	Exp	0.886	Alu@0.766;Exp@0.766;Val@0.321;Num@0.321	called_by:0x00747053;called_by:0x00747065;vtable_store:constructor_like_final_type
0x00405fae	FUN_00405fae	std_overflow_error__constructor_like_final_type	constructor_like_final_type	std::overflow_error	0x00abf2c0	std::exception	0.885	std::exception@0.762;std::runtime_error@0.760;std::out_of_range@0.493;std::length_error@0.493	calls:0x004059c7;vtable_store:constructor_like_final_type
0x0042226d	FUN_0042226d	std_out_of_range__constructor_like_final_type	constructor_like_final_type	std::out_of_range	0x00abf2a0	std::exception	0.885	std::exception@0.762;std::logic_error@0.760;std::out_of_range@0.493;std::length_error@0.493	calls:0x00405916;vtable_store:constructor_like_final_type
0x004256c8	FUN_004256c8	std_out_of_range__constructor_like_final_type	constructor_like_final_type	std::out_of_range	0x00abffc8	std::exception	0.885	std::exception@0.762;std::logic_error@0.760;std::out_of_range@0.493;std::length_error@0.493	calls:0x00425606;vtable_store:constructor_like_final_type
0x00425b92	FUN_00425b92	std_overflow_error__constructor_like_final_type	constructor_like_final_type	std::overflow_error	0x00abffe8	std::exception	0.885	std::exception@0.762;std::runtime_error@0.760;std::out_of_range@0.493;std::length_error@0.493	calls:0x004256b7;vtable_store:constructor_like_final_type
0x0043adf7	FUN_0043adf7	std_out_of_range__constructor_like_final_type	constructor_like_final_type	std::out_of_range	0x00ac0a48	std::exception	0.885	std::exception@0.762;std::logic_error@0.760;std::out_of_range@0.493;std::length_error@0.493	calls:0x0043ade6;vtable_store:constructor_like_final_type
0x004e17e7	FUN_004e17e7	std_out_of_range__constructor_like_final_type	constructor_like_final_type	std::out_of_range	0x00ace658	std::exception	0.885	std::exception@0.762;std::logic_error@0.760;std::out_of_range@0.493;std::length_error@0.493	calls:0x004e1725;vtable_store:constructor_like_final_type
0x004e1cb1	FUN_004e1cb1	std_overflow_error__constructor_like_final_type	constructor_like_final_type	std::overflow_error	0x00ace678	std::exception	0.885	std::exception@0.762;std::runtime_error@0.760;std::out_of_range@0.493;std::length_error@0.493	calls:0x004e17d6;vtable_store:constructor_like_final_type
0x00620d20	FUN_00620d20	bytereverser__constructor_like_final_type	constructor_like_final_type	bytereverser	0x00b020b0	ObjectVisitor	0.885	nonstandard_type_handler@0.765	calls:0x0061fea0;vtable_store:constructor_like_final_type
0x0069619b	FUN_0069619b	std_out_of_range__constructor_like_final_type	constructor_like_final_type	std::out_of_range	0x00b06c9c	std::exception	0.885	std::exception@0.762;std::logic_error@0.760;std::out_of_range@0.493;std::length_error@0.493	calls:0x0069618a;vtable_store:constructor_like_final_type
0x006c6a0b	FUN_006c6a0b	std_out_of_range__constructor_like_final_type	constructor_like_final_type	std::out_of_range	0x00b06c9c	std::exception	0.885	std::exception@0.762;std::logic_error@0.760;std::out_of_range@0.493;std::length_error@0.493	calls:0x0069618a;vtable_store:constructor_like_final_type
0x007006e7	FUN_007006e7	MachopChecker__constructor_like_final_type	constructor_like_final_type	MachopChecker	0x00b09ad8	MachopVisitor	0.885	MachopVisitor@0.760	calls:0x007005ed;vtable_store:constructor_like_final_type
0x00786132	FUN_00786132	std_length_error__constructor_like_final_type	constructor_like_final_type	std::length_error	0x00b0f21c	std::exception	0.885	std::exception@0.762;std::logic_error@0.760;std::out_of_range@0.493;std::length_error@0.493	calls:0x00786121;vtable_store:constructor_like_final_type
0x007883f1	FUN_007883f1	std_length_error__constructor_like_final_type	constructor_like_final_type	std::length_error	0x00b0f60c	std::exception	0.885	std::exception@0.764;std::logic_error@0.760;std::out_of_range@0.493;std::length_error@0.493	calls:0x0078829c;vtable_store:constructor_like_final_type
0x00788774	FUN_00788774	std_length_error__constructor_like_final_type	constructor_like_final_type	std::length_error	0x00b0f60c	std::exception	0.885	std::exception@0.764;std::logic_error@0.760;std::out_of_range@0.493;std::length_error@0.493	calls:0x0078829c;vtable_store:constructor_like_final_type
0x00788af7	FUN_00788af7	std_length_error__constructor_like_final_type	constructor_like_final_type	std::length_error	0x00b0f60c	std::exception	0.885	std::exception@0.764;std::logic_error@0.760;std::out_of_range@0.493;std::length_error@0.493	calls:0x0078829c;vtable_store:constructor_like_final_type
0x00788e7a	FUN_00788e7a	std_length_error__constructor_like_final_type	constructor_like_final_type	std::length_error	0x00b0f60c	std::exception	0.885	std::exception@0.764;std::logic_error@0.760;std::out_of_range@0.493;std::length_error@0.493	calls:0x0078829c;vtable_store:constructor_like_final_type
0x007894a5	FUN_007894a5	std_length_error__constructor_like_final_type	constructor_like_final_type	std::length_error	0x00b0f60c	std::exception	0.885	std::exception@0.764;std::logic_error@0.760;std::out_of_range@0.493;std::length_error@0.493	calls:0x0078829c;vtable_store:constructor_like_final_type
0x00789ad0	FUN_00789ad0	std_length_error__constructor_like_final_type	constructor_like_final_type	std::length_error	0x00b0f60c	std::exception	0.885	std::exception@0.764;std::logic_error@0.760;std::out_of_range@0.493;std::length_error@0.493	calls:0x0078829c;vtable_store:constructor_like_final_type
0x0078a272	FUN_0078a272	std_length_error__constructor_like_final_type	constructor_like_final_type	std::length_error	0x00b0f60c	std::exception	0.885	std::exception@0.762;std::logic_error@0.760;std::out_of_range@0.493;std::length_error@0.493	calls:0x0078829c;vtable_store:constructor_like_final_type
0x007928f3	FUN_007928f3	std_out_of_range__constructor_like_final_type	constructor_like_final_type	std::out_of_range	0x00b10f50	std::exception	0.885	std::exception@0.762;std::logic_error@0.760;std::out_of_range@0.493;std::length_error@0.493	calls:0x007923c3;vtable_store:constructor_like_final_type
0x007932a3	FUN_007932a3	std_length_error__constructor_like_final_type	constructor_like_final_type	std::length_error	0x00b10f40	std::exception	0.885	std::exception@0.764;std::logic_error@0.760;std::out_of_range@0.493;std::length_error@0.493	calls:0x00792379;vtable_store:constructor_like_final_type
0x0079392c	FUN_0079392c	std_length_error__constructor_like_final_type	constructor_like_final_type	std::length_error	0x00b10f40	std::exception	0.885	std::exception@0.764;std::logic_error@0.760;std::out_of_range@0.493;std::length_error@0.493	calls:0x00792379;vtable_store:constructor_like_final_type
0x0079431f	FUN_0079431f	std_length_error__constructor_like_final_type	constructor_like_final_type	std::length_error	0x00b10f40	std::exception	0.885	std::exception@0.764;std::logic_error@0.760;std::out_of_range@0.493;std::length_error@0.493	calls:0x00792379;vtable_store:constructor_like_final_type
0x007946ad	FUN_007946ad	std_length_error__constructor_like_final_type	constructor_like_final_type	std::length_error	0x00b10f40	std::exception	0.885	std::exception@0.764;std::logic_error@0.760;std::out_of_range@0.493;std::length_error@0.493	calls:0x00792379;vtable_store:constructor_like_final_type
0x00794a30	FUN_00794a30	std_length_error__constructor_like_final_type	constructor_like_final_type	std::length_error	0x00b10f40	std::exception	0.885	std::exception@0.764;std::logic_error@0.760;std::out_of_range@0.493;std::length_error@0.493	calls:0x00792379;vtable_store:constructor_like_final_type
0x0079525f	FUN_0079525f	std_length_error__constructor_like_final_type	constructor_like_final_type	std::length_error	0x00b10f40	std::exception	0.885	std::exception@0.768;std::logic_error@0.766;std::out_of_range@0.493;std::length_error@0.493	calls:0x00792379;vtable_store:constructor_like_final_type
0x007955a0	FUN_007955a0	std_length_error__constructor_like_final_type	constructor_like_final_type	std::length_error	0x00b10f40	std::exception	0.885	std::exception@0.762;std::logic_error@0.760;std::out_of_range@0.493;std::length_error@0.493	calls:0x00792379;vtable_store:constructor_like_final_type
0x00797bb6	FUN_00797bb6	std_out_of_range__constructor_like_final_type	constructor_like_final_type	std::out_of_range	0x00b10f50	std::exception	0.885	Disassembler@0.820;std::exception@0.768;std::logic_error@0.764;std::out_of_range@0.497	calls:0x007923c3;vtable_store:constructor_like_final_type
0x007991de	FUN_007991de	std_out_of_range__constructor_like_final_type	constructor_like_final_type	std::out_of_range	0x00b10f50	std::exception	0.885	Disassembler@0.820;std::exception@0.768;std::logic_error@0.764;std::out_of_range@0.497	calls:0x007923c3;vtable_store:constructor_like_final_type
0x0079d3d6	FUN_0079d3d6	std_length_error__constructor_like_final_type	constructor_like_final_type	std::length_error	0x00b11ad8	std::exception	0.885	std::exception@0.762;std::logic_error@0.760;std::out_of_range@0.493;std::length_error@0.493	calls:0x0079d3c5;vtable_store:constructor_like_final_type
0x0079f618	FUN_0079f618	std_length_error__constructor_like_final_type	constructor_like_final_type	std::length_error	0x00b12038	std::exception	0.885	std::exception@0.762;std::logic_error@0.760;std::out_of_range@0.493;std::length_error@0.493	calls:0x0079f529;vtable_store:constructor_like_final_type
0x0079d78c	FUN_0079d78c	IndInst_instopcomp__constructor_like_final_type	constructor_like_final_type	IndInst::instopcomp	0x00b11f48	IndInst::instop	0.884	IndInst::instop@0.760	called_by:0x0079dcba;vtable_store:constructor_like_final_type
0x0074857f	FUN_0074857f	Num__constructor_like_final_type	constructor_like_final_type	Num	0x00b0c8ac	Exp	0.883	Exp@0.766;Val@0.763;Cmm@0.374;Alu@0.331	called_by:0x00748931;vtable_store:constructor_like_final_type
0x00748b94	FUN_00748b94	Bot__constructor_like_final_type	constructor_like_final_type	Bot	0x00b0c8cc	Exp	0.883	Val@0.763;Unk@0.763;Exp@0.763;Num@0.312	called_by:0x00747077;vtable_store:constructor_like_final_type
0x004014f7	FUN_004014f7	vn_advisor_ppc_consolshift__constructor_like_final_type	constructor_like_final_type	vn_advisor_ppc_consolshift	0x00abf0b0	vn_advisor	0.880	vn_advisor_consol@0.760;vn_advisor_consolshift@0.760	vtable_store:constructor_like_final_type
0x00424ceb	FUN_00424ceb	backend_t__constructor_like_final_type	constructor_like_final_type	backend_t	0x00abfe94	backend_dataflow	0.880	backend_basetype2@0.760;backend_basetype@0.484;backend_dataflow@0.418	vtable_store:constructor_like_final_type
0x004e68cd	FUN_004e68cd	SimpleOutputGen__constructor_like_final_type	constructor_like_final_type	SimpleOutputGen	0x00b12810	OutputGen	0.880	OutputGen@0.760	vtable_store:constructor_like_final_type
0x004f31ef	FUN_004f31ef	objectdata_rouconstr__constructor_like_final_type	constructor_like_final_type	objectdata_rouconstr	0x00ace280	objectdata	0.880	objectdata@0.760	vtable_store:constructor_like_final_type
0x005592d9	FUN_005592d9	objectdata_twoop__constructor_like_final_type	constructor_like_final_type	objectdata_twoop	0x00ace1e0	objectdata	0.880	objectdata@0.760	vtable_store:constructor_like_final_type
0x005bac03	FUN_005bac03	backend_basetype__constructor_like_final_type	constructor_like_final_type	backend_basetype	0x00afc4e0	backend_dataflow	0.880	backend_dataflow@0.760;backend_t@0.334;backend_basetype2@0.289	vtable_store:constructor_like_final_type
0x005d5e5e	FUN_005d5e5e	objectdata_twoop__constructor_like_final_type	constructor_like_final_type	objectdata_twoop	0x00ace1e0	objectdata	0.880	objectdata@0.760	vtable_store:constructor_like_final_type
0x005d87cb	FUN_005d87cb	TimeAccurateAliasAnalyzer__constructor_like_final_type	constructor_like_final_type	TimeAccurateAliasAnalyzer	0x00aff0dc	AliasAnalyzer	0.880	AliasAnalyzer@0.762;BooleanAccurateAliasAnalyzer@0.512	vtable_store:constructor_like_final_type
0x005eaa4a	FUN_005eaa4a	ValueNeededDf__constructor_like_final_type	constructor_like_final_type	ValueNeededDf	0x00aff16c	InterblockDf	0.880	InterblockDf@0.760;TimeAccurateAliasAnalyzer@0.334;AliasAnalyzer@0.289	vtable_store:constructor_like_final_type
0x005edb5b	FUN_005edb5b	objectdata_twoop__constructor_like_final_type	constructor_like_final_type	objectdata_twoop	0x00ace1e0	objectdata	0.880	objectdata@0.760	vtable_store:constructor_like_final_type
0x005ef811	FUN_005ef811	objectdata_twoop__constructor_like_final_type	constructor_like_final_type	objectdata_twoop	0x00ace1e0	objectdata	0.880	objectdata@0.760	vtable_store:constructor_like_final_type
0x005f4329	FUN_005f4329	TimeAccurateAliasAnalyzer__constructor_like_final_type	constructor_like_final_type	TimeAccurateAliasAnalyzer	0x00aff0dc	AliasAnalyzer	0.880	AliasAnalyzer@0.760;ValueNeededDf@0.484;InterblockDf@0.418	vtable_store:constructor_like_final_type
0x005f5370	FUN_005f5370	objectdata_block__constructor_like_final_type	constructor_like_final_type	objectdata_block	0x00ace3b0	objectdata	0.880	objectdata@0.760;AliasAnalyzer@0.353	vtable_store:constructor_like_final_type
0x006137ae	FUN_006137ae	objectdata_twoop__constructor_like_final_type	constructor_like_final_type	objectdata_twoop	0x00ace1e0	objectdata	0.880	objectdata@0.760	vtable_store:constructor_like_final_type
0x00618c72	FUN_00618c72	NoReturnChecker__constructor_like_final_type	constructor_like_final_type	NoReturnChecker	0x00b01790	Checker	0.880	Checker@0.760;CheckerIntStateAll@0.760;CheckerIntState@0.760;objectdata@0.253	vtable_store:constructor_like_final_type
0x006ac354	FUN_006ac354	Split64TestVisitor__constructor_like_final_type	constructor_like_final_type	Split64TestVisitor	0x00b06c5c	MachopVisitor	0.880	MachopVisitor@0.760	vtable_store:constructor_like_final_type
0x006ac5cd	FUN_006ac5cd	Split64DoVisitor__constructor_like_final_type	constructor_like_final_type	Split64DoVisitor	0x00b07ef0	MachopVisitor	0.880	MachopVisitor@0.760	vtable_store:constructor_like_final_type
0x006d7818	FUN_006d7818	MachopObjectInvalidator__constructor_like_final_type	constructor_like_final_type	MachopObjectInvalidator	0x00b080b0	MachopVisitor	0.880	MachopVisitor@0.760	vtable_store:constructor_like_final_type
0x006d7f2a	FUN_006d7f2a	MachopImmpropClearer__constructor_like_final_type	constructor_like_final_type	MachopImmpropClearer	0x00b080c0	MachopVisitor	0.880	MachopVisitor@0.760	vtable_store:constructor_like_final_type
0x007013b3	FUN_007013b3	MachopBitoffsetClearer__constructor_like_final_type	constructor_like_final_type	MachopBitoffsetClearer	0x00b09ae8	MachopVisitor	0.880	MachopVisitor@0.760	vtable_store:constructor_like_final_type
0x0071df17	FUN_0071df17	alloc_table_hash__constructor_like_final_type	constructor_like_final_type	alloc_table_hash	0x00b0a5c8	alloc_table	0.880	alloc_table@0.760	vtable_store:constructor_like_final_type
0x0071df90	FUN_0071df90	alloc_table_btree__constructor_like_final_type	constructor_like_final_type	alloc_table_btree	0x00b0a5d8	alloc_table	0.880	alloc_table@0.760	vtable_store:constructor_like_final_type
0x0071e0e0	FUN_0071e0e0	alloc_table_bcl__constructor_like_final_type	constructor_like_final_type	alloc_table_bcl	0x00b0a5e8	alloc_table	0.880	alloc_table@0.760	vtable_store:constructor_like_final_type
0x00747f96	FUN_00747f96	Mem__constructor_like_final_type	constructor_like_final_type	Mem	0x00b0c8dc	Exp	0.880	Val@0.760;Unk@0.760;Exp@0.760	vtable_store:constructor_like_final_type
0x00748931	FUN_00748931	Cmm__constructor_like_final_type	constructor_like_final_type	Cmm	0x00b0d2e4	Exp	0.880	Exp@0.852;Alu@0.848;Bop@0.848;Num@0.825	vtable_store:constructor_like_final_type
0x0074959c	FUN_0074959c	Num__constructor_like_final_type	constructor_like_final_type	Num	0x00b0c8ac	Exp	0.880	Val@0.760;Exp@0.760	vtable_store:constructor_like_final_type
0x0074a060	FUN_0074a060	singleton_iter__constructor_like_final_type	constructor_like_final_type	singleton_iter	0x00b0d3c8	obj_iter	0.880	obj_iter@0.760;var_disjointsets_impl@0.361	vtable_store:constructor_like_final_type
0x0074a154	FUN_0074a154	objectlist_iter__constructor_like_final_type	constructor_like_final_type	objectlist_iter	0x00b0d3f8	obj_iter	0.880	obj_iter@0.760;var_multimap_impl@0.361	vtable_store:constructor_like_final_type
0x0074a8cd	FUN_0074a8cd	var_disjointsets_impl__constructor_like_final_type	constructor_like_final_type	var_disjointsets_impl	0x00b0d428	var_disjointsets	0.880	var_disjointsets@0.760;var_multimap_impl@0.484;var_multimap@0.418	vtable_store:constructor_like_final_type
0x0074a948	FUN_0074a948	var_multimap_impl__constructor_like_final_type	constructor_like_final_type	var_multimap_impl	0x00b0d408	var_multimap	0.880	var_multimap@0.760;var_disjointsets_impl@0.334;var_disjointsets@0.289	vtable_store:constructor_like_final_type
0x0074ab40	FUN_0074ab40	var_map_objectlist_var_map_iter__constructor_like_final_type	constructor_like_final_type	var_map<objectlist>::var_map_iter	0x00b0d418	obj_iter	0.880	obj_iter@0.760	vtable_store:constructor_like_final_type
0x0074aeb0	FUN_0074aeb0	objpairlist_searchiter__constructor_like_final_type	constructor_like_final_type	objpairlist_searchiter	0x00b0d8b8	obj_iter	0.880	obj_iter@0.760	vtable_store:constructor_like_final_type
0x0079e5db	FUN_0079e5db	FileOutputGen__constructor_like_final_type	constructor_like_final_type	FileOutputGen	0x00b12820	OutputGen	0.880	OutputGen@0.760	vtable_store:constructor_like_final_type
0x007a0ad3	FUN_007a0ad3	FileOutputGen__constructor_like_final_type	constructor_like_final_type	FileOutputGen	0x00b12820	OutputGen	0.880	OutputGen@0.760	vtable_store:constructor_like_final_type
0x007a1141	FUN_007a1141	DebugOutputGen__constructor_like_final_type	constructor_like_final_type	DebugOutputGen	0x00b12840	OutputGen	0.880	OutputGen@0.760	vtable_store:constructor_like_final_type
0x00994ada	FUN_00994ada	objectdata_call__constructor_like_final_type	constructor_like_final_type	objectdata_call	0x00ace270	objectdata	0.880	objectdata@0.760	vtable_store:constructor_like_final_type
0x00746fff	FUN_00746fff	Exp__vslot_007	virtual_method	Ncm	0x00b0c90c	Exp	0.825	Alu@0.824;Bop@0.824;Exp@0.824;Val@0.820	calls:0x00748a3e;vtable_slot:7:inherited
0x00747014	FUN_00747014	Exp__vslot_008	virtual_method	Ncm	0x00b0c90c	Exp	0.825	Alu@0.824;Bop@0.824;Exp@0.824;Val@0.820	calls:0x00748a3e;vtable_slot:8:inherited
0x00747029	FUN_00747029	Exp__vslot_009	virtual_method	Ncm	0x00b0c90c	Exp	0.825	Alu@0.824;Bop@0.824;Exp@0.824;Val@0.820	calls:0x00748a3e;vtable_slot:9:inherited
0x0074703e	FUN_0074703e	Exp__vslot_010	virtual_method	Ncm	0x00b0c90c	Exp	0.825	Alu@0.824;Bop@0.824;Exp@0.824;Val@0.820	calls:0x00748a3e;vtable_slot:10:inherited
0x00747053	FUN_00747053	Exp__vslot_011	virtual_method	Uop	0x00b0c91c	Exp	0.825	Alu@0.824;Exp@0.824;Val@0.820;Num@0.820	calls:0x00748af0;vtable_slot:11:inherited
0x00747065	FUN_00747065	Exp__vslot_012	virtual_method	Uop	0x00b0c91c	Exp	0.825	Alu@0.824;Exp@0.824;Val@0.820;Num@0.820	calls:0x00748af0;vtable_slot:12:inherited
0x00747077	FUN_00747077	Exp__vslot_013	virtual_method	Bot	0x00b0c8cc	Exp	0.825	Val@0.824;Unk@0.824;Exp@0.824;Num@0.820	calls:0x00748b94;vtable_slot:13:inherited
0x0061fea0	FUN_0061fea0	nonstandard_type_handler__vslot_000	virtual_method	nonstandard_type_handler	0x00b020a0	ObjectVisitor	0.823	bytereverser@0.823	called_by:0x00620d20;vtable_slot:0:root_slot
0x00766cae	FUN_00766cae	backend_dataflow__vslot_008	virtual_method	backend_basetype	0x00afc4e0	backend_dataflow	0.821	backend_basetype2@0.821;backend_dataflow@0.820;backend_t@0.365	2hop_calls:0x00568af3;vtable_slot:8:inherited
0x007692da	FUN_007692da	backend_dataflow__vslot_006	virtual_method	backend_basetype	0x00afc4e0	backend_dataflow	0.821	backend_basetype2@0.821;backend_dataflow@0.820;backend_t@0.365	2hop_calls:0x00568af3;vtable_slot:6:inherited
0x0077017f	FUN_0077017f	backend_dataflow__vslot_024	virtual_method	backend_t	0x00abfe94	backend_dataflow	0.821	backend_basetype@0.821;backend_basetype2@0.821;backend_dataflow@0.820	2hop_calls:0x00568af3;vtable_slot:24:inherited
0x007711eb	FUN_007711eb	backend_dataflow__vslot_025	virtual_method	backend_t	0x00abfe94	backend_dataflow	0.821	backend_basetype@0.821;backend_basetype2@0.821;backend_dataflow@0.820	2hop_calls:0x00568af3;vtable_slot:25:inherited
0x00405190	FUN_00405190	std_exception__vslot_000	virtual_method	std::exception	0x00abf270	std::exception	0.820		vtable_slot:0:root_slot
0x004051b7	FUN_004051b7	std_exception__vslot_001	virtual_method	std::exception	0x00abf270	std::exception	0.820	std::bad_alloc@0.820	vtable_slot:1:root_slot
0x004051c3	FUN_004051c3	std_exception__vslot_002	virtual_method	std::exception	0x00abf270	std::exception	0.820		vtable_slot:2:root_slot
0x00424e80	FUN_00424e80	std_exception__vslot_000	virtual_method	std::exception	0x00abff98	std::exception	0.820		vtable_slot:0:root_slot
0x00424ea7	FUN_00424ea7	std_exception__vslot_001	virtual_method	std::exception	0x00abff98	std::exception	0.820	std::bad_alloc@0.820	vtable_slot:1:root_slot
0x00424eb3	FUN_00424eb3	std_exception__vslot_002	virtual_method	std::exception	0x00abff98	std::exception	0.820		vtable_slot:2:root_slot
0x0043a660	FUN_0043a660	std_exception__vslot_000	virtual_method	std::exception	0x00ac0a18	std::exception	0.820		vtable_slot:0:root_slot
0x0043a687	FUN_0043a687	std_exception__vslot_001	virtual_method	std::exception	0x00ac0a18	std::exception	0.820	std::bad_alloc@0.820	vtable_slot:1:root_slot
0x0043a693	FUN_0043a693	std_exception__vslot_002	virtual_method	std::exception	0x00ac0a18	std::exception	0.820		vtable_slot:2:root_slot
0x004a5d05	FUN_004a5d05	objectdata__vslot_001	virtual_method	objectdata	0x00ace1d0	objectdata	0.820		vtable_slot:1:root_slot
0x004dea14	FUN_004dea14	objectdata__vslot_000	virtual_method	objectdata	0x00ace1d0	objectdata	0.820		vtable_slot:0:root_slot
0x004e0f9f	FUN_004e0f9f	std_exception__vslot_000	virtual_method	std::exception	0x00ace628	std::exception	0.820		vtable_slot:0:root_slot
0x004e0fc6	FUN_004e0fc6	std_exception__vslot_001	virtual_method	std::exception	0x00ace628	std::exception	0.820	std::bad_alloc@0.820	vtable_slot:1:root_slot
0x004e0fd2	FUN_004e0fd2	std_exception__vslot_002	virtual_method	std::exception	0x00ace628	std::exception	0.820		vtable_slot:2:root_slot
0x005cf400	FUN_005cf400	AliasAnalyzer__vslot_000	virtual_method	AliasAnalyzer	0x00aff0cc	AliasAnalyzer	0.820		vtable_slot:0:root_slot
0x005cf409	FUN_005cf409	AliasAnalyzer__vslot_001	virtual_method	AliasAnalyzer	0x00aff0cc	AliasAnalyzer	0.820		vtable_slot:1:root_slot
0x0061fc27	FUN_0061fc27	peep_transformer__vslot_006	virtual_method	peep_transformer	0x00b01e58	peep_transformer	0.820	pt_condcodes@0.820;pt_dead@0.820;pt_alias@0.820;pt_const@0.820	vtable_slot:6:root_slot
0x0061fd8a	FUN_0061fd8a	peep_transformer__vslot_007	virtual_method	peep_transformer	0x00b01e58	peep_transformer	0.820	pt_alias@0.820;pt_const@0.820	vtable_slot:7:root_slot
0x0061fe5c	FUN_0061fe5c	peep_transformer__vslot_008	virtual_method	peep_transformer	0x00b01e58	peep_transformer	0.820	pt_condcodes@0.820;pt_dead@0.820	vtable_slot:8:root_slot
0x0061fe61	FUN_0061fe61	peep_transformer__vslot_000	virtual_method	peep_transformer	0x00b01e58	peep_transformer	0.820	pt_condcodes@0.820;pt_alias@0.820;pt_const@0.820	vtable_slot:0:root_slot
0x0061fe6a	FUN_0061fe6a	peep_transformer__vslot_001	virtual_method	peep_transformer	0x00b01e58	peep_transformer	0.820	pt_condcodes@0.820;pt_alias@0.820;pt_const@0.820	vtable_slot:1:root_slot
0x0061fe73	FUN_0061fe73	peep_transformer__vslot_002	virtual_method	peep_transformer	0x00b01e58	peep_transformer	0.820	pt_condcodes@0.820;pt_dead@0.820;pt_const@0.820	vtable_slot:2:root_slot
0x0061fe7c	FUN_0061fe7c	peep_transformer__vslot_003	virtual_method	peep_transformer	0x00b01e58	peep_transformer	0.820		vtable_slot:3:root_slot
0x0061fe85	FUN_0061fe85	peep_transformer__vslot_004	virtual_method	peep_transformer	0x00b01e58	peep_transformer	0.820		vtable_slot:4:root_slot
0x0061fe8e	FUN_0061fe8e	peep_transformer__vslot_005	virtual_method	peep_transformer	0x00b01e58	peep_transformer	0.820		vtable_slot:5:root_slot
0x00665891	FUN_00665891	vn_advisor_consol__vslot_000	virtual_method	vn_advisor_ppc_consolshift	0x00abf0b0	vn_advisor	0.820	vn_advisor_consol@0.820;vn_advisor_consoladd@0.820;vn_advisor_consolshift@0.820	vtable_slot:0:inherited
0x00665c91	FUN_00665c91	vn_advisor_consol__vslot_001	virtual_method	vn_advisor_consol	0x00b05b34	vn_advisor	0.820	vn_advisor_consoladd@0.820	vtable_slot:1:root_slot
0x00665d24	FUN_00665d24	vn_advisor_consol__vslot_002	virtual_method	vn_advisor_consol	0x00b05b34	vn_advisor	0.820	vn_advisor_consoladd@0.820	vtable_slot:2:root_slot
0x00695a04	FUN_00695a04	std_exception__vslot_000	virtual_method	std::exception	0x00b06c6c	std::exception	0.820		vtable_slot:0:root_slot
0x00695a2b	FUN_00695a2b	std_exception__vslot_001	virtual_method	std::exception	0x00b06c6c	std::exception	0.820	std::bad_alloc@0.820	vtable_slot:1:root_slot
0x00695a37	FUN_00695a37	std_exception__vslot_002	virtual_method	std::exception	0x00b06c6c	std::exception	0.820		vtable_slot:2:root_slot
0x00696dd5	FUN_00696dd5	MachopVisitor__vslot_001	virtual_method	MachopVisitor	0x00b06c2c	MachopVisitor	0.820		vtable_slot:1:root_slot
0x00696df1	FUN_00696df1	MachopVisitor__vslot_002	virtual_method	MachopVisitor	0x00b06c2c	MachopVisitor	0.820	Split64TestVisitor@0.820;Split64DoVisitor@0.820	vtable_slot:2:root_slot
0x006cfb36	FUN_006cfb36	MachopVisitor__vslot_001	virtual_method	MachopVisitor	0x00b080a0	MachopVisitor	0.820	MachopObjectInvalidator@0.820;MachopImmpropClearer@0.820	vtable_slot:1:root_slot
0x006cfb52	FUN_006cfb52	MachopVisitor__vslot_002	virtual_method	MachopVisitor	0x00b080a0	MachopVisitor	0.820	MachopObjectInvalidator@0.820;MachopImmpropClearer@0.820	vtable_slot:2:root_slot
0x00700460	FUN_00700460	MachopVisitor__vslot_001	virtual_method	MachopVisitor	0x00b09ac8	MachopVisitor	0.820	MachopBitoffsetClearer@0.820;AddMachopVisitor@0.820	vtable_slot:1:root_slot
0x0070047c	FUN_0070047c	MachopVisitor__vslot_002	virtual_method	MachopVisitor	0x00b09ac8	MachopVisitor	0.820	MachopChecker@0.820;MachopBitoffsetClearer@0.820;AddMachopVisitor@0.820	vtable_slot:2:root_slot
0x0071dcd0	FUN_0071dcd0	alloc_table__vslot_000	virtual_method	alloc_table	0x00b0a500	alloc_table	0.820		vtable_slot:0:root_slot
0x00735ab0	FUN_00735ab0	list_scheduler__vslot_000	virtual_method	list_scheduler	0x00b0c0e4	list_scheduler	0.820	resource_model_scheduler@0.820;compat_list_scheduler@0.820	vtable_slot:0:root_slot
0x00735ab9	FUN_00735ab9	list_scheduler__vslot_007	virtual_method	list_scheduler	0x00b0c0e4	list_scheduler	0.820	compat_list_scheduler@0.820	vtable_slot:7:root_slot
0x00735abe	FUN_00735abe	list_scheduler__vslot_008	virtual_method	list_scheduler	0x00b0c0e4	list_scheduler	0.820	compat_list_scheduler@0.820	vtable_slot:8:root_slot
0x00736fa6	FUN_00736fa6	list_scheduler__vslot_002	virtual_method	list_scheduler	0x00b0c0e4	list_scheduler	0.820	compat_list_scheduler@0.820;resource_model_scheduler@0.361;g4_resource_scheduler@0.312;ppc970_resource_scheduler@0.312	vtable_slot:2:root_slot
0x00737736	FUN_00737736	list_scheduler__vslot_003	virtual_method	list_scheduler	0x00b0c0e4	list_scheduler	0.820	compat_list_scheduler@0.820;resource_model_scheduler@0.361;g4_resource_scheduler@0.312;ppc970_resource_scheduler@0.312	vtable_slot:3:root_slot
0x00737b5c	FUN_00737b5c	list_scheduler__vslot_005	virtual_method	list_scheduler	0x00b0c0e4	list_scheduler	0.820	compat_list_scheduler@0.820;resource_model_scheduler@0.361;g4_resource_scheduler@0.312;ppc970_resource_scheduler@0.312	vtable_slot:5:root_slot
0x00737c92	FUN_00737c92	list_scheduler__vslot_001	virtual_method	list_scheduler	0x00b0c0e4	list_scheduler	0.820	resource_model_scheduler@0.361;compat_list_scheduler@0.361	vtable_slot:1:root_slot
0x00738528	FUN_00738528	list_scheduler__vslot_010	virtual_method	list_scheduler	0x00b0c0e4	list_scheduler	0.820	compat_list_scheduler@0.820;resource_model_scheduler@0.361;g4_resource_scheduler@0.312;ppc970_resource_scheduler@0.312	vtable_slot:10:root_slot
0x007385f8	FUN_007385f8	list_scheduler__vslot_009	virtual_method	list_scheduler	0x00b0c0e4	list_scheduler	0.820	compat_list_scheduler@0.820;resource_model_scheduler@0.361;g4_resource_scheduler@0.312;ppc970_resource_scheduler@0.312	vtable_slot:9:root_slot
0x0073b5d2	FUN_0073b5d2	operand_parser__vslot_000	virtual_method	empty	0x00b0c328	operand_parser	0.820	operand_parser@0.820	vtable_slot:0:inherited
0x0073b5db	FUN_0073b5db	operand_parser__vslot_001	virtual_method	empty	0x00b0c328	operand_parser	0.820	operand_parser@0.820	vtable_slot:1:inherited
0x0073b5e0	FUN_0073b5e0	operand_parser__vslot_002	virtual_method	empty	0x00b0c328	operand_parser	0.820	operand_parser@0.820	vtable_slot:2:inherited
0x0073b629	FUN_0073b629	operand_parser__vslot_003	virtual_method	empty	0x00b0c328	operand_parser	0.820	operand_parser@0.820	vtable_slot:3:inherited
0x0073b663	FUN_0073b663	operand_parser__vslot_005	virtual_method	empty	0x00b0c328	operand_parser	0.820	operand_parser@0.820	vtable_slot:5:inherited
0x0073b684	FUN_0073b684	operand_parser__vslot_007	virtual_method	empty	0x00b0c328	operand_parser	0.820	operand_parser@0.820	vtable_slot:7:inherited
0x0073b68e	FUN_0073b68e	operand_parser__vslot_008	virtual_method	empty	0x00b0c328	operand_parser	0.820	operand_parser@0.820	vtable_slot:8:inherited
0x0073b6b8	FUN_0073b6b8	operand_parser__vslot_011	virtual_method	empty	0x00b0c328	operand_parser	0.820	operand_parser@0.820	vtable_slot:11:inherited
0x0073b6ce	FUN_0073b6ce	operand_parser__vslot_012	virtual_method	empty	0x00b0c328	operand_parser	0.820	operand_parser@0.820	vtable_slot:12:inherited
0x0073b6e2	FUN_0073b6e2	operand_parser__vslot_014	virtual_method	empty	0x00b0c328	operand_parser	0.820	operand_parser@0.820	vtable_slot:14:inherited
0x0073b6fc	FUN_0073b6fc	operand_parser__vslot_015	virtual_method	empty	0x00b0c328	operand_parser	0.820	operand_parser@0.820	vtable_slot:15:inherited
0x0073b710	FUN_0073b710	operand_parser__vslot_016	virtual_method	empty	0x00b0c328	operand_parser	0.820	operand_parser@0.820	vtable_slot:16:inherited
0x0073b731	FUN_0073b731	operand_parser__vslot_017	virtual_method	empty	0x00b0c328	operand_parser	0.820	operand_parser@0.820	vtable_slot:17:inherited
0x0073b751	FUN_0073b751	operand_parser__vslot_018	virtual_method	empty	0x00b0c328	operand_parser	0.820	operand_parser@0.820	vtable_slot:18:inherited
0x0073b7ac	FUN_0073b7ac	operand_parser__vslot_019	virtual_method	empty	0x00b0c328	operand_parser	0.820	operand_parser@0.820	vtable_slot:19:inherited
0x0073b853	FUN_0073b853	operand_parser__vslot_021	virtual_method	empty	0x00b0c328	operand_parser	0.820	operand_parser@0.820	vtable_slot:21:inherited
0x0073b874	FUN_0073b874	operand_parser__vslot_022	virtual_method	empty	0x00b0c328	operand_parser	0.820	operand_parser@0.820	vtable_slot:22:inherited
0x00742622	FUN_00742622	operand_parser__vslot_006	virtual_method	empty	0x00b0c328	operand_parser	0.820	operand_parser@0.820;immediate_implicit@0.820;register_range@0.820;register_set@0.820	vtable_slot:6:inherited
0x0074281b	FUN_0074281b	operand_parser__vslot_009	virtual_method	empty	0x00b0c328	operand_parser	0.820	operand_parser@0.820;register_range@0.820;register_set@0.820;textset@0.820	vtable_slot:9:inherited
0x00746f50	FUN_00746f50	Exp__vslot_002	virtual_method	Val	0x00b0c89c	Exp	0.820	Num@0.820;Unk@0.820;Bot@0.820;Mem@0.820	vtable_slot:2:inherited
0x00746f73	FUN_00746f73	Exp__vslot_003	virtual_method	Val	0x00b0c89c	Exp	0.820	Num@0.820;Unk@0.820;Bot@0.820;Mem@0.820	vtable_slot:3:inherited
0x00746f96	FUN_00746f96	Exp__vslot_004	virtual_method	Val	0x00b0c89c	Exp	0.820	Num@0.820;Unk@0.820;Bot@0.820;Mem@0.820	vtable_slot:4:inherited
0x00746fb9	FUN_00746fb9	Exp__vslot_005	virtual_method	Val	0x00b0c89c	Exp	0.820	Num@0.820;Unk@0.820;Bot@0.820;Mem@0.820	vtable_slot:5:inherited
0x00746fdc	FUN_00746fdc	Exp__vslot_006	virtual_method	Val	0x00b0c89c	Exp	0.820	Num@0.820;Unk@0.820;Bot@0.820;Mem@0.820	vtable_slot:6:inherited
0x00747246	FUN_00747246	Exp__vslot_014	virtual_method	Alu	0x00b0c8ec	Exp	0.820	Bop@0.820;Ncm@0.820;Uop@0.820;Exp@0.820	vtable_slot:14:inherited
0x0074724f	FUN_0074724f	Exp__vslot_015	virtual_method	Val	0x00b0c89c	Exp	0.820	Num@0.820;Unk@0.820;Bot@0.820;Mem@0.820	vtable_slot:15:inherited
0x00747258	FUN_00747258	Exp__vslot_016	virtual_method	Val	0x00b0c89c	Exp	0.820	Unk@0.820;Bot@0.820;Mem@0.820;Alu@0.820	vtable_slot:16:inherited
0x00747261	FUN_00747261	Exp__vslot_017	virtual_method	Val	0x00b0c89c	Exp	0.820	Num@0.820;Alu@0.820;Bop@0.820;Ncm@0.820	vtable_slot:17:inherited
0x0074726a	FUN_0074726a	Exp__vslot_018	virtual_method	Val	0x00b0c89c	Exp	0.820	Num@0.820;Unk@0.820;Mem@0.820;Alu@0.820	vtable_slot:18:inherited
0x00747273	FUN_00747273	Exp__vslot_019	virtual_method	Val	0x00b0c89c	Exp	0.820	Num@0.820;Unk@0.820;Bot@0.820;Alu@0.820	vtable_slot:19:inherited
0x0074727c	FUN_0074727c	Exp__vslot_020	virtual_method	Val	0x00b0c89c	Exp	0.820	Num@0.820;Unk@0.820;Bot@0.820;Mem@0.820	vtable_slot:20:inherited
0x00747285	FUN_00747285	Exp__vslot_021	virtual_method	Val	0x00b0c89c	Exp	0.820	Num@0.820;Unk@0.820;Bot@0.820;Mem@0.820	vtable_slot:21:inherited
0x0074728e	FUN_0074728e	Exp__vslot_022	virtual_method	Val	0x00b0c89c	Exp	0.820	Num@0.820;Unk@0.820;Bot@0.820;Mem@0.820	vtable_slot:22:inherited
0x00747297	FUN_00747297	Exp__vslot_023	virtual_method	Val	0x00b0c89c	Exp	0.820	Num@0.820;Unk@0.820;Bot@0.820;Mem@0.820	vtable_slot:23:inherited
0x0074dae0	FUN_0074dae0	backend_dataflow__vslot_000	virtual_method	backend_dataflow	0x00b0e82c	backend_dataflow	0.820		vtable_slot:0:root_slot
0x0074dae5	FUN_0074dae5	backend_dataflow__vslot_002	virtual_method	backend_dataflow	0x00b0e82c	backend_dataflow	0.820		vtable_slot:2:root_slot
0x0074daea	FUN_0074daea	backend_dataflow__vslot_003	virtual_method	backend_dataflow	0x00b0e82c	backend_dataflow	0.820		vtable_slot:3:root_slot
0x0074daf3	FUN_0074daf3	backend_dataflow__vslot_004	virtual_method	backend_dataflow	0x00b0e82c	backend_dataflow	0.820		vtable_slot:4:root_slot
0x0074dafc	FUN_0074dafc	backend_dataflow__vslot_009	virtual_method	backend_dataflow	0x00b0e82c	backend_dataflow	0.820		vtable_slot:9:root_slot
0x0074db05	FUN_0074db05	backend_dataflow__vslot_011	virtual_method	backend_dataflow	0x00b0e82c	backend_dataflow	0.820		vtable_slot:11:root_slot
0x0074db19	FUN_0074db19	backend_dataflow__vslot_013	virtual_method	backend_dataflow	0x00b0e82c	backend_dataflow	0.820		vtable_slot:13:root_slot
0x0074db22	FUN_0074db22	backend_dataflow__vslot_014	virtual_method	backend_dataflow	0x00b0e82c	backend_dataflow	0.820		vtable_slot:14:root_slot
0x0074db2b	FUN_0074db2b	backend_dataflow__vslot_015	virtual_method	backend_dataflow	0x00b0e82c	backend_dataflow	0.820		vtable_slot:15:root_slot
0x0074db34	FUN_0074db34	backend_dataflow__vslot_016	virtual_method	backend_dataflow	0x00b0e82c	backend_dataflow	0.820		vtable_slot:16:root_slot
0x0074db43	FUN_0074db43	backend_dataflow__vslot_017	virtual_method	backend_dataflow	0x00b0e82c	backend_dataflow	0.820		vtable_slot:17:root_slot
0x0074db70	FUN_0074db70	backend_dataflow__vslot_018	virtual_method	backend_dataflow	0x00b0e82c	backend_dataflow	0.820		vtable_slot:18:root_slot
0x0074db7a	FUN_0074db7a	backend_dataflow__vslot_021	virtual_method	backend_dataflow	0x00b0e82c	backend_dataflow	0.820		vtable_slot:21:root_slot
0x0074db88	FUN_0074db88	backend_dataflow__vslot_023	virtual_method	backend_dataflow	0x00b0e82c	backend_dataflow	0.820		vtable_slot:23:root_slot
0x0074db91	FUN_0074db91	backend_dataflow__vslot_026	virtual_method	backend_dataflow	0x00b0e82c	backend_dataflow	0.820		vtable_slot:26:root_slot
0x0074dba6	FUN_0074dba6	backend_dataflow__vslot_027	virtual_method	backend_dataflow	0x00b0e82c	backend_dataflow	0.820		vtable_slot:27:root_slot
0x0076c5f7	FUN_0076c5f7	backend_dataflow__vslot_019	virtual_method	backend_dataflow	0x00b0e82c	backend_dataflow	0.820		vtable_slot:19:root_slot
0x0076c612	FUN_0076c612	backend_dataflow__vslot_020	virtual_method	backend_dataflow	0x00b0e82c	backend_dataflow	0.820		vtable_slot:20:root_slot
0x0076ce1e	FUN_0076ce1e	backend_dataflow__vslot_022	virtual_method	backend_dataflow	0x00b0e82c	backend_dataflow	0.820		vtable_slot:22:root_slot
0x0076fd2e	FUN_0076fd2e	backend_dataflow__vslot_012	virtual_method	backend_basetype	0x00afc4e0	backend_dataflow	0.820	backend_basetype2@0.820;backend_dataflow@0.820	vtable_slot:12:inherited
0x0076fd44	FUN_0076fd44	backend_dataflow__vslot_007	virtual_method	backend_basetype	0x00afc4e0	backend_dataflow	0.820	backend_basetype2@0.820;backend_dataflow@0.820	vtable_slot:7:inherited
0x0076fd8c	FUN_0076fd8c	backend_dataflow__vslot_005	virtual_method	backend_basetype	0x00afc4e0	backend_dataflow	0.820	backend_basetype2@0.820;backend_dataflow@0.820	vtable_slot:5:inherited
0x0076fdcf	FUN_0076fdcf	backend_dataflow__vslot_001	virtual_method	backend_t	0x00abfe94	backend_dataflow	0.820	backend_basetype@0.820;backend_basetype2@0.820;backend_dataflow@0.820	vtable_slot:1:inherited
0x007700a6	FUN_007700a6	backend_dataflow__vslot_010	virtual_method	backend_t	0x00abfe94	backend_dataflow	0.820	backend_basetype@0.820;backend_basetype2@0.820;backend_dataflow@0.820	vtable_slot:10:inherited
0x007808d0	FUN_007808d0	ScavengingFixup__vslot_002	virtual_method	ScavengingFixup	0x00b0edf0	ScavengingFixup	0.820		vtable_slot:2:root_slot
0x007808d9	FUN_007808d9	ScavengingFixup__vslot_003	virtual_method	ScavengingFixup	0x00b0edf0	ScavengingFixup	0.820		vtable_slot:3:root_slot
0x007808e2	FUN_007808e2	ScavengingFixup__vslot_004	virtual_method	ScavengingFixup	0x00b0edf0	ScavengingFixup	0.820		vtable_slot:4:root_slot
0x007808f2	FUN_007808f2	ScavengingFixup__vslot_005	virtual_method	ScavengingFixup	0x00b0edf0	ScavengingFixup	0.820		vtable_slot:5:root_slot
0x00780902	FUN_00780902	ScavengingFixup__vslot_006	virtual_method	ScavengingFixup	0x00b0edf0	ScavengingFixup	0.820		vtable_slot:6:root_slot
0x0078090b	FUN_0078090b	ScavengingFixup__vslot_007	virtual_method	ScavengingFixup	0x00b0edf0	ScavengingFixup	0.820		vtable_slot:7:root_slot
0x00780914	FUN_00780914	ScavengingFixup__vslot_010	virtual_method	ScavengingFixup	0x00b0edf0	ScavengingFixup	0.820		vtable_slot:10:root_slot
0x00780a92	FUN_00780a92	ScavengingFixup__vslot_000	virtual_method	ScavengingFixup	0x00b0edf0	ScavengingFixup	0.820		vtable_slot:0:root_slot
0x00785910	FUN_00785910	std_exception__vslot_000	virtual_method	std::exception	0x00b0f1ec	std::exception	0.820		vtable_slot:0:root_slot
0x00785937	FUN_00785937	std_exception__vslot_001	virtual_method	std::exception	0x00b0f1ec	std::exception	0.820	std::bad_alloc@0.820	vtable_slot:1:root_slot
0x00785943	FUN_00785943	std_exception__vslot_002	virtual_method	std::exception	0x00b0f1ec	std::exception	0.820		vtable_slot:2:root_slot
0x00787800	FUN_00787800	std_exception__vslot_000	virtual_method	std::exception	0x00b0f5dc	std::exception	0.820		vtable_slot:0:root_slot
0x00787827	FUN_00787827	std_exception__vslot_001	virtual_method	std::exception	0x00b0f5dc	std::exception	0.820	std::bad_alloc@0.820	vtable_slot:1:root_slot
0x00787833	FUN_00787833	std_exception__vslot_002	virtual_method	std::exception	0x00b0f5dc	std::exception	0.820		vtable_slot:2:root_slot
0x007918c0	FUN_007918c0	std_exception__vslot_000	virtual_method	std::exception	0x00b10f10	std::exception	0.820		vtable_slot:0:root_slot
0x007918e7	FUN_007918e7	std_exception__vslot_001	virtual_method	std::exception	0x00b10f10	std::exception	0.820	std::bad_alloc@0.820	vtable_slot:1:root_slot
0x007918f3	FUN_007918f3	std_exception__vslot_002	virtual_method	std::exception	0x00b10f10	std::exception	0.820		vtable_slot:2:root_slot
0x00795c8c	FUN_00795c8c	Disassembler__vslot_001	virtual_method	Disassembler	0x00b1155c	Disassembler	0.820		vtable_slot:1:root_slot
0x00795c95	FUN_00795c95	Disassembler__vslot_002	virtual_method	Disassembler	0x00b1155c	Disassembler	0.820		vtable_slot:2:root_slot
0x00795ca2	FUN_00795ca2	Disassembler__vslot_003	virtual_method	Disassembler	0x00b1155c	Disassembler	0.820		vtable_slot:3:root_slot
0x00795cc3	FUN_00795cc3	Disassembler__vslot_004	virtual_method	Disassembler	0x00b1155c	Disassembler	0.820		vtable_slot:4:root_slot
0x00795ccd	FUN_00795ccd	Disassembler__vslot_005	virtual_method	Disassembler	0x00b1155c	Disassembler	0.820		vtable_slot:5:root_slot
0x00795cec	FUN_00795cec	Disassembler__vslot_010	virtual_method	Disassembler	0x00b1155c	Disassembler	0.820		vtable_slot:10:root_slot
0x00795cf6	FUN_00795cf6	Disassembler__vslot_011	virtual_method	Disassembler	0x00b1155c	Disassembler	0.820		vtable_slot:11:root_slot
0x00795d00	FUN_00795d00	Disassembler__vslot_013	virtual_method	Disassembler	0x00b1155c	Disassembler	0.820		vtable_slot:13:root_slot
0x00795d0c	FUN_00795d0c	Disassembler__vslot_015	virtual_method	Disassembler	0x00b1155c	Disassembler	0.820		vtable_slot:15:root_slot
0x00795d15	FUN_00795d15	Disassembler__vslot_016	virtual_method	Disassembler	0x00b1155c	Disassembler	0.820		vtable_slot:16:root_slot
0x00795d2b	FUN_00795d2b	Disassembler__vslot_017	virtual_method	Disassembler	0x00b1155c	Disassembler	0.820		vtable_slot:17:root_slot
0x00796e31	FUN_00796e31	Disassembler__vslot_000	virtual_method	Disassembler	0x00b1155c	Disassembler	0.820		vtable_slot:0:root_slot
0x00796ef1	FUN_00796ef1	Disassembler__vslot_012	virtual_method	Disassembler	0x00b1155c	Disassembler	0.820		vtable_slot:12:root_slot
0x007972fd	FUN_007972fd	Disassembler__vslot_014	virtual_method	Disassembler	0x00b1155c	Disassembler	0.820		vtable_slot:14:root_slot
0x00798d6d	FUN_00798d6d	Disassembler__vslot_007	virtual_method	Disassembler	0x00b1155c	Disassembler	0.820		vtable_slot:7:root_slot
0x0079ab66	FUN_0079ab66	Disassembler__vslot_009	virtual_method	Disassembler	0x00b1155c	Disassembler	0.820		vtable_slot:9:root_slot
0x0079b5b0	FUN_0079b5b0	operand_parser__vslot_013	virtual_method	empty	0x00b0c328	operand_parser	0.820	operand_parser@0.820;immediate_implicit@0.820;register_range@0.820;register_set@0.820	vtable_slot:13:inherited
0x0079ca40	FUN_0079ca40	std_exception__vslot_000	virtual_method	std::exception	0x00b11aa8	std::exception	0.820		vtable_slot:0:root_slot
0x0079ca67	FUN_0079ca67	std_exception__vslot_001	virtual_method	std::exception	0x00b11aa8	std::exception	0.820	std::bad_alloc@0.820	vtable_slot:1:root_slot
0x0079ca73	FUN_0079ca73	std_exception__vslot_002	virtual_method	std::exception	0x00b11aa8	std::exception	0.820		vtable_slot:2:root_slot
0x0079d717	FUN_0079d717	IndInst_instop__vslot_000	virtual_method	IndInst::instop	0x00b11f18	IndInst::instop	0.820		vtable_slot:0:root_slot
0x0079d917	FUN_0079d917	IndInst_instop__vslot_002	virtual_method	IndInst::instop	0x00b11f18	IndInst::instop	0.820	IndInst::instopreg@0.361;IndInst::instopimm@0.361;IndInst::instopcomp@0.361;IndInst::instopreglist@0.361	vtable_slot:2:root_slot
0x0079ea10	FUN_0079ea10	std_exception__vslot_000	virtual_method	std::exception	0x00b12008	std::exception	0.820		vtable_slot:0:root_slot
0x0079ea37	FUN_0079ea37	std_exception__vslot_001	virtual_method	std::exception	0x00b12008	std::exception	0.820	std::bad_alloc@0.820	vtable_slot:1:root_slot
0x0079ea43	FUN_0079ea43	std_exception__vslot_002	virtual_method	std::exception	0x00b12008	std::exception	0.820		vtable_slot:2:root_slot
0x0079f959	FUN_0079f959	IndInst_IndInstInterface__vslot_000	virtual_method	IndInst::IndInstInterface	0x00b125a0	IndInst::IndInstInterface	0.820		vtable_slot:0:root_slot
0x0079f9bd	FUN_0079f9bd	IndInst_IndInstInterface__vslot_001	virtual_method	IndInst::IndInstInterface	0x00b125a0	IndInst::IndInstInterface	0.820		vtable_slot:1:root_slot
0x0079fa60	FUN_0079fa60	IndInst_IndInstInterface__vslot_002	virtual_method	IndInst::IndInstInterface	0x00b125a0	IndInst::IndInstInterface	0.820		vtable_slot:2:root_slot
0x0079fdcc	FUN_0079fdcc	IndInst_IndInstInterface__vslot_003	virtual_method	IndInst::IndInstInterface	0x00b125a0	IndInst::IndInstInterface	0.820		vtable_slot:3:root_slot
0x007a023e	FUN_007a023e	IndInst_IndInstInterface__vslot_004	virtual_method	IndInst::IndInstInterface	0x00b125a0	IndInst::IndInstInterface	0.820		vtable_slot:4:root_slot
0x007a044d	FUN_007a044d	IndInst_IndInstInterface__vslot_005	virtual_method	IndInst::IndInstInterface	0x00b125a0	IndInst::IndInstInterface	0.820	std::length_error@0.484;std::exception@0.424;std::logic_error@0.418	vtable_slot:5:root_slot
0x007a0ddc	FUN_007a0ddc	OutputGen__vslot_001	virtual_method	OutputGen	0x00b12800	OutputGen	0.820		vtable_slot:1:root_slot
0x007a0e16	FUN_007a0e16	OutputGen__vslot_002	virtual_method	OutputGen	0x00b12800	OutputGen	0.820	BufferOutputGen@0.820;DebugOutputGen@0.820;SimpleOutputGen@0.361	vtable_slot:2:root_slot
0x007a0e54	FUN_007a0e54	OutputGen__vslot_003	virtual_method	OutputGen	0x00b12800	OutputGen	0.820	SimpleOutputGen@0.820;FileOutputGen@0.820;BufferOutputGen@0.820;DebugOutputGen@0.820	vtable_slot:3:root_slot
0x007a1610	FUN_007a1610	std_exception__vslot_000	virtual_method	std::exception	0x00b12cf4	std::exception	0.820		vtable_slot:0:root_slot
0x007a1637	FUN_007a1637	std_exception__vslot_001	virtual_method	std::exception	0x00b12cf4	std::exception	0.820	std::bad_alloc@0.820	vtable_slot:1:root_slot
0x007a1643	FUN_007a1643	std_exception__vslot_002	virtual_method	std::exception	0x00b12cf4	std::exception	0.820		vtable_slot:2:root_slot
0x00a91fa0	FUN_00a91fa0	std_exception__vslot_000	virtual_method	std::exception	0x00bd48a0	std::exception	0.820		vtable_slot:0:root_slot
0x00a91fc6	FUN_00a91fc6	std_exception__vslot_001	virtual_method	std::exception	0x00bd48a0	std::exception	0.820	std::bad_alloc@0.820	vtable_slot:1:root_slot
0x00a9284f	FUN_00a9284f	std_exception__vslot_002	virtual_method	std::exception	0x00bd48a0	std::exception	0.820		vtable_slot:2:root_slot
0x00526df0	FUN_00526df0	objectdata__constructor_or_type_switch	constructor_or_type_switch	objectdata	0x00ace1d0	objectdata	0.689	objectdata_rouconstr@0.689;objectdata_variable@0.689;objectdata_twoop@0.253;objectdata_arrayop@0.253	called_by:0x00526df0;calls:0x004aad62;calls:0x00526df0;vtable_store:constructor_or_type_switch
0x005fc5a6	FUN_005fc5a6	AliasAnalyzer__constructor_or_type_switch	constructor_or_type_switch	AliasAnalyzer	0x00aff0cc	AliasAnalyzer	0.685	InterblockDf@0.680;TimeAccurateAliasAnalyzer@0.680;CopyPropDf@0.680	calls:0x005f7add;vtable_store:constructor_or_type_switch
0x005f6efe	FUN_005f6efe	AliasAnalyzer__constructor_or_type_switch	constructor_or_type_switch	AliasAnalyzer	0x00aff0cc	AliasAnalyzer	0.684	InterblockDf@0.680;FCEReachingWriteDf@0.680	called_by:0x005f7add;vtable_store:constructor_or_type_switch
0x0066a370	FUN_0066a370	vn_advisor_consol__constructor_or_type_switch	constructor_or_type_switch	vn_advisor_consol	0x00b05b34	vn_advisor	0.680	vn_advisor_consoladd@0.680;vn_advisor_consolshift@0.680	vtable_store:constructor_or_type_switch
0x00779d93	FUN_00779d93	IndDataFlow__constructor_or_type_switch	constructor_or_type_switch	IndDataFlow	0x00b0e83c	InterblockDf	0.680	InterblockDf@0.680;VNFwdDataFlow@0.680	vtable_store:constructor_or_type_switch
0x0079e60a	FUN_0079e60a	DebugOutputGen__related_0079e60a	callgraph_affinity	DebugOutputGen	0x00b12840	OutputGen	0.529	OutputGen@0.418	2hop_calls:0x0079e60a;calls:0x007a1141;calls:0x007a1191
0x007a0b02	FUN_007a0b02	DebugOutputGen__related_007a0b02	callgraph_affinity	DebugOutputGen	0x00b12840	OutputGen	0.529	OutputGen@0.418	2hop_calls:0x0079e60a;calls:0x007a1141;calls:0x007a1191
0x00610f9f	FUN_00610f9f	ConstChecker__related_00610f9f	callgraph_affinity	ConstChecker	0x00b016a0	Checker	0.528	objectdata_twoop@0.334;objectdata@0.289	2hop_calls:0x00610f9f;calls:0x00606087
0x005fb781	FUN_005fb781	AliasAnalyzer__related_005fb781	callgraph_affinity	AliasAnalyzer	0x00aff0cc	AliasAnalyzer	0.526		calls:0x005f8f9f;calls:0x005faf93
0x005e7582	FUN_005e7582	AliasAnalyzer__related_005e7582	callgraph_affinity	AliasAnalyzer	0x00aff0cc	AliasAnalyzer	0.522		called_by:0x005e7ea4;calls:0x005cf1dd
0x00701471	FUN_00701471	AddMachopVisitor__related_00701471	callgraph_affinity	AddMachopVisitor	0x00b09af8	MachopVisitor	0.522		calls:0x007013f2
0x0048afa0	FUN_0048afa0	g4_resource_scheduler__related_0048afa0	callgraph_affinity	g4_resource_scheduler	0x00ac5960	list_scheduler	0.512	ppc970_resource_scheduler@0.512;ame_resource_scheduler@0.512	calls:0x00486b99
0x005d6e5b	FUN_005d6e5b	AliasAnalyzer__related_005d6e5b	callgraph_affinity	AliasAnalyzer	0x00aff0cc	AliasAnalyzer	0.512		calls:0x005d6287
0x005fc02a	FUN_005fc02a	AliasAnalyzer__related_005fc02a	callgraph_affinity	AliasAnalyzer	0x00aff0cc	AliasAnalyzer	0.512	CopyPropDf@0.361	calls:0x005cf1dd
0x0074585f	FUN_0074585f	Disassembler__related_0074585f	callgraph_affinity	Disassembler	0x00b1155c	Disassembler	0.512		calls:0x00796899
0x007961e3	FUN_007961e3	std_length_error__related_007961e3	callgraph_affinity	std::length_error	0x00b10f40	std::exception	0.504	std::exception@0.435;std::logic_error@0.430	2hop_calls:0x007951dd;2hop_calls:0x007961e3;calls:0x0079431f;calls:0x007955a0
0x0078b45a	FUN_0078b45a	std_length_error__related_0078b45a	callgraph_affinity	std::length_error	0x00b0f60c	std::exception	0.501	std::exception@0.435;std::logic_error@0.430;register_set@0.353	2hop_calls:0x007882f7;calls:0x00789ad0;calls:0x0078a272
0x00a92393	FUN_00a92393	std_out_of_range__related_00a92393	callgraph_affinity	std::out_of_range	0x00bd48e0	std::exception	0.498	std::length_error@0.498;std::logic_error@0.442	2hop_calls:0x00a920cd;called_by:0x00a9214f;calls:0x00a9214f
0x00408b78	FUN_00408b78	std_out_of_range__related_00408b78	callgraph_affinity	std::out_of_range	0x00abf2a0	std::exception	0.494	std::overflow_error@0.484;std::exception@0.437;std::logic_error@0.427;std::runtime_error@0.418	called_by:0x00422ff4;calls:0x004059d8
0x00a920cd	FUN_00a920cd	std_out_of_range__related_00a920cd	callgraph_affinity	std::out_of_range	0x00bd48e0	std::exception	0.494	std::logic_error@0.434;std::length_error@0.339	called_by:0x00a9214f;calls:0x00a9214f
0x005ee305	FUN_005ee305	objectdata_twoop__related_005ee305	callgraph_affinity	objectdata_twoop	0x00ace1e0	objectdata	0.493	objectdata@0.418	2hop_calls:0x005ee305;2hop_calls:0x005ee4b2;calls:0x005edb5b
0x005ee4b2	FUN_005ee4b2	objectdata_twoop__related_005ee4b2	callgraph_affinity	objectdata_twoop	0x00ace1e0	objectdata	0.493	objectdata@0.418	2hop_calls:0x005ee305;2hop_calls:0x005ee4b2;calls:0x005edb5b
0x00749880	FUN_00749880	Bot__related_00749880	callgraph_affinity	Bot	0x00b0c8cc	Exp	0.493	Val@0.418;Unk@0.418;Exp@0.418	2hop_calls:0x00748e92;2hop_calls:0x00748f80;calls:0x00748b94
0x007a1dc9	FUN_007a1dc9	std_out_of_range__related_007a1dc9	callgraph_affinity	std::out_of_range	0x00bd48e0	std::exception	0.493	std::length_error@0.493;std::logic_error@0.430	2hop_calls:0x007a16fb;2hop_calls:0x007a1b5c;calls:0x00a9214f
0x009c94b7	FUN_009c94b7	std_out_of_range__related_009c94b7	callgraph_affinity	std::out_of_range	0x00bd48e0	std::exception	0.493	std::length_error@0.493;std::logic_error@0.430	2hop_calls:0x009c8505;2hop_calls:0x009c8966;calls:0x00a9214f
0x009c9b64	FUN_009c9b64	std_out_of_range__related_009c9b64	callgraph_affinity	std::out_of_range	0x00bd48e0	std::exception	0.493	std::length_error@0.493;std::logic_error@0.430	2hop_calls:0x009c8505;2hop_calls:0x009c8966;calls:0x00a9214f
0x009ca239	FUN_009ca239	std_out_of_range__related_009ca239	callgraph_affinity	std::out_of_range	0x00bd48e0	std::exception	0.493	std::length_error@0.493;std::logic_error@0.430	2hop_calls:0x009c8505;2hop_calls:0x009c8966;calls:0x00a9214f
0x009cac19	FUN_009cac19	std_out_of_range__related_009cac19	callgraph_affinity	std::out_of_range	0x00bd48e0	std::exception	0.493	std::length_error@0.493;std::logic_error@0.430	2hop_calls:0x009c8505;2hop_calls:0x009c8966;calls:0x00a9214f
0x009cb038	FUN_009cb038	std_out_of_range__related_009cb038	callgraph_affinity	std::out_of_range	0x00bd48e0	std::exception	0.493	std::length_error@0.493;std::logic_error@0.430	2hop_calls:0x009c8505;2hop_calls:0x009c8966;calls:0x00a9214f
0x009cb463	FUN_009cb463	std_out_of_range__related_009cb463	callgraph_affinity	std::out_of_range	0x00bd48e0	std::exception	0.493	std::length_error@0.493;std::logic_error@0.430	2hop_calls:0x009c8505;2hop_calls:0x009c8966;calls:0x00a9214f
0x009cb882	FUN_009cb882	std_out_of_range__related_009cb882	callgraph_affinity	std::out_of_range	0x00bd48e0	std::exception	0.493	std::length_error@0.493;std::logic_error@0.430	2hop_calls:0x009c8505;2hop_calls:0x009c8966;calls:0x00a9214f
0x009cbcad	FUN_009cbcad	std_out_of_range__related_009cbcad	callgraph_affinity	std::out_of_range	0x00bd48e0	std::exception	0.493	std::length_error@0.493;std::logic_error@0.430	2hop_calls:0x009c8505;2hop_calls:0x009c8966;calls:0x00a9214f
0x009cc0d8	FUN_009cc0d8	std_out_of_range__related_009cc0d8	callgraph_affinity	std::out_of_range	0x00bd48e0	std::exception	0.493	std::length_error@0.493;std::logic_error@0.430	2hop_calls:0x009c8505;2hop_calls:0x009c8966;calls:0x00a9214f
0x009cc492	FUN_009cc492	std_out_of_range__related_009cc492	callgraph_affinity	std::out_of_range	0x00bd48e0	std::exception	0.493	std::length_error@0.493;std::logic_error@0.430	2hop_calls:0x009c8505;2hop_calls:0x009c8966;calls:0x00a9214f
0x009cc84c	FUN_009cc84c	std_out_of_range__related_009cc84c	callgraph_affinity	std::out_of_range	0x00bd48e0	std::exception	0.493	std::length_error@0.493;std::logic_error@0.430	2hop_calls:0x009c8505;2hop_calls:0x009c8966;calls:0x00a9214f
0x009ccc06	FUN_009ccc06	std_out_of_range__related_009ccc06	callgraph_affinity	std::out_of_range	0x00bd48e0	std::exception	0.493	std::length_error@0.493;std::logic_error@0.430	2hop_calls:0x009c8505;2hop_calls:0x009c8966;calls:0x00a9214f
0x009ccfc0	FUN_009ccfc0	std_out_of_range__related_009ccfc0	callgraph_affinity	std::out_of_range	0x00bd48e0	std::exception	0.493	std::length_error@0.493;std::logic_error@0.430	2hop_calls:0x009c8505;2hop_calls:0x009c8966;calls:0x00a9214f
0x009cd37a	FUN_009cd37a	std_out_of_range__related_009cd37a	callgraph_affinity	std::out_of_range	0x00bd48e0	std::exception	0.493	std::length_error@0.493;std::logic_error@0.430	2hop_calls:0x009c8505;2hop_calls:0x009c8966;calls:0x00a9214f
0x009cda06	FUN_009cda06	std_out_of_range__related_009cda06	callgraph_affinity	std::out_of_range	0x00bd48e0	std::exception	0.493	std::length_error@0.493;std::logic_error@0.430	2hop_calls:0x009c8505;2hop_calls:0x009c8966;calls:0x00a9214f
0x009ce0ac	FUN_009ce0ac	std_out_of_range__related_009ce0ac	callgraph_affinity	std::out_of_range	0x00bd48e0	std::exception	0.493	std::length_error@0.493;std::logic_error@0.430	2hop_calls:0x009c8505;2hop_calls:0x009c8966;calls:0x00a9214f
0x009ce755	FUN_009ce755	std_out_of_range__related_009ce755	callgraph_affinity	std::out_of_range	0x00bd48e0	std::exception	0.493	std::length_error@0.493;std::logic_error@0.430	2hop_calls:0x009c8505;2hop_calls:0x009c8966;calls:0x00a9214f
0x009cedfb	FUN_009cedfb	std_out_of_range__related_009cedfb	callgraph_affinity	std::out_of_range	0x00bd48e0	std::exception	0.493	std::length_error@0.493;std::logic_error@0.430	2hop_calls:0x009c8505;2hop_calls:0x009c8966;calls:0x00a9214f
0x009cf6a9	FUN_009cf6a9	std_out_of_range__related_009cf6a9	callgraph_affinity	std::out_of_range	0x00bd48e0	std::exception	0.493	std::length_error@0.493;std::logic_error@0.430	2hop_calls:0x009c8505;2hop_calls:0x009c8966;calls:0x00a9214f
0x009cf9ea	FUN_009cf9ea	std_out_of_range__related_009cf9ea	callgraph_affinity	std::out_of_range	0x00bd48e0	std::exception	0.493	std::length_error@0.493;std::logic_error@0.430	2hop_calls:0x009c8505;2hop_calls:0x009c8966;calls:0x00a9214f
0x009cfd2b	FUN_009cfd2b	std_out_of_range__related_009cfd2b	callgraph_affinity	std::out_of_range	0x00bd48e0	std::exception	0.493	std::length_error@0.493;std::logic_error@0.430	2hop_calls:0x009c8505;2hop_calls:0x009c8966;calls:0x00a9214f
0x009d006c	FUN_009d006c	std_out_of_range__related_009d006c	callgraph_affinity	std::out_of_range	0x00bd48e0	std::exception	0.493	std::length_error@0.493;std::logic_error@0.430	2hop_calls:0x009c8505;2hop_calls:0x009c8966;calls:0x00a9214f
0x009d03ad	FUN_009d03ad	std_out_of_range__related_009d03ad	callgraph_affinity	std::out_of_range	0x00bd48e0	std::exception	0.493	std::length_error@0.493;std::logic_error@0.430	2hop_calls:0x009c8505;2hop_calls:0x009c8966;calls:0x00a9214f
0x009dd96c	FUN_009dd96c	std_out_of_range__related_009dd96c	callgraph_affinity	std::out_of_range	0x00bd48e0	std::exception	0.493	std::length_error@0.493;std::logic_error@0.430	2hop_calls:0x009dcfcb;2hop_calls:0x009dd42c;calls:0x00a9214f
0x009de109	FUN_009de109	std_out_of_range__related_009de109	callgraph_affinity	std::out_of_range	0x00bd48e0	std::exception	0.493	std::length_error@0.493;std::logic_error@0.430	2hop_calls:0x009dcfcb;2hop_calls:0x009dd42c;calls:0x00a9214f
0x009de528	FUN_009de528	std_out_of_range__related_009de528	callgraph_affinity	std::out_of_range	0x00bd48e0	std::exception	0.493	std::length_error@0.493;std::logic_error@0.430	2hop_calls:0x009dcfcb;2hop_calls:0x009dd42c;calls:0x00a9214f
0x009de8e2	FUN_009de8e2	std_out_of_range__related_009de8e2	callgraph_affinity	std::out_of_range	0x00bd48e0	std::exception	0.493	std::length_error@0.493;std::logic_error@0.430	2hop_calls:0x009dcfcb;2hop_calls:0x009dd42c;calls:0x00a9214f
0x009defd6	FUN_009defd6	std_out_of_range__related_009defd6	callgraph_affinity	std::out_of_range	0x00bd48e0	std::exception	0.493	std::length_error@0.493;std::logic_error@0.430	2hop_calls:0x009dcfcb;2hop_calls:0x009dd42c;calls:0x00a9214f
0x009e37df	FUN_009e37df	std_out_of_range__related_009e37df	callgraph_affinity	std::out_of_range	0x00bd48e0	std::exception	0.493	std::length_error@0.493;std::logic_error@0.430	2hop_calls:0x009e23ab;2hop_calls:0x009e280c;calls:0x00a9214f
0x009e4056	FUN_009e4056	std_out_of_range__related_009e4056	callgraph_affinity	std::out_of_range	0x00bd48e0	std::exception	0.493	std::length_error@0.493;std::logic_error@0.430	2hop_calls:0x009e23ab;2hop_calls:0x009e280c;calls:0x00a9214f
0x009e48cd	FUN_009e48cd	std_out_of_range__related_009e48cd	callgraph_affinity	std::out_of_range	0x00bd48e0	std::exception	0.493	std::length_error@0.493;std::logic_error@0.430	2hop_calls:0x009e23ab;2hop_calls:0x009e280c;calls:0x00a9214f
0x009e5144	FUN_009e5144	std_out_of_range__related_009e5144	callgraph_affinity	std::out_of_range	0x00bd48e0	std::exception	0.493	std::length_error@0.493;std::logic_error@0.430	2hop_calls:0x009e23ab;2hop_calls:0x009e280c;calls:0x00a9214f
0x009ff9ea	FUN_009ff9ea	std_out_of_range__related_009ff9ea	callgraph_affinity	std::out_of_range	0x00bd48e0	std::exception	0.493	std::length_error@0.493;std::logic_error@0.430	2hop_calls:0x009fef49;2hop_calls:0x009ff3aa;calls:0x00a9214f
0x009ffe34	FUN_009ffe34	std_out_of_range__related_009ffe34	callgraph_affinity	std::out_of_range	0x00bd48e0	std::exception	0.493	std::length_error@0.493;std::logic_error@0.430	2hop_calls:0x009fef49;2hop_calls:0x009ff3aa;calls:0x00a9214f
0x00a001fc	FUN_00a001fc	std_out_of_range__related_00a001fc	callgraph_affinity	std::out_of_range	0x00bd48e0	std::exception	0.493	std::length_error@0.493;std::logic_error@0.430	2hop_calls:0x009fef49;2hop_calls:0x009ff3aa;calls:0x00a9214f
0x00a00b1e	FUN_00a00b1e	std_out_of_range__related_00a00b1e	callgraph_affinity	std::out_of_range	0x00bd48e0	std::exception	0.493	std::length_error@0.493;std::logic_error@0.430	2hop_calls:0x009fef49;2hop_calls:0x009ff3aa;calls:0x00a9214f
0x00a0202f	FUN_00a0202f	std_out_of_range__related_00a0202f	callgraph_affinity	std::out_of_range	0x00bd48e0	std::exception	0.493	std::length_error@0.493;std::logic_error@0.430	2hop_calls:0x00a018fb;2hop_calls:0x00a01d5c;calls:0x00a9214f
0x00a0244e	FUN_00a0244e	std_out_of_range__related_00a0244e	callgraph_affinity	std::out_of_range	0x00bd48e0	std::exception	0.493	std::length_error@0.493;std::logic_error@0.430	2hop_calls:0x00a018fb;2hop_calls:0x00a01d5c;calls:0x00a9214f
0x00a02808	FUN_00a02808	std_out_of_range__related_00a02808	callgraph_affinity	std::out_of_range	0x00bd48e0	std::exception	0.493	std::length_error@0.493;std::logic_error@0.430	2hop_calls:0x00a018fb;2hop_calls:0x00a01d5c;calls:0x00a9214f
0x00a02efc	FUN_00a02efc	std_out_of_range__related_00a02efc	callgraph_affinity	std::out_of_range	0x00bd48e0	std::exception	0.493	std::length_error@0.493;std::logic_error@0.430	2hop_calls:0x00a018fb;2hop_calls:0x00a01d5c;calls:0x00a9214f
0x00a044d8	FUN_00a044d8	std_out_of_range__related_00a044d8	callgraph_affinity	std::out_of_range	0x00bd48e0	std::exception	0.493	std::length_error@0.493;std::logic_error@0.430	2hop_calls:0x00a03c69;2hop_calls:0x00a040ca;calls:0x00a9214f
0x00a04903	FUN_00a04903	std_out_of_range__related_00a04903	callgraph_affinity	std::out_of_range	0x00bd48e0	std::exception	0.493	std::length_error@0.493;std::logic_error@0.430	2hop_calls:0x00a03c69;2hop_calls:0x00a040ca;calls:0x00a9214f
0x00a04cbd	FUN_00a04cbd	std_out_of_range__related_00a04cbd	callgraph_affinity	std::out_of_range	0x00bd48e0	std::exception	0.493	std::length_error@0.493;std::logic_error@0.430	2hop_calls:0x00a03c69;2hop_calls:0x00a040ca;calls:0x00a9214f
0x00a053f2	FUN_00a053f2	std_out_of_range__related_00a053f2	callgraph_affinity	std::out_of_range	0x00bd48e0	std::exception	0.493	std::length_error@0.493;std::logic_error@0.430	2hop_calls:0x00a03c69;2hop_calls:0x00a040ca;calls:0x00a9214f
0x00a067df	FUN_00a067df	std_out_of_range__related_00a067df	callgraph_affinity	std::out_of_range	0x00bd48e0	std::exception	0.493	std::length_error@0.493;std::logic_error@0.430	2hop_calls:0x00a060ab;2hop_calls:0x00a0650c;calls:0x00a9214f
0x00a06bfe	FUN_00a06bfe	std_out_of_range__related_00a06bfe	callgraph_affinity	std::out_of_range	0x00bd48e0	std::exception	0.493	std::length_error@0.493;std::logic_error@0.430	2hop_calls:0x00a060ab;2hop_calls:0x00a0650c;calls:0x00a9214f
0x00a06fb8	FUN_00a06fb8	std_out_of_range__related_00a06fb8	callgraph_affinity	std::out_of_range	0x00bd48e0	std::exception	0.493	std::length_error@0.493;std::logic_error@0.430	2hop_calls:0x00a060ab;2hop_calls:0x00a0650c;calls:0x00a9214f
0x00a076ac	FUN_00a076ac	std_out_of_range__related_00a076ac	callgraph_affinity	std::out_of_range	0x00bd48e0	std::exception	0.493	std::length_error@0.493;std::logic_error@0.430	2hop_calls:0x00a060ab;2hop_calls:0x00a0650c;calls:0x00a9214f
0x009962b7	FUN_009962b7	objectdata_call__related_009962b7	callgraph_affinity	objectdata_call	0x00ace270	objectdata	0.492	objectdata@0.426;objectdata_twoop@0.253;objectdata_arrayop@0.253;objectdata_vectorop@0.253	calls:0x004aad62;calls:0x00994ada
0x0040527b	FUN_0040527b	std_out_of_range__related_0040527b	callgraph_affinity	std::out_of_range	0x00bd48e0	std::exception	0.489	std::length_error@0.489;std::logic_error@0.430;backend_t@0.361;std::out_of_range@0.352	2hop_calls:0x004056dc;calls:0x00a9214f
0x00422e2d	FUN_00422e2d	std_out_of_range__related_00422e2d	callgraph_affinity	std::out_of_range	0x00abf2a0	std::exception	0.489	std::exception@0.418;std::logic_error@0.418	2hop_calls:0x00422e2d;calls:0x0042226d
0x00424f6b	FUN_00424f6b	std_out_of_range__related_00424f6b	callgraph_affinity	std::out_of_range	0x00bd48e0	std::exception	0.489	std::length_error@0.489;std::logic_error@0.430;std::out_of_range@0.334;std::overflow_error@0.334	2hop_calls:0x004253cc;calls:0x00a9214f
0x0043a74b	FUN_0043a74b	std_out_of_range__related_0043a74b	callgraph_affinity	std::out_of_range	0x00bd48e0	std::exception	0.489	std::length_error@0.489;std::logic_error@0.430;std::out_of_range@0.334;std::exception@0.295	2hop_calls:0x0043abac;calls:0x00a9214f
0x004e108a	FUN_004e108a	std_out_of_range__related_004e108a	callgraph_affinity	std::out_of_range	0x00bd48e0	std::exception	0.489	std::length_error@0.489;std::logic_error@0.430;std::out_of_range@0.334;std::overflow_error@0.334	2hop_calls:0x004e14eb;calls:0x00a9214f
0x00695aef	FUN_00695aef	std_out_of_range__related_00695aef	callgraph_affinity	std::out_of_range	0x00bd48e0	std::exception	0.489	std::length_error@0.489;std::logic_error@0.430;std::out_of_range@0.352;std::exception@0.309	2hop_calls:0x00695f50;calls:0x00a9214f
0x0071e55d	FUN_0071e55d	alloc_table_hash__related_0071e55d	callgraph_affinity	alloc_table_hash	0x00b0a5c8	alloc_table	0.489	alloc_table@0.418	2hop_calls:0x0071e772;calls:0x0071df17
0x00748f80	FUN_00748f80	Bot__related_00748f80	callgraph_affinity	Bot	0x00b0c8cc	Exp	0.489	Val@0.418;Unk@0.418;Exp@0.418	2hop_calls:0x00748e92;calls:0x00748b94
0x007496b3	FUN_007496b3	Bot__related_007496b3	callgraph_affinity	Bot	0x00b0c8cc	Exp	0.489	Num@0.484;Val@0.430;Exp@0.430;Unk@0.418	2hop_calls:0x00748e92;calls:0x00748b94
0x00749a83	FUN_00749a83	Bot__related_00749a83	callgraph_affinity	Bot	0x00b0c8cc	Exp	0.489	Val@0.418;Unk@0.418;Exp@0.418	2hop_calls:0x00748e92;calls:0x00748b94
0x00785a86	FUN_00785a86	std_out_of_range__related_00785a86	callgraph_affinity	std::out_of_range	0x00bd48e0	std::exception	0.489	std::length_error@0.489;std::logic_error@0.430;std::length_error@0.334;std::exception@0.295	2hop_calls:0x00785ee7;calls:0x00a9214f
0x00787c01	FUN_00787c01	std_out_of_range__related_00787c01	callgraph_affinity	std::out_of_range	0x00bd48e0	std::exception	0.489	std::length_error@0.489;std::logic_error@0.430;std::length_error@0.373;register_range@0.361	2hop_calls:0x00788062;calls:0x00a9214f
0x00791cde	FUN_00791cde	std_out_of_range__related_00791cde	callgraph_affinity	std::out_of_range	0x00bd48e0	std::exception	0.489	std::length_error@0.489;std::logic_error@0.430;std::length_error@0.373;std::out_of_range@0.352	2hop_calls:0x0079213f;calls:0x00a9214f
0x0079274e	FUN_0079274e	std_length_error__related_0079274e	callgraph_affinity	std::length_error	0x00b10f40	std::exception	0.489	std::exception@0.418;std::logic_error@0.418	2hop_calls:0x0079255a;calls:0x007932a3
0x00796a97	FUN_00796a97	std_length_error__related_00796a97	callgraph_affinity	std::length_error	0x00b10f40	std::exception	0.489	std::exception@0.438;std::logic_error@0.434;std::out_of_range@0.344;Disassembler@0.321	2hop_calls:0x007961e3;calls:0x007955a0
0x0079cd2a	FUN_0079cd2a	std_out_of_range__related_0079cd2a	callgraph_affinity	std::out_of_range	0x00bd48e0	std::exception	0.489	std::length_error@0.489;std::logic_error@0.430;std::length_error@0.334;std::exception@0.295	2hop_calls:0x0079d18b;calls:0x00a9214f
0x0079ee8e	FUN_0079ee8e	std_out_of_range__related_0079ee8e	callgraph_affinity	std::out_of_range	0x00bd48e0	std::exception	0.489	std::length_error@0.489;std::logic_error@0.430;std::length_error@0.334;std::exception@0.295	2hop_calls:0x0079f2ef;calls:0x00a9214f
0x007a16fb	FUN_007a16fb	std_out_of_range__related_007a16fb	callgraph_affinity	std::out_of_range	0x00bd48e0	std::exception	0.489	std::length_error@0.489;std::logic_error@0.430	2hop_calls:0x007a1b5c;calls:0x00a9214f
0x009c8505	FUN_009c8505	std_out_of_range__related_009c8505	callgraph_affinity	std::out_of_range	0x00bd48e0	std::exception	0.489	std::length_error@0.489;std::logic_error@0.430	2hop_calls:0x009c8966;calls:0x00a9214f
0x009dcfcb	FUN_009dcfcb	std_out_of_range__related_009dcfcb	callgraph_affinity	std::out_of_range	0x00bd48e0	std::exception	0.489	std::length_error@0.489;std::logic_error@0.430	2hop_calls:0x009dd42c;calls:0x00a9214f
0x009e23ab	FUN_009e23ab	std_out_of_range__related_009e23ab	callgraph_affinity	std::out_of_range	0x00bd48e0	std::exception	0.489	std::length_error@0.489;std::logic_error@0.430	2hop_calls:0x009e280c;calls:0x00a9214f
0x009fef49	FUN_009fef49	std_out_of_range__related_009fef49	callgraph_affinity	std::out_of_range	0x00bd48e0	std::exception	0.489	std::length_error@0.489;std::logic_error@0.430	2hop_calls:0x009ff3aa;calls:0x00a9214f
0x00a018fb	FUN_00a018fb	std_out_of_range__related_00a018fb	callgraph_affinity	std::out_of_range	0x00bd48e0	std::exception	0.489	std::length_error@0.489;std::logic_error@0.430	2hop_calls:0x00a01d5c;calls:0x00a9214f
0x00a03c69	FUN_00a03c69	std_out_of_range__related_00a03c69	callgraph_affinity	std::out_of_range	0x00bd48e0	std::exception	0.489	std::length_error@0.489;std::logic_error@0.430	2hop_calls:0x00a040ca;calls:0x00a9214f
0x00a060ab	FUN_00a060ab	std_out_of_range__related_00a060ab	callgraph_affinity	std::out_of_range	0x00bd48e0	std::exception	0.489	std::length_error@0.489;std::logic_error@0.430	2hop_calls:0x00a0650c;calls:0x00a9214f
0x004056dc	FUN_004056dc	std_out_of_range__related_004056dc	callgraph_affinity	std::out_of_range	0x00bd48e0	std::exception	0.484	std::logic_error@0.418;backend_t@0.361;std::out_of_range@0.352;std::overflow_error@0.334	calls:0x00a9214f
0x004253cc	FUN_004253cc	std_out_of_range__related_004253cc	callgraph_affinity	std::out_of_range	0x00bd48e0	std::exception	0.484	std::logic_error@0.418;std::out_of_range@0.334;std::overflow_error@0.334;std::exception@0.298	calls:0x00a9214f
0x00427c61	FUN_00427c61	std_out_of_range__related_00427c61	callgraph_affinity	std::out_of_range	0x00abffc8	std::exception	0.484	std::overflow_error@0.484;std::exception@0.430;std::logic_error@0.418;std::runtime_error@0.418	calls:0x004256c8
0x0043abac	FUN_0043abac	std_out_of_range__related_0043abac	callgraph_affinity	std::out_of_range	0x00bd48e0	std::exception	0.484	std::logic_error@0.418;std::out_of_range@0.334;std::exception@0.289;std::logic_error@0.289	calls:0x00a9214f
0x00445104	FUN_00445104	std_out_of_range__related_00445104	callgraph_affinity	std::out_of_range	0x00ac0a48	std::exception	0.484	std::exception@0.418;std::logic_error@0.418	calls:0x0043adf7
0x004e14eb	FUN_004e14eb	std_out_of_range__related_004e14eb	callgraph_affinity	std::out_of_range	0x00bd48e0	std::exception	0.484	std::logic_error@0.418;std::out_of_range@0.334;std::overflow_error@0.334;std::exception@0.298	calls:0x00a9214f
0x004e690a	FUN_004e690a	SimpleOutputGen__related_004e690a	callgraph_affinity	SimpleOutputGen	0x00b12810	OutputGen	0.484	OutputGen@0.418	calls:0x004e68cd
0x004e9a82	FUN_004e9a82	std_out_of_range__related_004e9a82	callgraph_affinity	std::out_of_range	0x00ace658	std::exception	0.484	std::overflow_error@0.484;std::exception@0.430;std::logic_error@0.418;std::runtime_error@0.418	calls:0x004e17e7
0x004f3f3b	FUN_004f3f3b	objectdata_rouconstr__related_004f3f3b	callgraph_affinity	objectdata_rouconstr	0x00ace280	objectdata	0.484	objectdata@0.418	calls:0x004f31ef
0x0053aaad	FUN_0053aaad	objectdata_twoop__related_0053aaad	callgraph_affinity	objectdata_twoop	0x00ace1e0	objectdata	0.484	objectdata@0.418	calls:0x005592d9
0x0053e41a	FUN_0053e41a	objectdata_twoop__related_0053e41a	callgraph_affinity	objectdata_twoop	0x00ace1e0	objectdata	0.484	objectdata@0.418	calls:0x005592d9
0x005d74bc	FUN_005d74bc	objectdata_twoop__related_005d74bc	callgraph_affinity	objectdata_twoop	0x00ace1e0	objectdata	0.484	objectdata@0.418	calls:0x005d5e5e
0x005e6f4f	FUN_005e6f4f	TimeAccurateAliasAnalyzer__related_005e6f4f	callgraph_affinity	TimeAccurateAliasAnalyzer	0x00aff0dc	AliasAnalyzer	0.484	AliasAnalyzer@0.418;InterblockDf@0.253;DownSafetyDf@0.253;UpSafetyDf@0.253	calls:0x005d87cb
0x005efe4f	FUN_005efe4f	objectdata_twoop__related_005efe4f	callgraph_affinity	objectdata_twoop	0x00ace1e0	objectdata	0.484	objectdata@0.418	calls:0x005ef811
0x006148b9	FUN_006148b9	objectdata_twoop__related_006148b9	callgraph_affinity	objectdata_twoop	0x00ace1e0	objectdata	0.484	objectdata@0.418;CheckerFlow@0.361	calls:0x006137ae
0x0061abdd	FUN_0061abdd	NoReturnChecker__related_0061abdd	callgraph_affinity	NoReturnChecker	0x00b01790	Checker	0.484	Checker@0.418;CheckerIntStateAll@0.418;CheckerIntState@0.418	calls:0x00618c72
0x00646280	FUN_00646280	NoReturnChecker__related_00646280	callgraph_affinity	NoReturnChecker	0x00b01790	Checker	0.484	Checker@0.418;CheckerIntStateAll@0.418;CheckerIntState@0.418;objectdata@0.374	calls:0x00618c72
0x00646483	FUN_00646483	NoReturnChecker__related_00646483	callgraph_affinity	NoReturnChecker	0x00b01790	Checker	0.484	Checker@0.418;CheckerIntStateAll@0.418;CheckerIntState@0.418;objectdata@0.374	calls:0x00618c72
0x0064e51d	FUN_0064e51d	TimeAccurateAliasAnalyzer__related_0064e51d	callgraph_affinity	TimeAccurateAliasAnalyzer	0x00aff0dc	AliasAnalyzer	0.484	AliasAnalyzer@0.418	calls:0x005f4329
0x00695f50	FUN_00695f50	std_out_of_range__related_00695f50	callgraph_affinity	std::out_of_range	0x00bd48e0	std::exception	0.484	std::logic_error@0.418;std::out_of_range@0.352;std::exception@0.305;std::logic_error@0.305	calls:0x00a9214f
0x0069f3b6	FUN_0069f3b6	std_out_of_range__related_0069f3b6	callgraph_affinity	std::out_of_range	0x00b06c9c	std::exception	0.484	std::exception@0.418;std::logic_error@0.418	calls:0x0069619b
0x006a44f8	FUN_006a44f8	SimpleOutputGen__related_006a44f8	callgraph_affinity	SimpleOutputGen	0x00b12810	OutputGen	0.484	OutputGen@0.418	calls:0x004e68cd
0x006a9289	FUN_006a9289	SimpleOutputGen__related_006a9289	callgraph_affinity	SimpleOutputGen	0x00b12810	OutputGen	0.484	OutputGen@0.418	calls:0x004e68cd
0x006ac548	FUN_006ac548	Split64TestVisitor__related_006ac548	callgraph_affinity	Split64TestVisitor	0x00b06c5c	MachopVisitor	0.484	MachopVisitor@0.418	calls:0x006ac354
0x006ac7de	FUN_006ac7de	Split64DoVisitor__related_006ac7de	callgraph_affinity	Split64DoVisitor	0x00b07ef0	MachopVisitor	0.484	MachopVisitor@0.418	calls:0x006ac5cd
0x006d7f51	FUN_006d7f51	MachopImmpropClearer__related_006d7f51	callgraph_affinity	MachopImmpropClearer	0x00b080c0	MachopVisitor	0.484	MachopVisitor@0.418;RegReNameBkwdDataFlow@0.370;IndDataFlow@0.361;VNFwdDataFlow@0.361	calls:0x006d7f2a
0x007012c7	FUN_007012c7	MachopChecker__related_007012c7	callgraph_affinity	MachopChecker	0x00b09ad8	MachopVisitor	0.484	MachopVisitor@0.418	calls:0x007006e7
0x0071e772	FUN_0071e772	alloc_table_hash__related_0071e772	callgraph_affinity	alloc_table_hash	0x00b0a5c8	alloc_table	0.484	alloc_table_btree@0.484;alloc_table_bcl@0.484;alloc_table@0.439	calls:0x0071df17
0x0071e867	FUN_0071e867	alloc_table_hash__related_0071e867	callgraph_affinity	alloc_table_hash	0x00b0a5c8	alloc_table	0.484	alloc_table_btree@0.484;alloc_table_bcl@0.484;alloc_table@0.439	calls:0x0071df17
0x0071fa9b	FUN_0071fa9b	alloc_table_hash__related_0071fa9b	callgraph_affinity	alloc_table_hash	0x00b0a5c8	alloc_table	0.484	alloc_table@0.418	calls:0x0071df17
0x00748e92	FUN_00748e92	Bot__related_00748e92	callgraph_affinity	Bot	0x00b0c8cc	Exp	0.484	Val@0.427;Exp@0.427;Unk@0.418;Num@0.334	calls:0x00748b94
0x00748ff3	FUN_00748ff3	Mem__related_00748ff3	callgraph_affinity	Mem	0x00b0c8dc	Exp	0.484	Val@0.418;Unk@0.418;Exp@0.418	calls:0x00747f96
0x00749b8e	FUN_00749b8e	Num__related_00749b8e	callgraph_affinity	Num	0x00b0c8ac	Exp	0.484	Val@0.418;Exp@0.418	calls:0x0074959c
0x0074ad00	FUN_0074ad00	var_map_objectlist_var_map_iter__related_0074ad00	callgraph_affinity	var_map<objectlist>::var_map_iter	0x00b0d418	obj_iter	0.484	obj_iter@0.418;var_multimap_impl@0.361	calls:0x0074ab40
0x0074d02a	FUN_0074d02a	var_disjointsets_impl__related_0074d02a	callgraph_affinity	var_disjointsets_impl	0x00b0d428	var_disjointsets	0.484	var_disjointsets@0.418	calls:0x0074a8cd
0x0074d324	FUN_0074d324	objpairlist_searchiter__related_0074d324	callgraph_affinity	objpairlist_searchiter	0x00b0d8b8	obj_iter	0.484	obj_iter@0.418	calls:0x0074aeb0
0x0074d594	FUN_0074d594	var_multimap_impl__related_0074d594	callgraph_affinity	var_multimap_impl	0x00b0d408	var_multimap	0.484	var_multimap@0.418	calls:0x0074a948
0x00785ee7	FUN_00785ee7	std_out_of_range__related_00785ee7	callgraph_affinity	std::out_of_range	0x00bd48e0	std::exception	0.484	std::logic_error@0.418;std::length_error@0.334;std::exception@0.289;std::logic_error@0.289	calls:0x00a9214f
0x007875b6	FUN_007875b6	std_length_error__related_007875b6	callgraph_affinity	std::length_error	0x00b0f21c	std::exception	0.484	std::exception@0.424;std::logic_error@0.418	calls:0x00786132
0x00788062	FUN_00788062	std_out_of_range__related_00788062	callgraph_affinity	std::out_of_range	0x00bd48e0	std::exception	0.484	std::logic_error@0.418;std::length_error@0.373;register_range@0.361;register_set@0.361	calls:0x00a9214f
0x007882f7	FUN_007882f7	std_length_error__related_007882f7	callgraph_affinity	std::length_error	0x00b0f60c	std::exception	0.484	std::exception@0.418;std::logic_error@0.418;compose@0.353	calls:0x00789ad0
0x0079213f	FUN_0079213f	std_out_of_range__related_0079213f	callgraph_affinity	std::out_of_range	0x00bd48e0	std::exception	0.484	std::logic_error@0.418;std::length_error@0.373;std::out_of_range@0.352;std::exception@0.334	calls:0x00a9214f
0x0079255a	FUN_0079255a	std_length_error__related_0079255a	callgraph_affinity	std::length_error	0x00b10f40	std::exception	0.484	std::exception@0.418;std::logic_error@0.418	calls:0x007932a3
0x00792654	FUN_00792654	std_length_error__related_00792654	callgraph_affinity	std::length_error	0x00b10f40	std::exception	0.484	std::exception@0.418;std::logic_error@0.418	calls:0x0079392c
0x0079316a	FUN_0079316a	std_out_of_range__related_0079316a	callgraph_affinity	std::out_of_range	0x00b10f50	std::exception	0.484	std::exception@0.418;std::logic_error@0.418	calls:0x007928f3
0x00794225	FUN_00794225	std_length_error__related_00794225	callgraph_affinity	std::length_error	0x00b10f40	std::exception	0.484	std::exception@0.418;std::logic_error@0.418	calls:0x00794a30
0x007951dd	FUN_007951dd	std_length_error__related_007951dd	callgraph_affinity	std::length_error	0x00b10f40	std::exception	0.484	std::exception@0.424;std::logic_error@0.418	calls:0x007955a0
0x0079d18b	FUN_0079d18b	std_out_of_range__related_0079d18b	callgraph_affinity	std::out_of_range	0x00bd48e0	std::exception	0.484	std::logic_error@0.418;std::length_error@0.334;std::exception@0.289;std::logic_error@0.289	calls:0x00a9214f
0x0079f2ef	FUN_0079f2ef	std_out_of_range__related_0079f2ef	callgraph_affinity	std::out_of_range	0x00bd48e0	std::exception	0.484	std::logic_error@0.418;std::length_error@0.334;std::exception@0.289;std::logic_error@0.289	calls:0x00a9214f
0x007a1b5c	FUN_007a1b5c	std_out_of_range__related_007a1b5c	callgraph_affinity	std::out_of_range	0x00bd48e0	std::exception	0.484	std::logic_error@0.418	calls:0x00a9214f
0x009c8966	FUN_009c8966	std_out_of_range__related_009c8966	callgraph_affinity	std::out_of_range	0x00bd48e0	std::exception	0.484	std::logic_error@0.418	calls:0x00a9214f
0x009dd42c	FUN_009dd42c	std_out_of_range__related_009dd42c	callgraph_affinity	std::out_of_range	0x00bd48e0	std::exception	0.484	std::logic_error@0.418	calls:0x00a9214f
0x009e280c	FUN_009e280c	std_out_of_range__related_009e280c	callgraph_affinity	std::out_of_range	0x00bd48e0	std::exception	0.484	std::logic_error@0.418	calls:0x00a9214f
0x009ff3aa	FUN_009ff3aa	std_out_of_range__related_009ff3aa	callgraph_affinity	std::out_of_range	0x00bd48e0	std::exception	0.484	std::logic_error@0.418	calls:0x00a9214f
0x00a01d5c	FUN_00a01d5c	std_out_of_range__related_00a01d5c	callgraph_affinity	std::out_of_range	0x00bd48e0	std::exception	0.484	std::logic_error@0.418	calls:0x00a9214f
0x00a040ca	FUN_00a040ca	std_out_of_range__related_00a040ca	callgraph_affinity	std::out_of_range	0x00bd48e0	std::exception	0.484	std::logic_error@0.418	calls:0x00a9214f
0x00a0650c	FUN_00a0650c	std_out_of_range__related_00a0650c	callgraph_affinity	std::out_of_range	0x00bd48e0	std::exception	0.484	std::logic_error@0.418	calls:0x00a9214f
0x00a92a01	FUN_00a92a01	vn_advisor_ppc_consolshift__related_00a92a01	callgraph_affinity	vn_advisor_ppc_consolshift	0x00abf0b0	vn_advisor	0.484	vn_advisor_consol@0.418;vn_advisor_consolshift@0.418	calls:0x004014f7
0x004aad62	FUN_004aad62	objectdata__related_004aad62	callgraph_affinity	objectdata	0x00ace1d0	objectdata	0.463	objectdata_rouconstr@0.463;objectdata_variable@0.463;objectdata_twoop@0.460;objectdata_arrayop@0.460	called_by:0x00526df0;vtable_store:multi_type_factory_or_dispatch
0x00568af3	FUN_00568af3	backend_basetype__related_00568af3	callgraph_affinity	backend_basetype	0x00afc4e0	backend_dataflow	0.461	backend_basetype2@0.455;backend_t@0.454;VNFwdDataFlow@0.397;RBFwdDataFlow@0.395	called_by:0x005ba624;called_by:0x005ba660;called_by:0x005ba727;called_by:0x005ba78d;called_by:0x005ba797;called_by:0x005ba7a5;called_by:0x005ba7b3;called_by:0x005ba7c1;called_by:0x005ba7cf;called_by:0x005ba7de;called_by:0x005ba852;called_by:0x005ba860;called_by:0x005ba86e;called_by:0x005ba87c;called_by:0x005ba8d2;called_by:0x005ba965;called_by:0x005ba9a5;called_by:0x005ba9af;called_by:0x005baa36;called_by:0x005baa40;called_by:0x005baaa3;called_by:0x005baab2;called_by:0x005baabc;called_by:0x005baaf0;called_by:0x005bab31;called_by:0x005bab3f;called_by:0x005bca1d;called_by:0x005bca2c;called_by:0x005bca3b;called_by:0x005bca4a;called_by:0x005bcad2;called_by:0x005bcb51;called_by:0x005bd358;called_by:0x005bd3e7;called_by:0x005bd89d;called_by:0x005bd9f1;called_by:0x005bda6a;called_by:0x005bdb08;called_by:0x006c4c04;called_by:0x006c8f2b;called_by:0x0073e08f;called_by:0x0073ef61;called_by:0x0074249b;called_by:0x00766cae;called_by:0x007692da;called_by:0x0077017f;called_by:0x007711eb
0x005da342	FUN_005da342	InterblockDf__related_005da342	callgraph_affinity	InterblockDf	0x00afd5b8	InterblockDf	0.460	DownSafetyDf@0.460;UpSafetyDf@0.460;EarliestDf@0.460;DelayedDf@0.460	vtable_store:multi_type_factory_or_dispatch
0x0061e640	FUN_0061e640	peep_transformer__related_0061e640	callgraph_affinity	peep_transformer	0x00b01e58	peep_transformer	0.460	pt_condcodes@0.460;pt_dead@0.460;pt_alias@0.460;pt_const@0.460	vtable_store:multi_type_factory_or_dispatch
0x004a969d	FUN_004a969d	backend_t__related_004a969d	callgraph_affinity	backend_t	0x00abfe94	backend_dataflow	0.410	backend_basetype2@0.389;backend_basetype@0.386;UninitMemChecker@0.361;StrictUninitChecker@0.361	called_by:0x0040735e;called_by:0x00423965;called_by:0x00423991;called_by:0x00423aa1;called_by:0x00432726;called_by:0x00437ac1;called_by:0x0049a873;called_by:0x005bc801;called_by:0x00735743;called_by:0x0076fdcf
0x0059f0bb	FUN_0059f0bb	register_implicit__related_0059f0bb	callgraph_affinity	register_implicit	0x00b10d50	operand_parser	0.409	join@0.409;textset@0.405;register_list@0.405;compose@0.405	called_by:0x0078a678;called_by:0x0078a732;called_by:0x0078a7dc;called_by:0x0078a834;called_by:0x0078a855;called_by:0x007a137e;called_by:0x007a139e;called_by:0x007a13be;called_by:0x007a13df
0x007881a3	FUN_007881a3	std_logic_error__related_007881a3	callgraph_affinity	std::logic_error	0x00b0f5fc	std::exception	0.409	std::length_error@0.403;std::out_of_range@0.385;register_range@0.361;register_set@0.361	called_by:0x007881fc;called_by:0x007883f1;called_by:0x00788774;called_by:0x00788af7;called_by:0x00788e7a;called_by:0x007894a5;called_by:0x00789ad0;called_by:0x0078a272;called_by:0x0078af4d;called_by:0x0078b927;called_by:0x0078be11
0x00792280	FUN_00792280	std_logic_error__related_00792280	callgraph_affinity	std::logic_error	0x00b10f30	std::exception	0.409	std::length_error@0.403;std::out_of_range@0.385;std::exception@0.334;Disassembler@0.321	called_by:0x007922d9;called_by:0x007928f3;called_by:0x007932a3;called_by:0x0079392c;called_by:0x0079431f;called_by:0x007946ad;called_by:0x00794a30;called_by:0x0079525f;called_by:0x007955a0;called_by:0x00797bb6;called_by:0x007991de
0x00a91f74	FUN_00a91f74	std_logic_error__related_00a91f74	callgraph_affinity	std::logic_error	0x00b0f5fc	std::exception	0.409	std::logic_error@0.409;std::length_error@0.403;std::length_error@0.403;std::out_of_range@0.385	called_by:0x00788252;called_by:0x007883f1;called_by:0x00788774;called_by:0x00788af7;called_by:0x00788e7a;called_by:0x007894a5;called_by:0x00789ad0;called_by:0x0078a272;called_by:0x0078af4d;called_by:0x0078b927;called_by:0x0078be11
0x0074ab20	FUN_0074ab20	var_multimap_impl__related_0074ab20	callgraph_affinity	var_multimap_impl	0x00b0d408	var_multimap	0.405		called_by:0x0074a392;called_by:0x0074a3d9;called_by:0x0074a41e;called_by:0x0074a477;called_by:0x0074a4fd;called_by:0x0074a547;called_by:0x0074a589;called_by:0x0074a61d
0x00751d02	FUN_00751d02	backend_t__related_00751d02	callgraph_affinity	backend_t	0x00abfe94	backend_dataflow	0.403	RegReNameBkwdDataFlow@0.361;backend_basetype@0.340;backend_basetype2@0.340;backend_dataflow@0.340	called_by:0x00401ded;called_by:0x00402fa8;called_by:0x00403387;called_by:0x004044b4;called_by:0x0076fdcf;called_by:0x007700a6;called_by:0x0077017f;called_by:0x007711eb
0x005cd1aa	FUN_005cd1aa	AliasAnalyzer__related_005cd1aa	callgraph_affinity	AliasAnalyzer	0x00aff0cc	AliasAnalyzer	0.401	TimeAccurateAliasAnalyzer@0.351;InterblockDf@0.266;FCEReachingWriteDf@0.258;CopyPropDf@0.258	called_by:0x005cf1dd;called_by:0x005d6287;called_by:0x005d87cb;called_by:0x005e7ea4;called_by:0x005f4329;called_by:0x005f6efe;called_by:0x005f7add;called_by:0x005f8f9f;called_by:0x005faf93;called_by:0x005fc5a6
0x005cd2a9	FUN_005cd2a9	AliasAnalyzer__related_005cd2a9	callgraph_affinity	AliasAnalyzer	0x00aff0cc	AliasAnalyzer	0.401	TimeAccurateAliasAnalyzer@0.351;InterblockDf@0.266;FCEReachingWriteDf@0.258;CopyPropDf@0.258	called_by:0x005cf1dd;called_by:0x005d6287;called_by:0x005d87cb;called_by:0x005e7ea4;called_by:0x005f4329;called_by:0x005f6efe;called_by:0x005f7add;called_by:0x005f8f9f;called_by:0x005faf93;called_by:0x005fc5a6
0x006fcca7	FUN_006fcca7	backend_basetype2__related_006fcca7	callgraph_affinity	backend_basetype2	0x00b0b784	backend_dataflow	0.398	backend_basetype@0.396;backend_t@0.389;pt_dead@0.361;pt_alias@0.361	called_by:0x0061ea04;called_by:0x0061ea6d;called_by:0x0061ead6;called_by:0x0061eb3f;called_by:0x0073542d;called_by:0x00766cae;called_by:0x007692da
0x0049b4d2	FUN_0049b4d2	backend_t__related_0049b4d2	callgraph_affinity	backend_t	0x00abfe94	backend_dataflow	0.397	ame_resource_scheduler@0.361	called_by:0x00401ded;called_by:0x00402fa8;called_by:0x00403387;called_by:0x004044b4;called_by:0x00404f81;called_by:0x0040505a
0x005b975f	FUN_005b975f	AliasAnalyzer__related_005b975f	callgraph_affinity	AliasAnalyzer	0x00aff0cc	AliasAnalyzer	0.397	alloc_table_hash@0.364;CheckerFlow@0.361;TimeAccurateAliasAnalyzer@0.351;std::out_of_range@0.344	called_by:0x005d6287;called_by:0x005d87cb;called_by:0x005e7ea4;called_by:0x005f4329;called_by:0x005f6efe;called_by:0x005f7add;called_by:0x005f8f9f;called_by:0x005faf93;called_by:0x005fc5a6
0x005ceb17	FUN_005ceb17	AliasAnalyzer__related_005ceb17	callgraph_affinity	AliasAnalyzer	0x00aff0cc	AliasAnalyzer	0.397	TimeAccurateAliasAnalyzer@0.351;InterblockDf@0.266;FCEReachingWriteDf@0.258;CopyPropDf@0.258	called_by:0x005d6287;called_by:0x005d87cb;called_by:0x005e7ea4;called_by:0x005f4329;called_by:0x005f6efe;called_by:0x005f7add;called_by:0x005f8f9f;called_by:0x005faf93;called_by:0x005fc5a6
0x005cec40	FUN_005cec40	AliasAnalyzer__related_005cec40	callgraph_affinity	AliasAnalyzer	0x00aff0cc	AliasAnalyzer	0.397	TimeAccurateAliasAnalyzer@0.351;InterblockDf@0.266;FCEReachingWriteDf@0.258;CopyPropDf@0.258	called_by:0x005d6287;called_by:0x005d87cb;called_by:0x005e7ea4;called_by:0x005f4329;called_by:0x005f6efe;called_by:0x005f7add;called_by:0x005f8f9f;called_by:0x005faf93;called_by:0x005fc5a6
0x0074aa90	FUN_0074aa90	var_multimap_impl__related_0074aa90	callgraph_affinity	var_multimap_impl	0x00b0d408	var_multimap	0.397		called_by:0x0074a392;called_by:0x0074a3d9;called_by:0x0074a41e;called_by:0x0074a477;called_by:0x0074a4fd;called_by:0x0074a547
0x0040d114	FUN_0040d114	backend_t__related_0040d114	callgraph_affinity	backend_t	0x00abfe94	backend_dataflow	0.396	backend_basetype@0.372;backend_basetype2@0.321	called_by:0x00402fa8;called_by:0x004044b4;called_by:0x004244c6;called_by:0x00424c57;called_by:0x006cd518;called_by:0x0073ea02
0x004087c8	FUN_004087c8	backend_t__related_004087c8	callgraph_affinity	backend_t	0x00abfe94	backend_dataflow	0.394	vn_advisor_ppc_consolshift@0.361	2hop_calls:0x00568af3;called_by:0x00401ded;called_by:0x00402fa8;called_by:0x00403387;called_by:0x004044b4;called_by:0x0046f93f
0x004e5347	FUN_004e5347	resource_model_scheduler__related_004e5347	callgraph_affinity	resource_model_scheduler	0x00b0c0f4	list_scheduler	0.392	RegReNameBkwdDataFlow@0.380;backend_t@0.372;CheckerIntState@0.370;CheckerFlow@0.361	called_by:0x00739097;called_by:0x00739679;called_by:0x00739824;called_by:0x007399dd;called_by:0x00739ae2
0x00751184	FUN_00751184	backend_t__related_00751184	callgraph_affinity	backend_t	0x00abfe94	backend_dataflow	0.389		2hop_calls:0x00568af3;called_by:0x00401ded;called_by:0x00402fa8;called_by:0x00403387;called_by:0x004044b4
0x0047ddb4	FUN_0047ddb4	resource_model_scheduler__related_0047ddb4	callgraph_affinity	resource_model_scheduler	0x00b0c0f4	list_scheduler	0.387	backend_t@0.361;g4_resource_scheduler@0.335;ppc970_resource_scheduler@0.335;ame_resource_scheduler@0.335	called_by:0x00739097;called_by:0x00739824;called_by:0x007399dd;called_by:0x00739ae2
0x00603069	FUN_00603069	ConstChecker__related_00603069	callgraph_affinity	ConstChecker	0x00b016a0	Checker	0.387	UninitMemChecker@0.380;RangeChecker@0.380;CheckerIntState@0.370;NoFlowChecker@0.370	called_by:0x006044a2;called_by:0x00604574;called_by:0x0060486e;called_by:0x00606087
0x0060cdff	FUN_0060cdff	ConstChecker__related_0060cdff	callgraph_affinity	ConstChecker	0x00b016a0	Checker	0.387	UninitMemChecker@0.380;RangeChecker@0.380;EquivChecker@0.372;CheckerIntState@0.361	called_by:0x006044a2;called_by:0x00604574;called_by:0x0060486e;called_by:0x00606087
0x0060d4ae	FUN_0060d4ae	MemLeakChecker__related_0060d4ae	callgraph_affinity	MemLeakChecker	0x00b016e0	Checker	0.387	NULLCheckChecker@0.380;NULLCheckDerefChecker@0.380;MemLeakCheckerBackwards@0.372;NULLCheckCheckerBackwards@0.372	called_by:0x006066b8;called_by:0x0060677f;called_by:0x006068a3;called_by:0x00606982
0x006b023d	FUN_006b023d	backend_basetype__related_006b023d	callgraph_affinity	backend_basetype	0x00afc4e0	backend_dataflow	0.387	AddMachopVisitor@0.361;backend_t@0.335;backend_basetype2@0.335	called_by:0x0061ea04;called_by:0x0061ea6d;called_by:0x0061ead6;called_by:0x0061eb3f
0x006b10d6	FUN_006b10d6	vn_advisor_consolshift__related_006b10d6	callgraph_affinity	vn_advisor_consolshift	0x00b05b54	vn_advisor	0.387	vn_advisor_consoladd@0.385;vn_advisor_ppc_consolshift@0.378;vn_advisor_consol@0.321;backend_basetype@0.312	called_by:0x00665fc4;called_by:0x0066616f;called_by:0x006661ce;called_by:0x00666295
0x007a2415	FUN_007a2415	choose__related_007a2415	callgraph_affinity	choose	0x00b10dc0	operand_parser	0.387	join@0.380;register_range@0.372;register_set@0.372;immediate@0.372	called_by:0x0078f66f;called_by:0x0078fcf0;called_by:0x0078fe03;called_by:0x0078fe59
0x0059f126	FUN_0059f126	textset__related_0059f126	callgraph_affinity	textset	0x00b10d60	operand_parser	0.386	compose@0.380;FileOutputGen@0.380;register_list@0.379;statictext@0.379	called_by:0x0074281b;called_by:0x0078a732;called_by:0x0078a78d;called_by:0x0079b7f8
0x006afb27	FUN_006afb27	backend_t__related_006afb27	callgraph_affinity	backend_t	0x00abfe94	backend_dataflow	0.386	g4_resource_scheduler@0.361;ame_resource_scheduler@0.361;backend_basetype@0.361;std::out_of_range@0.334	called_by:0x00424088;called_by:0x004711e8;called_by:0x00471795;called_by:0x005bd89d
0x0040581d	FUN_0040581d	std_out_of_range__related_0040581d	callgraph_affinity	std::out_of_range	0x00abf2a0	std::exception	0.385	std::logic_error@0.383;std::overflow_error@0.371;std::runtime_error@0.370;backend_t@0.361	called_by:0x004058dd;called_by:0x004059d8;called_by:0x0042226d;called_by:0x00422ff4
0x005b974d	FUN_005b974d	std_length_error__related_005b974d	callgraph_affinity	std::length_error	0x00b0f60c	std::exception	0.385	std::logic_error@0.383;std::logic_error@0.383;std::out_of_range@0.379;VNFwdDataFlow@0.372	called_by:0x00788263;called_by:0x00788e7a;called_by:0x007894a5;called_by:0x00789ad0
0x00696091	FUN_00696091	std_out_of_range__related_00696091	callgraph_affinity	std::out_of_range	0x00b06c9c	std::exception	0.385	std::logic_error@0.383;std::exception@0.305	called_by:0x00696151;called_by:0x0069619b;called_by:0x006c6104;called_by:0x006c6a0b
0x006b0310	FUN_006b0310	backend_t__related_006b0310	callgraph_affinity	backend_t	0x00abfe94	backend_dataflow	0.385	backend_basetype@0.372;AddMachopVisitor@0.361;backend_basetype2@0.321	called_by:0x00401ded;called_by:0x00403387;called_by:0x006fc36e;called_by:0x006fc4f2
0x006fbd8e	FUN_006fbd8e	backend_basetype2__related_006fbd8e	callgraph_affinity	backend_basetype2	0x00b0b784	backend_dataflow	0.385	backend_basetype@0.372;MachopChecker@0.371;vn_advisor_ppc_consolshift@0.361;pt_dead@0.361	called_by:0x006fc36e;called_by:0x006fc4f2;called_by:0x007352a0;called_by:0x00735341
0x006fbdaa	FUN_006fbdaa	backend_basetype2__related_006fbdaa	callgraph_affinity	backend_basetype2	0x00b0b784	backend_dataflow	0.385	backend_basetype@0.372;pt_dead@0.361;ls_window_scheduler@0.361;RBFwdDataFlow@0.361	called_by:0x006fc36e;called_by:0x006fc4f2;called_by:0x007352a0;called_by:0x00735341
0x0074f6eb	FUN_0074f6eb	backend_t__related_0074f6eb	callgraph_affinity	backend_t	0x00abfe94	backend_dataflow	0.382	RBBkwdDataFlow@0.361;backend_basetype@0.316;backend_basetype2@0.316;backend_dataflow@0.312	2hop_calls:0x00568af3;called_by:0x00401ded;called_by:0x00403387;called_by:0x0076fdcf
0x005360c6	FUN_005360c6	AliasAnalyzer__related_005360c6	callgraph_affinity	AliasAnalyzer	0x00aff0cc	AliasAnalyzer	0.381	backend_t@0.361;TimeAccurateAliasAnalyzer@0.344;objectdata_block@0.334;objectdata@0.289	called_by:0x005d87cb;called_by:0x005e7ea4;called_by:0x005f4329;called_by:0x005f6efe;called_by:0x005f8f9f
0x005cea63	FUN_005cea63	AliasAnalyzer__related_005cea63	callgraph_affinity	AliasAnalyzer	0x00aff0cc	AliasAnalyzer	0.381	BooleanAccurateAliasAnalyzer@0.353;TimeAccurateAliasAnalyzer@0.351;InterblockDf@0.258;CopyPropDf@0.258	called_by:0x005d87cb;called_by:0x005e7ea4;called_by:0x005f4329;called_by:0x005f8f9f;called_by:0x005fc5a6
0x006cb041	FUN_006cb041	backend_t__related_006cb041	callgraph_affinity	backend_t	0x00abfe94	backend_dataflow	0.381	backend_basetype@0.375;backend_basetype2@0.325	2hop_calls:0x00568af3;called_by:0x004711e8;called_by:0x006fc36e;called_by:0x006fc4f2
0x004b53be	FUN_004b53be	immediate__related_004b53be	callgraph_affinity	immediate	0x00b10d70	operand_parser	0.380	immediate_implicit@0.370;compose@0.361;backend_t@0.321;backend_basetype@0.321	called_by:0x007432aa;called_by:0x00743723;called_by:0x007438b4
0x004dc64e	FUN_004dc64e	compose__related_004dc64e	callgraph_affinity	compose	0x00b10db0	operand_parser	0.380		called_by:0x00744328;called_by:0x00744931;called_by:0x0074520f
0x005b96ff	FUN_005b96ff	IndInst_instop__related_005b96ff	callgraph_affinity	IndInst::instop	0x00b11f18	IndInst::instop	0.380	VNFwdDataFlow@0.378;Cmm@0.374;IndInst::instopreg@0.364;IndInst::instopimm@0.364	called_by:0x0079d78c;called_by:0x0079d894;called_by:0x0079d993;called_by:0x0079daaf;called_by:0x0079deed
0x00603650	FUN_00603650	UninitMemChecker__related_00603650	callgraph_affinity	UninitMemChecker	0x00b016c0	Checker	0.380	CheckerFlow@0.361	called_by:0x00607766;called_by:0x00607cad;called_by:0x00607e6d
0x006afca9	FUN_006afca9	backend_t__related_006afca9	callgraph_affinity	backend_t	0x00abfe94	backend_dataflow	0.380	immediate@0.361;std::out_of_range@0.334;std::exception@0.289;std::logic_error@0.289	called_by:0x00423e2d;called_by:0x004243b1;called_by:0x00471795
0x006c770f	FUN_006c770f	backend_t__related_006c770f	callgraph_affinity	backend_t	0x00abfe94	backend_dataflow	0.380		called_by:0x00423f45;called_by:0x00424027;called_by:0x00446740
0x0070243c	FUN_0070243c	backend_t__related_0070243c	callgraph_affinity	backend_t	0x00abfe94	backend_dataflow	0.380	RBFwdDataFlow@0.361;VNFwdDataFlow@0.361;backend_basetype@0.321;backend_basetype2@0.321	called_by:0x00402fa8;called_by:0x004044b4;called_by:0x0046f5c7
0x00738e1f	FUN_00738e1f	resource_model_scheduler__related_00738e1f	callgraph_affinity	resource_model_scheduler	0x00b0c0f4	list_scheduler	0.380	g4_resource_scheduler@0.329;ppc970_resource_scheduler@0.329;ame_resource_scheduler@0.329	called_by:0x00738d12;called_by:0x00738de5;called_by:0x00739097
0x0073d957	FUN_0073d957	compose__related_0073d957	callgraph_affinity	compose	0x00b10db0	operand_parser	0.380	backend_basetype@0.366;empty@0.321;operand_parser@0.321;register_range@0.321	called_by:0x00744328;called_by:0x00744931;called_by:0x0074520f
0x00743be5	FUN_00743be5	compose__related_00743be5	callgraph_affinity	compose	0x00b10db0	operand_parser	0.380		called_by:0x00744328;called_by:0x00744931;called_by:0x0074520f
0x007454bd	FUN_007454bd	choose__related_007454bd	callgraph_affinity	choose	0x00b10dc0	operand_parser	0.380		called_by:0x0074563b;called_by:0x0074567e;called_by:0x00745727
0x0074ab00	FUN_0074ab00	var_multimap_impl__related_0074ab00	callgraph_affinity	var_multimap_impl	0x00b0d408	var_multimap	0.380		called_by:0x0074a41e;called_by:0x0074a477;called_by:0x0074a589
0x00752644	FUN_00752644	backend_t__related_00752644	callgraph_affinity	backend_t	0x00abfe94	backend_dataflow	0.380	backend_basetype@0.312;backend_basetype2@0.312;backend_dataflow@0.312	called_by:0x00401ded;called_by:0x00403387;called_by:0x004044b4
0x00774c21	FUN_00774c21	VNFwdDataFlow__related_00774c21	callgraph_affinity	VNFwdDataFlow	0x00b0ed44	InterblockDf	0.380		called_by:0x00779cfc;called_by:0x00779f66;called_by:0x0077a131
0x00786515	FUN_00786515	compose__related_00786515	callgraph_affinity	compose	0x00b10db0	operand_parser	0.380	choose@0.380;multiple_fields@0.380;join@0.380;split_fields@0.372	called_by:0x0078e4fa;called_by:0x0078eb1d;called_by:0x0078ec37
0x00568d7a	FUN_00568d7a	backend_basetype__related_00568d7a	callgraph_affinity	backend_basetype	0x00afc4e0	backend_dataflow	0.379	backend_t@0.378;RBFwdDataFlow@0.361;std::out_of_range@0.334;objectdata_twoop@0.334	called_by:0x005bac03;called_by:0x005bc53a;called_by:0x005bccea
0x0059ec30	FUN_0059ec30	join__related_0059ec30	callgraph_affinity	join	0x00b10e00	operand_parser	0.379	AliasAnalyzer@0.374;DebugOutputGen@0.363;backend_t@0.361;std::out_of_range@0.344	called_by:0x0074281b;called_by:0x00790b2e;called_by:0x00790fa6
0x00421aeb	FUN_00421aeb	backend_t__related_00421aeb	callgraph_affinity	backend_t	0x00abfe94	backend_dataflow	0.378	backend_basetype2@0.378;backend_basetype@0.370;backend_dataflow@0.312	called_by:0x00470998;called_by:0x00735743;called_by:0x0076fdcf
0x006b0f02	FUN_006b0f02	backend_t__related_006b0f02	callgraph_affinity	backend_t	0x00abfe94	backend_dataflow	0.378	backend_basetype2@0.370;backend_basetype@0.361	called_by:0x00424c85;called_by:0x005bcb51;called_by:0x007355be
0x006bfe34	FUN_006bfe34	backend_t__related_006bfe34	callgraph_affinity	backend_t	0x00abfe94	backend_dataflow	0.378	backend_basetype2@0.370;pt_dead@0.361;RBFwdDataFlow@0.361;register_set@0.361	called_by:0x00424c57;called_by:0x00735743;called_by:0x0076fdcf
0x00a92027	FUN_00a92027	std_logic_error__related_00a92027	callgraph_affinity	std::logic_error	0x00bd48c0	std::exception	0.377	std::length_error@0.371;std::out_of_range@0.371	called_by:0x00a9214f;called_by:0x00a9252b;called_by:0x00a9276f
0x005aed39	FUN_005aed39	AliasAnalyzer__related_005aed39	callgraph_affinity	AliasAnalyzer	0x00aff0cc	AliasAnalyzer	0.376	TimeAccurateAliasAnalyzer@0.342;NoReturnChecker@0.334;Checker@0.289;CheckerIntStateAll@0.289	called_by:0x005e7ea4;called_by:0x005f4329;called_by:0x005f7add;called_by:0x005fc5a6
0x005aee45	FUN_005aee45	AliasAnalyzer__related_005aee45	callgraph_affinity	AliasAnalyzer	0x00aff0cc	AliasAnalyzer	0.376	TimeAccurateAliasAnalyzer@0.342;NoReturnChecker@0.334;Checker@0.289;CheckerIntStateAll@0.289	called_by:0x005e7ea4;called_by:0x005f4329;called_by:0x005f7add;called_by:0x005fc5a6
0x005cf46a	FUN_005cf46a	AliasAnalyzer__related_005cf46a	callgraph_affinity	AliasAnalyzer	0x00aff0cc	AliasAnalyzer	0.376	TimeAccurateAliasAnalyzer@0.342;NoReturnChecker@0.334;Checker@0.289;CheckerIntStateAll@0.289	called_by:0x005e7ea4;called_by:0x005f4329;called_by:0x005f7add;called_by:0x005fc5a6
0x005cf5bd	FUN_005cf5bd	AliasAnalyzer__related_005cf5bd	callgraph_affinity	AliasAnalyzer	0x00aff0cc	AliasAnalyzer	0.376	TimeAccurateAliasAnalyzer@0.342;NoReturnChecker@0.334;Checker@0.289;CheckerIntStateAll@0.289	called_by:0x005e7ea4;called_by:0x005f4329;called_by:0x005f7add;called_by:0x005fc5a6
0x005d8b78	FUN_005d8b78	DownSafetyDf__related_005d8b78	callgraph_affinity	DownSafetyDf	0x00afd638	InterblockDf	0.376	UpSafetyDf@0.376;DelayedDf@0.376;IsolatedDf@0.376;HoistAvailDf@0.372	called_by:0x005d940a;called_by:0x005d9425;called_by:0x005da342
0x00656f82	FUN_00656f82	AliasAnalyzer__related_00656f82	callgraph_affinity	AliasAnalyzer	0x00aff0cc	AliasAnalyzer	0.376	TimeAccurateAliasAnalyzer@0.342;NoReturnChecker@0.334;Checker@0.289;CheckerIntStateAll@0.289	called_by:0x005e7ea4;called_by:0x005f4329;called_by:0x005f7add;called_by:0x005fc5a6
0x00656fb2	FUN_00656fb2	AliasAnalyzer__related_00656fb2	callgraph_affinity	AliasAnalyzer	0x00aff0cc	AliasAnalyzer	0.376	TimeAccurateAliasAnalyzer@0.342;NoReturnChecker@0.334;Checker@0.289;CheckerIntStateAll@0.289	called_by:0x005e7ea4;called_by:0x005f4329;called_by:0x005f7add;called_by:0x005fc5a6
0x00404ecc	FUN_00404ecc	backend_t__related_00404ecc	callgraph_affinity	backend_t	0x00abfe94	backend_dataflow	0.375		2hop_calls:0x00568af3;called_by:0x00404f81;called_by:0x0040505a
0x00408789	FUN_00408789	backend_t__related_00408789	callgraph_affinity	backend_t	0x00abfe94	backend_dataflow	0.375		2hop_calls:0x00568af3;called_by:0x00401ded;called_by:0x00403387
0x0045b078	FUN_0045b078	backend_t__related_0045b078	callgraph_affinity	backend_t	0x00abfe94	backend_dataflow	0.375	ls_window_scheduler@0.361;RBFwdDataFlow@0.361	2hop_calls:0x00568af3;called_by:0x00402fa8;called_by:0x004044b4
0x004ca8b5	FUN_004ca8b5	backend_t__related_004ca8b5	callgraph_affinity	backend_t	0x00abfe94	backend_dataflow	0.375	UninitMemChecker@0.372;ConstChecker@0.361;RangeChecker@0.361;MemLeakChecker@0.361	2hop_calls:0x00568af3;called_by:0x0043269d;called_by:0x0049efb5
0x00548448	FUN_00548448	backend_t__related_00548448	callgraph_affinity	backend_t	0x00abfe94	backend_dataflow	0.375		2hop_calls:0x00568af3;called_by:0x00437ac1;called_by:0x0043a1b7
0x006d57bf	FUN_006d57bf	backend_basetype2__related_006d57bf	callgraph_affinity	backend_basetype2	0x00b0b784	backend_dataflow	0.375	backend_t@0.316	2hop_calls:0x00568af3;called_by:0x007353e2;called_by:0x0073542d
0x0073c239	FUN_0073c239	backend_basetype__related_0073c239	callgraph_affinity	backend_basetype	0x00afc4e0	backend_dataflow	0.375	backend_t@0.325;backend_basetype2@0.325	2hop_calls:0x00568af3;called_by:0x006c8f2b;called_by:0x0073e08f
0x007458a1	FUN_007458a1	backend_basetype__related_007458a1	callgraph_affinity	backend_basetype	0x00afc4e0	backend_dataflow	0.375	backend_t@0.325;backend_basetype2@0.325	2hop_calls:0x00568af3;called_by:0x006fc36e;called_by:0x006fc4f2
0x0074efa5	FUN_0074efa5	backend_t__related_0074efa5	callgraph_affinity	backend_t	0x00abfe94	backend_dataflow	0.375		2hop_calls:0x00568af3;called_by:0x00401ded;called_by:0x00403387
0x0074f138	FUN_0074f138	backend_t__related_0074f138	callgraph_affinity	backend_t	0x00abfe94	backend_dataflow	0.375		2hop_calls:0x00568af3;called_by:0x00401ded;called_by:0x00403387
0x0074f2ab	FUN_0074f2ab	backend_t__related_0074f2ab	callgraph_affinity	backend_t	0x00abfe94	backend_dataflow	0.375		2hop_calls:0x00568af3;called_by:0x00401ded;called_by:0x00403387
0x004af41b	FUN_004af41b	objectdata__related_004af41b	callgraph_affinity	objectdata	0x00ace1d0	objectdata	0.374	objectdata_rouconstr@0.374;objectdata_variable@0.374	calls:0x00526df0
0x005023a2	FUN_005023a2	InterblockDf__related_005023a2	callgraph_affinity	InterblockDf	0x00acf300	InterblockDf	0.374	TouchesDf@0.374;LivenessDf@0.374;PostLivenessDf@0.374	calls:0x00500fbc
0x00529a2a	FUN_00529a2a	objectdata__related_00529a2a	callgraph_affinity	objectdata	0x00ace1d0	objectdata	0.374	objectdata_rouconstr@0.374;objectdata_variable@0.374	calls:0x00526df0
0x0052b7e7	FUN_0052b7e7	objectdata__related_0052b7e7	callgraph_affinity	objectdata	0x00ace1d0	objectdata	0.374	objectdata_rouconstr@0.374;objectdata_variable@0.374	calls:0x00526df0
0x0052c307	FUN_0052c307	objectdata__related_0052c307	callgraph_affinity	objectdata	0x00ace1d0	objectdata	0.374	objectdata_rouconstr@0.374;objectdata_variable@0.374	calls:0x00526df0
0x0053066b	FUN_0053066b	objectdata__related_0053066b	callgraph_affinity	objectdata	0x00ace1d0	objectdata	0.374	objectdata_rouconstr@0.374;objectdata_variable@0.374	calls:0x00526df0
0x005326ea	FUN_005326ea	objectdata__related_005326ea	callgraph_affinity	objectdata	0x00ace1d0	objectdata	0.374	objectdata_rouconstr@0.374;objectdata_variable@0.374	calls:0x00526df0
0x00533f27	FUN_00533f27	objectdata__related_00533f27	callgraph_affinity	objectdata	0x00ace1d0	objectdata	0.374	objectdata_rouconstr@0.374;objectdata_variable@0.374	calls:0x00526df0
0x00534b36	FUN_00534b36	objectdata__related_00534b36	callgraph_affinity	objectdata	0x00ace1d0	objectdata	0.374	objectdata_rouconstr@0.374;objectdata_variable@0.374	calls:0x00526df0
0x0057ae55	FUN_0057ae55	InterblockDf__related_0057ae55	callgraph_affinity	InterblockDf	0x00acf300	InterblockDf	0.374	TouchesDf@0.374;LivenessDf@0.374;PostLivenessDf@0.374;NoReturnChecker@0.334	calls:0x00500fbc
0x0059eb0b	FUN_0059eb0b	AliasAnalyzer__related_0059eb0b	callgraph_affinity	AliasAnalyzer	0x00aff0cc	AliasAnalyzer	0.374	VNFwdDataFlow@0.372;backend_t@0.361;CheckerFlow@0.361;std::out_of_range@0.344	called_by:0x005f4329;called_by:0x005f6efe;called_by:0x005f7add;called_by:0x005fc5a6
0x005b9640	FUN_005b9640	Cmm__related_005b9640	callgraph_affinity	Cmm	0x00b0d2e4	Exp	0.374	Exp@0.361;Num@0.352;Bot@0.344;Mem@0.344	called_by:0x00748805;called_by:0x00748931
0x005f4053	FUN_005f4053	AliasAnalyzer__related_005f4053	callgraph_affinity	AliasAnalyzer	0x00aff0cc	AliasAnalyzer	0.374	TimeAccurateAliasAnalyzer@0.342;ValueNeededDf@0.334;InterblockDf@0.303;InterblockDf@0.258	called_by:0x005f4329;called_by:0x005f6efe;called_by:0x005f7add;called_by:0x005fc5a6
0x0060be25	FUN_0060be25	objectdata__related_0060be25	callgraph_affinity	objectdata	0x00ace1d0	objectdata	0.374	objectdata_rouconstr@0.374;objectdata_variable@0.374;NoReturnChecker@0.334;Checker@0.289	calls:0x00526df0
0x0061729a	FUN_0061729a	objectdata__related_0061729a	callgraph_affinity	objectdata	0x00ace1d0	objectdata	0.374	objectdata_rouconstr@0.374;objectdata_variable@0.374	calls:0x00526df0
0x0064bedc	FUN_0064bedc	objectdata__related_0064bedc	callgraph_affinity	objectdata	0x00ace1d0	objectdata	0.374	objectdata_rouconstr@0.374;objectdata_variable@0.374	calls:0x00526df0
0x0064e38e	FUN_0064e38e	objectdata__related_0064e38e	callgraph_affinity	objectdata	0x00ace1d0	objectdata	0.374	objectdata_rouconstr@0.374;objectdata_variable@0.374	calls:0x00526df0
0x00650d7f	FUN_00650d7f	objectdata__related_00650d7f	callgraph_affinity	objectdata	0x00ace1d0	objectdata	0.374	objectdata_rouconstr@0.374;objectdata_variable@0.374	calls:0x00526df0
0x00650e87	FUN_00650e87	objectdata__related_00650e87	callgraph_affinity	objectdata	0x00ace1d0	objectdata	0.374	objectdata_rouconstr@0.374;objectdata_variable@0.374	calls:0x00526df0
0x00652455	FUN_00652455	objectdata__related_00652455	callgraph_affinity	objectdata	0x00ace1d0	objectdata	0.374	objectdata_rouconstr@0.374;objectdata_variable@0.374	calls:0x00526df0
0x006524c6	FUN_006524c6	objectdata__related_006524c6	callgraph_affinity	objectdata	0x00ace1d0	objectdata	0.374	objectdata_rouconstr@0.374;objectdata_variable@0.374	calls:0x00526df0
0x00652927	FUN_00652927	objectdata__related_00652927	callgraph_affinity	objectdata	0x00ace1d0	objectdata	0.374	objectdata_rouconstr@0.374;objectdata_variable@0.374	calls:0x00526df0
0x006559e0	FUN_006559e0	objectdata__related_006559e0	callgraph_affinity	objectdata	0x00ace1d0	objectdata	0.374	objectdata_rouconstr@0.374;objectdata_variable@0.374	calls:0x00526df0
0x0065759b	FUN_0065759b	objectdata__related_0065759b	callgraph_affinity	objectdata	0x00ace1d0	objectdata	0.374	objectdata_rouconstr@0.374;objectdata_variable@0.374	calls:0x00526df0
0x00659b4e	FUN_00659b4e	objectdata__related_00659b4e	callgraph_affinity	objectdata	0x00ace1d0	objectdata	0.374	objectdata_rouconstr@0.374;objectdata_variable@0.374	calls:0x00526df0
0x00659b7d	FUN_00659b7d	objectdata__related_00659b7d	callgraph_affinity	objectdata	0x00ace1d0	objectdata	0.374	objectdata_rouconstr@0.374;objectdata_variable@0.374	calls:0x00526df0
0x0065a553	FUN_0065a553	objectdata__related_0065a553	callgraph_affinity	objectdata	0x00ace1d0	objectdata	0.374	objectdata_rouconstr@0.374;objectdata_variable@0.374	calls:0x00526df0
0x00660c25	FUN_00660c25	objectdata__related_00660c25	callgraph_affinity	objectdata	0x00ace1d0	objectdata	0.374	objectdata_rouconstr@0.374;objectdata_variable@0.374	calls:0x00526df0
0x00660f7e	FUN_00660f7e	objectdata__related_00660f7e	callgraph_affinity	objectdata	0x00ace1d0	objectdata	0.374	objectdata_rouconstr@0.374;objectdata_variable@0.374	calls:0x00526df0
0x0077b206	FUN_0077b206	backend_t__related_0077b206	callgraph_affinity	backend_t	0x00abfe94	backend_dataflow	0.374	backend_basetype2@0.365;vn_advisor_ppc_consolshift@0.312;vn_advisor_consol@0.312;vn_advisor_consoladd@0.312	2hop_calls:0x00568af3;called_by:0x004050d2;called_by:0x00735743
0x00780581	FUN_00780581	IndDataFlow__related_00780581	callgraph_affinity	IndDataFlow	0x00b0e83c	InterblockDf	0.374	InterblockDf@0.374;VNFwdDataFlow@0.374	calls:0x00779d93
0x007847be	FUN_007847be	backend_t__related_007847be	callgraph_affinity	backend_t	0x00abfe94	backend_dataflow	0.374	backend_basetype@0.366;backend_basetype2@0.316	2hop_calls:0x00568af3;called_by:0x0046f5c7;called_by:0x005bd98d
0x00787a7b	FUN_00787a7b	std_length_error__related_00787a7b	callgraph_affinity	std::length_error	0x00b0f60c	std::exception	0.373	std::exception@0.369;register_range@0.361;register_set@0.361;register_implicit@0.361	called_by:0x007883f1;called_by:0x00788774;called_by:0x00788af7;called_by:0x00788e7a;called_by:0x007894a5;called_by:0x00789ad0;called_by:0x0078a272
0x00788115	FUN_00788115	std_length_error__related_00788115	callgraph_affinity	std::length_error	0x00b0f60c	std::exception	0.373	register_range@0.361;register_set@0.361;register_implicit@0.361;std::out_of_range@0.352	called_by:0x007883f1;called_by:0x00788774;called_by:0x00788af7;called_by:0x00788e7a;called_by:0x007894a5;called_by:0x00789ad0;called_by:0x0078a272
0x00791c63	FUN_00791c63	std_length_error__related_00791c63	callgraph_affinity	std::length_error	0x00b10f40	std::exception	0.373	std::exception@0.369;std::out_of_range@0.352;std::bad_alloc@0.340;std::logic_error@0.334	called_by:0x007932a3;called_by:0x0079392c;called_by:0x0079431f;called_by:0x007946ad;called_by:0x00794a30;called_by:0x0079525f;called_by:0x007955a0
0x007921f2	FUN_007921f2	std_length_error__related_007921f2	callgraph_affinity	std::length_error	0x00b10f40	std::exception	0.373	std::out_of_range@0.352;std::exception@0.334;std::logic_error@0.334;Disassembler@0.321	called_by:0x007932a3;called_by:0x0079392c;called_by:0x0079431f;called_by:0x007946ad;called_by:0x00794a30;called_by:0x0079525f;called_by:0x007955a0
0x00401dbe	FUN_00401dbe	backend_t__related_00401dbe	callgraph_affinity	backend_t	0x00abfe94	backend_dataflow	0.372		called_by:0x00402fa8;called_by:0x004044b4
0x00404e48	FUN_00404e48	backend_t__related_00404e48	callgraph_affinity	backend_t	0x00abfe94	backend_dataflow	0.372		called_by:0x00404f81;called_by:0x0040505a
0x00432b4d	FUN_00432b4d	backend_t__related_00432b4d	callgraph_affinity	backend_t	0x00abfe94	backend_dataflow	0.372		called_by:0x00437ac1;called_by:0x0043a1b7
0x00432c25	FUN_00432c25	backend_t__related_00432c25	callgraph_affinity	backend_t	0x00abfe94	backend_dataflow	0.372		called_by:0x00437ac1;called_by:0x0043a1b7
0x0047259d	FUN_0047259d	backend_t__related_0047259d	callgraph_affinity	backend_t	0x00abfe94	backend_dataflow	0.372	backend_basetype@0.361;backend_basetype2@0.312	called_by:0x004244c6;called_by:0x004a4615
0x004883c3	FUN_004883c3	ppc970_resource_scheduler__related_004883c3	callgraph_affinity	ppc970_resource_scheduler	0x00ac5970	list_scheduler	0.372		called_by:0x00487ff2;called_by:0x00488266
0x004a7d6b	FUN_004a7d6b	backend_t__related_004a7d6b	callgraph_affinity	backend_t	0x00abfe94	backend_dataflow	0.372		called_by:0x00437ac1;called_by:0x0043a1b7
0x004d9abe	FUN_004d9abe	backend_t__related_004d9abe	callgraph_affinity	backend_t	0x00abfe94	backend_dataflow	0.372	bytereverser@0.361;objectdata_twoop@0.344;objectdata@0.298	called_by:0x00423991;called_by:0x00423aa1
0x004da5a9	FUN_004da5a9	RBFwdDataFlow__related_004da5a9	callgraph_affinity	RBFwdDataFlow	0x00b0e84c	InterblockDf	0.372	AliasAnalyzer@0.372;RBBkwdDataFlow@0.361;VNFwdDataFlow@0.361;Split64DoVisitor@0.334	called_by:0x00753eb5;called_by:0x0076e139
0x004fff28	FUN_004fff28	backend_t__related_004fff28	callgraph_affinity	backend_t	0x00abfe94	backend_dataflow	0.372	AliasAnalyzer@0.372;backend_basetype@0.361;var_multimap_impl@0.361;objectdata_twoop@0.334	called_by:0x00437ac1;called_by:0x0049efb5
0x00548207	FUN_00548207	backend_t__related_00548207	callgraph_affinity	backend_t	0x00abfe94	backend_dataflow	0.372		called_by:0x00437ac1;called_by:0x0043a1b7
0x0054830c	FUN_0054830c	backend_t__related_0054830c	callgraph_affinity	backend_t	0x00abfe94	backend_dataflow	0.372		called_by:0x00437ac1;called_by:0x0043a1b7
0x0057d86a	FUN_0057d86a	ConstChecker__related_0057d86a	callgraph_affinity	ConstChecker	0x00b016a0	Checker	0.372	StrictUninitChecker@0.372;bytereverser@0.361;AliasAnalyzer@0.353	called_by:0x00604574;called_by:0x0060486e
0x005900ca	FUN_005900ca	LivenessDf__related_005900ca	callgraph_affinity	LivenessDf	0x00acf6e0	InterblockDf	0.372	PostLivenessDf@0.361	called_by:0x00500b9f;called_by:0x00500cd7
0x005901ff	FUN_005901ff	LivenessDf__related_005901ff	callgraph_affinity	LivenessDf	0x00acf6e0	InterblockDf	0.372	PostLivenessDf@0.361	called_by:0x00500b9f;called_by:0x00500cd7
0x0059b278	FUN_0059b278	NewSingleChecker__related_0059b278	callgraph_affinity	NewSingleChecker	0x00b01770	Checker	0.372	NewArrayChecker@0.372;StrictUninitChecker@0.361	called_by:0x0060ba53;called_by:0x0060bb55
0x005d8b5d	FUN_005d8b5d	HoistUsableDf__related_005d8b5d	callgraph_affinity	HoistUsableDf	0x00afd798	InterblockDf	0.372	UpSafetyDf@0.367;LatestDf@0.367;GcseLiveDf@0.367;AliasAnalyzer@0.362	called_by:0x005fa155;called_by:0x005fa170
0x005dcc79	FUN_005dcc79	AliasAnalyzer__related_005dcc79	callgraph_affinity	AliasAnalyzer	0x00aff0cc	AliasAnalyzer	0.372	CheckerFlow@0.361;BooleanAccurateAliasAnalyzer@0.353	called_by:0x005d6287;called_by:0x005f7add;called_by:0x005f8f9f
0x005e921b	FUN_005e921b	AliasAnalyzer__related_005e921b	callgraph_affinity	AliasAnalyzer	0x00aff0cc	AliasAnalyzer	0.372		called_by:0x005e7ea4;called_by:0x005f7add;called_by:0x005faf93
0x006041be	FUN_006041be	ConstChecker__related_006041be	callgraph_affinity	ConstChecker	0x00b016a0	Checker	0.372	UninitMemChecker@0.372;RangeChecker@0.372;CheckerFlow@0.361;CheckerIntState@0.361	called_by:0x00604574;called_by:0x0060486e
0x0060760c	FUN_0060760c	UninitMemChecker__related_0060760c	callgraph_affinity	UninitMemChecker	0x00b016c0	Checker	0.372		called_by:0x00607766;called_by:0x00607e6d
0x006076c8	FUN_006076c8	UninitMemChecker__related_006076c8	callgraph_affinity	UninitMemChecker	0x00b016c0	Checker	0.372		called_by:0x00607766;called_by:0x00607e6d
0x00608d32	FUN_00608d32	MemLeakChecker__related_00608d32	callgraph_affinity	MemLeakChecker	0x00b016e0	Checker	0.372	LocalScopeChecker@0.372;UninitMemChecker@0.361;MemLeakCheckerBackwards@0.361;NULLCheckChecker@0.361	called_by:0x0060677f;called_by:0x00606908
0x0060acf4	FUN_0060acf4	ConstChecker__related_0060acf4	callgraph_affinity	ConstChecker	0x00b016a0	Checker	0.372	NULLCheckChecker@0.372;NULLCheckCheckerBackwards@0.372;LocalScopeChecker@0.372;ReadOnlyWriteChecker@0.372	called_by:0x006044a2;called_by:0x00604574
0x0060cd54	FUN_0060cd54	RangeChecker__related_0060cd54	callgraph_affinity	RangeChecker	0x00b016d0	Checker	0.372	MemLeakChecker@0.372;ConstChecker@0.361;EquivChecker@0.361;UninitMemChecker@0.361	called_by:0x006051cb;called_by:0x00605d43
0x0060d354	FUN_0060d354	MemLeakChecker__related_0060d354	callgraph_affinity	MemLeakChecker	0x00b016e0	Checker	0.372	FreeChecker@0.372;UnreadChecker@0.372;UninitReadCheckerBackwards@0.372;MemLeakCheckerBackwards@0.361	called_by:0x006066b8;called_by:0x0060677f
0x0060d401	FUN_0060d401	MemLeakChecker__related_0060d401	callgraph_affinity	MemLeakChecker	0x00b016e0	Checker	0.372	NULLCheckChecker@0.361;NULLCheckCheckerBackwards@0.361;FreeChecker@0.361;FreeCheckerBackwards@0.361	called_by:0x0060677f;called_by:0x00606908
0x0060f077	FUN_0060f077	ConstChecker__related_0060f077	callgraph_affinity	ConstChecker	0x00b016a0	Checker	0.372		called_by:0x00604574;called_by:0x00606087
0x0060f61d	FUN_0060f61d	MemLeakChecker__related_0060f61d	callgraph_affinity	MemLeakChecker	0x00b016e0	Checker	0.372	NULLCheckChecker@0.361;NULLCheckDerefChecker@0.361	called_by:0x0060677f;called_by:0x00606908
0x00694dd0	FUN_00694dd0	var_disjointsets_impl__related_00694dd0	callgraph_affinity	var_disjointsets_impl	0x00b0d428	var_disjointsets	0.372		called_by:0x0074a780;called_by:0x0074a869
0x006b0357	FUN_006b0357	backend_t__related_006b0357	callgraph_affinity	backend_t	0x00abfe94	backend_dataflow	0.372	backend_dataflow@0.321;backend_basetype@0.312;backend_basetype2@0.312	called_by:0x00401ded;called_by:0x00403387
0x006b125d	FUN_006b125d	backend_t__related_006b125d	callgraph_affinity	backend_t	0x00abfe94	backend_dataflow	0.372	backend_basetype@0.361;pt_alias@0.361;backend_basetype2@0.312	called_by:0x00470998;called_by:0x004711e8
0x006b999f	FUN_006b999f	backend_t__related_006b999f	callgraph_affinity	backend_t	0x00abfe94	backend_dataflow	0.372	immediate_implicit@0.361	called_by:0x004244c6;called_by:0x00424c85
0x006c1184	FUN_006c1184	compose__related_006c1184	callgraph_affinity	compose	0x00b10db0	operand_parser	0.372	backend_t@0.361	called_by:0x00744328;called_by:0x0074520f
0x006c740c	FUN_006c740c	backend_t__related_006c740c	callgraph_affinity	backend_t	0x00abfe94	backend_dataflow	0.372		called_by:0x004239de;called_by:0x00423c13
0x006c77bc	FUN_006c77bc	backend_t__related_006c77bc	callgraph_affinity	backend_t	0x00abfe94	backend_dataflow	0.372		called_by:0x00423c13;called_by:0x004711e8
0x006c7abf	FUN_006c7abf	backend_t__related_006c7abf	callgraph_affinity	backend_t	0x00abfe94	backend_dataflow	0.372		called_by:0x00424027;called_by:0x00446740
0x006cafb4	FUN_006cafb4	backend_basetype__related_006cafb4	callgraph_affinity	backend_basetype	0x00afc4e0	backend_dataflow	0.372	RBFwdDataFlow@0.361;backend_t@0.321;backend_basetype2@0.321	called_by:0x006fc36e;called_by:0x006fc4f2
0x006d5434	FUN_006d5434	backend_t__related_006d5434	callgraph_affinity	backend_t	0x00abfe94	backend_dataflow	0.372	backend_basetype@0.321;backend_basetype2@0.321;backend_dataflow@0.321	called_by:0x00402fa8;called_by:0x004044b4
0x006f7861	FUN_006f7861	backend_basetype__related_006f7861	callgraph_affinity	backend_basetype	0x00afc4e0	backend_dataflow	0.372	immediate@0.372;compose@0.372;backend_t@0.321;backend_basetype2@0.321	called_by:0x006fc36e;called_by:0x006fc4f2
0x006fbcd3	FUN_006fbcd3	backend_t__related_006fbcd3	callgraph_affinity	backend_t	0x00abfe94	backend_dataflow	0.372	ls_window_scheduler@0.361	called_by:0x00402fa8;called_by:0x004044b4
0x0071f1bc	FUN_0071f1bc	alloc_table_btree__related_0071f1bc	callgraph_affinity	alloc_table_btree	0x00b0a5d8	alloc_table	0.372		called_by:0x0071f33f;called_by:0x0071f497
0x00738a15	FUN_00738a15	resource_model_scheduler__related_00738a15	callgraph_affinity	resource_model_scheduler	0x00b0c0f4	list_scheduler	0.372	g4_resource_scheduler@0.321;ppc970_resource_scheduler@0.321;ame_resource_scheduler@0.321	called_by:0x00738d12;called_by:0x00739097
0x007429d1	FUN_007429d1	register_range__related_007429d1	callgraph_affinity	register_range	0x00b10d30	operand_parser	0.372	register_set@0.372;register_implicit@0.361	called_by:0x00742a3b;called_by:0x00742bcd
0x0074e124	FUN_0074e124	RBFwdDataFlow__related_0074e124	callgraph_affinity	RBFwdDataFlow	0x00b0e84c	InterblockDf	0.372	backend_t@0.312;backend_basetype@0.312;backend_basetype2@0.312;backend_dataflow@0.312	called_by:0x00753f4e;called_by:0x0076e876
0x007548a9	FUN_007548a9	RBBkwdDataFlow__related_007548a9	callgraph_affinity	RBBkwdDataFlow	0x00b0e85c	InterblockDf	0.372	RBFwdDataFlow@0.361	called_by:0x00753fc7;called_by:0x0076ec9e
0x0076a678	FUN_0076a678	RegReNameBkwdDataFlow__related_0076a678	callgraph_affinity	RegReNameBkwdDataFlow	0x00b0e86c	InterblockDf	0.372		called_by:0x0074e464;called_by:0x0076a4bf
0x0076dab7	FUN_0076dab7	RBFwdDataFlow__related_0076dab7	callgraph_affinity	RBFwdDataFlow	0x00b0e84c	InterblockDf	0.372		called_by:0x0076e139;called_by:0x0076e876
0x00773830	FUN_00773830	RBFwdDataFlow__related_00773830	callgraph_affinity	RBFwdDataFlow	0x00b0e84c	InterblockDf	0.372		called_by:0x00753f4e;called_by:0x0076e876
0x007746fd	FUN_007746fd	VNFwdDataFlow__related_007746fd	callgraph_affinity	VNFwdDataFlow	0x00b0ed44	InterblockDf	0.372		called_by:0x0077a131;called_by:0x0077a910
0x00774df9	FUN_00774df9	VNFwdDataFlow__related_00774df9	callgraph_affinity	VNFwdDataFlow	0x00b0ed44	InterblockDf	0.372		called_by:0x00779f66;called_by:0x0077a131
0x0077563b	FUN_0077563b	VNFwdDataFlow__related_0077563b	callgraph_affinity	VNFwdDataFlow	0x00b0ed44	InterblockDf	0.372		called_by:0x0077a131;called_by:0x0077a910
0x00775ed7	FUN_00775ed7	VNFwdDataFlow__related_00775ed7	callgraph_affinity	VNFwdDataFlow	0x00b0ed44	InterblockDf	0.372		called_by:0x00779b11;called_by:0x00779c05
0x007777eb	FUN_007777eb	VNFwdDataFlow__related_007777eb	callgraph_affinity	VNFwdDataFlow	0x00b0ed44	InterblockDf	0.372		called_by:0x00779cfc;called_by:0x0077a131
0x0077830f	FUN_0077830f	VNFwdDataFlow__related_0077830f	callgraph_affinity	VNFwdDataFlow	0x00b0ed44	InterblockDf	0.372		called_by:0x00779cfc;called_by:0x0077a131
0x0078056c	FUN_0078056c	VNFwdDataFlow__related_0078056c	callgraph_affinity	VNFwdDataFlow	0x00b0ed44	InterblockDf	0.372		called_by:0x00779f66;called_by:0x0077a131
0x007a0d80	FUN_007a0d80	BufferOutputGen__related_007a0d80	callgraph_affinity	BufferOutputGen	0x00b12830	OutputGen	0.372		called_by:0x007a10d3;called_by:0x007a10fe
0x007a0e99	FUN_007a0e99	SimpleOutputGen__related_007a0e99	callgraph_affinity	SimpleOutputGen	0x00b12810	OutputGen	0.372		called_by:0x007a0ed0;called_by:0x007a0f69
0x007a26d0	FUN_007a26d0	immediate__related_007a26d0	callgraph_affinity	immediate	0x00b10d70	operand_parser	0.372	immediate_implicit@0.370	called_by:0x007432aa;called_by:0x0079b922
0x00a92cbc	FUN_00a92cbc	VNFwdDataFlow__related_00a92cbc	callgraph_affinity	VNFwdDataFlow	0x00b0ed44	InterblockDf	0.372		called_by:0x00779f66;called_by:0x0077a131
0x00a92ea1	FUN_00a92ea1	VNFwdDataFlow__related_00a92ea1	callgraph_affinity	VNFwdDataFlow	0x00b0ed44	InterblockDf	0.372		called_by:0x0077a131;called_by:0x0077a910
0x00a93690	FUN_00a93690	immediate__related_00a93690	callgraph_affinity	immediate	0x00b10d70	operand_parser	0.372	immediate_implicit@0.321	called_by:0x0078d31f;called_by:0x0078d4c7
0x00406399	FUN_00406399	backend_t__related_00406399	callgraph_affinity	backend_t	0x00abfe94	backend_dataflow	0.371	std::out_of_range@0.344;std::exception@0.298;std::logic_error@0.298;backend_basetype2@0.289	called_by:0x00422ff4;called_by:0x00424ceb
0x0042550d	FUN_0042550d	std_out_of_range__related_0042550d	callgraph_affinity	std::out_of_range	0x00abffc8	std::exception	0.371	std::overflow_error@0.371;std::logic_error@0.370;std::runtime_error@0.370;std::exception@0.298	called_by:0x004255cd;called_by:0x004256c8
0x0043aced	FUN_0043aced	std_out_of_range__related_0043aced	callgraph_affinity	std::out_of_range	0x00ac0a48	std::exception	0.371	std::logic_error@0.370;std::exception@0.289	called_by:0x0043adad;called_by:0x0043adf7
0x004e162c	FUN_004e162c	std_out_of_range__related_004e162c	callgraph_affinity	std::out_of_range	0x00ace658	std::exception	0.371	std::overflow_error@0.371;std::logic_error@0.370;std::runtime_error@0.370;std::exception@0.298	called_by:0x004e16ec;called_by:0x004e17e7
0x005d1114	FUN_005d1114	AliasAnalyzer__related_005d1114	callgraph_affinity	AliasAnalyzer	0x00aff0cc	AliasAnalyzer	0.371	TimeAccurateAliasAnalyzer@0.334	called_by:0x005e7ea4;called_by:0x005f4329;called_by:0x005f7add
0x0060bea0	FUN_0060bea0	NoReturnChecker__related_0060bea0	callgraph_affinity	NoReturnChecker	0x00b01790	Checker	0.371	Checker@0.289;CheckerIntStateAll@0.289;CheckerIntState@0.289	called_by:0x0060bfb2;called_by:0x00618c72
0x0066436b	FUN_0066436b	AliasAnalyzer__related_0066436b	callgraph_affinity	AliasAnalyzer	0x00aff0cc	AliasAnalyzer	0.371	TimeAccurateAliasAnalyzer@0.334	called_by:0x005e7ea4;called_by:0x005f4329;called_by:0x005f7add
0x006bc853	FUN_006bc853	Mem__related_006bc853	callgraph_affinity	Mem	0x00b0c8dc	Exp	0.371	backend_t@0.361;backend_dataflow@0.329;backend_basetype@0.321;backend_basetype2@0.321	called_by:0x00747ee1;called_by:0x00747f96
0x00700494	FUN_00700494	MachopChecker__related_00700494	callgraph_affinity	MachopChecker	0x00b09ad8	MachopVisitor	0.371	MachopVisitor@0.289	called_by:0x007005ed;called_by:0x007006e7
0x0073667e	FUN_0073667e	ls_window_scheduler__related_0073667e	callgraph_affinity	ls_window_scheduler	0x00b0c114	ws_interface	0.371	ws_interface@0.289	called_by:0x0073a363;called_by:0x0073abbc
0x00737790	FUN_00737790	ls_window_scheduler__related_00737790	callgraph_affinity	ls_window_scheduler	0x00b0c114	ws_interface	0.371	ws_interface@0.289	called_by:0x0073a363;called_by:0x0073acce
0x00739bed	FUN_00739bed	ls_window_scheduler__related_00739bed	callgraph_affinity	ls_window_scheduler	0x00b0c114	ws_interface	0.371	ws_interface@0.289	called_by:0x0073a363;called_by:0x0073aa46
0x00786028	FUN_00786028	std_length_error__related_00786028	callgraph_affinity	std::length_error	0x00b0f21c	std::exception	0.371	std::logic_error@0.370;std::exception@0.289	called_by:0x007860e8;called_by:0x00786132
0x0079d2cc	FUN_0079d2cc	std_length_error__related_0079d2cc	callgraph_affinity	std::length_error	0x00b11ad8	std::exception	0.371	std::logic_error@0.370;std::exception@0.289	called_by:0x0079d38c;called_by:0x0079d3d6
0x0079f430	FUN_0079f430	std_length_error__related_0079f430	callgraph_affinity	std::length_error	0x00b12038	std::exception	0.371	std::logic_error@0.370;std::exception@0.289	called_by:0x0079f4f0;called_by:0x0079f618
0x004a631e	FUN_004a631e	backend_basetype__related_004a631e	callgraph_affinity	backend_basetype	0x00afc4e0	backend_dataflow	0.370	backend_basetype2@0.321;backend_t@0.312;backend_dataflow@0.312	called_by:0x005bcf2f;called_by:0x007692da
0x004a6333	FUN_004a6333	backend_t__related_004a6333	callgraph_affinity	backend_t	0x00abfe94	backend_dataflow	0.370	backend_basetype@0.361;backend_basetype2@0.312	called_by:0x00401ded;called_by:0x005bcf2f
0x004a999b	FUN_004a999b	bytereverser__related_004a999b	callgraph_affinity	bytereverser	0x00b020b0	ObjectVisitor	0.370	backend_t@0.361;backend_basetype@0.361;ConstChecker@0.361;NULLCheckChecker@0.361	called_by:0x0061fea0;called_by:0x006204c7
0x004a9a09	FUN_004a9a09	bytereverser__related_004a9a09	callgraph_affinity	bytereverser	0x00b020b0	ObjectVisitor	0.370	AliasAnalyzer@0.353;objectdata_twoop@0.334;nonstandard_type_handler@0.312;objectdata@0.289	called_by:0x0061fea0;called_by:0x006204c7
0x004ad46b	FUN_004ad46b	bytereverser__related_004ad46b	callgraph_affinity	bytereverser	0x00b020b0	ObjectVisitor	0.370	backend_t@0.361;AliasAnalyzer@0.353;nonstandard_type_handler@0.312;objectdata@0.253	called_by:0x0061fea0;called_by:0x006204c7
0x004d9aeb	FUN_004d9aeb	backend_t__related_004d9aeb	callgraph_affinity	backend_t	0x00abfe94	backend_dataflow	0.370	backend_basetype@0.361;backend_basetype2@0.312	called_by:0x004711e8;called_by:0x0072f96d
0x00502777	FUN_00502777	bytereverser__related_00502777	callgraph_affinity	bytereverser	0x00b020b0	ObjectVisitor	0.370	pt_alias@0.361;Split64DoVisitor@0.334;nonstandard_type_handler@0.312;MachopVisitor@0.289	called_by:0x0061fea0;called_by:0x006204c7
0x0051fe29	FUN_0051fe29	AliasAnalyzer__related_0051fe29	callgraph_affinity	AliasAnalyzer	0x00aff0cc	AliasAnalyzer	0.370	objectdata_twoop@0.334;NoReturnChecker@0.334;objectdata@0.297;Checker@0.289	called_by:0x005e7ea4;called_by:0x005f7add;called_by:0x005fc5a6
0x005cf8e1	FUN_005cf8e1	bytereverser__related_005cf8e1	callgraph_affinity	bytereverser	0x00b020b0	ObjectVisitor	0.370	CopyPropDf@0.369;AliasAnalyzer@0.361;nonstandard_type_handler@0.312;InterblockDf@0.258	called_by:0x0061fea0;called_by:0x006204c7
0x00603418	FUN_00603418	ConstChecker__related_00603418	callgraph_affinity	ConstChecker	0x00b016a0	Checker	0.370	EquivChecker@0.370;CheckerIntStateLValue@0.361;CheckerLValue@0.361;FreeChecker@0.361	called_by:0x006034f7;called_by:0x00606087
0x006d7855	FUN_006d7855	RBFwdDataFlow__related_006d7855	callgraph_affinity	RBFwdDataFlow	0x00b0e84c	InterblockDf	0.370	RBBkwdDataFlow@0.370;RegReNameBkwdDataFlow@0.370;IndDataFlow@0.361;VNFwdDataFlow@0.361	called_by:0x0076da5c;called_by:0x0076e5c3
0x00735e98	FUN_00735e98	ppc970_resource_scheduler__related_00735e98	callgraph_affinity	ppc970_resource_scheduler	0x00ac5970	list_scheduler	0.370	resource_model_scheduler@0.361;g4_resource_scheduler@0.312;ame_resource_scheduler@0.312	called_by:0x00488266;called_by:0x00739097
0x00735ef9	FUN_00735ef9	ppc970_resource_scheduler__related_00735ef9	callgraph_affinity	ppc970_resource_scheduler	0x00ac5970	list_scheduler	0.370	compat_list_scheduler@0.370;resource_model_scheduler@0.361;list_scheduler@0.321;g4_resource_scheduler@0.312	called_by:0x00488266;called_by:0x00739097
0x00735f92	FUN_00735f92	ppc970_resource_scheduler__related_00735f92	callgraph_affinity	ppc970_resource_scheduler	0x00ac5970	list_scheduler	0.370	resource_model_scheduler@0.361;compat_list_scheduler@0.361;g4_resource_scheduler@0.312;ame_resource_scheduler@0.312	called_by:0x00488266;called_by:0x00739097
0x0077fb13	FUN_0077fb13	backend_t__related_0077fb13	callgraph_affinity	backend_t	0x00abfe94	backend_dataflow	0.370	backend_basetype2@0.361;vn_advisor_ppc_consolshift@0.312;vn_advisor_consol@0.312;vn_advisor_consoladd@0.312	called_by:0x00404f81;called_by:0x00735743
0x005f4045	FUN_005f4045	AliasAnalyzer__related_005f4045	callgraph_affinity	AliasAnalyzer	0x00aff0cc	AliasAnalyzer	0.369	TimeAccurateAliasAnalyzer@0.342;InterblockDf@0.258;CopyPropDf@0.258	called_by:0x005f4329;called_by:0x005f7add;called_by:0x005fc5a6
0x004074a1	FUN_004074a1	backend_basetype__related_004074a1	callgraph_affinity	backend_basetype	0x00afc4e0	backend_dataflow	0.366	backend_basetype2@0.316	2hop_calls:0x00568af3;called_by:0x005bd3e7
0x004160d8	FUN_004160d8	backend_basetype__related_004160d8	callgraph_affinity	backend_basetype	0x00afc4e0	backend_dataflow	0.366	compose@0.361;backend_basetype2@0.316	2hop_calls:0x00568af3;called_by:0x006c4c04
0x004e631b	FUN_004e631b	backend_basetype__related_004e631b	callgraph_affinity	backend_basetype	0x00afc4e0	backend_dataflow	0.366	backend_t@0.316;backend_basetype2@0.316	2hop_calls:0x00568af3;called_by:0x005bdb08
0x004e6f80	FUN_004e6f80	backend_basetype__related_004e6f80	callgraph_affinity	backend_basetype	0x00afc4e0	backend_dataflow	0.366	backend_t@0.316;backend_basetype2@0.316	2hop_calls:0x00568af3;called_by:0x005bdb08
0x00502a43	FUN_00502a43	backend_basetype__related_00502a43	callgraph_affinity	backend_basetype	0x00afc4e0	backend_dataflow	0.366	backend_basetype2@0.316	2hop_calls:0x00568af3;called_by:0x006c4c04
0x0058d3cd	FUN_0058d3cd	backend_basetype__related_0058d3cd	callgraph_affinity	backend_basetype	0x00afc4e0	backend_dataflow	0.366	backend_t@0.316;backend_basetype2@0.316	2hop_calls:0x00568af3;called_by:0x005bcecf
0x00676bd6	FUN_00676bd6	backend_basetype__related_00676bd6	callgraph_affinity	backend_basetype	0x00afc4e0	backend_dataflow	0.366	backend_basetype2@0.316	2hop_calls:0x00568af3;called_by:0x006c4c04
0x0069766d	FUN_0069766d	backend_basetype__related_0069766d	callgraph_affinity	backend_basetype	0x00afc4e0	backend_dataflow	0.366	backend_t@0.316;backend_basetype2@0.316	2hop_calls:0x00568af3;called_by:0x006c8f2b
0x006c00fe	FUN_006c00fe	backend_basetype__related_006c00fe	callgraph_affinity	backend_basetype	0x00afc4e0	backend_dataflow	0.366	backend_basetype2@0.316	2hop_calls:0x00568af3;called_by:0x006c4c04
0x006c8c7d	FUN_006c8c7d	backend_basetype__related_006c8c7d	callgraph_affinity	backend_basetype	0x00afc4e0	backend_dataflow	0.366	backend_t@0.316;backend_basetype2@0.316	2hop_calls:0x00568af3;called_by:0x006c8f2b
0x0073e433	FUN_0073e433	backend_basetype__related_0073e433	callgraph_affinity	backend_basetype	0x00afc4e0	backend_dataflow	0.366	backend_t@0.316;backend_basetype2@0.316	2hop_calls:0x00568af3;called_by:0x006c8f2b
0x00401d56	FUN_00401d56	backend_t__related_00401d56	callgraph_affinity	backend_t	0x00abfe94	backend_dataflow	0.365		2hop_calls:0x00568af3;called_by:0x00404f81
0x0041e79b	FUN_0041e79b	backend_t__related_0041e79b	callgraph_affinity	backend_t	0x00abfe94	backend_dataflow	0.365		2hop_calls:0x00568af3;called_by:0x00404b2f
0x004317a0	FUN_004317a0	backend_t__related_004317a0	callgraph_affinity	backend_t	0x00abfe94	backend_dataflow	0.365		2hop_calls:0x00568af3;called_by:0x00437ac1
0x004320ba	FUN_004320ba	backend_t__related_004320ba	callgraph_affinity	backend_t	0x00abfe94	backend_dataflow	0.365		2hop_calls:0x00568af3;called_by:0x0043269d
0x0043385b	FUN_0043385b	backend_t__related_0043385b	callgraph_affinity	backend_t	0x00abfe94	backend_dataflow	0.365		2hop_calls:0x00568af3;called_by:0x00437ac1
0x00434869	FUN_00434869	backend_t__related_00434869	callgraph_affinity	backend_t	0x00abfe94	backend_dataflow	0.365		2hop_calls:0x00568af3;called_by:0x00437ac1
0x0043543f	FUN_0043543f	backend_t__related_0043543f	callgraph_affinity	backend_t	0x00abfe94	backend_dataflow	0.365		2hop_calls:0x00568af3;called_by:0x00437ac1
0x004358b2	FUN_004358b2	backend_t__related_004358b2	callgraph_affinity	backend_t	0x00abfe94	backend_dataflow	0.365		2hop_calls:0x00568af3;called_by:0x00437ac1
0x00435f7a	FUN_00435f7a	backend_t__related_00435f7a	callgraph_affinity	backend_t	0x00abfe94	backend_dataflow	0.365		2hop_calls:0x00568af3;called_by:0x00437ac1
0x004379da	FUN_004379da	backend_t__related_004379da	callgraph_affinity	backend_t	0x00abfe94	backend_dataflow	0.365		2hop_calls:0x00568af3;called_by:0x00437ac1
0x00444684	FUN_00444684	backend_t__related_00444684	callgraph_affinity	backend_t	0x00abfe94	backend_dataflow	0.365		2hop_calls:0x00568af3;called_by:0x00446740
0x004708b0	FUN_004708b0	backend_t__related_004708b0	callgraph_affinity	backend_t	0x00abfe94	backend_dataflow	0.365		2hop_calls:0x00568af3;called_by:0x00470998
0x0047f1a6	FUN_0047f1a6	backend_t__related_0047f1a6	callgraph_affinity	backend_t	0x00abfe94	backend_dataflow	0.365		2hop_calls:0x00568af3;called_by:0x00470998
0x0049b068	FUN_0049b068	backend_t__related_0049b068	callgraph_affinity	backend_t	0x00abfe94	backend_dataflow	0.365		2hop_calls:0x00568af3;called_by:0x0049efb5
0x004aecf6	FUN_004aecf6	backend_t__related_004aecf6	callgraph_affinity	backend_t	0x00abfe94	backend_dataflow	0.365	bytereverser@0.361;objectdata@0.253;objectdata_twoop@0.253;objectdata_arrayop@0.253	2hop_calls:0x00568af3;called_by:0x00437ac1
0x004c72ab	FUN_004c72ab	backend_t__related_004c72ab	callgraph_affinity	backend_t	0x00abfe94	backend_dataflow	0.365	objectdata@0.253;objectdata_twoop@0.253;objectdata_arrayop@0.253;objectdata_vectorop@0.253	2hop_calls:0x00568af3;called_by:0x00437ac1
0x004cc19e	FUN_004cc19e	backend_t__related_004cc19e	callgraph_affinity	backend_t	0x00abfe94	backend_dataflow	0.365		2hop_calls:0x00568af3;called_by:0x00423aa1
0x004d8bcc	FUN_004d8bcc	backend_t__related_004d8bcc	callgraph_affinity	backend_t	0x00abfe94	backend_dataflow	0.365		2hop_calls:0x00568af3;called_by:0x00446740
0x00547c73	FUN_00547c73	backend_t__related_00547c73	callgraph_affinity	backend_t	0x00abfe94	backend_dataflow	0.365		2hop_calls:0x00568af3;called_by:0x00432726
0x00547d23	FUN_00547d23	backend_t__related_00547d23	callgraph_affinity	backend_t	0x00abfe94	backend_dataflow	0.365		2hop_calls:0x00568af3;called_by:0x00437ac1
0x0054977c	FUN_0054977c	backend_t__related_0054977c	callgraph_affinity	backend_t	0x00abfe94	backend_dataflow	0.365		2hop_calls:0x00568af3;called_by:0x00437ac1
0x0054ec49	FUN_0054ec49	backend_t__related_0054ec49	callgraph_affinity	backend_t	0x00abfe94	backend_dataflow	0.365		2hop_calls:0x00568af3;called_by:0x00437ac1
0x0054fa06	FUN_0054fa06	backend_t__related_0054fa06	callgraph_affinity	backend_t	0x00abfe94	backend_dataflow	0.365		2hop_calls:0x00568af3;called_by:0x00437ac1
0x00665697	FUN_00665697	backend_basetype2__related_00665697	callgraph_affinity	backend_basetype2	0x00b0b784	backend_dataflow	0.365		2hop_calls:0x00568af3;called_by:0x0077efbe
0x006bf910	FUN_006bf910	backend_basetype2__related_006bf910	callgraph_affinity	backend_basetype2	0x00b0b784	backend_dataflow	0.365	backend_t@0.316	2hop_calls:0x00568af3;called_by:0x007351e2
0x006bf986	FUN_006bf986	backend_basetype2__related_006bf986	callgraph_affinity	backend_basetype2	0x00b0b784	backend_dataflow	0.365	backend_t@0.316	2hop_calls:0x00568af3;called_by:0x007351e2
0x006bfb0e	FUN_006bfb0e	backend_basetype2__related_006bfb0e	callgraph_affinity	backend_basetype2	0x00b0b784	backend_dataflow	0.365	backend_t@0.316	2hop_calls:0x00568af3;called_by:0x007351e2
0x006d5474	FUN_006d5474	backend_t__related_006d5474	callgraph_affinity	backend_t	0x00abfe94	backend_dataflow	0.365	pt_alias@0.361	2hop_calls:0x00568af3;called_by:0x0046f5c7
0x006d693d	FUN_006d693d	backend_t__related_006d693d	callgraph_affinity	backend_t	0x00abfe94	backend_dataflow	0.365	pt_dead@0.361	2hop_calls:0x00568af3;called_by:0x00471795
0x006f5d19	FUN_006f5d19	backend_t__related_006f5d19	callgraph_affinity	backend_t	0x00abfe94	backend_dataflow	0.365		2hop_calls:0x00568af3;called_by:0x004711e8
0x006f9fe1	FUN_006f9fe1	backend_t__related_006f9fe1	callgraph_affinity	backend_t	0x00abfe94	backend_dataflow	0.365	pt_alias@0.361	2hop_calls:0x00568af3;called_by:0x0046f5c7
0x007351ab	FUN_007351ab	backend_basetype2__related_007351ab	callgraph_affinity	backend_basetype2	0x00b0b784	backend_dataflow	0.365	backend_t@0.316	2hop_calls:0x00568af3;called_by:0x00735743
0x0074fb92	FUN_0074fb92	backend_t__related_0074fb92	callgraph_affinity	backend_t	0x00abfe94	backend_dataflow	0.365		2hop_calls:0x00568af3;called_by:0x00403387
0x00750777	FUN_00750777	backend_t__related_00750777	callgraph_affinity	backend_t	0x00abfe94	backend_dataflow	0.365		2hop_calls:0x00568af3;called_by:0x00401ded
0x00750936	FUN_00750936	backend_t__related_00750936	callgraph_affinity	backend_t	0x00abfe94	backend_dataflow	0.365		2hop_calls:0x00568af3;called_by:0x00401ded
0x00755b6d	FUN_00755b6d	backend_t__related_00755b6d	callgraph_affinity	backend_t	0x00abfe94	backend_dataflow	0.365		2hop_calls:0x00568af3;called_by:0x00401ded
0x00756171	FUN_00756171	backend_t__related_00756171	callgraph_affinity	backend_t	0x00abfe94	backend_dataflow	0.365		2hop_calls:0x00568af3;called_by:0x00403387
0x0075b6ce	FUN_0075b6ce	backend_t__related_0075b6ce	callgraph_affinity	backend_t	0x00abfe94	backend_dataflow	0.365	backend_basetype@0.316;backend_basetype2@0.316;backend_dataflow@0.312	2hop_calls:0x00568af3;called_by:0x00401ded
0x0075f560	FUN_0075f560	backend_t__related_0075f560	callgraph_affinity	backend_t	0x00abfe94	backend_dataflow	0.365	backend_basetype@0.316;backend_basetype2@0.316;backend_dataflow@0.312	2hop_calls:0x00568af3;called_by:0x00403387
0x00764bf7	FUN_00764bf7	backend_t__related_00764bf7	callgraph_affinity	backend_t	0x00abfe94	backend_dataflow	0.365	backend_basetype@0.316;backend_basetype2@0.316;backend_dataflow@0.312	2hop_calls:0x00568af3;called_by:0x00401ded
0x007655ac	FUN_007655ac	backend_t__related_007655ac	callgraph_affinity	backend_t	0x00abfe94	backend_dataflow	0.365		2hop_calls:0x00568af3;called_by:0x00403387
0x007770eb	FUN_007770eb	backend_t__related_007770eb	callgraph_affinity	backend_t	0x00abfe94	backend_dataflow	0.365		2hop_calls:0x00568af3;called_by:0x00404f81
0x0077b94e	FUN_0077b94e	backend_t__related_0077b94e	callgraph_affinity	backend_t	0x00abfe94	backend_dataflow	0.365	backend_basetype2@0.365	2hop_calls:0x00568af3;called_by:0x00404f81
0x0077c443	FUN_0077c443	backend_t__related_0077c443	callgraph_affinity	backend_t	0x00abfe94	backend_dataflow	0.365	backend_basetype2@0.365	2hop_calls:0x00568af3;called_by:0x00404f81
0x0077d739	FUN_0077d739	backend_t__related_0077d739	callgraph_affinity	backend_t	0x00abfe94	backend_dataflow	0.365	backend_basetype2@0.365	2hop_calls:0x00568af3;called_by:0x00404f81
0x0077d8a0	FUN_0077d8a0	backend_t__related_0077d8a0	callgraph_affinity	backend_t	0x00abfe94	backend_dataflow	0.365	backend_basetype2@0.365	2hop_calls:0x00568af3;called_by:0x00404f81
0x0077e719	FUN_0077e719	backend_basetype2__related_0077e719	callgraph_affinity	backend_basetype2	0x00b0b784	backend_dataflow	0.365	backend_t@0.316	2hop_calls:0x00568af3;called_by:0x00735743
0x0077f7a4	FUN_0077f7a4	backend_basetype2__related_0077f7a4	callgraph_affinity	backend_basetype2	0x00b0b784	backend_dataflow	0.365	backend_t@0.316	2hop_calls:0x00568af3;called_by:0x00735743
0x004ffe82	FUN_004ffe82	AliasAnalyzer__related_004ffe82	callgraph_affinity	AliasAnalyzer	0x00aff0cc	AliasAnalyzer	0.364	CheckerFlow@0.361;EquivChecker@0.361;var_multimap_impl@0.361;var_disjointsets_impl@0.361	called_by:0x005f7add;called_by:0x005faf93
0x005d46b7	FUN_005d46b7	AliasAnalyzer__related_005d46b7	callgraph_affinity	AliasAnalyzer	0x00aff0cc	AliasAnalyzer	0.364		called_by:0x005e7ea4;called_by:0x005f7add
0x005dd9d8	FUN_005dd9d8	AliasAnalyzer__related_005dd9d8	callgraph_affinity	AliasAnalyzer	0x00aff0cc	AliasAnalyzer	0.364	CheckerFlow@0.361;objectdata_twoop@0.334;objectdata@0.289	called_by:0x005d6287;called_by:0x005f7add
0x005e91fa	FUN_005e91fa	AliasAnalyzer__related_005e91fa	callgraph_affinity	AliasAnalyzer	0x00aff0cc	AliasAnalyzer	0.364	objectdata_twoop@0.334;objectdata@0.289	called_by:0x005e7ea4;called_by:0x005f7add
0x005feb1e	FUN_005feb1e	alloc_table_bcl__related_005feb1e	callgraph_affinity	alloc_table_bcl	0x00b0a5e8	alloc_table	0.364	objectdata@0.258;objectdata_rouconstr@0.258;objectdata_variable@0.258	called_by:0x0071e19f
0x0071ded6	FUN_0071ded6	alloc_table_hash__related_0071ded6	callgraph_affinity	alloc_table_hash	0x00b0a5c8	alloc_table	0.364		called_by:0x0071dfdd
0x0071e051	FUN_0071e051	alloc_table_btree__related_0071e051	callgraph_affinity	alloc_table_btree	0x00b0a5d8	alloc_table	0.364		called_by:0x0071e0a4
0x007475f5	FUN_007475f5	Cmm__related_007475f5	callgraph_affinity	Cmm	0x00b0d2e4	Exp	0.364	Num@0.334;Exp@0.298;Val@0.289;Alu@0.289	called_by:0x00748805
0x0079cab0	FUN_0079cab0	IndInst_instopcomp__related_0079cab0	callgraph_affinity	IndInst::instopcomp	0x00b11f48	IndInst::instop	0.364		called_by:0x0079dc2a
0x0079cc9f	FUN_0079cc9f	IndInst_instopreglist__related_0079cc9f	callgraph_affinity	IndInst::instopreglist	0x00b11f58	IndInst::instop	0.364	std::exception@0.340;std::bad_alloc@0.340;IndInst::instop@0.289	called_by:0x0079deed
0x004deca0	FUN_004deca0	AliasAnalyzer__related_004deca0	callgraph_affinity	AliasAnalyzer	0x00aff0cc	AliasAnalyzer	0.362	TimeAccurateAliasAnalyzer@0.334	called_by:0x005d87cb;called_by:0x005f8f9f
0x004dee10	FUN_004dee10	AliasAnalyzer__related_004dee10	callgraph_affinity	AliasAnalyzer	0x00aff0cc	AliasAnalyzer	0.362	TimeAccurateAliasAnalyzer@0.334	called_by:0x005d87cb;called_by:0x005f8f9f
0x00537ff7	FUN_00537ff7	AliasAnalyzer__related_00537ff7	callgraph_affinity	AliasAnalyzer	0x00aff0cc	AliasAnalyzer	0.362	TimeAccurateAliasAnalyzer@0.334;NoReturnChecker@0.334;Checker@0.289;CheckerIntStateAll@0.289	called_by:0x005f4329;called_by:0x005f7add
0x005ce9af	FUN_005ce9af	AliasAnalyzer__related_005ce9af	callgraph_affinity	AliasAnalyzer	0x00aff0cc	AliasAnalyzer	0.362	TimeAccurateAliasAnalyzer@0.334	called_by:0x005d87cb;called_by:0x005f8f9f
0x005d78b3	FUN_005d78b3	AliasAnalyzer__related_005d78b3	callgraph_affinity	AliasAnalyzer	0x00aff0cc	AliasAnalyzer	0.362	TimeAccurateAliasAnalyzer@0.334	called_by:0x005d87cb;called_by:0x005f8f9f
0x005d7977	FUN_005d7977	AliasAnalyzer__related_005d7977	callgraph_affinity	AliasAnalyzer	0x00aff0cc	AliasAnalyzer	0.362	TimeAccurateAliasAnalyzer@0.334	called_by:0x005d87cb;called_by:0x005f8f9f
0x005d861c	FUN_005d861c	AliasAnalyzer__related_005d861c	callgraph_affinity	AliasAnalyzer	0x00aff0cc	AliasAnalyzer	0.362	TimeAccurateAliasAnalyzer@0.334	called_by:0x005d87cb;called_by:0x005f8f9f
0x005f2b67	FUN_005f2b67	AliasAnalyzer__related_005f2b67	callgraph_affinity	AliasAnalyzer	0x00aff0cc	AliasAnalyzer	0.362	TimeAccurateAliasAnalyzer@0.334	called_by:0x005f4329;called_by:0x005f7add
0x00401640	FUN_00401640	backend_t__related_00401640	callgraph_affinity	backend_t	0x00abfe94	backend_dataflow	0.361		called_by:0x00402fa8
0x00405200	FUN_00405200	backend_t__related_00405200	callgraph_affinity	backend_t	0x00abfe94	backend_dataflow	0.361	std::exception@0.352;std::out_of_range@0.352;std::bad_alloc@0.340;std::overflow_error@0.334	called_by:0x00422ff4
0x0040578f	FUN_0040578f	backend_t__related_0040578f	callgraph_affinity	backend_t	0x00abfe94	backend_dataflow	0.361	std::out_of_range@0.352;std::overflow_error@0.334;std::exception@0.311;std::logic_error@0.305	called_by:0x00422ff4
0x00405d8a	FUN_00405d8a	backend_t__related_00405d8a	callgraph_affinity	backend_t	0x00abfe94	backend_dataflow	0.361	std::out_of_range@0.334;std::exception@0.289;std::logic_error@0.289	called_by:0x00422ff4
0x00405dc1	FUN_00405dc1	backend_t__related_00405dc1	callgraph_affinity	backend_t	0x00abfe94	backend_dataflow	0.361	std::out_of_range@0.334;std::exception@0.289;std::logic_error@0.289	called_by:0x00422ff4
0x00405df8	FUN_00405df8	backend_t__related_00405df8	callgraph_affinity	backend_t	0x00abfe94	backend_dataflow	0.361	std::out_of_range@0.334;std::exception@0.289;std::logic_error@0.289	called_by:0x00422ff4
0x004081c8	FUN_004081c8	backend_t__related_004081c8	callgraph_affinity	backend_t	0x00abfe94	backend_dataflow	0.361		called_by:0x00424b8f
0x0040846e	FUN_0040846e	backend_basetype__related_0040846e	callgraph_affinity	backend_basetype	0x00afc4e0	backend_dataflow	0.361	compose@0.361;backend_basetype2@0.312	called_by:0x006c4c04
0x0040850c	FUN_0040850c	immediate__related_0040850c	callgraph_affinity	immediate	0x00b10d70	operand_parser	0.361	compose@0.361	called_by:0x007432aa
0x0040852f	FUN_0040852f	compose__related_0040852f	callgraph_affinity	compose	0x00b10db0	operand_parser	0.361		called_by:0x00744931
0x00408853	FUN_00408853	vn_advisor_ppc_consolshift__related_00408853	callgraph_affinity	vn_advisor_ppc_consolshift	0x00abf0b0	vn_advisor	0.361		called_by:0x00401490
0x0042215e	FUN_0042215e	backend_basetype__related_0042215e	callgraph_affinity	backend_basetype	0x00afc4e0	backend_dataflow	0.361	backend_t@0.312;backend_basetype2@0.312	called_by:0x005bdcdc
0x00422f2e	FUN_00422f2e	backend_t__related_00422f2e	callgraph_affinity	backend_t	0x00abfe94	backend_dataflow	0.361	std::out_of_range@0.334;std::exception@0.289;std::logic_error@0.289	called_by:0x00422ff4
0x0042774e	FUN_0042774e	backend_t__related_0042774e	callgraph_affinity	backend_t	0x00abfe94	backend_dataflow	0.361		called_by:0x00431693
0x00431fee	FUN_00431fee	backend_t__related_00431fee	callgraph_affinity	backend_t	0x00abfe94	backend_dataflow	0.361		called_by:0x0043269d
0x0043286e	FUN_0043286e	backend_t__related_0043286e	callgraph_affinity	backend_t	0x00abfe94	backend_dataflow	0.361		called_by:0x00437ac1
0x00432922	FUN_00432922	backend_t__related_00432922	callgraph_affinity	backend_t	0x00abfe94	backend_dataflow	0.361		called_by:0x00437ac1
0x00432abd	FUN_00432abd	backend_t__related_00432abd	callgraph_affinity	backend_t	0x00abfe94	backend_dataflow	0.361		called_by:0x00437ac1
0x0043362b	FUN_0043362b	backend_t__related_0043362b	callgraph_affinity	backend_t	0x00abfe94	backend_dataflow	0.361		called_by:0x00437ac1
0x0043463a	FUN_0043463a	backend_t__related_0043463a	callgraph_affinity	backend_t	0x00abfe94	backend_dataflow	0.361		called_by:0x00437ac1
0x004356f1	FUN_004356f1	backend_t__related_004356f1	callgraph_affinity	backend_t	0x00abfe94	backend_dataflow	0.361		called_by:0x00437ac1
0x0043594f	FUN_0043594f	backend_t__related_0043594f	callgraph_affinity	backend_t	0x00abfe94	backend_dataflow	0.361		called_by:0x00437ac1
0x004359a9	FUN_004359a9	backend_t__related_004359a9	callgraph_affinity	backend_t	0x00abfe94	backend_dataflow	0.361		called_by:0x00437ac1
0x0043672c	FUN_0043672c	backend_t__related_0043672c	callgraph_affinity	backend_t	0x00abfe94	backend_dataflow	0.361		called_by:0x00437ac1
0x00436941	FUN_00436941	backend_t__related_00436941	callgraph_affinity	backend_t	0x00abfe94	backend_dataflow	0.361		called_by:0x00437ac1
0x004377f2	FUN_004377f2	backend_t__related_004377f2	callgraph_affinity	backend_t	0x00abfe94	backend_dataflow	0.361		called_by:0x00437ac1
0x0043783e	FUN_0043783e	backend_t__related_0043783e	callgraph_affinity	backend_t	0x00abfe94	backend_dataflow	0.361		called_by:0x00437ac1
0x004378e4	FUN_004378e4	backend_t__related_004378e4	callgraph_affinity	backend_t	0x00abfe94	backend_dataflow	0.361		called_by:0x00437ac1
0x0043a180	FUN_0043a180	backend_t__related_0043a180	callgraph_affinity	backend_t	0x00abfe94	backend_dataflow	0.361		called_by:0x0043a1b7
0x0043bab4	FUN_0043bab4	backend_t__related_0043bab4	callgraph_affinity	backend_t	0x00abfe94	backend_dataflow	0.361		called_by:0x00423f45
0x0043cfa1	FUN_0043cfa1	backend_t__related_0043cfa1	callgraph_affinity	backend_t	0x00abfe94	backend_dataflow	0.361		called_by:0x00446740
0x0043ed70	FUN_0043ed70	backend_t__related_0043ed70	callgraph_affinity	backend_t	0x00abfe94	backend_dataflow	0.361		called_by:0x00423c13
0x0043ef78	FUN_0043ef78	backend_t__related_0043ef78	callgraph_affinity	backend_t	0x00abfe94	backend_dataflow	0.361		called_by:0x0049efb5
0x00444762	FUN_00444762	backend_t__related_00444762	callgraph_affinity	backend_t	0x00abfe94	backend_dataflow	0.361		called_by:0x00446740
0x004447e7	FUN_004447e7	backend_t__related_004447e7	callgraph_affinity	backend_t	0x00abfe94	backend_dataflow	0.361		called_by:0x00446740
0x00444978	FUN_00444978	backend_t__related_00444978	callgraph_affinity	backend_t	0x00abfe94	backend_dataflow	0.361		called_by:0x00446740
0x004451b1	FUN_004451b1	backend_t__related_004451b1	callgraph_affinity	backend_t	0x00abfe94	backend_dataflow	0.361		called_by:0x00446740
0x0045af70	FUN_0045af70	backend_t__related_0045af70	callgraph_affinity	backend_t	0x00abfe94	backend_dataflow	0.361		called_by:0x0046f93f
0x0045affb	FUN_0045affb	backend_t__related_0045affb	callgraph_affinity	backend_t	0x00abfe94	backend_dataflow	0.361		called_by:0x0046f93f
0x0045e0b3	FUN_0045e0b3	vn_advisor_ppc_consolshift__related_0045e0b3	callgraph_affinity	vn_advisor_ppc_consolshift	0x00abf0b0	vn_advisor	0.361		called_by:0x00401490
0x0046928f	FUN_0046928f	g4_resource_scheduler__related_0046928f	callgraph_affinity	g4_resource_scheduler	0x00ac5960	list_scheduler	0.361		called_by:0x00486cbc
0x004694eb	FUN_004694eb	RBFwdDataFlow__related_004694eb	callgraph_affinity	RBFwdDataFlow	0x00b0e84c	InterblockDf	0.361		called_by:0x00753c6c
0x0046957b	FUN_0046957b	RBFwdDataFlow__related_0046957b	callgraph_affinity	RBFwdDataFlow	0x00b0e84c	InterblockDf	0.361	backend_t@0.321;backend_basetype@0.321;backend_basetype2@0.321;backend_dataflow@0.321	called_by:0x00753c6c
0x0046958d	FUN_0046958d	backend_t__related_0046958d	callgraph_affinity	backend_t	0x00abfe94	backend_dataflow	0.361	Split64TestVisitor@0.334;MachopVisitor@0.289	called_by:0x00470998
0x00469752	FUN_00469752	RBFwdDataFlow__related_00469752	callgraph_affinity	RBFwdDataFlow	0x00b0e84c	InterblockDf	0.361		called_by:0x0076e139
0x0046c73e	FUN_0046c73e	backend_t__related_0046c73e	callgraph_affinity	backend_t	0x00abfe94	backend_dataflow	0.361		called_by:0x00424b5d
0x0046c838	FUN_0046c838	RBFwdDataFlow__related_0046c838	callgraph_affinity	RBFwdDataFlow	0x00b0e84c	InterblockDf	0.361	backend_t@0.312;backend_basetype@0.312;backend_basetype2@0.312;backend_dataflow@0.312	called_by:0x0076e139
0x0046fce2	FUN_0046fce2	backend_t__related_0046fce2	callgraph_affinity	backend_t	0x00abfe94	backend_dataflow	0.361		called_by:0x00470998
0x0046fd7a	FUN_0046fd7a	backend_t__related_0046fd7a	callgraph_affinity	backend_t	0x00abfe94	backend_dataflow	0.361		called_by:0x00470998
0x00470103	FUN_00470103	backend_t__related_00470103	callgraph_affinity	backend_t	0x00abfe94	backend_dataflow	0.361		called_by:0x00470998
0x00470266	FUN_00470266	backend_t__related_00470266	callgraph_affinity	backend_t	0x00abfe94	backend_dataflow	0.361		called_by:0x00470998
0x00470325	FUN_00470325	backend_t__related_00470325	callgraph_affinity	backend_t	0x00abfe94	backend_dataflow	0.361		called_by:0x00470998
0x00471f00	FUN_00471f00	backend_t__related_00471f00	callgraph_affinity	backend_t	0x00abfe94	backend_dataflow	0.361	empty@0.312;operand_parser@0.312;immediate_implicit@0.312;register_range@0.312	called_by:0x00446740
0x004727dd	FUN_004727dd	backend_basetype__related_004727dd	callgraph_affinity	backend_basetype	0x00afc4e0	backend_dataflow	0.361	backend_t@0.312;backend_basetype2@0.312	called_by:0x005bdbcd
0x0047dd67	FUN_0047dd67	backend_t__related_0047dd67	callgraph_affinity	backend_t	0x00abfe94	backend_dataflow	0.361		called_by:0x004242c0
0x0047dd8b	FUN_0047dd8b	backend_t__related_0047dd8b	callgraph_affinity	backend_t	0x00abfe94	backend_dataflow	0.361		called_by:0x004242c0
0x0047e00e	FUN_0047e00e	immediate_implicit__related_0047e00e	callgraph_affinity	immediate_implicit	0x00b0c7dc	operand_parser	0.361	register_implicit@0.361;objectdata_rouconstr@0.334;empty@0.312;operand_parser@0.312	called_by:0x00743a1f
0x004836e4	FUN_004836e4	compat_list_scheduler__related_004836e4	callgraph_affinity	compat_list_scheduler	0x00b0c104	list_scheduler	0.361		called_by:0x0073a849
0x0048577a	FUN_0048577a	compat_list_scheduler__related_0048577a	callgraph_affinity	compat_list_scheduler	0x00b0c104	list_scheduler	0.361		called_by:0x0073a849
0x00485829	FUN_00485829	compat_list_scheduler__related_00485829	callgraph_affinity	compat_list_scheduler	0x00b0c104	list_scheduler	0.361		called_by:0x0073a849
0x0048617a	FUN_0048617a	ls_window_scheduler__related_0048617a	callgraph_affinity	ls_window_scheduler	0x00b0c114	ws_interface	0.361		called_by:0x0073aa91
0x0048a890	FUN_0048a890	ame_resource_scheduler__related_0048a890	callgraph_affinity	ame_resource_scheduler	0x00ac5980	list_scheduler	0.361		called_by:0x0048a91c
0x0048c15b	FUN_0048c15b	backend_t__related_0048c15b	callgraph_affinity	backend_t	0x00abfe94	backend_dataflow	0.361		called_by:0x00424b5d
0x0049b44f	FUN_0049b44f	backend_t__related_0049b44f	callgraph_affinity	backend_t	0x00abfe94	backend_dataflow	0.361		called_by:0x0049efb5
0x0049dfef	FUN_0049dfef	ame_resource_scheduler__related_0049dfef	callgraph_affinity	ame_resource_scheduler	0x00ac5980	list_scheduler	0.361		called_by:0x0048a91c
0x0049ef8c	FUN_0049ef8c	backend_t__related_0049ef8c	callgraph_affinity	backend_t	0x00abfe94	backend_dataflow	0.361		called_by:0x0049efb5
0x004a23fc	FUN_004a23fc	backend_t__related_004a23fc	callgraph_affinity	backend_t	0x00abfe94	backend_dataflow	0.361		called_by:0x00404b2f
0x004a7dbe	FUN_004a7dbe	backend_t__related_004a7dbe	callgraph_affinity	backend_t	0x00abfe94	backend_dataflow	0.361		called_by:0x00437ac1
0x004ac8db	FUN_004ac8db	backend_t__related_004ac8db	callgraph_affinity	backend_t	0x00abfe94	backend_dataflow	0.361	objectdata_twoop@0.334;objectdata@0.289	called_by:0x00437ac1
0x004aca8a	FUN_004aca8a	backend_t__related_004aca8a	callgraph_affinity	backend_t	0x00abfe94	backend_dataflow	0.361	objectdata@0.253;objectdata_twoop@0.253;objectdata_arrayop@0.253;objectdata_vectorop@0.253	called_by:0x00437ac1
0x004acb4d	FUN_004acb4d	backend_t__related_004acb4d	callgraph_affinity	backend_t	0x00abfe94	backend_dataflow	0.361	backend_basetype@0.361;backend_basetype2@0.312	called_by:0x004a4615
0x004addd5	FUN_004addd5	backend_t__related_004addd5	callgraph_affinity	backend_t	0x00abfe94	backend_dataflow	0.361	objectdata@0.253;objectdata_twoop@0.253;objectdata_arrayop@0.253;objectdata_vectorop@0.253	called_by:0x00437ac1
0x004b1503	FUN_004b1503	UninitMemChecker__related_004b1503	callgraph_affinity	UninitMemChecker	0x00b016c0	Checker	0.361	MemLeakChecker@0.361;MemLeakCheckerBackwards@0.361;DerefNULLChecker@0.361;objectdata_twoop@0.334	called_by:0x00607766
0x004c6cdd	FUN_004c6cdd	bytereverser__related_004c6cdd	callgraph_affinity	bytereverser	0x00b020b0	ObjectVisitor	0.361	objectdata@0.253;objectdata_twoop@0.253;objectdata_arrayop@0.253;objectdata_vectorop@0.253	called_by:0x006204c7
0x004c7702	FUN_004c7702	backend_t__related_004c7702	callgraph_affinity	backend_t	0x00abfe94	backend_dataflow	0.361	NoReturnChecker@0.334;Checker@0.289;CheckerIntStateAll@0.289;CheckerIntState@0.289	called_by:0x00437ac1
0x004cc166	FUN_004cc166	NULLCheckCheckerBackwards__related_004cc166	callgraph_affinity	NULLCheckCheckerBackwards	0x00b01710	Checker	0.361	FreeChecker@0.361;UnreadCheckerBackwards@0.361;StrictUninitChecker@0.361	called_by:0x0060afe1
0x004d2c1b	FUN_004d2c1b	bytereverser__related_004d2c1b	callgraph_affinity	bytereverser	0x00b020b0	ObjectVisitor	0.361		called_by:0x006204c7
0x004d5be3	FUN_004d5be3	ConstChecker__related_004d5be3	callgraph_affinity	ConstChecker	0x00b016a0	Checker	0.361	UninitMemChecker@0.361;MemLeakChecker@0.361;MemLeakCheckerBackwards@0.361;NULLCheckChecker@0.361	called_by:0x00604574
0x004d5e8f	FUN_004d5e8f	LocalScopeChecker__related_004d5e8f	callgraph_affinity	LocalScopeChecker	0x00b01750	Checker	0.361	ReadOnlyWriteChecker@0.361;NoFlowChecker@0.361	called_by:0x0060b702
0x004d623f	FUN_004d623f	backend_t__related_004d623f	callgraph_affinity	backend_t	0x00abfe94	backend_dataflow	0.361	backend_basetype@0.361;backend_basetype2@0.312	called_by:0x0042420b
0x004da6f3	FUN_004da6f3	pt_alias__related_004da6f3	callgraph_affinity	pt_alias	0x00b01e88	peep_transformer	0.361	pt_const@0.361	called_by:0x0061f062
0x004da908	FUN_004da908	backend_t__related_004da908	callgraph_affinity	backend_t	0x00abfe94	backend_dataflow	0.361	nonstandard_type_handler@0.312;bytereverser@0.312	called_by:0x00437ac1
0x004db23d	FUN_004db23d	backend_t__related_004db23d	callgraph_affinity	backend_t	0x00abfe94	backend_dataflow	0.361	backend_basetype@0.361;backend_basetype2@0.312	called_by:0x004221e8
0x004dc442	FUN_004dc442	backend_basetype__related_004dc442	callgraph_affinity	backend_basetype	0x00afc4e0	backend_dataflow	0.361	objectdata_call@0.334;backend_basetype2@0.312;objectdata@0.289	called_by:0x005bda6a
0x004dc754	FUN_004dc754	compose__related_004dc754	callgraph_affinity	compose	0x00b10db0	operand_parser	0.361		called_by:0x00744931
0x004e427d	FUN_004e427d	backend_t__related_004e427d	callgraph_affinity	backend_t	0x00abfe94	backend_dataflow	0.361	std::out_of_range@0.334;std::exception@0.289;std::logic_error@0.289	called_by:0x00422ff4
0x004e4c9f	FUN_004e4c9f	backend_basetype__related_004e4c9f	callgraph_affinity	backend_basetype	0x00afc4e0	backend_dataflow	0.361	objectdata_rouconstr@0.334;objectdata_twoop@0.334;backend_t@0.312;backend_basetype2@0.312	called_by:0x005bdb08
0x004e5437	FUN_004e5437	backend_t__related_004e5437	callgraph_affinity	backend_t	0x00abfe94	backend_dataflow	0.361		called_by:0x00470998
0x004e69f2	FUN_004e69f2	backend_basetype__related_004e69f2	callgraph_affinity	backend_basetype	0x00afc4e0	backend_dataflow	0.361	backend_t@0.312;backend_basetype2@0.312	called_by:0x005bdb08
0x004f4c5d	FUN_004f4c5d	immediate__related_004f4c5d	callgraph_affinity	immediate	0x00b10d70	operand_parser	0.361		called_by:0x007432aa
0x004f5c25	FUN_004f5c25	ConstChecker__related_004f5c25	callgraph_affinity	ConstChecker	0x00b016a0	Checker	0.361	ReadOnlyWriteChecker@0.361;NoFlowChecker@0.361	called_by:0x00604574
0x004ff61e	FUN_004ff61e	DerefNULLChecker__related_004ff61e	callgraph_affinity	DerefNULLChecker	0x00b01740	Checker	0.361		called_by:0x0060b452
0x004ff8bf	FUN_004ff8bf	var_multimap_impl__related_004ff8bf	callgraph_affinity	var_multimap_impl	0x00b0d408	var_multimap	0.361	AliasAnalyzer@0.353	called_by:0x0074a392
0x004ff8f4	FUN_004ff8f4	backend_t__related_004ff8f4	callgraph_affinity	backend_t	0x00abfe94	backend_dataflow	0.361	StrictUninitChecker@0.361;var_multimap_impl@0.361;objectdata_twoop@0.334;NoReturnChecker@0.334	called_by:0x00437ac1
0x004ff910	FUN_004ff910	var_multimap_impl__related_004ff910	callgraph_affinity	var_multimap_impl	0x00b0d408	var_multimap	0.361		called_by:0x0074a3d9
0x004ff964	FUN_004ff964	backend_t__related_004ff964	callgraph_affinity	backend_t	0x00abfe94	backend_dataflow	0.361	CheckerFlow@0.361;var_multimap_impl@0.361;AliasAnalyzer@0.353;objectdata_twoop@0.334	called_by:0x00437ac1
0x004ffc11	FUN_004ffc11	RBFwdDataFlow__related_004ffc11	callgraph_affinity	RBFwdDataFlow	0x00b0e84c	InterblockDf	0.361	NoReturnChecker@0.334;Checker@0.289;CheckerIntStateAll@0.289;CheckerIntState@0.289	called_by:0x00753c6c
0x004ffff1	FUN_004ffff1	backend_t__related_004ffff1	callgraph_affinity	backend_t	0x00abfe94	backend_dataflow	0.361		called_by:0x00437ac1
0x00500129	FUN_00500129	var_multimap_impl__related_00500129	callgraph_affinity	var_multimap_impl	0x00b0d408	var_multimap	0.361		called_by:0x0074a477
0x00500353	FUN_00500353	CheckerFlow__related_00500353	callgraph_affinity	CheckerFlow	0x00b01680	InterblockDf	0.361		called_by:0x00611205
0x005007d3	FUN_005007d3	PostLivenessDf__related_005007d3	callgraph_affinity	PostLivenessDf	0x00acf6f0	InterblockDf	0.361		called_by:0x00500d44
0x00500841	FUN_00500841	PostLivenessDf__related_00500841	callgraph_affinity	PostLivenessDf	0x00acf6f0	InterblockDf	0.361		called_by:0x00500d44
0x0050116b	FUN_0050116b	RegReNameBkwdDataFlow__related_0050116b	callgraph_affinity	RegReNameBkwdDataFlow	0x00b0e86c	InterblockDf	0.361		called_by:0x0076a5ce
0x00501c94	FUN_00501c94	backend_basetype__related_00501c94	callgraph_affinity	backend_basetype	0x00afc4e0	backend_dataflow	0.361	backend_t@0.312;backend_basetype2@0.312	called_by:0x005bde20
0x00502352	FUN_00502352	CheckerFlow__related_00502352	callgraph_affinity	CheckerFlow	0x00b01680	InterblockDf	0.361		called_by:0x00611205
0x0051d565	FUN_0051d565	ConstChecker__related_0051d565	callgraph_affinity	ConstChecker	0x00b016a0	Checker	0.361		called_by:0x00606314
0x0052122c	FUN_0052122c	resource_model_scheduler__related_0052122c	callgraph_affinity	resource_model_scheduler	0x00b0c0f4	list_scheduler	0.361	list_scheduler@0.321;g4_resource_scheduler@0.312;ppc970_resource_scheduler@0.312;ame_resource_scheduler@0.312	called_by:0x00739824
0x00521820	FUN_00521820	CheckerFlow__related_00521820	callgraph_affinity	CheckerFlow	0x00b01680	InterblockDf	0.361		called_by:0x00611205
0x00521e2b	FUN_00521e2b	backend_basetype__related_00521e2b	callgraph_affinity	backend_basetype	0x00afc4e0	backend_dataflow	0.361	backend_t@0.312;backend_basetype2@0.312	called_by:0x005bccea
0x005222e5	FUN_005222e5	VNFwdDataFlow__related_005222e5	callgraph_affinity	VNFwdDataFlow	0x00b0ed44	InterblockDf	0.361		called_by:0x0077a131
0x00522354	FUN_00522354	backend_t__related_00522354	callgraph_affinity	backend_t	0x00abfe94	backend_dataflow	0.361	immediate@0.361;objectdata_rouconstr@0.334;objectdata@0.289	called_by:0x00423e2d
0x00549597	FUN_00549597	backend_t__related_00549597	callgraph_affinity	backend_t	0x00abfe94	backend_dataflow	0.361		called_by:0x00437ac1
0x005495e3	FUN_005495e3	backend_t__related_005495e3	callgraph_affinity	backend_t	0x00abfe94	backend_dataflow	0.361		called_by:0x00437ac1
0x0054b4cf	FUN_0054b4cf	backend_t__related_0054b4cf	callgraph_affinity	backend_t	0x00abfe94	backend_dataflow	0.361	objectdata@0.253;objectdata_twoop@0.253;objectdata_arrayop@0.253;objectdata_vectorop@0.253	called_by:0x00437ac1
0x0054c18a	FUN_0054c18a	backend_t__related_0054c18a	callgraph_affinity	backend_t	0x00abfe94	backend_dataflow	0.361		called_by:0x00437ac1
0x0054c3f8	FUN_0054c3f8	backend_t__related_0054c3f8	callgraph_affinity	backend_t	0x00abfe94	backend_dataflow	0.361		called_by:0x00437ac1
0x0054cdc8	FUN_0054cdc8	backend_t__related_0054cdc8	callgraph_affinity	backend_t	0x00abfe94	backend_dataflow	0.361		called_by:0x00437ac1
0x0054f9ee	FUN_0054f9ee	backend_t__related_0054f9ee	callgraph_affinity	backend_t	0x00abfe94	backend_dataflow	0.361		called_by:0x00437ac1
0x0054fa85	FUN_0054fa85	backend_t__related_0054fa85	callgraph_affinity	backend_t	0x00abfe94	backend_dataflow	0.361		called_by:0x00437ac1
0x0054fa9c	FUN_0054fa9c	backend_t__related_0054fa9c	callgraph_affinity	backend_t	0x00abfe94	backend_dataflow	0.361		called_by:0x00437ac1
0x0054fae2	FUN_0054fae2	backend_t__related_0054fae2	callgraph_affinity	backend_t	0x00abfe94	backend_dataflow	0.361		called_by:0x00437ac1
0x0054fc8a	FUN_0054fc8a	backend_t__related_0054fc8a	callgraph_affinity	backend_t	0x00abfe94	backend_dataflow	0.361		called_by:0x00437ac1
0x0054fd12	FUN_0054fd12	backend_t__related_0054fd12	callgraph_affinity	backend_t	0x00abfe94	backend_dataflow	0.361		called_by:0x00437ac1
0x005500b3	FUN_005500b3	backend_t__related_005500b3	callgraph_affinity	backend_t	0x00abfe94	backend_dataflow	0.361		called_by:0x00437ac1
0x00568b02	FUN_00568b02	backend_basetype__related_00568b02	callgraph_affinity	backend_basetype	0x00afc4e0	backend_dataflow	0.361	backend_basetype2@0.312	called_by:0x005bd3e7
0x00568b3b	FUN_00568b3b	backend_basetype__related_00568b3b	callgraph_affinity	backend_basetype	0x00afc4e0	backend_dataflow	0.361	compose@0.361;singleton_iter@0.334;objectlist_iter@0.334;var_map<objectlist>::var_map_iter@0.334	called_by:0x006c8f2b
0x00569f49	FUN_00569f49	backend_basetype__related_00569f49	callgraph_affinity	backend_basetype	0x00afc4e0	backend_dataflow	0.361	backend_t@0.312;backend_basetype2@0.312	called_by:0x005bccea
0x0058ee26	FUN_0058ee26	backend_basetype__related_0058ee26	callgraph_affinity	backend_basetype	0x00afc4e0	backend_dataflow	0.361	backend_t@0.312;backend_basetype2@0.312	called_by:0x005bcf2f
0x0058fd09	FUN_0058fd09	backend_t__related_0058fd09	callgraph_affinity	backend_t	0x00abfe94	backend_dataflow	0.361		called_by:0x0046f93f
0x0058febc	FUN_0058febc	LivenessDf__related_0058febc	callgraph_affinity	LivenessDf	0x00acf6e0	InterblockDf	0.361		called_by:0x00500b9f
0x0058ff73	FUN_0058ff73	UnreadChecker__related_0058ff73	callgraph_affinity	UnreadChecker	0x00b017a0	Checker	0.361		called_by:0x0060c08e
0x00590070	FUN_00590070	TouchesDf__related_00590070	callgraph_affinity	TouchesDf	0x00acf6d0	InterblockDf	0.361	LivenessDf@0.361	called_by:0x00500b42
0x0059010b	FUN_0059010b	LivenessDf__related_0059010b	callgraph_affinity	LivenessDf	0x00acf6e0	InterblockDf	0.361	PostLivenessDf@0.361	called_by:0x00500cd7
0x005901e3	FUN_005901e3	PostLivenessDf__related_005901e3	callgraph_affinity	PostLivenessDf	0x00acf6f0	InterblockDf	0.361		called_by:0x00500d44
0x00590a32	FUN_00590a32	backend_t__related_00590a32	callgraph_affinity	backend_t	0x00abfe94	backend_dataflow	0.361		called_by:0x00423aa1
0x00599aa1	FUN_00599aa1	bytereverser__related_00599aa1	callgraph_affinity	bytereverser	0x00b020b0	ObjectVisitor	0.361		called_by:0x006204c7
0x0059b35b	FUN_0059b35b	backend_t__related_0059b35b	callgraph_affinity	backend_t	0x00abfe94	backend_dataflow	0.361		called_by:0x0049efb5
0x0059b41d	FUN_0059b41d	backend_basetype__related_0059b41d	callgraph_affinity	backend_basetype	0x00afc4e0	backend_dataflow	0.361	StrictUninitChecker@0.361;backend_t@0.312;backend_basetype2@0.312	called_by:0x009947c2
0x0059eba5	FUN_0059eba5	DebugOutputGen__related_0059eba5	callgraph_affinity	DebugOutputGen	0x00b12840	OutputGen	0.361	std::out_of_range@0.334;Disassembler@0.321;std::exception@0.289;std::logic_error@0.289	called_by:0x007a11cf
0x0059f01a	FUN_0059f01a	backend_t__related_0059f01a	callgraph_affinity	backend_t	0x00abfe94	backend_dataflow	0.361	objectdata@0.258;objectdata_rouconstr@0.258;objectdata_variable@0.258	called_by:0x00423ce7
0x0059f410	FUN_0059f410	textset__related_0059f410	callgraph_affinity	textset	0x00b10d60	operand_parser	0.361	statictext@0.361;suffix@0.361	called_by:0x0078dfda
0x0059fa6b	FUN_0059fa6b	join__related_0059fa6b	callgraph_affinity	join	0x00b10e00	operand_parser	0.361		called_by:0x00790b2e
0x005a064d	FUN_005a064d	join__related_005a064d	callgraph_affinity	join	0x00b10e00	operand_parser	0.361	std::out_of_range@0.344;Disassembler@0.321;std::exception@0.298;std::logic_error@0.298	called_by:0x00790b2e
0x005a07cc	FUN_005a07cc	DebugOutputGen__related_005a07cc	callgraph_affinity	DebugOutputGen	0x00b12840	OutputGen	0.361		called_by:0x007a1239
0x005a0a5b	FUN_005a0a5b	immediate__related_005a0a5b	callgraph_affinity	immediate	0x00b10d70	operand_parser	0.361	std::out_of_range@0.334;Disassembler@0.312;std::exception@0.289;std::logic_error@0.289	called_by:0x0078cd07
0x005a4ce8	FUN_005a4ce8	immediate__related_005a4ce8	callgraph_affinity	immediate	0x00b10d70	operand_parser	0.361		called_by:0x0078cd07
0x005b99ff	FUN_005b99ff	immediate_implicit__related_005b99ff	callgraph_affinity	immediate_implicit	0x00b0c7dc	operand_parser	0.361	register_implicit@0.361;compose@0.361;empty@0.312;operand_parser@0.312	called_by:0x00743a1f
0x005d8b96	FUN_005d8b96	DownSafetyDf__related_005d8b96	callgraph_affinity	DownSafetyDf	0x00afd638	InterblockDf	0.361	EarliestDf@0.361;DelayedDf@0.361;GcseLiveDf@0.361;HoistRedundantDf@0.361	called_by:0x005d9425
0x005ea729	FUN_005ea729	ValueNeededDf__related_005ea729	callgraph_affinity	ValueNeededDf	0x00aff16c	InterblockDf	0.361		called_by:0x005ea90a
0x005f98b1	FUN_005f98b1	HoistAvailDf__related_005f98b1	callgraph_affinity	HoistAvailDf	0x00afd738	InterblockDf	0.361	HoistRedundantDf@0.361;HoistDelayDf@0.361;HoistFinal2Df@0.361	called_by:0x005f9adc
0x005fc2c1	FUN_005fc2c1	CopyPropDf__related_005fc2c1	callgraph_affinity	CopyPropDf	0x00aff1ec	InterblockDf	0.361		called_by:0x005fc3a0
0x005fea08	FUN_005fea08	CheckerFlow__related_005fea08	callgraph_affinity	CheckerFlow	0x00b01680	InterblockDf	0.361	VNFwdDataFlow@0.361;AliasAnalyzer@0.353;objectdata_twoop@0.334;NoReturnChecker@0.334	called_by:0x00611205
0x005feb58	FUN_005feb58	CheckerFlow__related_005feb58	callgraph_affinity	CheckerFlow	0x00b01680	InterblockDf	0.361	NoReturnChecker@0.334;Checker@0.289;CheckerIntStateAll@0.289;CheckerIntState@0.289	called_by:0x00611205
0x005fecb0	FUN_005fecb0	immediate__related_005fecb0	callgraph_affinity	immediate	0x00b10d70	operand_parser	0.361		called_by:0x0079bc62
0x005ff052	FUN_005ff052	register_range__related_005ff052	callgraph_affinity	register_range	0x00b10d30	operand_parser	0.361	register_set@0.361;register_implicit@0.361	called_by:0x00742a3b
0x005ff0d8	FUN_005ff0d8	register_range__related_005ff0d8	callgraph_affinity	register_range	0x00b10d30	operand_parser	0.361	register_set@0.361;register_implicit@0.361	called_by:0x00742a3b
0x00601097	FUN_00601097	CheckerFlow__related_00601097	callgraph_affinity	CheckerFlow	0x00b01680	InterblockDf	0.361		called_by:0x00611205
0x00601625	FUN_00601625	CheckerFlow__related_00601625	callgraph_affinity	CheckerFlow	0x00b01680	InterblockDf	0.361		called_by:0x00611205
0x00601bbe	FUN_00601bbe	CheckerFlow__related_00601bbe	callgraph_affinity	CheckerFlow	0x00b01680	InterblockDf	0.361		called_by:0x00611205
0x00601df4	FUN_00601df4	CheckerFlow__related_00601df4	callgraph_affinity	CheckerFlow	0x00b01680	InterblockDf	0.361	NoReturnChecker@0.334;Checker@0.289;CheckerIntStateAll@0.289;CheckerIntState@0.289	called_by:0x00611205
0x00602254	FUN_00602254	CheckerFlow__related_00602254	callgraph_affinity	CheckerFlow	0x00b01680	InterblockDf	0.361	NoReturnChecker@0.334;Checker@0.289;CheckerIntStateAll@0.289;CheckerIntState@0.289	called_by:0x00611205
0x006026f0	FUN_006026f0	CheckerFlow__related_006026f0	callgraph_affinity	CheckerFlow	0x00b01680	InterblockDf	0.361		called_by:0x00611205
0x00602aeb	FUN_00602aeb	CheckerFlow__related_00602aeb	callgraph_affinity	CheckerFlow	0x00b01680	InterblockDf	0.361	NoReturnChecker@0.334;Checker@0.289;CheckerIntStateAll@0.289;CheckerIntState@0.289	called_by:0x00611205
0x00602c15	FUN_00602c15	CheckerFlow__related_00602c15	callgraph_affinity	CheckerFlow	0x00b01680	InterblockDf	0.361	NoReturnChecker@0.334;Checker@0.289;CheckerIntStateAll@0.289;CheckerIntState@0.289	called_by:0x00611205
0x00602ce4	FUN_00602ce4	CheckerFlow__related_00602ce4	callgraph_affinity	CheckerFlow	0x00b01680	InterblockDf	0.361	NoReturnChecker@0.334;Checker@0.289;CheckerIntStateAll@0.289;CheckerIntState@0.289	called_by:0x00611205
0x0060311f	FUN_0060311f	UninitMemChecker__related_0060311f	callgraph_affinity	UninitMemChecker	0x00b016c0	Checker	0.361	MemLeakChecker@0.361;MemLeakCheckerBackwards@0.361;DerefNULLChecker@0.361;LocalScopeChecker@0.361	called_by:0x00607766
0x00603164	FUN_00603164	LocalScopeChecker__related_00603164	callgraph_affinity	LocalScopeChecker	0x00b01750	Checker	0.361	NoFlowChecker@0.361	called_by:0x0060b655
0x0060319c	FUN_0060319c	CheckerFlow__related_0060319c	callgraph_affinity	CheckerFlow	0x00b01680	InterblockDf	0.361	objectdata_twoop@0.339;objectdata@0.289	called_by:0x00611205
0x006033a8	FUN_006033a8	CheckerIntStateSafevar__related_006033a8	callgraph_affinity	CheckerIntStateSafevar	0x00aff51c	Checker	0.361	MemLeakChecker@0.312;MemLeakCheckerBackwards@0.312;UnreadChecker@0.312;UnreadCheckerBackwards@0.312	called_by:0x0060350c
0x00603561	FUN_00603561	UnreadCheckerBackwards__related_00603561	callgraph_affinity	UnreadCheckerBackwards	0x00b017b0	Checker	0.361		called_by:0x0060c140
0x00603690	FUN_00603690	UninitMemChecker__related_00603690	callgraph_affinity	UninitMemChecker	0x00b016c0	Checker	0.361		called_by:0x00607cad
0x00604b71	FUN_00604b71	EquivChecker__related_00604b71	callgraph_affinity	EquivChecker	0x00b016b0	Checker	0.361		called_by:0x00606e3f
0x00604c1f	FUN_00604c1f	RangeChecker__related_00604c1f	callgraph_affinity	RangeChecker	0x00b016d0	Checker	0.361	NoFlowChecker@0.361	called_by:0x006059b7
0x00605214	FUN_00605214	RangeChecker__related_00605214	callgraph_affinity	RangeChecker	0x00b016d0	Checker	0.361	NoFlowChecker@0.361	called_by:0x006051cb
0x006069c8	FUN_006069c8	ReadOnlyWriteChecker__related_006069c8	callgraph_affinity	ReadOnlyWriteChecker	0x00b01760	Checker	0.361	NULLCheckDerefChecker@0.361;NoFlowChecker@0.361	called_by:0x0060b8f5
0x00606cd8	FUN_00606cd8	EquivChecker__related_00606cd8	callgraph_affinity	EquivChecker	0x00b016b0	Checker	0.361		called_by:0x00606f1d
0x00606d35	FUN_00606d35	EquivChecker__related_00606d35	callgraph_affinity	EquivChecker	0x00b016b0	Checker	0.361		called_by:0x00606e3f
0x00606ee6	FUN_00606ee6	EquivChecker__related_00606ee6	callgraph_affinity	EquivChecker	0x00b016b0	Checker	0.361		called_by:0x00606f1d
0x006070fd	FUN_006070fd	EquivChecker__related_006070fd	callgraph_affinity	EquivChecker	0x00b016b0	Checker	0.361		called_by:0x006074e6
0x00607254	FUN_00607254	EquivChecker__related_00607254	callgraph_affinity	EquivChecker	0x00b016b0	Checker	0.361		called_by:0x006074e6
0x006075e4	FUN_006075e4	UninitMemChecker__related_006075e4	callgraph_affinity	UninitMemChecker	0x00b016c0	Checker	0.361	NULLCheckChecker@0.361	called_by:0x00607766
0x006076a5	FUN_006076a5	UninitMemChecker__related_006076a5	callgraph_affinity	UninitMemChecker	0x00b016c0	Checker	0.361		called_by:0x00607766
0x0060ac95	FUN_0060ac95	NULLCheckDerefChecker__related_0060ac95	callgraph_affinity	NULLCheckDerefChecker	0x00b017c0	Checker	0.361		called_by:0x0060c46a
0x0060c8f6	FUN_0060c8f6	CheckerFlow__related_0060c8f6	callgraph_affinity	CheckerFlow	0x00b01680	InterblockDf	0.361		called_by:0x00611205
0x0060d51f	FUN_0060d51f	FreeChecker__related_0060d51f	callgraph_affinity	FreeChecker	0x00b01720	Checker	0.361		called_by:0x0060b123
0x0060d590	FUN_0060d590	MemLeakChecker__related_0060d590	callgraph_affinity	MemLeakChecker	0x00b016e0	Checker	0.361	LocalScopeChecker@0.361	called_by:0x0060677f
0x0060d5be	FUN_0060d5be	NULLCheckChecker__related_0060d5be	callgraph_affinity	NULLCheckChecker	0x00b01700	Checker	0.361	FreeChecker@0.361;DerefNULLChecker@0.361;LocalScopeChecker@0.361;ReadOnlyWriteChecker@0.361	called_by:0x0060ae91
0x0060d660	FUN_0060d660	LocalScopeChecker__related_0060d660	callgraph_affinity	LocalScopeChecker	0x00b01750	Checker	0.361		called_by:0x0060b702
0x0060d866	FUN_0060d866	ConstChecker__related_0060d866	callgraph_affinity	ConstChecker	0x00b016a0	Checker	0.361	RangeChecker@0.361;LocalScopeChecker@0.361	called_by:0x00604574
0x0060e85e	FUN_0060e85e	UninitMemChecker__related_0060e85e	callgraph_affinity	UninitMemChecker	0x00b016c0	Checker	0.361	MemLeakChecker@0.361;MemLeakCheckerBackwards@0.361;NULLCheckChecker@0.361;NULLCheckCheckerBackwards@0.361	called_by:0x00607cad
0x0060f6d1	FUN_0060f6d1	ConstChecker__related_0060f6d1	callgraph_affinity	ConstChecker	0x00b016a0	Checker	0.361		called_by:0x00606087
0x006102a6	FUN_006102a6	UnreadCheckerBackwards__related_006102a6	callgraph_affinity	UnreadCheckerBackwards	0x00b017b0	Checker	0.361	UninitReadCheckerBackwards@0.361	called_by:0x0060c140
0x0061030b	FUN_0061030b	CheckerFlow__related_0061030b	callgraph_affinity	CheckerFlow	0x00b01680	InterblockDf	0.361		called_by:0x00611205
0x00610540	FUN_00610540	CheckerFlow__related_00610540	callgraph_affinity	CheckerFlow	0x00b01680	InterblockDf	0.361		called_by:0x00611205
0x006110f0	FUN_006110f0	CheckerFlow__related_006110f0	callgraph_affinity	CheckerFlow	0x00b01680	InterblockDf	0.361		called_by:0x00611205
0x00612776	FUN_00612776	CheckerFlow__related_00612776	callgraph_affinity	CheckerFlow	0x00b01680	InterblockDf	0.361		called_by:0x00611205
0x0061280a	FUN_0061280a	MemLeakCheckerBackwards__related_0061280a	callgraph_affinity	MemLeakCheckerBackwards	0x00b016f0	Checker	0.361		called_by:0x0060652a
0x00612c98	FUN_00612c98	CheckerFlow__related_00612c98	callgraph_affinity	CheckerFlow	0x00b01680	InterblockDf	0.361		called_by:0x00611205
0x00612d42	FUN_00612d42	CheckerFlow__related_00612d42	callgraph_affinity	CheckerFlow	0x00b01680	InterblockDf	0.361		called_by:0x00611205
0x0061c097	FUN_0061c097	pt_condcodes__related_0061c097	callgraph_affinity	pt_condcodes	0x00b01e68	peep_transformer	0.361	pt_dead@0.361;pt_const@0.361	called_by:0x0061ebb6
0x0061c13d	FUN_0061c13d	pt_condcodes__related_0061c13d	callgraph_affinity	pt_condcodes	0x00b01e68	peep_transformer	0.361	pt_dead@0.361;pt_alias@0.361	called_by:0x0061ebb6
0x0061f597	FUN_0061f597	pt_const__related_0061f597	callgraph_affinity	pt_const	0x00b01e98	peep_transformer	0.361		called_by:0x0061fb3d
0x00620396	FUN_00620396	bytereverser__related_00620396	callgraph_affinity	bytereverser	0x00b020b0	ObjectVisitor	0.361		called_by:0x006204c7
0x0062041c	FUN_0062041c	bytereverser__related_0062041c	callgraph_affinity	bytereverser	0x00b020b0	ObjectVisitor	0.361		called_by:0x006204c7
0x00664901	FUN_00664901	vn_advisor_consolshift__related_00664901	callgraph_affinity	vn_advisor_consolshift	0x00b05b54	vn_advisor	0.361	vn_advisor_ppc_consolshift@0.312;vn_advisor_consol@0.312;vn_advisor_consoladd@0.312	called_by:0x006661ce
0x00664e6a	FUN_00664e6a	vn_advisor_consoladd__related_00664e6a	callgraph_affinity	vn_advisor_consoladd	0x00b05b44	vn_advisor	0.361	vn_advisor_consolshift@0.361	called_by:0x00665e3b
0x00665601	FUN_00665601	backend_t__related_00665601	callgraph_affinity	backend_t	0x00abfe94	backend_dataflow	0.361		called_by:0x00401024
0x0066bc8e	FUN_0066bc8e	backend_basetype2__related_0066bc8e	callgraph_affinity	backend_basetype2	0x00b0b784	backend_dataflow	0.361		called_by:0x0077efbe
0x006721a9	FUN_006721a9	RBFwdDataFlow__related_006721a9	callgraph_affinity	RBFwdDataFlow	0x00b0e84c	InterblockDf	0.361		called_by:0x0076e139
0x006773e2	FUN_006773e2	backend_basetype__related_006773e2	callgraph_affinity	backend_basetype	0x00afc4e0	backend_dataflow	0.361	AliasAnalyzer@0.353;backend_basetype2@0.312	called_by:0x006c4c04
0x006781b6	FUN_006781b6	backend_basetype__related_006781b6	callgraph_affinity	backend_basetype	0x00afc4e0	backend_dataflow	0.361	backend_basetype2@0.312	called_by:0x006c4c04
0x0067d2da	FUN_0067d2da	backend_t__related_0067d2da	callgraph_affinity	backend_t	0x00abfe94	backend_dataflow	0.361	backend_basetype@0.361;backend_basetype2@0.312	called_by:0x004244c6
0x0067d42e	FUN_0067d42e	backend_t__related_0067d42e	callgraph_affinity	backend_t	0x00abfe94	backend_dataflow	0.361	backend_basetype@0.361;backend_basetype2@0.312	called_by:0x004244c6
0x0068bc7d	FUN_0068bc7d	compose__related_0068bc7d	callgraph_affinity	compose	0x00b10db0	operand_parser	0.361		called_by:0x00744931
0x006918ff	FUN_006918ff	immediate__related_006918ff	callgraph_affinity	immediate	0x00b10d70	operand_parser	0.361		called_by:0x007432aa
0x00694e40	FUN_00694e40	var_disjointsets_impl__related_00694e40	callgraph_affinity	var_disjointsets_impl	0x00b0d428	var_disjointsets	0.361		called_by:0x0074a7b6
0x00694e60	FUN_00694e60	var_disjointsets_impl__related_00694e60	callgraph_affinity	var_disjointsets_impl	0x00b0d428	var_disjointsets	0.361		called_by:0x0074a780
0x00696ead	FUN_00696ead	backend_basetype__related_00696ead	callgraph_affinity	backend_basetype	0x00afc4e0	backend_dataflow	0.361	backend_t@0.334;backend_basetype2@0.320	called_by:0x005bd3e7
0x006a1597	FUN_006a1597	Split64DoVisitor__related_006a1597	callgraph_affinity	Split64DoVisitor	0x00b07ef0	MachopVisitor	0.361		called_by:0x006ac246
0x006a1a16	FUN_006a1a16	backend_t__related_006a1a16	callgraph_affinity	backend_t	0x00abfe94	backend_dataflow	0.361		called_by:0x004244c6
0x006a1aee	FUN_006a1aee	backend_t__related_006a1aee	callgraph_affinity	backend_t	0x00abfe94	backend_dataflow	0.361		called_by:0x004244c6
0x006a2a79	FUN_006a2a79	backend_basetype__related_006a2a79	callgraph_affinity	backend_basetype	0x00afc4e0	backend_dataflow	0.361	pt_alias@0.361;Split64DoVisitor@0.361;RegReNameBkwdDataFlow@0.361;backend_basetype2@0.312	called_by:0x006c4c04
0x006ac0ee	FUN_006ac0ee	Split64DoVisitor__related_006ac0ee	callgraph_affinity	Split64DoVisitor	0x00b07ef0	MachopVisitor	0.361		called_by:0x006ac246
0x006ae5c9	FUN_006ae5c9	VNFwdDataFlow__related_006ae5c9	callgraph_affinity	VNFwdDataFlow	0x00b0ed44	InterblockDf	0.361	objectdata_twoop@0.334;objectdata@0.289	called_by:0x0077a131
0x006afbbe	FUN_006afbbe	backend_t__related_006afbbe	callgraph_affinity	backend_t	0x00abfe94	backend_dataflow	0.361	backend_basetype2@0.361	called_by:0x00406770
0x006afe20	FUN_006afe20	Split64TestVisitor__related_006afe20	callgraph_affinity	Split64TestVisitor	0x00b06c5c	MachopVisitor	0.361	Split64DoVisitor@0.361;MachopObjectInvalidator@0.361;MachopImmpropClearer@0.361;MachopBitoffsetClearer@0.361	called_by:0x006abe80
0x006b003c	FUN_006b003c	backend_t__related_006b003c	callgraph_affinity	backend_t	0x00abfe94	backend_dataflow	0.361	Split64TestVisitor@0.361;Split64DoVisitor@0.361;MachopObjectInvalidator@0.344;MachopImmpropClearer@0.344	called_by:0x004244c6
0x006b0266	FUN_006b0266	vn_advisor_ppc_consolshift__related_006b0266	callgraph_affinity	vn_advisor_ppc_consolshift	0x00abf0b0	vn_advisor	0.361	immediate@0.361;backend_basetype@0.312;backend_basetype2@0.312;backend_dataflow@0.312	called_by:0x00401490
0x006b0604	FUN_006b0604	immediate__related_006b0604	callgraph_affinity	immediate	0x00b10d70	operand_parser	0.361	backend_t@0.312;backend_basetype@0.312;backend_basetype2@0.312;backend_dataflow@0.312	called_by:0x007432aa
0x006b0c1b	FUN_006b0c1b	backend_t__related_006b0c1b	callgraph_affinity	backend_t	0x00abfe94	backend_dataflow	0.361	register_range@0.361;register_set@0.361;register_implicit@0.361;compose@0.361	called_by:0x004711e8
0x006b0db5	FUN_006b0db5	MachopChecker__related_006b0db5	callgraph_affinity	MachopChecker	0x00b09ad8	MachopVisitor	0.361	RBFwdDataFlow@0.361;Split64TestVisitor@0.334;MachopVisitor@0.289	called_by:0x007005ed
0x006b0dd1	FUN_006b0dd1	register_range__related_006b0dd1	callgraph_affinity	register_range	0x00b10d30	operand_parser	0.361	register_set@0.361;register_implicit@0.361	called_by:0x00742a3b
0x006b9030	FUN_006b9030	pt_alias__related_006b9030	callgraph_affinity	pt_alias	0x00b01e88	peep_transformer	0.361		called_by:0x0061f226
0x006b9808	FUN_006b9808	backend_basetype__related_006b9808	callgraph_affinity	backend_basetype	0x00afc4e0	backend_dataflow	0.361	pt_dead@0.361;pt_alias@0.361;backend_t@0.312;backend_basetype2@0.312	called_by:0x0061eb3f
0x006b9884	FUN_006b9884	backend_t__related_006b9884	callgraph_affinity	backend_t	0x00abfe94	backend_dataflow	0.361	backend_basetype@0.312;backend_basetype2@0.312;backend_dataflow@0.312	called_by:0x00424c57
0x006ba304	FUN_006ba304	backend_t__related_006ba304	callgraph_affinity	backend_t	0x00abfe94	backend_dataflow	0.361		called_by:0x00470998
0x006bd765	FUN_006bd765	register_implicit__related_006bd765	callgraph_affinity	register_implicit	0x00b10d50	operand_parser	0.361		called_by:0x007430b7
0x006bd8ca	FUN_006bd8ca	backend_t__related_006bd8ca	callgraph_affinity	backend_t	0x00abfe94	backend_dataflow	0.361		called_by:0x00470998
0x006bd9c3	FUN_006bd9c3	backend_t__related_006bd9c3	callgraph_affinity	backend_t	0x00abfe94	backend_dataflow	0.361	ls_window_scheduler@0.361	called_by:0x004244c6
0x006c02ea	FUN_006c02ea	backend_t__related_006c02ea	callgraph_affinity	backend_t	0x00abfe94	backend_dataflow	0.361		called_by:0x00471795
0x006c49d9	FUN_006c49d9	backend_basetype__related_006c49d9	callgraph_affinity	backend_basetype	0x00afc4e0	backend_dataflow	0.361	backend_basetype2@0.312	called_by:0x006c4c04
0x006c5a22	FUN_006c5a22	immediate__related_006c5a22	callgraph_affinity	immediate	0x00b10d70	operand_parser	0.361		called_by:0x007432aa
0x006c5a39	FUN_006c5a39	compose__related_006c5a39	callgraph_affinity	compose	0x00b10db0	operand_parser	0.361		called_by:0x00744328
0x006c5a50	FUN_006c5a50	immediate__related_006c5a50	callgraph_affinity	immediate	0x00b10d70	operand_parser	0.361		called_by:0x007432aa
0x006c5ae5	FUN_006c5ae5	immediate__related_006c5ae5	callgraph_affinity	immediate	0x00b10d70	operand_parser	0.361		called_by:0x007432aa
0x006c5b23	FUN_006c5b23	backend_t__related_006c5b23	callgraph_affinity	backend_t	0x00abfe94	backend_dataflow	0.361	immediate@0.361;compose@0.361	called_by:0x00469105
0x006c75e3	FUN_006c75e3	backend_t__related_006c75e3	callgraph_affinity	backend_t	0x00abfe94	backend_dataflow	0.361		called_by:0x00446740
0x006c78c7	FUN_006c78c7	backend_t__related_006c78c7	callgraph_affinity	backend_t	0x00abfe94	backend_dataflow	0.361		called_by:0x0040735e
0x006c7b1e	FUN_006c7b1e	backend_t__related_006c7b1e	callgraph_affinity	backend_t	0x00abfe94	backend_dataflow	0.361		called_by:0x0043ec1b
0x006c7bdd	FUN_006c7bdd	backend_t__related_006c7bdd	callgraph_affinity	backend_t	0x00abfe94	backend_dataflow	0.361		called_by:0x00446740
0x006d5111	FUN_006d5111	VNFwdDataFlow__related_006d5111	callgraph_affinity	VNFwdDataFlow	0x00b0ed44	InterblockDf	0.361		called_by:0x00779c05
0x006d523a	FUN_006d523a	RBFwdDataFlow__related_006d523a	callgraph_affinity	RBFwdDataFlow	0x00b0e84c	InterblockDf	0.361		called_by:0x0076e139
0x006d55ea	FUN_006d55ea	pt_dead__related_006d55ea	callgraph_affinity	pt_dead	0x00b01e78	peep_transformer	0.361	pt_alias@0.361	called_by:0x0061ef23
0x006d5bd1	FUN_006d5bd1	pt_alias__related_006d5bd1	callgraph_affinity	pt_alias	0x00b01e88	peep_transformer	0.361		called_by:0x0061f226
0x006d6007	FUN_006d6007	pt_alias__related_006d6007	callgraph_affinity	pt_alias	0x00b01e88	peep_transformer	0.361		called_by:0x0061f062
0x006d6575	FUN_006d6575	backend_t__related_006d6575	callgraph_affinity	backend_t	0x00abfe94	backend_dataflow	0.361		called_by:0x00471795
0x006daa35	FUN_006daa35	RBFwdDataFlow__related_006daa35	callgraph_affinity	RBFwdDataFlow	0x00b0e84c	InterblockDf	0.361		called_by:0x0076e139
0x006daf8f	FUN_006daf8f	compose__related_006daf8f	callgraph_affinity	compose	0x00b10db0	operand_parser	0.361		called_by:0x00744931
0x006f8071	FUN_006f8071	register_range__related_006f8071	callgraph_affinity	register_range	0x00b10d30	operand_parser	0.361	register_set@0.361;register_implicit@0.361	called_by:0x00742a3b
0x006fbe3f	FUN_006fbe3f	pt_alias__related_006fbe3f	callgraph_affinity	pt_alias	0x00b01e88	peep_transformer	0.361		called_by:0x0061f226
0x006fc32e	FUN_006fc32e	RBFwdDataFlow__related_006fc32e	callgraph_affinity	RBFwdDataFlow	0x00b0e84c	InterblockDf	0.361	RBBkwdDataFlow@0.361;RegReNameBkwdDataFlow@0.361	called_by:0x0076e53f
0x006fcb2a	FUN_006fcb2a	VNFwdDataFlow__related_006fcb2a	callgraph_affinity	VNFwdDataFlow	0x00b0ed44	InterblockDf	0.361		called_by:0x0077a910
0x007004a6	FUN_007004a6	MachopChecker__related_007004a6	callgraph_affinity	MachopChecker	0x00b09ad8	MachopVisitor	0.361		called_by:0x007005b0
0x00700505	FUN_00700505	MachopChecker__related_00700505	callgraph_affinity	MachopChecker	0x00b09ad8	MachopVisitor	0.361		called_by:0x007005b0
0x0070056c	FUN_0070056c	MachopChecker__related_0070056c	callgraph_affinity	MachopChecker	0x00b09ad8	MachopVisitor	0.361		called_by:0x007005b0
0x0070326e	FUN_0070326e	backend_t__related_0070326e	callgraph_affinity	backend_t	0x00abfe94	backend_dataflow	0.361	pt_const@0.361	called_by:0x0046f93f
0x00713065	FUN_00713065	MachopObjectInvalidator__related_00713065	callgraph_affinity	MachopObjectInvalidator	0x00b080b0	MachopVisitor	0.361		called_by:0x006d77d0
0x0071dc54	FUN_0071dc54	alloc_table_btree__related_0071dc54	callgraph_affinity	alloc_table_btree	0x00b0a5d8	alloc_table	0.361	alloc_table_bcl@0.361	called_by:0x0071f497
0x0071dcf7	FUN_0071dcf7	alloc_table_bcl__related_0071dcf7	callgraph_affinity	alloc_table_bcl	0x00b0a5e8	alloc_table	0.361		called_by:0x0071e1f5
0x0071dd3a	FUN_0071dd3a	alloc_table_hash__related_0071dd3a	callgraph_affinity	alloc_table_hash	0x00b0a5c8	alloc_table	0.361		called_by:0x0071ea8f
0x0071e9d6	FUN_0071e9d6	alloc_table_hash__related_0071e9d6	callgraph_affinity	alloc_table_hash	0x00b0a5c8	alloc_table	0.361		called_by:0x0071ea8f
0x0071eaec	FUN_0071eaec	alloc_table_btree__related_0071eaec	callgraph_affinity	alloc_table_btree	0x00b0a5d8	alloc_table	0.361		called_by:0x0071f0b7
0x0071f161	FUN_0071f161	alloc_table_hash__related_0071f161	callgraph_affinity	alloc_table_hash	0x00b0a5c8	alloc_table	0.361		called_by:0x0071f1a1
0x0072f852	FUN_0072f852	ls_window_scheduler__related_0072f852	callgraph_affinity	ls_window_scheduler	0x00b0c114	ws_interface	0.361		called_by:0x0073aa91
0x00730901	FUN_00730901	MachopImmpropClearer__related_00730901	callgraph_affinity	MachopImmpropClearer	0x00b080c0	MachopVisitor	0.361		called_by:0x006d7ef3
0x00735624	FUN_00735624	backend_basetype2__related_00735624	callgraph_affinity	backend_basetype2	0x00b0b784	backend_dataflow	0.361	backend_t@0.312	called_by:0x00735673
0x00735b0d	FUN_00735b0d	ls_window_scheduler__related_00735b0d	callgraph_affinity	ls_window_scheduler	0x00b0c114	ws_interface	0.361	list_scheduler@0.312	called_by:0x0073ad76
0x00735cc2	FUN_00735cc2	ls_window_scheduler__related_00735cc2	callgraph_affinity	ls_window_scheduler	0x00b0c114	ws_interface	0.361	list_scheduler@0.312	called_by:0x0073ad76
0x00735e3c	FUN_00735e3c	ls_window_scheduler__related_00735e3c	callgraph_affinity	ls_window_scheduler	0x00b0c114	ws_interface	0.361		called_by:0x0073abfc
0x00735fe9	FUN_00735fe9	resource_model_scheduler__related_00735fe9	callgraph_affinity	resource_model_scheduler	0x00b0c0f4	list_scheduler	0.361	g4_resource_scheduler@0.312;ppc970_resource_scheduler@0.312;ame_resource_scheduler@0.312;list_scheduler@0.312	called_by:0x00739097
0x00737a10	FUN_00737a10	resource_model_scheduler__related_00737a10	callgraph_affinity	resource_model_scheduler	0x00b0c0f4	list_scheduler	0.361	g4_resource_scheduler@0.312;ppc970_resource_scheduler@0.312;ame_resource_scheduler@0.312	called_by:0x00739097
0x00737a60	FUN_00737a60	resource_model_scheduler__related_00737a60	callgraph_affinity	resource_model_scheduler	0x00b0c0f4	list_scheduler	0.361	g4_resource_scheduler@0.312;ppc970_resource_scheduler@0.312;ame_resource_scheduler@0.312	called_by:0x00739097
0x00738f29	FUN_00738f29	resource_model_scheduler__related_00738f29	callgraph_affinity	resource_model_scheduler	0x00b0c0f4	list_scheduler	0.361	g4_resource_scheduler@0.312;ppc970_resource_scheduler@0.312;ame_resource_scheduler@0.312	called_by:0x00739097
0x00738f75	FUN_00738f75	resource_model_scheduler__related_00738f75	callgraph_affinity	resource_model_scheduler	0x00b0c0f4	list_scheduler	0.361	g4_resource_scheduler@0.312;ppc970_resource_scheduler@0.312;ame_resource_scheduler@0.312	called_by:0x00739097
0x0073a6c8	FUN_0073a6c8	compat_list_scheduler__related_0073a6c8	callgraph_affinity	compat_list_scheduler	0x00b0c104	list_scheduler	0.361		called_by:0x0073a81f
0x0073b984	FUN_0073b984	compose__related_0073b984	callgraph_affinity	compose	0x00b10db0	operand_parser	0.361		called_by:0x00744931
0x0073c0a8	FUN_0073c0a8	backend_basetype__related_0073c0a8	callgraph_affinity	backend_basetype	0x00afc4e0	backend_dataflow	0.361	backend_t@0.312;backend_basetype2@0.312	called_by:0x0073ea02
0x00743136	FUN_00743136	immediate__related_00743136	callgraph_affinity	immediate	0x00b10d70	operand_parser	0.361		called_by:0x007432aa
0x007437ec	FUN_007437ec	immediate__related_007437ec	callgraph_affinity	immediate	0x00b10d70	operand_parser	0.361		called_by:0x007438b4
0x0074588d	FUN_0074588d	register_range__related_0074588d	callgraph_affinity	register_range	0x00b10d30	operand_parser	0.361	register_set@0.361;immediate@0.361;statictext@0.361;choose@0.361	called_by:0x0078acb8
0x00747730	FUN_00747730	Cmm__related_00747730	callgraph_affinity	Cmm	0x00b0d2e4	Exp	0.361		called_by:0x0074826f
0x007482f1	FUN_007482f1	Ncm__related_007482f1	callgraph_affinity	Ncm	0x00b0c90c	Exp	0.361		called_by:0x00748388
0x0074a69f	FUN_0074a69f	var_disjointsets_impl__related_0074a69f	callgraph_affinity	var_disjointsets_impl	0x00b0d428	var_disjointsets	0.361		called_by:0x0074a7b6
0x0074aa10	FUN_0074aa10	var_multimap_impl__related_0074aa10	callgraph_affinity	var_multimap_impl	0x00b0d408	var_multimap	0.361		called_by:0x0074a4d0
0x0074e272	FUN_0074e272	RBFwdDataFlow__related_0074e272	callgraph_affinity	RBFwdDataFlow	0x00b0e84c	InterblockDf	0.361		called_by:0x0076e53f
0x0074e484	FUN_0074e484	RBBkwdDataFlow__related_0074e484	callgraph_affinity	RBBkwdDataFlow	0x00b0e85c	InterblockDf	0.361	backend_t@0.316;backend_basetype@0.316;backend_basetype2@0.316;backend_dataflow@0.312	called_by:0x0076e643
0x0075247e	FUN_0075247e	RBFwdDataFlow__related_0075247e	callgraph_affinity	RBFwdDataFlow	0x00b0e84c	InterblockDf	0.361	backend_basetype@0.321;backend_basetype2@0.321;backend_dataflow@0.321;backend_t@0.312	called_by:0x0076e139
0x00752704	FUN_00752704	RBFwdDataFlow__related_00752704	callgraph_affinity	RBFwdDataFlow	0x00b0e84c	InterblockDf	0.361	RBBkwdDataFlow@0.361	called_by:0x0076e5c3
0x00752ab8	FUN_00752ab8	RBBkwdDataFlow__related_00752ab8	callgraph_affinity	RBBkwdDataFlow	0x00b0e85c	InterblockDf	0.361		called_by:0x0076e46b
0x00752b4a	FUN_00752b4a	RBFwdDataFlow__related_00752b4a	callgraph_affinity	RBFwdDataFlow	0x00b0e84c	InterblockDf	0.361		called_by:0x0076e5c3
0x00752b9e	FUN_00752b9e	RBBkwdDataFlow__related_00752b9e	callgraph_affinity	RBBkwdDataFlow	0x00b0e85c	InterblockDf	0.361		called_by:0x0076e46b
0x00752e2b	FUN_00752e2b	RBFwdDataFlow__related_00752e2b	callgraph_affinity	RBFwdDataFlow	0x00b0e84c	InterblockDf	0.361		called_by:0x00753c6c
0x007532f0	FUN_007532f0	RBFwdDataFlow__related_007532f0	callgraph_affinity	RBFwdDataFlow	0x00b0e84c	InterblockDf	0.361		called_by:0x00753c6c
0x00754198	FUN_00754198	RBFwdDataFlow__related_00754198	callgraph_affinity	RBFwdDataFlow	0x00b0e84c	InterblockDf	0.361		called_by:0x0076e876
0x00754410	FUN_00754410	RBBkwdDataFlow__related_00754410	callgraph_affinity	RBBkwdDataFlow	0x00b0e85c	InterblockDf	0.361		called_by:0x0076ec9e
0x0075450c	FUN_0075450c	RBBkwdDataFlow__related_0075450c	callgraph_affinity	RBBkwdDataFlow	0x00b0e85c	InterblockDf	0.361		called_by:0x0074e3bd
0x00754576	FUN_00754576	RBFwdDataFlow__related_00754576	callgraph_affinity	RBFwdDataFlow	0x00b0e84c	InterblockDf	0.361	RBBkwdDataFlow@0.361	called_by:0x0076e876
0x0075460a	FUN_0075460a	RBFwdDataFlow__related_0075460a	callgraph_affinity	RBFwdDataFlow	0x00b0e84c	InterblockDf	0.361		called_by:0x0076e876
0x0075472d	FUN_0075472d	RBFwdDataFlow__related_0075472d	callgraph_affinity	RBFwdDataFlow	0x00b0e84c	InterblockDf	0.361	RBBkwdDataFlow@0.361	called_by:0x0076e876
0x007547e3	FUN_007547e3	RBFwdDataFlow__related_007547e3	callgraph_affinity	RBFwdDataFlow	0x00b0e84c	InterblockDf	0.361		called_by:0x0076e876
0x00754bfc	FUN_00754bfc	RBFwdDataFlow__related_00754bfc	callgraph_affinity	RBFwdDataFlow	0x00b0e84c	InterblockDf	0.361	RBBkwdDataFlow@0.361	called_by:0x0076e139
0x00754fed	FUN_00754fed	RBBkwdDataFlow__related_00754fed	callgraph_affinity	RBBkwdDataFlow	0x00b0e85c	InterblockDf	0.361		called_by:0x00753fc7
0x00755f93	FUN_00755f93	RBFwdDataFlow__related_00755f93	callgraph_affinity	RBFwdDataFlow	0x00b0e84c	InterblockDf	0.361		called_by:0x00753da9
0x00755ff0	FUN_00755ff0	RBFwdDataFlow__related_00755ff0	callgraph_affinity	RBFwdDataFlow	0x00b0e84c	InterblockDf	0.361		called_by:0x00753eb5
0x007648ef	FUN_007648ef	RBFwdDataFlow__related_007648ef	callgraph_affinity	RBFwdDataFlow	0x00b0e84c	InterblockDf	0.361		called_by:0x00753da9
0x00769ee8	FUN_00769ee8	RBFwdDataFlow__related_00769ee8	callgraph_affinity	RBFwdDataFlow	0x00b0e84c	InterblockDf	0.361		called_by:0x00753eb5
0x0076a2f7	FUN_0076a2f7	RegReNameBkwdDataFlow__related_0076a2f7	callgraph_affinity	RegReNameBkwdDataFlow	0x00b0e86c	InterblockDf	0.361		called_by:0x0076a4bf
0x0076aa20	FUN_0076aa20	RegReNameBkwdDataFlow__related_0076aa20	callgraph_affinity	RegReNameBkwdDataFlow	0x00b0e86c	InterblockDf	0.361		called_by:0x0076a145
0x0076ab3a	FUN_0076ab3a	RegReNameBkwdDataFlow__related_0076ab3a	callgraph_affinity	RegReNameBkwdDataFlow	0x00b0e86c	InterblockDf	0.361		called_by:0x0076a793
0x0076ac8c	FUN_0076ac8c	RegReNameBkwdDataFlow__related_0076ac8c	callgraph_affinity	RegReNameBkwdDataFlow	0x00b0e86c	InterblockDf	0.361		called_by:0x0076a793
0x0076d451	FUN_0076d451	RBFwdDataFlow__related_0076d451	callgraph_affinity	RBFwdDataFlow	0x00b0e84c	InterblockDf	0.361		called_by:0x00753da9
0x0076d48e	FUN_0076d48e	RBBkwdDataFlow__related_0076d48e	callgraph_affinity	RBBkwdDataFlow	0x00b0e85c	InterblockDf	0.361		called_by:0x0074e30e
0x0076d5ce	FUN_0076d5ce	RBFwdDataFlow__related_0076d5ce	callgraph_affinity	RBFwdDataFlow	0x00b0e84c	InterblockDf	0.361	RBBkwdDataFlow@0.361;RegReNameBkwdDataFlow@0.361;VNFwdDataFlow@0.361	called_by:0x0076e876
0x0076dfeb	FUN_0076dfeb	RBFwdDataFlow__related_0076dfeb	callgraph_affinity	RBFwdDataFlow	0x00b0e84c	InterblockDf	0.361		called_by:0x0076e139
0x0076e7b9	FUN_0076e7b9	RBFwdDataFlow__related_0076e7b9	callgraph_affinity	RBFwdDataFlow	0x00b0e84c	InterblockDf	0.361		called_by:0x0076e876
0x00773a10	FUN_00773a10	RBFwdDataFlow__related_00773a10	callgraph_affinity	RBFwdDataFlow	0x00b0e84c	InterblockDf	0.361		called_by:0x0076e876
0x0077550b	FUN_0077550b	VNFwdDataFlow__related_0077550b	callgraph_affinity	VNFwdDataFlow	0x00b0ed44	InterblockDf	0.361		called_by:0x0077a131
0x00775d63	FUN_00775d63	VNFwdDataFlow__related_00775d63	callgraph_affinity	VNFwdDataFlow	0x00b0ed44	InterblockDf	0.361		called_by:0x00779f66
0x00777630	FUN_00777630	VNFwdDataFlow__related_00777630	callgraph_affinity	VNFwdDataFlow	0x00b0ed44	InterblockDf	0.361		called_by:0x0077a131
0x00779196	FUN_00779196	VNFwdDataFlow__related_00779196	callgraph_affinity	VNFwdDataFlow	0x00b0ed44	InterblockDf	0.361		called_by:0x0077a131
0x00779728	FUN_00779728	VNFwdDataFlow__related_00779728	callgraph_affinity	VNFwdDataFlow	0x00b0ed44	InterblockDf	0.361		called_by:0x00779f66
0x007798ea	FUN_007798ea	VNFwdDataFlow__related_007798ea	callgraph_affinity	VNFwdDataFlow	0x00b0ed44	InterblockDf	0.361		called_by:0x0077a131
0x00779e61	FUN_00779e61	VNFwdDataFlow__related_00779e61	callgraph_affinity	VNFwdDataFlow	0x00b0ed44	InterblockDf	0.361		called_by:0x0077a131
0x0077d70f	FUN_0077d70f	backend_t__related_0077d70f	callgraph_affinity	backend_t	0x00abfe94	backend_dataflow	0.361		called_by:0x0040505a
0x007865dc	FUN_007865dc	immediate__related_007865dc	callgraph_affinity	immediate	0x00b10d70	operand_parser	0.361	immediate_implicit@0.312	called_by:0x0078d4c7
0x00787081	FUN_00787081	register_range__related_00787081	callgraph_affinity	register_range	0x00b10d30	operand_parser	0.361	register_set@0.361;register_implicit@0.361;textset@0.361;immediate@0.361	called_by:0x0078ada6
0x007874c6	FUN_007874c6	register_range__related_007874c6	callgraph_affinity	register_range	0x00b10d30	operand_parser	0.361	register_set@0.361;register_implicit@0.361;textset@0.361;immediate@0.361	called_by:0x0078addc
0x0078a12e	FUN_0078a12e	compose__related_0078a12e	callgraph_affinity	compose	0x00b10db0	operand_parser	0.361	multiple_fields@0.361;split_fields@0.353;std::length_error@0.334;std::exception@0.289	called_by:0x0078e4fa
0x00790575	FUN_00790575	register_list__related_00790575	callgraph_affinity	register_list	0x00b10d80	operand_parser	0.361		called_by:0x00790805
0x0079058a	FUN_0079058a	register_list__related_0079058a	callgraph_affinity	register_list	0x00b10d80	operand_parser	0.361		called_by:0x0079059f
0x0079150f	FUN_0079150f	immediate__related_0079150f	callgraph_affinity	immediate	0x00b10d70	operand_parser	0.361		called_by:0x0078c28b
0x00796156	FUN_00796156	register_range__related_00796156	callgraph_affinity	register_range	0x00b10d30	operand_parser	0.361	register_set@0.361;textset@0.361;immediate@0.361;register_list@0.361	called_by:0x0078ae3a
0x00796ed4	FUN_00796ed4	register_range__related_00796ed4	callgraph_affinity	register_range	0x00b10d30	operand_parser	0.361	immediate@0.361	called_by:0x0078ae3a
0x00797185	FUN_00797185	immediate__related_00797185	callgraph_affinity	immediate	0x00b10d70	operand_parser	0.361		called_by:0x0078cd07
0x007971d6	FUN_007971d6	immediate__related_007971d6	callgraph_affinity	immediate	0x00b10d70	operand_parser	0.361		called_by:0x0078cd07
0x00797227	FUN_00797227	register_range__related_00797227	callgraph_affinity	register_range	0x00b10d30	operand_parser	0.361		called_by:0x0078ae3a
0x00797352	FUN_00797352	register_range__related_00797352	callgraph_affinity	register_range	0x00b10d30	operand_parser	0.361	register_set@0.361	called_by:0x0078b2a2
0x0079750c	FUN_0079750c	register_range__related_0079750c	callgraph_affinity	register_range	0x00b10d30	operand_parser	0.361	register_set@0.361	called_by:0x0078b375
0x0079b399	FUN_0079b399	register_range__related_0079b399	callgraph_affinity	register_range	0x00b10d30	operand_parser	0.361	register_set@0.361;textset@0.361;immediate@0.361;statictext@0.361	called_by:0x0078ae3a
0x0079c764	FUN_0079c764	choose__related_0079c764	callgraph_affinity	choose	0x00b10dc0	operand_parser	0.361		called_by:0x0079c8c8
0x0079e180	FUN_0079e180	compose__related_0079e180	callgraph_affinity	compose	0x00b10db0	operand_parser	0.361		called_by:0x0079c628
0x00946499	FUN_00946499	backend_t__related_00946499	callgraph_affinity	backend_t	0x00abfe94	backend_dataflow	0.361		called_by:0x0047c2f4
0x00992055	FUN_00992055	backend_t__related_00992055	callgraph_affinity	backend_t	0x00abfe94	backend_dataflow	0.361		called_by:0x0049efb5
0x009920c1	FUN_009920c1	backend_t__related_009920c1	callgraph_affinity	backend_t	0x00abfe94	backend_dataflow	0.361		called_by:0x0049efb5
0x009920f0	FUN_009920f0	g4_resource_scheduler__related_009920f0	callgraph_affinity	g4_resource_scheduler	0x00ac5960	list_scheduler	0.361	ame_resource_scheduler@0.361	called_by:0x00486cbc
0x00a93020	FUN_00a93020	backend_t__related_00a93020	callgraph_affinity	backend_t	0x00abfe94	backend_dataflow	0.361	immediate@0.361;immediate_implicit@0.312	called_by:0x0046f93f
0x00a93380	FUN_00a93380	immediate__related_00a93380	callgraph_affinity	immediate	0x00b10d70	operand_parser	0.361	immediate_implicit@0.312	called_by:0x0078d4c7
0x00a94190	FUN_00a94190	backend_basetype__related_00a94190	callgraph_affinity	backend_basetype	0x00afc4e0	backend_dataflow	0.361	join@0.361;backend_t@0.312;backend_basetype2@0.312	called_by:0x005bc947
0x00a941a0	FUN_00a941a0	backend_basetype__related_00a941a0	callgraph_affinity	backend_basetype	0x00afc4e0	backend_dataflow	0.361	backend_t@0.312;backend_basetype2@0.312	called_by:0x005bc947
0x004899d7	FUN_004899d7	ame_resource_scheduler__related_004899d7	callgraph_affinity	ame_resource_scheduler	0x00ac5980	list_scheduler	0.353		called_by:0x0048a79c
0x0048a573	FUN_0048a573	ame_resource_scheduler__related_0048a573	callgraph_affinity	ame_resource_scheduler	0x00ac5980	list_scheduler	0.353		called_by:0x0048a79c
0x004ccca4	FUN_004ccca4	AliasAnalyzer__related_004ccca4	callgraph_affinity	AliasAnalyzer	0x00aff0cc	AliasAnalyzer	0.353	objectdata@0.253;objectdata_twoop@0.253;objectdata_arrayop@0.253;objectdata_vectorop@0.253	called_by:0x005faf93
0x004ccd88	FUN_004ccd88	AliasAnalyzer__related_004ccd88	callgraph_affinity	AliasAnalyzer	0x00aff0cc	AliasAnalyzer	0.353		called_by:0x005faf93
0x004cf1ce	FUN_004cf1ce	AliasAnalyzer__related_004cf1ce	callgraph_affinity	AliasAnalyzer	0x00aff0cc	AliasAnalyzer	0.353	NoReturnChecker@0.334;Checker@0.289;CheckerIntStateAll@0.289;CheckerIntState@0.289	called_by:0x005d6287
0x004d2abf	FUN_004d2abf	AliasAnalyzer__related_004d2abf	callgraph_affinity	AliasAnalyzer	0x00aff0cc	AliasAnalyzer	0.353		called_by:0x005d6287
0x004d7546	FUN_004d7546	ScavengingFixup__related_004d7546	callgraph_affinity	ScavengingFixup	0x00b0edf0	ScavengingFixup	0.353		called_by:0x00781c4e
0x004da660	FUN_004da660	AliasAnalyzer__related_004da660	callgraph_affinity	AliasAnalyzer	0x00aff0cc	AliasAnalyzer	0.353	Split64DoVisitor@0.334;MachopVisitor@0.289	called_by:0x005d6287
0x005759e3	FUN_005759e3	AliasAnalyzer__related_005759e3	callgraph_affinity	AliasAnalyzer	0x00aff0cc	AliasAnalyzer	0.353		called_by:0x005faf93
0x00581a98	FUN_00581a98	AliasAnalyzer__related_00581a98	callgraph_affinity	AliasAnalyzer	0x00aff0cc	AliasAnalyzer	0.353		called_by:0x005f7add
0x005cd5c7	FUN_005cd5c7	AliasAnalyzer__related_005cd5c7	callgraph_affinity	AliasAnalyzer	0x00aff0cc	AliasAnalyzer	0.353		called_by:0x005cf1dd
0x005cd6b9	FUN_005cd6b9	AliasAnalyzer__related_005cd6b9	callgraph_affinity	AliasAnalyzer	0x00aff0cc	AliasAnalyzer	0.353		called_by:0x005cf1dd
0x005cf049	FUN_005cf049	AliasAnalyzer__related_005cf049	callgraph_affinity	AliasAnalyzer	0x00aff0cc	AliasAnalyzer	0.353		called_by:0x005faf93
0x005cf5e0	FUN_005cf5e0	BooleanAccurateAliasAnalyzer__related_005cf5e0	callgraph_affinity	BooleanAccurateAliasAnalyzer	0x00aff0ec	AliasAnalyzer	0.353		called_by:0x005d8667
0x005cf619	FUN_005cf619	AliasAnalyzer__related_005cf619	callgraph_affinity	AliasAnalyzer	0x00aff0cc	AliasAnalyzer	0.353		called_by:0x005e7ea4
0x005cf64a	FUN_005cf64a	AliasAnalyzer__related_005cf64a	callgraph_affinity	AliasAnalyzer	0x00aff0cc	AliasAnalyzer	0.353		called_by:0x005e7ea4
0x005d196b	FUN_005d196b	AliasAnalyzer__related_005d196b	callgraph_affinity	AliasAnalyzer	0x00aff0cc	AliasAnalyzer	0.353		called_by:0x005faf93
0x005d4487	FUN_005d4487	AliasAnalyzer__related_005d4487	callgraph_affinity	AliasAnalyzer	0x00aff0cc	AliasAnalyzer	0.353		called_by:0x005faf93
0x005d4506	FUN_005d4506	AliasAnalyzer__related_005d4506	callgraph_affinity	AliasAnalyzer	0x00aff0cc	AliasAnalyzer	0.353		called_by:0x005faf93
0x005d4db4	FUN_005d4db4	AliasAnalyzer__related_005d4db4	callgraph_affinity	AliasAnalyzer	0x00aff0cc	AliasAnalyzer	0.353		called_by:0x005d6287
0x005d4eb8	FUN_005d4eb8	AliasAnalyzer__related_005d4eb8	callgraph_affinity	AliasAnalyzer	0x00aff0cc	AliasAnalyzer	0.353		called_by:0x005d6287
0x005d577a	FUN_005d577a	AliasAnalyzer__related_005d577a	callgraph_affinity	AliasAnalyzer	0x00aff0cc	AliasAnalyzer	0.353	NoReturnChecker@0.334;Checker@0.289;CheckerIntStateAll@0.289;CheckerIntState@0.289	called_by:0x005e7ea4
0x005d624e	FUN_005d624e	AliasAnalyzer__related_005d624e	callgraph_affinity	AliasAnalyzer	0x00aff0cc	AliasAnalyzer	0.353		called_by:0x005d6287
0x005d7521	FUN_005d7521	AliasAnalyzer__related_005d7521	callgraph_affinity	AliasAnalyzer	0x00aff0cc	AliasAnalyzer	0.353		called_by:0x005f8f9f
0x005d7837	FUN_005d7837	BooleanAccurateAliasAnalyzer__related_005d7837	callgraph_affinity	BooleanAccurateAliasAnalyzer	0x00aff0ec	AliasAnalyzer	0.353		called_by:0x005d8667
0x005da0fb	FUN_005da0fb	AliasAnalyzer__related_005da0fb	callgraph_affinity	AliasAnalyzer	0x00aff0cc	AliasAnalyzer	0.353		called_by:0x005faf93
0x005db854	FUN_005db854	AliasAnalyzer__related_005db854	callgraph_affinity	AliasAnalyzer	0x00aff0cc	AliasAnalyzer	0.353		called_by:0x005e7ea4
0x005dbba7	FUN_005dbba7	AliasAnalyzer__related_005dbba7	callgraph_affinity	AliasAnalyzer	0x00aff0cc	AliasAnalyzer	0.353		called_by:0x005e7ea4
0x005de484	FUN_005de484	AliasAnalyzer__related_005de484	callgraph_affinity	AliasAnalyzer	0x00aff0cc	AliasAnalyzer	0.353		called_by:0x005f7add
0x005de715	FUN_005de715	AliasAnalyzer__related_005de715	callgraph_affinity	AliasAnalyzer	0x00aff0cc	AliasAnalyzer	0.353		called_by:0x005f7add
0x005de7e1	FUN_005de7e1	AliasAnalyzer__related_005de7e1	callgraph_affinity	AliasAnalyzer	0x00aff0cc	AliasAnalyzer	0.353		called_by:0x005d6287
0x005dec5a	FUN_005dec5a	AliasAnalyzer__related_005dec5a	callgraph_affinity	AliasAnalyzer	0x00aff0cc	AliasAnalyzer	0.353		called_by:0x005f7add
0x005e2d74	FUN_005e2d74	AliasAnalyzer__related_005e2d74	callgraph_affinity	AliasAnalyzer	0x00aff0cc	AliasAnalyzer	0.353		called_by:0x005f7add
0x005e3015	FUN_005e3015	AliasAnalyzer__related_005e3015	callgraph_affinity	AliasAnalyzer	0x00aff0cc	AliasAnalyzer	0.353		called_by:0x005faf93
0x005e33c9	FUN_005e33c9	AliasAnalyzer__related_005e33c9	callgraph_affinity	AliasAnalyzer	0x00aff0cc	AliasAnalyzer	0.353		called_by:0x005faf93
0x005e3b54	FUN_005e3b54	AliasAnalyzer__related_005e3b54	callgraph_affinity	AliasAnalyzer	0x00aff0cc	AliasAnalyzer	0.353		called_by:0x005faf93
0x005e447c	FUN_005e447c	AliasAnalyzer__related_005e447c	callgraph_affinity	AliasAnalyzer	0x00aff0cc	AliasAnalyzer	0.353		called_by:0x005faf93
0x005e5f2f	FUN_005e5f2f	AliasAnalyzer__related_005e5f2f	callgraph_affinity	AliasAnalyzer	0x00aff0cc	AliasAnalyzer	0.353		called_by:0x005e7ea4
0x005e738f	FUN_005e738f	AliasAnalyzer__related_005e738f	callgraph_affinity	AliasAnalyzer	0x00aff0cc	AliasAnalyzer	0.353		called_by:0x005e7ea4
0x005e7cb1	FUN_005e7cb1	AliasAnalyzer__related_005e7cb1	callgraph_affinity	AliasAnalyzer	0x00aff0cc	AliasAnalyzer	0.353		called_by:0x005e7ea4
0x005e8e07	FUN_005e8e07	AliasAnalyzer__related_005e8e07	callgraph_affinity	AliasAnalyzer	0x00aff0cc	AliasAnalyzer	0.353		called_by:0x005e7ea4
0x005e919b	FUN_005e919b	AliasAnalyzer__related_005e919b	callgraph_affinity	AliasAnalyzer	0x00aff0cc	AliasAnalyzer	0.353		called_by:0x005f8f9f
0x005e91c6	FUN_005e91c6	AliasAnalyzer__related_005e91c6	callgraph_affinity	AliasAnalyzer	0x00aff0cc	AliasAnalyzer	0.353		called_by:0x005f8f9f
0x005f8826	FUN_005f8826	AliasAnalyzer__related_005f8826	callgraph_affinity	AliasAnalyzer	0x00aff0cc	AliasAnalyzer	0.353		called_by:0x005f8f9f
0x005f8db5	FUN_005f8db5	AliasAnalyzer__related_005f8db5	callgraph_affinity	AliasAnalyzer	0x00aff0cc	AliasAnalyzer	0.353		called_by:0x005f8f9f
0x005fae87	FUN_005fae87	AliasAnalyzer__related_005fae87	callgraph_affinity	AliasAnalyzer	0x00aff0cc	AliasAnalyzer	0.353		called_by:0x005faf93
0x005faeaa	FUN_005faeaa	AliasAnalyzer__related_005faeaa	callgraph_affinity	AliasAnalyzer	0x00aff0cc	AliasAnalyzer	0.353		called_by:0x005faf93
0x005faf21	FUN_005faf21	AliasAnalyzer__related_005faf21	callgraph_affinity	AliasAnalyzer	0x00aff0cc	AliasAnalyzer	0.353		called_by:0x005faf93
0x00691940	FUN_00691940	AliasAnalyzer__related_00691940	callgraph_affinity	AliasAnalyzer	0x00aff0cc	AliasAnalyzer	0.353		called_by:0x005d6287
0x006c60dc	FUN_006c60dc	ScavengingFixup__related_006c60dc	callgraph_affinity	ScavengingFixup	0x00b0edf0	ScavengingFixup	0.353		called_by:0x00781c4e
0x00738921	FUN_00738921	g4_resource_scheduler__related_00738921	callgraph_affinity	g4_resource_scheduler	0x00ac5960	list_scheduler	0.353	ppc970_resource_scheduler@0.353	called_by:0x00486b99
0x0078a0fb	FUN_0078a0fb	textset__related_0078a0fb	callgraph_affinity	textset	0x00b10d60	operand_parser	0.353	std::length_error@0.334;std::exception@0.289;std::logic_error@0.289	called_by:0x0078de90
0x0078a161	FUN_0078a161	compose__related_0078a161	callgraph_affinity	compose	0x00b10db0	operand_parser	0.353	choose@0.353;std::length_error@0.334;std::exception@0.289;std::logic_error@0.289	called_by:0x0078e2ac
0x0079415d	FUN_0079415d	Disassembler__related_0079415d	callgraph_affinity	Disassembler	0x00b1155c	Disassembler	0.353		called_by:0x00796899
0x007969d8	FUN_007969d8	Disassembler__related_007969d8	callgraph_affinity	Disassembler	0x00b1155c	Disassembler	0.353		called_by:0x00796899
0x00a92a89	FUN_00a92a89	empty__related_00a92a89	callgraph_affinity	empty	0x00b0c328	operand_parser	0.353	backend_t@0.334;std::out_of_range@0.334;Disassembler@0.321;std::exception@0.311	called_by:0x00745a76
0x00a92af0	FUN_00a92af0	empty__related_00a92af0	callgraph_affinity	empty	0x00b0c328	operand_parser	0.353	Disassembler@0.353;objectdata@0.258;objectdata_rouconstr@0.258;objectdata_variable@0.258	called_by:0x00745a76
0x00695a74	FUN_00695a74	std_out_of_range__related_00695a74	callgraph_affinity	std::out_of_range	0x00b06c9c	std::exception	0.352	std::exception@0.349;std::bad_alloc@0.340;std::logic_error@0.305	called_by:0x0069619b;called_by:0x006c6104;called_by:0x006c6a0b
0x00696003	FUN_00696003	std_out_of_range__related_00696003	callgraph_affinity	std::out_of_range	0x00b06c9c	std::exception	0.352	std::exception@0.305;std::logic_error@0.305	called_by:0x0069619b;called_by:0x006c6104;called_by:0x006c6a0b
0x007960c0	FUN_007960c0	std_out_of_range__related_007960c0	callgraph_affinity	std::out_of_range	0x00b10f50	std::exception	0.348	Disassembler@0.321;std::exception@0.298;std::logic_error@0.298	2hop_calls:0x0079316a;called_by:0x00797bb6;called_by:0x007991de
0x00424ef0	FUN_00424ef0	std_exception__related_00424ef0	callgraph_affinity	std::exception	0x00abff98	std::exception	0.346	std::bad_alloc@0.340;std::out_of_range@0.334;std::overflow_error@0.334;std::logic_error@0.289	called_by:0x004256c8;called_by:0x00425b92;vtable_store:vtable_reference
0x004e100f	FUN_004e100f	std_exception__related_004e100f	callgraph_affinity	std::exception	0x00ace628	std::exception	0.346	std::bad_alloc@0.340;std::out_of_range@0.334;std::overflow_error@0.334;std::logic_error@0.289	called_by:0x004e17e7;called_by:0x004e1cb1;vtable_store:vtable_reference
0x007878f0	FUN_007878f0	std_exception__related_007878f0	callgraph_affinity	std::exception	0x00b0f5dc	std::exception	0.346	std::length_error@0.344;std::bad_alloc@0.340;std::logic_error@0.298	called_by:0x00788af7;called_by:0x007894a5;vtable_store:vtable_reference
0x007879fb	FUN_007879fb	std_exception__related_007879fb	callgraph_affinity	std::exception	0x00b0f5dc	std::exception	0.346	std::length_error@0.344;std::bad_alloc@0.340;std::logic_error@0.298	called_by:0x007883f1;called_by:0x00788e7a;vtable_store:vtable_reference
0x00787b81	FUN_00787b81	std_exception__related_00787b81	callgraph_affinity	std::exception	0x00b0f5dc	std::exception	0.346	std::length_error@0.344;std::bad_alloc@0.340;std::logic_error@0.298	called_by:0x00788774;called_by:0x00789ad0;vtable_store:vtable_reference
0x00791930	FUN_00791930	std_exception__related_00791930	callgraph_affinity	std::exception	0x00b10f10	std::exception	0.346	std::length_error@0.344;std::bad_alloc@0.340;std::logic_error@0.298	called_by:0x007946ad;called_by:0x00794a30;vtable_store:vtable_reference
0x00791bd8	FUN_00791bd8	std_exception__related_00791bd8	callgraph_affinity	std::exception	0x00b10f10	std::exception	0.346	std::out_of_range@0.344;std::bad_alloc@0.340;Disassembler@0.329;std::logic_error@0.298	called_by:0x00797bb6;called_by:0x007991de;vtable_store:vtable_reference
0x0059e932	FUN_0059e932	std_out_of_range__related_0059e932	callgraph_affinity	std::out_of_range	0x00b10f50	std::exception	0.344	Disassembler@0.321;std::exception@0.298;std::logic_error@0.298	called_by:0x00797bb6;called_by:0x007991de
0x005eda75	FUN_005eda75	objectdata_twoop__related_005eda75	callgraph_affinity	objectdata_twoop	0x00ace1e0	objectdata	0.344	objectdata@0.298	called_by:0x005edb5b;called_by:0x005ef811
0x006b00fd	FUN_006b00fd	Split64TestVisitor__related_006b00fd	callgraph_affinity	Split64TestVisitor	0x00b06c5c	MachopVisitor	0.344	Split64DoVisitor@0.344;MachopBitoffsetClearer@0.344;MachopVisitor@0.328;MachopVisitor@0.320	called_by:0x00696df1;called_by:0x006ac354
0x00786b92	FUN_00786b92	std_out_of_range__related_00786b92	callgraph_affinity	std::out_of_range	0x00b10f50	std::exception	0.344	Disassembler@0.321;std::exception@0.298;std::logic_error@0.298	called_by:0x00797bb6;called_by:0x007991de
0x00786f2d	FUN_00786f2d	std_out_of_range__related_00786f2d	callgraph_affinity	std::out_of_range	0x00b10f50	std::exception	0.344	Disassembler@0.321;std::exception@0.298;std::logic_error@0.298	called_by:0x00797bb6;called_by:0x007991de
0x00787175	FUN_00787175	std_out_of_range__related_00787175	callgraph_affinity	std::out_of_range	0x00b10f50	std::exception	0.344	Disassembler@0.321;std::exception@0.298;std::logic_error@0.298	called_by:0x00797bb6;called_by:0x007991de
0x007958e1	FUN_007958e1	std_out_of_range__related_007958e1	callgraph_affinity	std::out_of_range	0x00b10f50	std::exception	0.344	Disassembler@0.321;std::exception@0.298;std::logic_error@0.298	called_by:0x00797bb6;called_by:0x007991de
0x00795957	FUN_00795957	std_out_of_range__related_00795957	callgraph_affinity	std::out_of_range	0x00b10f50	std::exception	0.344	Disassembler@0.321;std::exception@0.298;std::logic_error@0.298	called_by:0x00797bb6;called_by:0x007991de
0x00795993	FUN_00795993	std_out_of_range__related_00795993	callgraph_affinity	std::out_of_range	0x00b10f50	std::exception	0.344	Disassembler@0.321;std::exception@0.298;std::logic_error@0.298	called_by:0x00797bb6;called_by:0x007991de
0x00795a3f	FUN_00795a3f	std_out_of_range__related_00795a3f	callgraph_affinity	std::out_of_range	0x00b10f50	std::exception	0.344	Disassembler@0.321;std::exception@0.298;std::logic_error@0.298	called_by:0x00797bb6;called_by:0x007991de
0x00795b0a	FUN_00795b0a	std_out_of_range__related_00795b0a	callgraph_affinity	std::out_of_range	0x00b10f50	std::exception	0.344	Disassembler@0.321;std::exception@0.298;std::logic_error@0.298	called_by:0x00797bb6;called_by:0x007991de
0x00795b80	FUN_00795b80	std_out_of_range__related_00795b80	callgraph_affinity	std::out_of_range	0x00b10f50	std::exception	0.344	Disassembler@0.321;std::exception@0.298;std::logic_error@0.298	called_by:0x00797bb6;called_by:0x007991de
0x00795f1c	FUN_00795f1c	std_out_of_range__related_00795f1c	callgraph_affinity	std::out_of_range	0x00b10f50	std::exception	0.344	Disassembler@0.321;std::exception@0.298;std::logic_error@0.298;IndDataFlow@0.258	called_by:0x00797bb6;called_by:0x007991de
0x00795f92	FUN_00795f92	std_out_of_range__related_00795f92	callgraph_affinity	std::out_of_range	0x00b10f50	std::exception	0.344	Disassembler@0.321;std::exception@0.298;std::logic_error@0.298	called_by:0x00797bb6;called_by:0x007991de
0x007961d0	FUN_007961d0	std_out_of_range__related_007961d0	callgraph_affinity	std::out_of_range	0x00b10f50	std::exception	0.344	Disassembler@0.321;std::exception@0.298;std::logic_error@0.298	called_by:0x00797bb6;called_by:0x007991de
0x00796833	FUN_00796833	std_out_of_range__related_00796833	callgraph_affinity	std::out_of_range	0x00b10f50	std::exception	0.344	Disassembler@0.321;std::exception@0.298;std::logic_error@0.298	called_by:0x00797bb6;called_by:0x007991de
0x0043a6d0	FUN_0043a6d0	std_exception__related_0043a6d0	callgraph_affinity	std::exception	0x00ac0a18	std::exception	0.343	std::bad_alloc@0.340;std::out_of_range@0.334;std::logic_error@0.289	called_by:0x0043adf7;vtable_store:vtable_reference
0x00576bbe	FUN_00576bbe	objectdata__related_00576bbe	callgraph_affinity	objectdata	0x00ace1d0	objectdata	0.343	objectdata_twoop@0.343	called_by:0x00576bbe;calls:0x00576bbe;vtable_store:vtable_reference
0x00785980	FUN_00785980	std_exception__related_00785980	callgraph_affinity	std::exception	0x00b0f1ec	std::exception	0.343	std::bad_alloc@0.340;std::length_error@0.334;std::logic_error@0.289	called_by:0x00786132;vtable_store:vtable_reference
0x007919b0	FUN_007919b0	std_exception__related_007919b0	callgraph_affinity	std::exception	0x00b10f10	std::exception	0.343	std::bad_alloc@0.340;std::length_error@0.334;std::logic_error@0.289	called_by:0x0079392c;vtable_store:vtable_reference
0x00791a37	FUN_00791a37	std_exception__related_00791a37	callgraph_affinity	std::exception	0x00b10f10	std::exception	0.343	std::bad_alloc@0.340;std::length_error@0.334;std::logic_error@0.289	called_by:0x007932a3;vtable_store:vtable_reference
0x00791b4d	FUN_00791b4d	std_exception__related_00791b4d	callgraph_affinity	std::exception	0x00b10f10	std::exception	0.343	std::bad_alloc@0.340;std::length_error@0.334;std::logic_error@0.289	called_by:0x0079431f;vtable_store:vtable_reference
0x0079cc24	FUN_0079cc24	std_exception__related_0079cc24	callgraph_affinity	std::exception	0x00b11aa8	std::exception	0.343	std::bad_alloc@0.340;std::length_error@0.334;std::logic_error@0.289	called_by:0x0079d3d6;vtable_store:vtable_reference
0x0079ee13	FUN_0079ee13	std_exception__related_0079ee13	callgraph_affinity	std::exception	0x00b12008	std::exception	0.343	std::bad_alloc@0.340;std::length_error@0.334;std::logic_error@0.289	called_by:0x0079f618;vtable_store:vtable_reference
0x005cd100	FUN_005cd100	TimeAccurateAliasAnalyzer__related_005cd100	callgraph_affinity	TimeAccurateAliasAnalyzer	0x00aff0dc	AliasAnalyzer	0.342	AliasAnalyzer@0.297;InterblockDf@0.258;CopyPropDf@0.258	called_by:0x005f4329;called_by:0x005fc5a6
0x005f3ce2	FUN_005f3ce2	TimeAccurateAliasAnalyzer__related_005f3ce2	callgraph_affinity	TimeAccurateAliasAnalyzer	0x00aff0dc	AliasAnalyzer	0.342	AliasAnalyzer@0.303;InterblockDf@0.266;FCEReachingWriteDf@0.258;CopyPropDf@0.258	called_by:0x005f4329;called_by:0x005fc5a6
0x00521778	FUN_00521778	OutputGen__related_00521778	callgraph_affinity	OutputGen	0x00b12800	OutputGen	0.340	SimpleOutputGen@0.340	vtable_store:vtable_reference
0x005fce8b	FUN_005fce8b	InterblockDf__related_005fce8b	callgraph_affinity	InterblockDf	0x00afd5b8	InterblockDf	0.340	HoistAvailDf@0.340;HoistHelpfulDf@0.340;HoistRedundantDf@0.340;HoistFinalDf@0.340	vtable_store:vtable_reference
0x0061b062	FUN_0061b062	AliasAnalyzer__related_0061b062	callgraph_affinity	AliasAnalyzer	0x00aff0cc	AliasAnalyzer	0.340	InterblockDf@0.340;Checker@0.340;CheckerIntStateLValue@0.340;CheckerLValue@0.340	vtable_store:vtable_reference
0x007016d6	FUN_007016d6	MachopVisitor__related_007016d6	callgraph_affinity	MachopVisitor	0x00b09ac8	MachopVisitor	0.340	AddMachopVisitor@0.340	vtable_store:vtable_reference
0x0077233a	FUN_0077233a	InterblockDf__related_0077233a	callgraph_affinity	InterblockDf	0x00b0d908	InterblockDf	0.340	IndDataFlow@0.340;RBFwdDataFlow@0.340;RBBkwdDataFlow@0.340;RegReNameBkwdDataFlow@0.340	vtable_store:vtable_reference
0x007859fb	FUN_007859fb	std_exception__related_007859fb	callgraph_affinity	std::exception	0x00b0f1ec	std::exception	0.340	std::bad_alloc@0.340	vtable_store:vtable_reference
0x00787870	FUN_00787870	std_exception__related_00787870	callgraph_affinity	std::exception	0x00b0f5dc	std::exception	0.340	std::bad_alloc@0.340	vtable_store:vtable_reference
0x00787970	FUN_00787970	std_exception__related_00787970	callgraph_affinity	std::exception	0x00b0f5dc	std::exception	0.340	std::bad_alloc@0.340	vtable_store:vtable_reference
0x00787af6	FUN_00787af6	std_exception__related_00787af6	callgraph_affinity	std::exception	0x00b0f5dc	std::exception	0.340	std::bad_alloc@0.340	vtable_store:vtable_reference
0x00791ac2	FUN_00791ac2	std_exception__related_00791ac2	callgraph_affinity	std::exception	0x00b10f10	std::exception	0.340	std::bad_alloc@0.340	vtable_store:vtable_reference
0x0079ecfd	FUN_0079ecfd	std_exception__related_0079ecfd	callgraph_affinity	std::exception	0x00b12008	std::exception	0.340	std::bad_alloc@0.340;IndInst::IndInstInterface@0.312	vtable_store:vtable_reference
0x0079ed88	FUN_0079ed88	std_exception__related_0079ed88	callgraph_affinity	std::exception	0x00b12008	std::exception	0.340	std::bad_alloc@0.340;IndInst::IndInstInterface@0.312	vtable_store:vtable_reference
0x007a1680	FUN_007a1680	std_exception__related_007a1680	callgraph_affinity	std::exception	0x00b12cf4	std::exception	0.340	std::bad_alloc@0.340	vtable_store:vtable_reference
0x0050009f	FUN_0050009f	objectdata_twoop__related_0050009f	callgraph_affinity	objectdata_twoop	0x00ace1e0	objectdata	0.339	objectdata@0.293	called_by:0x005592d9;called_by:0x00576bbe
0x00696f5f	FUN_00696f5f	backend_t__related_00696f5f	callgraph_affinity	backend_t	0x00abfe94	backend_dataflow	0.339	backend_basetype2@0.293	2hop_calls:0x00568af3;called_by:0x00424ceb
0x00424e30	FUN_00424e30	backend_t__related_00424e30	callgraph_affinity	backend_t	0x00abfe94	backend_dataflow	0.334	backend_basetype2@0.289	called_by:0x00424ceb
0x0042547f	FUN_0042547f	std_out_of_range__related_0042547f	callgraph_affinity	std::out_of_range	0x00abffc8	std::exception	0.334	std::overflow_error@0.334;std::exception@0.298;std::logic_error@0.289;std::runtime_error@0.289	called_by:0x004256c8
0x00425f07	FUN_00425f07	std_out_of_range__related_00425f07	callgraph_affinity	std::out_of_range	0x00abffc8	std::exception	0.334	std::exception@0.289;std::logic_error@0.289	called_by:0x004256c8
0x0043ac5f	FUN_0043ac5f	std_out_of_range__related_0043ac5f	callgraph_affinity	std::out_of_range	0x00ac0a48	std::exception	0.334	std::exception@0.289;std::logic_error@0.289	called_by:0x0043adf7
0x0043b1e0	FUN_0043b1e0	std_out_of_range__related_0043b1e0	callgraph_affinity	std::out_of_range	0x00ac0a48	std::exception	0.334	std::exception@0.289;std::logic_error@0.289	called_by:0x0043adf7
0x0047291d	FUN_0047291d	std_out_of_range__related_0047291d	callgraph_affinity	std::out_of_range	0x00abf2a0	std::exception	0.334	std::exception@0.289;std::logic_error@0.289	called_by:0x0042226d
0x004af8cd	FUN_004af8cd	objectdata_block__related_004af8cd	callgraph_affinity	objectdata_block	0x00ace3b0	objectdata	0.334	objectdata@0.289	called_by:0x005f5370
0x004af916	FUN_004af916	objectdata_block__related_004af916	callgraph_affinity	objectdata_block	0x00ace3b0	objectdata	0.334	objectdata@0.289	called_by:0x005f5370
0x004b15d0	FUN_004b15d0	objectdata_twoop__related_004b15d0	callgraph_affinity	objectdata_twoop	0x00ace1e0	objectdata	0.334	objectdata@0.289	called_by:0x006137ae
0x004b169d	FUN_004b169d	objectdata_twoop__related_004b169d	callgraph_affinity	objectdata_twoop	0x00ace1e0	objectdata	0.334	objectdata@0.289	called_by:0x006137ae
0x004c58db	FUN_004c58db	NoReturnChecker__related_004c58db	callgraph_affinity	NoReturnChecker	0x00b01790	Checker	0.334	Checker@0.289;CheckerIntStateAll@0.289;CheckerIntState@0.289	called_by:0x00618c72
0x004e159e	FUN_004e159e	std_out_of_range__related_004e159e	callgraph_affinity	std::out_of_range	0x00ace658	std::exception	0.334	std::overflow_error@0.334;std::exception@0.298;std::logic_error@0.289;std::runtime_error@0.289	called_by:0x004e17e7
0x004e2026	FUN_004e2026	std_out_of_range__related_004e2026	callgraph_affinity	std::out_of_range	0x00ace658	std::exception	0.334	std::exception@0.289;std::logic_error@0.289	called_by:0x004e17e7
0x004e6742	FUN_004e6742	SimpleOutputGen__related_004e6742	callgraph_affinity	SimpleOutputGen	0x00b12810	OutputGen	0.334	OutputGen@0.289	called_by:0x004e68cd
0x004eca51	FUN_004eca51	objectdata_rouconstr__related_004eca51	callgraph_affinity	objectdata_rouconstr	0x00ace280	objectdata	0.334	objectdata@0.289	called_by:0x004f31ef
0x004f7e2f	FUN_004f7e2f	objectdata_rouconstr__related_004f7e2f	callgraph_affinity	objectdata_rouconstr	0x00ace280	objectdata	0.334	objectdata@0.289	called_by:0x004f31ef
0x004ff987	FUN_004ff987	NoReturnChecker__related_004ff987	callgraph_affinity	NoReturnChecker	0x00b01790	Checker	0.334	Checker@0.289;CheckerIntStateAll@0.289;CheckerIntState@0.289	called_by:0x00618c72
0x004ffb76	FUN_004ffb76	objectdata_block__related_004ffb76	callgraph_affinity	objectdata_block	0x00ace3b0	objectdata	0.334	objectdata@0.293	called_by:0x005f5370
0x004ffbf5	FUN_004ffbf5	objectdata_twoop__related_004ffbf5	callgraph_affinity	objectdata_twoop	0x00ace1e0	objectdata	0.334	objectdata@0.289	called_by:0x005592d9
0x004ffed5	FUN_004ffed5	objectdata_block__related_004ffed5	callgraph_affinity	objectdata_block	0x00ace3b0	objectdata	0.334	objectdata@0.289	called_by:0x005f5370
0x004fff69	FUN_004fff69	objectdata_block__related_004fff69	callgraph_affinity	objectdata_block	0x00ace3b0	objectdata	0.334	NoReturnChecker@0.334;objectdata@0.289;Checker@0.289;CheckerIntStateAll@0.289	called_by:0x005f5370
0x005000c7	FUN_005000c7	objectdata_twoop__related_005000c7	callgraph_affinity	objectdata_twoop	0x00ace1e0	objectdata	0.334	objectdata@0.289	called_by:0x005592d9
0x005000ea	FUN_005000ea	objectdata_twoop__related_005000ea	callgraph_affinity	objectdata_twoop	0x00ace1e0	objectdata	0.334	objectdata@0.289	called_by:0x005592d9
0x005001d2	FUN_005001d2	objectdata_block__related_005001d2	callgraph_affinity	objectdata_block	0x00ace3b0	objectdata	0.334	NoReturnChecker@0.334;objectdata@0.289;Checker@0.289;CheckerIntStateAll@0.289	called_by:0x005f5370
0x00519c1f	FUN_00519c1f	TimeAccurateAliasAnalyzer__related_00519c1f	callgraph_affinity	TimeAccurateAliasAnalyzer	0x00aff0dc	AliasAnalyzer	0.334	AliasAnalyzer@0.289	called_by:0x005f4329
0x0051c181	FUN_0051c181	TimeAccurateAliasAnalyzer__related_0051c181	callgraph_affinity	TimeAccurateAliasAnalyzer	0x00aff0dc	AliasAnalyzer	0.334	AliasAnalyzer@0.289	called_by:0x005f4329
0x0051f4c4	FUN_0051f4c4	objectdata_twoop__related_0051f4c4	callgraph_affinity	objectdata_twoop	0x00ace1e0	objectdata	0.334	objectdata@0.289	called_by:0x005592d9
0x00521159	FUN_00521159	ls_window_scheduler__related_00521159	callgraph_affinity	ls_window_scheduler	0x00b0c114	ws_interface	0.334	ws_interface@0.289	called_by:0x0073a363
0x005225ad	FUN_005225ad	objectdata_twoop__related_005225ad	callgraph_affinity	objectdata_twoop	0x00ace1e0	objectdata	0.334	objectdata@0.289	called_by:0x005592d9
0x005334fd	FUN_005334fd	NoReturnChecker__related_005334fd	callgraph_affinity	NoReturnChecker	0x00b01790	Checker	0.334	Checker@0.289;CheckerIntStateAll@0.289;CheckerIntState@0.289	called_by:0x00618c72
0x005362c5	FUN_005362c5	NoReturnChecker__related_005362c5	callgraph_affinity	NoReturnChecker	0x00b01790	Checker	0.334	Checker@0.289;CheckerIntStateAll@0.289;CheckerIntState@0.289	called_by:0x00618c72
0x00536d38	FUN_00536d38	NoReturnChecker__related_00536d38	callgraph_affinity	NoReturnChecker	0x00b01790	Checker	0.334	Checker@0.289;CheckerIntStateAll@0.289;CheckerIntState@0.289	called_by:0x00618c72
0x00537cd7	FUN_00537cd7	NoReturnChecker__related_00537cd7	callgraph_affinity	NoReturnChecker	0x00b01790	Checker	0.334	Checker@0.289;CheckerIntStateAll@0.289;CheckerIntState@0.289	called_by:0x00618c72
0x0054833d	FUN_0054833d	objectdata_twoop__related_0054833d	callgraph_affinity	objectdata_twoop	0x00ace1e0	objectdata	0.334	objectdata@0.289	called_by:0x005592d9
0x00548bb7	FUN_00548bb7	objectdata_twoop__related_00548bb7	callgraph_affinity	objectdata_twoop	0x00ace1e0	objectdata	0.334	objectdata@0.289	called_by:0x005592d9
0x0054a742	FUN_0054a742	objectdata_twoop__related_0054a742	callgraph_affinity	objectdata_twoop	0x00ace1e0	objectdata	0.334	objectdata@0.289	called_by:0x005592d9
0x0054a76e	FUN_0054a76e	objectdata_twoop__related_0054a76e	callgraph_affinity	objectdata_twoop	0x00ace1e0	objectdata	0.334	objectdata@0.289	called_by:0x005592d9
0x005503c0	FUN_005503c0	objectdata_twoop__related_005503c0	callgraph_affinity	objectdata_twoop	0x00ace1e0	objectdata	0.334	objectdata@0.289	called_by:0x005592d9
0x00550521	FUN_00550521	objectdata_twoop__related_00550521	callgraph_affinity	objectdata_twoop	0x00ace1e0	objectdata	0.334	objectdata@0.289	called_by:0x005592d9
0x0055129f	FUN_0055129f	objectdata_twoop__related_0055129f	callgraph_affinity	objectdata_twoop	0x00ace1e0	objectdata	0.334	objectdata@0.289	called_by:0x005592d9
0x005516ef	FUN_005516ef	objectdata_twoop__related_005516ef	callgraph_affinity	objectdata_twoop	0x00ace1e0	objectdata	0.334	objectdata@0.289	called_by:0x005592d9
0x005527cd	FUN_005527cd	objectdata_twoop__related_005527cd	callgraph_affinity	objectdata_twoop	0x00ace1e0	objectdata	0.334	objectdata@0.289	called_by:0x005592d9
0x0055294d	FUN_0055294d	objectdata_twoop__related_0055294d	callgraph_affinity	objectdata_twoop	0x00ace1e0	objectdata	0.334	objectdata@0.289	called_by:0x005592d9
0x005529c0	FUN_005529c0	objectdata_twoop__related_005529c0	callgraph_affinity	objectdata_twoop	0x00ace1e0	objectdata	0.334	objectdata@0.289	called_by:0x005592d9
0x00553d08	FUN_00553d08	objectdata_twoop__related_00553d08	callgraph_affinity	objectdata_twoop	0x00ace1e0	objectdata	0.334	objectdata@0.289	called_by:0x005592d9
0x0055868f	FUN_0055868f	objectdata_twoop__related_0055868f	callgraph_affinity	objectdata_twoop	0x00ace1e0	objectdata	0.334	objectdata@0.289	called_by:0x005592d9
0x00558c21	FUN_00558c21	objectdata_twoop__related_00558c21	callgraph_affinity	objectdata_twoop	0x00ace1e0	objectdata	0.334	objectdata@0.289	called_by:0x005592d9
0x0055912a	FUN_0055912a	objectdata_twoop__related_0055912a	callgraph_affinity	objectdata_twoop	0x00ace1e0	objectdata	0.334	objectdata@0.289	called_by:0x005592d9
0x00559195	FUN_00559195	objectdata_twoop__related_00559195	callgraph_affinity	objectdata_twoop	0x00ace1e0	objectdata	0.334	objectdata@0.289	called_by:0x005592d9
0x0055929b	FUN_0055929b	objectdata_twoop__related_0055929b	callgraph_affinity	objectdata_twoop	0x00ace1e0	objectdata	0.334	objectdata@0.289	called_by:0x005592d9
0x0057af31	FUN_0057af31	NoReturnChecker__related_0057af31	callgraph_affinity	NoReturnChecker	0x00b01790	Checker	0.334	Checker@0.289;CheckerIntStateAll@0.289;CheckerIntState@0.289	called_by:0x00618c72
0x00587980	FUN_00587980	NoReturnChecker__related_00587980	callgraph_affinity	NoReturnChecker	0x00b01790	Checker	0.334	Checker@0.289;CheckerIntStateAll@0.289;CheckerIntState@0.289	called_by:0x00618c72
0x00590482	FUN_00590482	Split64DoVisitor__related_00590482	callgraph_affinity	Split64DoVisitor	0x00b07ef0	MachopVisitor	0.334	MachopVisitor@0.289	called_by:0x006ac5cd
0x00590544	FUN_00590544	Split64DoVisitor__related_00590544	callgraph_affinity	Split64DoVisitor	0x00b07ef0	MachopVisitor	0.334	MachopVisitor@0.289;InterblockDf@0.258;TouchesDf@0.258;LivenessDf@0.258	called_by:0x006ac5cd
0x0059ca3f	FUN_0059ca3f	NoReturnChecker__related_0059ca3f	callgraph_affinity	NoReturnChecker	0x00b01790	Checker	0.334	Checker@0.289;CheckerIntStateAll@0.289;CheckerIntState@0.289	called_by:0x00618c72
0x0059f821	FUN_0059f821	NoReturnChecker__related_0059f821	callgraph_affinity	NoReturnChecker	0x00b01790	Checker	0.334	Checker@0.289;CheckerIntStateAll@0.289;CheckerIntState@0.289	called_by:0x00618c72
0x005a092a	FUN_005a092a	std_out_of_range__related_005a092a	callgraph_affinity	std::out_of_range	0x00b10f50	std::exception	0.334	Disassembler@0.321;std::exception@0.289;std::logic_error@0.289	called_by:0x007991de
0x005a37fb	FUN_005a37fb	NoReturnChecker__related_005a37fb	callgraph_affinity	NoReturnChecker	0x00b01790	Checker	0.334	Checker@0.289;CheckerIntStateAll@0.289;CheckerIntState@0.289	called_by:0x00618c72
0x005a7c99	FUN_005a7c99	NoReturnChecker__related_005a7c99	callgraph_affinity	NoReturnChecker	0x00b01790	Checker	0.334	Checker@0.289;CheckerIntStateAll@0.289;CheckerIntState@0.289	called_by:0x00618c72
0x005b9726	FUN_005b9726	alloc_table_hash__related_005b9726	callgraph_affinity	alloc_table_hash	0x00b0a5c8	alloc_table	0.334	alloc_table@0.289	called_by:0x0071df17
0x005babd2	FUN_005babd2	backend_basetype__related_005babd2	callgraph_affinity	backend_basetype	0x00afc4e0	backend_dataflow	0.334	backend_dataflow@0.289	called_by:0x005bac03
0x005cda3f	FUN_005cda3f	objectdata_twoop__related_005cda3f	callgraph_affinity	objectdata_twoop	0x00ace1e0	objectdata	0.334	objectdata@0.289	called_by:0x005d5e5e
0x005cf608	FUN_005cf608	objectdata_twoop__related_005cf608	callgraph_affinity	objectdata_twoop	0x00ace1e0	objectdata	0.334	objectdata@0.289	called_by:0x005d5e5e
0x005d8375	FUN_005d8375	TimeAccurateAliasAnalyzer__related_005d8375	callgraph_affinity	TimeAccurateAliasAnalyzer	0x00aff0dc	AliasAnalyzer	0.334	AliasAnalyzer@0.289	called_by:0x005d87cb
0x005d8cf3	FUN_005d8cf3	TimeAccurateAliasAnalyzer__related_005d8cf3	callgraph_affinity	TimeAccurateAliasAnalyzer	0x00aff0dc	AliasAnalyzer	0.334	AliasAnalyzer@0.289	called_by:0x005f4329
0x005d9301	FUN_005d9301	TimeAccurateAliasAnalyzer__related_005d9301	callgraph_affinity	TimeAccurateAliasAnalyzer	0x00aff0dc	AliasAnalyzer	0.334	AliasAnalyzer@0.289	called_by:0x005f4329
0x005d9342	FUN_005d9342	ValueNeededDf__related_005d9342	callgraph_affinity	ValueNeededDf	0x00aff16c	InterblockDf	0.334	InterblockDf@0.307;AliasAnalyzer@0.266;InterblockDf@0.258;TouchesDf@0.258	called_by:0x005eaa4a
0x005db58b	FUN_005db58b	NoReturnChecker__related_005db58b	callgraph_affinity	NoReturnChecker	0x00b01790	Checker	0.334	Checker@0.289;CheckerIntStateAll@0.289;CheckerIntState@0.289	called_by:0x00618c72
0x005de785	FUN_005de785	objectdata_twoop__related_005de785	callgraph_affinity	objectdata_twoop	0x00ace1e0	objectdata	0.334	objectdata@0.289	called_by:0x005edb5b
0x005ea609	FUN_005ea609	objectdata_twoop__related_005ea609	callgraph_affinity	objectdata_twoop	0x00ace1e0	objectdata	0.334	objectdata@0.289	called_by:0x005ef811
0x005ef745	FUN_005ef745	objectdata_twoop__related_005ef745	callgraph_affinity	objectdata_twoop	0x00ace1e0	objectdata	0.334	objectdata@0.289	called_by:0x005ef811
0x005f254d	FUN_005f254d	TimeAccurateAliasAnalyzer__related_005f254d	callgraph_affinity	TimeAccurateAliasAnalyzer	0x00aff0dc	AliasAnalyzer	0.334	AliasAnalyzer@0.289	called_by:0x005f4329
0x005f264d	FUN_005f264d	TimeAccurateAliasAnalyzer__related_005f264d	callgraph_affinity	TimeAccurateAliasAnalyzer	0x00aff0dc	AliasAnalyzer	0.334	AliasAnalyzer@0.289	called_by:0x005f4329
0x005f289c	FUN_005f289c	TimeAccurateAliasAnalyzer__related_005f289c	callgraph_affinity	TimeAccurateAliasAnalyzer	0x00aff0dc	AliasAnalyzer	0.334	AliasAnalyzer@0.289	called_by:0x005f4329
0x005f296d	FUN_005f296d	TimeAccurateAliasAnalyzer__related_005f296d	callgraph_affinity	TimeAccurateAliasAnalyzer	0x00aff0dc	AliasAnalyzer	0.334	AliasAnalyzer@0.289	called_by:0x005f4329
0x005f29cc	FUN_005f29cc	TimeAccurateAliasAnalyzer__related_005f29cc	callgraph_affinity	TimeAccurateAliasAnalyzer	0x00aff0dc	AliasAnalyzer	0.334	AliasAnalyzer@0.289	called_by:0x005f4329
0x005f2c91	FUN_005f2c91	TimeAccurateAliasAnalyzer__related_005f2c91	callgraph_affinity	TimeAccurateAliasAnalyzer	0x00aff0dc	AliasAnalyzer	0.334	AliasAnalyzer@0.289	called_by:0x005f4329
0x005f318e	FUN_005f318e	TimeAccurateAliasAnalyzer__related_005f318e	callgraph_affinity	TimeAccurateAliasAnalyzer	0x00aff0dc	AliasAnalyzer	0.334	AliasAnalyzer@0.289	called_by:0x005f4329
0x005f42ac	FUN_005f42ac	TimeAccurateAliasAnalyzer__related_005f42ac	callgraph_affinity	TimeAccurateAliasAnalyzer	0x00aff0dc	AliasAnalyzer	0.334	AliasAnalyzer@0.289	called_by:0x005f4329
0x005f4cbd	FUN_005f4cbd	objectdata_block__related_005f4cbd	callgraph_affinity	objectdata_block	0x00ace3b0	objectdata	0.334	objectdata@0.289	called_by:0x005f5370
0x005f4ebf	FUN_005f4ebf	objectdata_block__related_005f4ebf	callgraph_affinity	objectdata_block	0x00ace3b0	objectdata	0.334	objectdata@0.289	called_by:0x005f5370
0x005f5169	FUN_005f5169	objectdata_block__related_005f5169	callgraph_affinity	objectdata_block	0x00ace3b0	objectdata	0.334	objectdata@0.289	called_by:0x005f5370
0x005f527e	FUN_005f527e	objectdata_block__related_005f527e	callgraph_affinity	objectdata_block	0x00ace3b0	objectdata	0.334	objectdata@0.289	called_by:0x005f5370
0x005fdcd7	FUN_005fdcd7	objectdata_twoop__related_005fdcd7	callgraph_affinity	objectdata_twoop	0x00ace1e0	objectdata	0.334	objectdata@0.289	called_by:0x005d5e5e
0x005feabb	FUN_005feabb	NoReturnChecker__related_005feabb	callgraph_affinity	NoReturnChecker	0x00b01790	Checker	0.334	Checker@0.289;CheckerIntStateAll@0.289;CheckerIntState@0.289	called_by:0x00618c72
0x00602a6a	FUN_00602a6a	NoReturnChecker__related_00602a6a	callgraph_affinity	NoReturnChecker	0x00b01790	Checker	0.334	Checker@0.289;CheckerIntStateAll@0.289;CheckerIntState@0.289	called_by:0x00618c72
0x006030a9	FUN_006030a9	objectdata_twoop__related_006030a9	callgraph_affinity	objectdata_twoop	0x00ace1e0	objectdata	0.334	objectdata@0.289	called_by:0x006137ae
0x00603470	FUN_00603470	NoReturnChecker__related_00603470	callgraph_affinity	NoReturnChecker	0x00b01790	Checker	0.334	Checker@0.293;CheckerIntStateAll@0.293;CheckerIntState@0.293	called_by:0x00618c72
0x00609333	FUN_00609333	NoReturnChecker__related_00609333	callgraph_affinity	NoReturnChecker	0x00b01790	Checker	0.334	Checker@0.289;CheckerIntStateAll@0.289;CheckerIntState@0.289	called_by:0x00618c72
0x00609386	FUN_00609386	NoReturnChecker__related_00609386	callgraph_affinity	NoReturnChecker	0x00b01790	Checker	0.334	Checker@0.289;CheckerIntStateAll@0.289;CheckerIntState@0.289	called_by:0x00618c72
0x0060ab84	FUN_0060ab84	NoReturnChecker__related_0060ab84	callgraph_affinity	NoReturnChecker	0x00b01790	Checker	0.334	Checker@0.289;CheckerIntStateAll@0.289;CheckerIntState@0.289	called_by:0x00618c72
0x0060d9be	FUN_0060d9be	NoReturnChecker__related_0060d9be	callgraph_affinity	NoReturnChecker	0x00b01790	Checker	0.334	Checker@0.289;CheckerIntStateAll@0.289;CheckerIntState@0.289	called_by:0x00618c72
0x0060db32	FUN_0060db32	NoReturnChecker__related_0060db32	callgraph_affinity	NoReturnChecker	0x00b01790	Checker	0.334	Checker@0.289;CheckerIntStateAll@0.289;CheckerIntState@0.289	called_by:0x00618c72
0x0060fdad	FUN_0060fdad	NoReturnChecker__related_0060fdad	callgraph_affinity	NoReturnChecker	0x00b01790	Checker	0.334	Checker@0.289;CheckerIntStateAll@0.289;CheckerIntState@0.289	called_by:0x00618c72
0x00610177	FUN_00610177	NoReturnChecker__related_00610177	callgraph_affinity	NoReturnChecker	0x00b01790	Checker	0.334	Checker@0.289;CheckerIntStateAll@0.289;CheckerIntState@0.289	called_by:0x00618c72
0x00612de7	FUN_00612de7	objectdata_twoop__related_00612de7	callgraph_affinity	objectdata_twoop	0x00ace1e0	objectdata	0.334	objectdata@0.289	called_by:0x006137ae
0x00614b30	FUN_00614b30	NoReturnChecker__related_00614b30	callgraph_affinity	NoReturnChecker	0x00b01790	Checker	0.334	Checker@0.289;CheckerIntStateAll@0.289;CheckerIntState@0.289	called_by:0x00618c72
0x00614d59	FUN_00614d59	NoReturnChecker__related_00614d59	callgraph_affinity	NoReturnChecker	0x00b01790	Checker	0.334	Checker@0.289;CheckerIntStateAll@0.289;CheckerIntState@0.289	called_by:0x00618c72
0x006150a1	FUN_006150a1	NoReturnChecker__related_006150a1	callgraph_affinity	NoReturnChecker	0x00b01790	Checker	0.334	Checker@0.289;CheckerIntStateAll@0.289;CheckerIntState@0.289	called_by:0x00618c72
0x0061540a	FUN_0061540a	NoReturnChecker__related_0061540a	callgraph_affinity	NoReturnChecker	0x00b01790	Checker	0.334	Checker@0.289;CheckerIntStateAll@0.289;CheckerIntState@0.289	called_by:0x00618c72
0x006155e8	FUN_006155e8	NoReturnChecker__related_006155e8	callgraph_affinity	NoReturnChecker	0x00b01790	Checker	0.334	Checker@0.289;CheckerIntStateAll@0.289;CheckerIntState@0.289	called_by:0x00618c72
0x00617c8b	FUN_00617c8b	NoReturnChecker__related_00617c8b	callgraph_affinity	NoReturnChecker	0x00b01790	Checker	0.334	Checker@0.289;CheckerIntStateAll@0.289;CheckerIntState@0.289	called_by:0x00618c72
0x00617e78	FUN_00617e78	NoReturnChecker__related_00617e78	callgraph_affinity	NoReturnChecker	0x00b01790	Checker	0.334	Checker@0.289;CheckerIntStateAll@0.289;CheckerIntState@0.289	called_by:0x00618c72
0x00618198	FUN_00618198	NoReturnChecker__related_00618198	callgraph_affinity	NoReturnChecker	0x00b01790	Checker	0.334	Checker@0.289;CheckerIntStateAll@0.289;CheckerIntState@0.289	called_by:0x00618c72
0x006181cd	FUN_006181cd	NoReturnChecker__related_006181cd	callgraph_affinity	NoReturnChecker	0x00b01790	Checker	0.334	Checker@0.289;CheckerIntStateAll@0.289;CheckerIntState@0.289	called_by:0x00618c72
0x00618202	FUN_00618202	NoReturnChecker__related_00618202	callgraph_affinity	NoReturnChecker	0x00b01790	Checker	0.334	Checker@0.289;CheckerIntStateAll@0.289;CheckerIntState@0.289	called_by:0x00618c72
0x006188d1	FUN_006188d1	NoReturnChecker__related_006188d1	callgraph_affinity	NoReturnChecker	0x00b01790	Checker	0.334	Checker@0.289;CheckerIntStateAll@0.289;CheckerIntState@0.289;objectdata@0.253	called_by:0x00618c72
0x00618b4f	FUN_00618b4f	NoReturnChecker__related_00618b4f	callgraph_affinity	NoReturnChecker	0x00b01790	Checker	0.334	Checker@0.289;CheckerIntStateAll@0.289;CheckerIntState@0.289	called_by:0x00618c72
0x00618b87	FUN_00618b87	NoReturnChecker__related_00618b87	callgraph_affinity	NoReturnChecker	0x00b01790	Checker	0.334	Checker@0.289;CheckerIntStateAll@0.289;CheckerIntState@0.289	called_by:0x00618c72
0x00618bc1	FUN_00618bc1	NoReturnChecker__related_00618bc1	callgraph_affinity	NoReturnChecker	0x00b01790	Checker	0.334	Checker@0.289;CheckerIntStateAll@0.289;CheckerIntState@0.289	called_by:0x00618c72
0x0062114c	FUN_0062114c	objectdata_rouconstr__related_0062114c	callgraph_affinity	objectdata_rouconstr	0x00ace280	objectdata	0.334	objectdata@0.289	called_by:0x004f31ef
0x00694eac	FUN_00694eac	var_disjointsets_impl__related_00694eac	callgraph_affinity	var_disjointsets_impl	0x00b0d428	var_disjointsets	0.334	var_disjointsets@0.289	called_by:0x0074a8cd
0x00696659	FUN_00696659	std_out_of_range__related_00696659	callgraph_affinity	std::out_of_range	0x00b06c9c	std::exception	0.334	std::exception@0.289;std::logic_error@0.289	called_by:0x0069619b
0x006a1f2d	FUN_006a1f2d	objectdata_rouconstr__related_006a1f2d	callgraph_affinity	objectdata_rouconstr	0x00ace280	objectdata	0.334	objectdata@0.289	called_by:0x004f31ef
0x006a6302	FUN_006a6302	ls_window_scheduler__related_006a6302	callgraph_affinity	ls_window_scheduler	0x00b0c114	ws_interface	0.334	ws_interface@0.289	called_by:0x0073a363
0x006cf60a	FUN_006cf60a	ls_window_scheduler__related_006cf60a	callgraph_affinity	ls_window_scheduler	0x00b0c114	ws_interface	0.334	ws_interface@0.289	called_by:0x0073a363
0x0071dd83	FUN_0071dd83	alloc_table_btree__related_0071dd83	callgraph_affinity	alloc_table_btree	0x00b0a5d8	alloc_table	0.334	alloc_table@0.289	called_by:0x0071df90
0x007364f3	FUN_007364f3	ls_window_scheduler__related_007364f3	callgraph_affinity	ls_window_scheduler	0x00b0c114	ws_interface	0.334	ws_interface@0.289	called_by:0x0073a363
0x0074784c	FUN_0074784c	Num__related_0074784c	callgraph_affinity	Num	0x00b0c8ac	Exp	0.334	Val@0.289;Exp@0.289	called_by:0x0074857f
0x00747b34	FUN_00747b34	Num__related_00747b34	callgraph_affinity	Num	0x00b0c8ac	Exp	0.334	Val@0.289;Exp@0.289	called_by:0x0074857f
0x00747e69	FUN_00747e69	Mem__related_00747e69	callgraph_affinity	Mem	0x00b0c8dc	Exp	0.334	Val@0.289;Unk@0.289;Exp@0.289	called_by:0x00747f96
0x00748488	FUN_00748488	Num__related_00748488	callgraph_affinity	Num	0x00b0c8ac	Exp	0.334	Val@0.289;Exp@0.289	called_by:0x0074857f
0x00749569	FUN_00749569	Num__related_00749569	callgraph_affinity	Num	0x00b0c8ac	Exp	0.334	Val@0.289;Exp@0.289	called_by:0x0074959c
0x0074ad6c	FUN_0074ad6c	var_multimap_impl__related_0074ad6c	callgraph_affinity	var_multimap_impl	0x00b0d408	var_multimap	0.334	var_multimap@0.289	called_by:0x0074a948
0x00785f9a	FUN_00785f9a	std_length_error__related_00785f9a	callgraph_affinity	std::length_error	0x00b0f21c	std::exception	0.334	std::exception@0.289;std::logic_error@0.289	called_by:0x00786132
0x007924aa	FUN_007924aa	std_out_of_range__related_007924aa	callgraph_affinity	std::out_of_range	0x00b10f50	std::exception	0.334	std::exception@0.289;std::logic_error@0.289	called_by:0x007928f3
0x00793fae	FUN_00793fae	std_out_of_range__related_00793fae	callgraph_affinity	std::out_of_range	0x00b10f50	std::exception	0.334	Disassembler@0.312;std::exception@0.289;std::logic_error@0.289	called_by:0x007991de
0x0079405c	FUN_0079405c	std_out_of_range__related_0079405c	callgraph_affinity	std::out_of_range	0x00b10f50	std::exception	0.334	std::exception@0.289;std::logic_error@0.289	called_by:0x007928f3
0x0079408e	FUN_0079408e	std_out_of_range__related_0079408e	callgraph_affinity	std::out_of_range	0x00b10f50	std::exception	0.334	std::exception@0.289;std::logic_error@0.289	called_by:0x007928f3
0x0079505b	FUN_0079505b	std_length_error__related_0079505b	callgraph_affinity	std::length_error	0x00b10f40	std::exception	0.334	std::exception@0.289;std::logic_error@0.289	called_by:0x00794a30
0x00795d77	FUN_00795d77	std_out_of_range__related_00795d77	callgraph_affinity	std::out_of_range	0x00b10f50	std::exception	0.334	Disassembler@0.312;std::exception@0.289;std::logic_error@0.289	called_by:0x00797bb6
0x00795ef5	FUN_00795ef5	std_out_of_range__related_00795ef5	callgraph_affinity	std::out_of_range	0x00b10f50	std::exception	0.334	Disassembler@0.321;std::exception@0.289;std::logic_error@0.289	called_by:0x00797bb6
0x0079cb4e	FUN_0079cb4e	IndInst_instopcomp__related_0079cb4e	callgraph_affinity	IndInst::instopcomp	0x00b11f48	IndInst::instop	0.334	IndInst::instop@0.289	called_by:0x0079d78c
0x0079d23e	FUN_0079d23e	std_length_error__related_0079d23e	callgraph_affinity	std::length_error	0x00b11ad8	std::exception	0.334	std::exception@0.289;std::logic_error@0.289	called_by:0x0079d3d6
0x0079e4bf	FUN_0079e4bf	FileOutputGen__related_0079e4bf	callgraph_affinity	FileOutputGen	0x00b12820	OutputGen	0.334	OutputGen@0.289	called_by:0x0079e5db
0x0079f3a2	FUN_0079f3a2	std_length_error__related_0079f3a2	callgraph_affinity	std::length_error	0x00b12038	std::exception	0.334	std::exception@0.289;std::logic_error@0.289	called_by:0x0079f618
0x007a059c	FUN_007a059c	FileOutputGen__related_007a059c	callgraph_affinity	FileOutputGen	0x00b12820	OutputGen	0.334	OutputGen@0.289	called_by:0x007a0ad3
0x009a6c2a	FUN_009a6c2a	objectdata_twoop__related_009a6c2a	callgraph_affinity	objectdata_twoop	0x00ace1e0	objectdata	0.334	objectdata@0.289	called_by:0x005592d9
0x00a91fff	FUN_00a91fff	std_out_of_range__related_00a91fff	callgraph_affinity	std::out_of_range	0x00bd48e0	std::exception	0.334	std::length_error@0.334;std::logic_error@0.298	called_by:0x00a9214f
0x00a92142	FUN_00a92142	std_out_of_range__related_00a92142	callgraph_affinity	std::out_of_range	0x00bd48e0	std::exception	0.334	std::length_error@0.334;std::logic_error@0.298	called_by:0x00a9214f
0x00a94c5a	FUN_00a94c5a	TimeAccurateAliasAnalyzer__related_00a94c5a	callgraph_affinity	TimeAccurateAliasAnalyzer	0x00aff0dc	AliasAnalyzer	0.334	NoReturnChecker@0.334;AliasAnalyzer@0.293;Checker@0.293;CheckerIntStateAll@0.293	called_by:0x005f4329
0x00751983	FUN_00751983	backend_basetype__related_00751983	callgraph_affinity	backend_basetype	0x00afc4e0	backend_dataflow	0.325	backend_basetype2@0.325;backend_dataflow@0.321;backend_t@0.316	2hop_calls:0x00568af3;called_by:0x007692da;called_by:0x0076fdcf
0x0046c7f5	FUN_0046c7f5	backend_t__related_0046c7f5	callgraph_affinity	backend_t	0x00abfe94	backend_dataflow	0.321	backend_basetype@0.321;backend_basetype2@0.321;backend_dataflow@0.321	called_by:0x0077017f;called_by:0x007711eb
0x006d2657	FUN_006d2657	backend_dataflow__related_006d2657	callgraph_affinity	backend_dataflow	0x00b0e82c	backend_dataflow	0.321	backend_basetype@0.312;backend_basetype2@0.312	called_by:0x007692da;called_by:0x0076ce1e
0x006d5ca3	FUN_006d5ca3	backend_basetype__related_006d5ca3	callgraph_affinity	backend_basetype	0x00afc4e0	backend_dataflow	0.321	backend_basetype2@0.321;backend_dataflow@0.321;vn_advisor_ppc_consolshift@0.312;vn_advisor_consol@0.312	called_by:0x00766cae;called_by:0x007692da
0x007558f7	FUN_007558f7	backend_basetype__related_007558f7	callgraph_affinity	backend_basetype	0x00afc4e0	backend_dataflow	0.321	backend_basetype2@0.321;backend_dataflow@0.321;backend_t@0.312	called_by:0x00766cae;called_by:0x007711eb
0x0076b0d7	FUN_0076b0d7	backend_dataflow__related_0076b0d7	callgraph_affinity	backend_dataflow	0x00b0e82c	backend_dataflow	0.321		called_by:0x0076c5f7;called_by:0x0076c612
0x0074f3e2	FUN_0074f3e2	backend_t__related_0074f3e2	callgraph_affinity	backend_t	0x00abfe94	backend_dataflow	0.316	backend_basetype@0.316;backend_basetype2@0.316;backend_dataflow@0.312	2hop_calls:0x00568af3;called_by:0x0077017f
0x0074f5d0	FUN_0074f5d0	backend_t__related_0074f5d0	callgraph_affinity	backend_t	0x00abfe94	backend_dataflow	0.316	backend_basetype@0.316;backend_basetype2@0.316;backend_dataflow@0.312	2hop_calls:0x00568af3;called_by:0x0077017f
0x0075a8f6	FUN_0075a8f6	backend_basetype__related_0075a8f6	callgraph_affinity	backend_basetype	0x00afc4e0	backend_dataflow	0.316	backend_basetype2@0.316;backend_dataflow@0.312	2hop_calls:0x00568af3;called_by:0x00766cae
0x007663f5	FUN_007663f5	backend_basetype__related_007663f5	callgraph_affinity	backend_basetype	0x00afc4e0	backend_dataflow	0.316	backend_basetype2@0.316;backend_dataflow@0.312	2hop_calls:0x00568af3;called_by:0x00766cae
0x00766988	FUN_00766988	backend_basetype__related_00766988	callgraph_affinity	backend_basetype	0x00afc4e0	backend_dataflow	0.316	backend_basetype2@0.316;backend_dataflow@0.312	2hop_calls:0x00568af3;called_by:0x00766cae
0x007670d8	FUN_007670d8	backend_basetype__related_007670d8	callgraph_affinity	backend_basetype	0x00afc4e0	backend_dataflow	0.316	backend_basetype2@0.316;backend_dataflow@0.312	2hop_calls:0x00568af3;called_by:0x007692da
0x00767b12	FUN_00767b12	backend_basetype__related_00767b12	callgraph_affinity	backend_basetype	0x00afc4e0	backend_dataflow	0.316	backend_basetype2@0.316;backend_dataflow@0.312	2hop_calls:0x00568af3;called_by:0x007692da
0x004b6981	FUN_004b6981	backend_dataflow__related_004b6981	callgraph_affinity	backend_dataflow	0x00b0e82c	backend_dataflow	0.312		called_by:0x0076ce1e
0x004da831	FUN_004da831	nonstandard_type_handler__related_004da831	callgraph_affinity	nonstandard_type_handler	0x00b020a0	ObjectVisitor	0.312	bytereverser@0.312	called_by:0x0061fea0
0x004dacb3	FUN_004dacb3	backend_basetype__related_004dacb3	callgraph_affinity	backend_basetype	0x00afc4e0	backend_dataflow	0.312	backend_basetype2@0.312;backend_dataflow@0.312	called_by:0x00766cae
0x0059cc53	FUN_0059cc53	OutputGen__related_0059cc53	callgraph_affinity	OutputGen	0x00b12800	OutputGen	0.312	BufferOutputGen@0.312;DebugOutputGen@0.312	called_by:0x007a0e16
0x005a0989	FUN_005a0989	Disassembler__related_005a0989	callgraph_affinity	Disassembler	0x00b1155c	Disassembler	0.312		called_by:0x0079ab66
0x00664958	FUN_00664958	vn_advisor_ppc_consolshift__related_00664958	callgraph_affinity	vn_advisor_ppc_consolshift	0x00abf0b0	vn_advisor	0.312	vn_advisor_consol@0.312;vn_advisor_consoladd@0.312;vn_advisor_consolshift@0.312	called_by:0x00665891
0x006649b3	FUN_006649b3	vn_advisor_ppc_consolshift__related_006649b3	callgraph_affinity	vn_advisor_ppc_consolshift	0x00abf0b0	vn_advisor	0.312	vn_advisor_consol@0.312;vn_advisor_consoladd@0.312;vn_advisor_consolshift@0.312	called_by:0x00665891
0x00664a73	FUN_00664a73	vn_advisor_ppc_consolshift__related_00664a73	callgraph_affinity	vn_advisor_ppc_consolshift	0x00abf0b0	vn_advisor	0.312	vn_advisor_consol@0.312;vn_advisor_consoladd@0.312;vn_advisor_consolshift@0.312	called_by:0x00665891
0x00664d0f	FUN_00664d0f	vn_advisor_ppc_consolshift__related_00664d0f	callgraph_affinity	vn_advisor_ppc_consolshift	0x00abf0b0	vn_advisor	0.312	vn_advisor_consol@0.312;vn_advisor_consoladd@0.312;vn_advisor_consolshift@0.312	called_by:0x00665891
0x00664ddc	FUN_00664ddc	vn_advisor_ppc_consolshift__related_00664ddc	callgraph_affinity	vn_advisor_ppc_consolshift	0x00abf0b0	vn_advisor	0.312	vn_advisor_consol@0.312;vn_advisor_consoladd@0.312;vn_advisor_consolshift@0.312	called_by:0x00665891
0x00664e13	FUN_00664e13	vn_advisor_ppc_consolshift__related_00664e13	callgraph_affinity	vn_advisor_ppc_consolshift	0x00abf0b0	vn_advisor	0.312	vn_advisor_consol@0.312;vn_advisor_consoladd@0.312;vn_advisor_consolshift@0.312	called_by:0x00665891
0x00665e0a	FUN_00665e0a	vn_advisor_ppc_consolshift__related_00665e0a	callgraph_affinity	vn_advisor_ppc_consolshift	0x00abf0b0	vn_advisor	0.312	vn_advisor_consol@0.312;vn_advisor_consoladd@0.312;vn_advisor_consolshift@0.312	called_by:0x00665891
0x0066ae3d	FUN_0066ae3d	vn_advisor_ppc_consolshift__related_0066ae3d	callgraph_affinity	vn_advisor_ppc_consolshift	0x00abf0b0	vn_advisor	0.312	vn_advisor_consol@0.312;vn_advisor_consoladd@0.312;vn_advisor_consolshift@0.312	called_by:0x00665891
0x00678298	FUN_00678298	empty__related_00678298	callgraph_affinity	empty	0x00b0c328	operand_parser	0.312	operand_parser@0.312;immediate_implicit@0.312;register_range@0.312;register_set@0.312	called_by:0x00742622
0x006b132b	FUN_006b132b	backend_basetype__related_006b132b	callgraph_affinity	backend_basetype	0x00afc4e0	backend_dataflow	0.312	backend_basetype2@0.312;backend_dataflow@0.312	called_by:0x007692da
0x006b9085	FUN_006b9085	empty__related_006b9085	callgraph_affinity	empty	0x00b0c328	operand_parser	0.312	operand_parser@0.312;immediate_implicit@0.312;register_range@0.312;register_set@0.312	called_by:0x00742622
0x006b9859	FUN_006b9859	vn_advisor_ppc_consolshift__related_006b9859	callgraph_affinity	vn_advisor_ppc_consolshift	0x00abf0b0	vn_advisor	0.312	vn_advisor_consol@0.312;vn_advisor_consoladd@0.312;vn_advisor_consolshift@0.312	called_by:0x00665891
0x006c7d89	FUN_006c7d89	backend_basetype__related_006c7d89	callgraph_affinity	backend_basetype	0x00afc4e0	backend_dataflow	0.312	backend_basetype2@0.312;backend_dataflow@0.312	called_by:0x00766cae
0x006d1434	FUN_006d1434	peep_transformer__related_006d1434	callgraph_affinity	peep_transformer	0x00b01e58	peep_transformer	0.312	pt_condcodes@0.312;pt_dead@0.312;pt_alias@0.312;pt_const@0.312	called_by:0x0061fc27
0x006f9e4f	FUN_006f9e4f	peep_transformer__related_006f9e4f	callgraph_affinity	peep_transformer	0x00b01e58	peep_transformer	0.312	pt_condcodes@0.312;pt_dead@0.312;pt_alias@0.312;pt_const@0.312	called_by:0x0061fc27
0x00736008	FUN_00736008	list_scheduler__related_00736008	callgraph_affinity	list_scheduler	0x00b0c0e4	list_scheduler	0.312		called_by:0x00737c92
0x0073655a	FUN_0073655a	list_scheduler__related_0073655a	callgraph_affinity	list_scheduler	0x00b0c0e4	list_scheduler	0.312		called_by:0x00737c92
0x00737bba	FUN_00737bba	list_scheduler__related_00737bba	callgraph_affinity	list_scheduler	0x00b0c0e4	list_scheduler	0.312		called_by:0x00737c92
0x007381cd	FUN_007381cd	list_scheduler__related_007381cd	callgraph_affinity	list_scheduler	0x00b0c0e4	list_scheduler	0.312	compat_list_scheduler@0.312	called_by:0x007385f8
0x00739baa	FUN_00739baa	list_scheduler__related_00739baa	callgraph_affinity	list_scheduler	0x00b0c0e4	list_scheduler	0.312		called_by:0x00737c92
0x0074f67a	FUN_0074f67a	backend_t__related_0074f67a	callgraph_affinity	backend_t	0x00abfe94	backend_dataflow	0.312	backend_basetype@0.312;backend_basetype2@0.312;backend_dataflow@0.312	called_by:0x0077017f
0x00751d37	FUN_00751d37	backend_dataflow__related_00751d37	callgraph_affinity	backend_dataflow	0x00b0e82c	backend_dataflow	0.312		called_by:0x0076ce1e
0x00752c91	FUN_00752c91	backend_t__related_00752c91	callgraph_affinity	backend_t	0x00abfe94	backend_dataflow	0.312	backend_basetype@0.312;backend_basetype2@0.312;backend_dataflow@0.312	called_by:0x0077017f
0x00752d91	FUN_00752d91	backend_t__related_00752d91	callgraph_affinity	backend_t	0x00abfe94	backend_dataflow	0.312	backend_basetype@0.312;backend_basetype2@0.312;backend_dataflow@0.312	called_by:0x007711eb
0x00755760	FUN_00755760	backend_t__related_00755760	callgraph_affinity	backend_t	0x00abfe94	backend_dataflow	0.312	backend_basetype@0.312;backend_basetype2@0.312;backend_dataflow@0.312	called_by:0x007711eb
0x0075976d	FUN_0075976d	backend_basetype__related_0075976d	callgraph_affinity	backend_basetype	0x00afc4e0	backend_dataflow	0.312	backend_basetype2@0.312;backend_dataflow@0.312	called_by:0x00766cae
0x0075a026	FUN_0075a026	backend_basetype__related_0075a026	callgraph_affinity	backend_basetype	0x00afc4e0	backend_dataflow	0.312	backend_basetype2@0.312;backend_dataflow@0.312	called_by:0x00766cae
0x0075b040	FUN_0075b040	backend_basetype__related_0075b040	callgraph_affinity	backend_basetype	0x00afc4e0	backend_dataflow	0.312	backend_basetype2@0.312;backend_dataflow@0.312	called_by:0x00766cae
0x0075b671	FUN_0075b671	backend_basetype__related_0075b671	callgraph_affinity	backend_basetype	0x00afc4e0	backend_dataflow	0.312	backend_basetype2@0.312;backend_dataflow@0.312	called_by:0x00766cae
0x0075de52	FUN_0075de52	backend_t__related_0075de52	callgraph_affinity	backend_t	0x00abfe94	backend_dataflow	0.312	backend_basetype@0.312;backend_basetype2@0.312;backend_dataflow@0.312	called_by:0x0077017f
0x00765577	FUN_00765577	backend_basetype__related_00765577	callgraph_affinity	backend_basetype	0x00afc4e0	backend_dataflow	0.312	backend_basetype2@0.312;backend_dataflow@0.312	called_by:0x0076fd8c
0x00765960	FUN_00765960	backend_basetype__related_00765960	callgraph_affinity	backend_basetype	0x00afc4e0	backend_dataflow	0.312	backend_basetype2@0.312;backend_dataflow@0.312	called_by:0x00766cae
0x0076c9c0	FUN_0076c9c0	backend_dataflow__related_0076c9c0	callgraph_affinity	backend_dataflow	0x00b0e82c	backend_dataflow	0.312		called_by:0x0076ce1e
0x0076c9ee	FUN_0076c9ee	backend_dataflow__related_0076c9ee	callgraph_affinity	backend_dataflow	0x00b0e82c	backend_dataflow	0.312		called_by:0x0076ce1e
0x00770133	FUN_00770133	backend_t__related_00770133	callgraph_affinity	backend_t	0x00abfe94	backend_dataflow	0.312	backend_basetype@0.312;backend_basetype2@0.312;backend_dataflow@0.312	called_by:0x0077017f
0x007732c0	FUN_007732c0	backend_t__related_007732c0	callgraph_affinity	backend_t	0x00abfe94	backend_dataflow	0.312	backend_basetype@0.312;backend_basetype2@0.312;backend_dataflow@0.312	called_by:0x0077017f
0x00796f44	FUN_00796f44	Disassembler__related_00796f44	callgraph_affinity	Disassembler	0x00b1155c	Disassembler	0.312		called_by:0x0079ab66
0x00796fe0	FUN_00796fe0	Disassembler__related_00796fe0	callgraph_affinity	Disassembler	0x00b1155c	Disassembler	0.312		called_by:0x0079ab66
0x0079b0eb	FUN_0079b0eb	Disassembler__related_0079b0eb	callgraph_affinity	Disassembler	0x00b1155c	Disassembler	0.312		called_by:0x00796e31
0x0079e465	FUN_0079e465	IndInst_IndInstInterface__related_0079e465	callgraph_affinity	IndInst::IndInstInterface	0x00b125a0	IndInst::IndInstInterface	0.312		called_by:0x0079fdcc
0x0079ea80	FUN_0079ea80	IndInst_IndInstInterface__related_0079ea80	callgraph_affinity	IndInst::IndInstInterface	0x00b125a0	IndInst::IndInstInterface	0.312		called_by:0x0079fdcc
0x0079eb1e	FUN_0079eb1e	IndInst_IndInstInterface__related_0079eb1e	callgraph_affinity	IndInst::IndInstInterface	0x00b125a0	IndInst::IndInstInterface	0.312		called_by:0x0079fdcc
0x0079ebbc	FUN_0079ebbc	IndInst_IndInstInterface__related_0079ebbc	callgraph_affinity	IndInst::IndInstInterface	0x00b125a0	IndInst::IndInstInterface	0.312		called_by:0x0079fdcc
0x0079fc75	FUN_0079fc75	IndInst_IndInstInterface__related_0079fc75	callgraph_affinity	IndInst::IndInstInterface	0x00b125a0	IndInst::IndInstInterface	0.312		called_by:0x0079fdcc
0x00995fac	FUN_00995fac	nonstandard_type_handler__related_00995fac	callgraph_affinity	nonstandard_type_handler	0x00b020a0	ObjectVisitor	0.312	bytereverser@0.312	called_by:0x0061fea0
0x004aa49b	FUN_004aa49b	objectdata__related_004aa49b	callgraph_affinity	objectdata	0x00ace1d0	objectdata	0.264	objectdata_rouconstr@0.264;objectdata_variable@0.264	called_by:0x004aad62;called_by:0x00526df0
0x004aa605	FUN_004aa605	objectdata__related_004aa605	callgraph_affinity	objectdata	0x00ace1d0	objectdata	0.264	objectdata_rouconstr@0.264;objectdata_variable@0.264	called_by:0x004aad62;called_by:0x00526df0
0x004aa972	FUN_004aa972	objectdata__related_004aa972	callgraph_affinity	objectdata	0x00ace1d0	objectdata	0.264	objectdata_rouconstr@0.264;objectdata_variable@0.264	called_by:0x004aad62;called_by:0x00526df0
0x0059077e	FUN_0059077e	objectdata__related_0059077e	callgraph_affinity	objectdata	0x00ace1d0	objectdata	0.264	objectdata_rouconstr@0.264;objectdata_variable@0.264	called_by:0x004aad62;called_by:0x00526df0
0x005d917f	FUN_005d917f	InterblockDf__related_005d917f	callgraph_affinity	InterblockDf	0x00afd5b8	InterblockDf	0.264	AliasAnalyzer@0.258;FCEReachingWriteDf@0.258	called_by:0x005da342;called_by:0x005f6efe
0x004adab1	FUN_004adab1	objectdata__related_004adab1	callgraph_affinity	objectdata	0x00ace1d0	objectdata	0.258	objectdata_rouconstr@0.258;objectdata_variable@0.258	called_by:0x00526df0
0x004c7397	FUN_004c7397	objectdata__related_004c7397	callgraph_affinity	objectdata	0x00ace1d0	objectdata	0.258	objectdata_rouconstr@0.258;objectdata_variable@0.258	called_by:0x00526df0
0x004d9b7d	FUN_004d9b7d	objectdata__related_004d9b7d	callgraph_affinity	objectdata	0x00ace1d0	objectdata	0.258	objectdata_rouconstr@0.258;objectdata_variable@0.258	called_by:0x00526df0
0x00525a40	FUN_00525a40	objectdata__related_00525a40	callgraph_affinity	objectdata	0x00ace1d0	objectdata	0.258	objectdata_rouconstr@0.258;objectdata_variable@0.258	called_by:0x00526df0
0x00525a72	FUN_00525a72	objectdata__related_00525a72	callgraph_affinity	objectdata	0x00ace1d0	objectdata	0.258	objectdata_rouconstr@0.258;objectdata_variable@0.258	called_by:0x00526df0
0x00525d36	FUN_00525d36	objectdata__related_00525d36	callgraph_affinity	objectdata	0x00ace1d0	objectdata	0.258	objectdata_rouconstr@0.258;objectdata_variable@0.258	called_by:0x00526df0
0x0052613c	FUN_0052613c	objectdata__related_0052613c	callgraph_affinity	objectdata	0x00ace1d0	objectdata	0.258	objectdata_rouconstr@0.258;objectdata_variable@0.258	called_by:0x00526df0
0x005261f0	FUN_005261f0	objectdata__related_005261f0	callgraph_affinity	objectdata	0x00ace1d0	objectdata	0.258	objectdata_rouconstr@0.258;objectdata_variable@0.258	called_by:0x00526df0
0x0052624a	FUN_0052624a	objectdata__related_0052624a	callgraph_affinity	objectdata	0x00ace1d0	objectdata	0.258	objectdata_rouconstr@0.258;objectdata_variable@0.258	called_by:0x00526df0
0x00526610	FUN_00526610	objectdata__related_00526610	callgraph_affinity	objectdata	0x00ace1d0	objectdata	0.258	objectdata_rouconstr@0.258;objectdata_variable@0.258	called_by:0x00526df0
0x00526c65	FUN_00526c65	objectdata__related_00526c65	callgraph_affinity	objectdata	0x00ace1d0	objectdata	0.258	objectdata_rouconstr@0.258;objectdata_variable@0.258	called_by:0x00526df0
0x0052dbea	FUN_0052dbea	objectdata__related_0052dbea	callgraph_affinity	objectdata	0x00ace1d0	objectdata	0.258	objectdata_rouconstr@0.258;objectdata_variable@0.258	called_by:0x00526df0
0x0059038b	FUN_0059038b	InterblockDf__related_0059038b	callgraph_affinity	InterblockDf	0x00acf300	InterblockDf	0.258	TouchesDf@0.258;LivenessDf@0.258;PostLivenessDf@0.258	called_by:0x00500fbc
0x00599352	FUN_00599352	objectdata__related_00599352	callgraph_affinity	objectdata	0x00ace1d0	objectdata	0.258	objectdata_rouconstr@0.258;objectdata_variable@0.258	called_by:0x00526df0
0x0059954e	FUN_0059954e	objectdata__related_0059954e	callgraph_affinity	objectdata	0x00ace1d0	objectdata	0.258	objectdata_rouconstr@0.258;objectdata_variable@0.258	called_by:0x00526df0
0x00599e9f	FUN_00599e9f	objectdata__related_00599e9f	callgraph_affinity	objectdata	0x00ace1d0	objectdata	0.258	objectdata_rouconstr@0.258;objectdata_variable@0.258	called_by:0x00526df0
0x005a6986	FUN_005a6986	objectdata__related_005a6986	callgraph_affinity	objectdata	0x00ace1d0	objectdata	0.258	objectdata_rouconstr@0.258;objectdata_variable@0.258	called_by:0x00526df0
0x005d9139	FUN_005d9139	InterblockDf__related_005d9139	callgraph_affinity	InterblockDf	0x00afd5b8	InterblockDf	0.258	AliasAnalyzer@0.258;FCEReachingWriteDf@0.258	called_by:0x005f6efe
0x005f5b75	FUN_005f5b75	InterblockDf__related_005f5b75	callgraph_affinity	InterblockDf	0x00afd5b8	InterblockDf	0.258	AliasAnalyzer@0.258;FCEReachingWriteDf@0.258	called_by:0x005f6efe
0x005f5ce5	FUN_005f5ce5	InterblockDf__related_005f5ce5	callgraph_affinity	InterblockDf	0x00afd5b8	InterblockDf	0.258	AliasAnalyzer@0.258;FCEReachingWriteDf@0.258	called_by:0x005f6efe
0x005f5d47	FUN_005f5d47	InterblockDf__related_005f5d47	callgraph_affinity	InterblockDf	0x00afd5b8	InterblockDf	0.258	AliasAnalyzer@0.258;FCEReachingWriteDf@0.258	called_by:0x005f6efe
0x005f60c5	FUN_005f60c5	InterblockDf__related_005f60c5	callgraph_affinity	InterblockDf	0x00afd5b8	InterblockDf	0.258	AliasAnalyzer@0.258;FCEReachingWriteDf@0.258	called_by:0x005f6efe
0x005f67a2	FUN_005f67a2	InterblockDf__related_005f67a2	callgraph_affinity	InterblockDf	0x00afd5b8	InterblockDf	0.258	AliasAnalyzer@0.258;FCEReachingWriteDf@0.258	called_by:0x005f6efe
0x005fbbed	FUN_005fbbed	InterblockDf__related_005fbbed	callgraph_affinity	InterblockDf	0x00afd5b8	InterblockDf	0.258	AliasAnalyzer@0.258;TimeAccurateAliasAnalyzer@0.258;CopyPropDf@0.258	called_by:0x005fc5a6
0x0063f414	FUN_0063f414	objectdata__related_0063f414	callgraph_affinity	objectdata	0x00ace1d0	objectdata	0.258	objectdata_rouconstr@0.258;objectdata_variable@0.258	called_by:0x00526df0
0x0063f58c	FUN_0063f58c	objectdata__related_0063f58c	callgraph_affinity	objectdata	0x00ace1d0	objectdata	0.258	objectdata_rouconstr@0.258;objectdata_variable@0.258	called_by:0x00526df0
0x0063f88b	FUN_0063f88b	objectdata__related_0063f88b	callgraph_affinity	objectdata	0x00ace1d0	objectdata	0.258	objectdata_rouconstr@0.258;objectdata_variable@0.258	called_by:0x00526df0
0x00773f2e	FUN_00773f2e	IndDataFlow__related_00773f2e	callgraph_affinity	IndDataFlow	0x00b0e83c	InterblockDf	0.258	InterblockDf@0.258;VNFwdDataFlow@0.258	called_by:0x00779d93
0x00773f83	FUN_00773f83	IndDataFlow__related_00773f83	callgraph_affinity	IndDataFlow	0x00b0e83c	InterblockDf	0.258	InterblockDf@0.258;VNFwdDataFlow@0.258	called_by:0x00779d93
0x004088aa	FUN_004088aa	objectdata__related_004088aa	callgraph_affinity	objectdata	0x00ace1d0	objectdata	0.253	objectdata_twoop@0.253;objectdata_arrayop@0.253;objectdata_vectorop@0.253;objectdata_compoundop@0.253	calls:0x004aad62
0x00432ce3	FUN_00432ce3	objectdata__related_00432ce3	callgraph_affinity	objectdata	0x00ace1d0	objectdata	0.253	objectdata_twoop@0.253;objectdata_arrayop@0.253;objectdata_vectorop@0.253;objectdata_compoundop@0.253	calls:0x004aad62
0x00432de3	FUN_00432de3	objectdata__related_00432de3	callgraph_affinity	objectdata	0x00ace1d0	objectdata	0.253	objectdata_twoop@0.253;objectdata_arrayop@0.253;objectdata_vectorop@0.253;objectdata_compoundop@0.253	calls:0x004aad62
0x0044cb14	FUN_0044cb14	objectdata__related_0044cb14	callgraph_affinity	objectdata	0x00ace1d0	objectdata	0.253	objectdata_twoop@0.253;objectdata_arrayop@0.253;objectdata_vectorop@0.253;objectdata_compoundop@0.253	calls:0x004aad62
0x004a76a8	FUN_004a76a8	objectdata__related_004a76a8	callgraph_affinity	objectdata	0x00ace1d0	objectdata	0.253	objectdata_twoop@0.253;objectdata_arrayop@0.253;objectdata_vectorop@0.253;objectdata_compoundop@0.253	calls:0x004aad62
0x004a7b32	FUN_004a7b32	objectdata__related_004a7b32	callgraph_affinity	objectdata	0x00ace1d0	objectdata	0.253	objectdata_twoop@0.253;objectdata_arrayop@0.253;objectdata_vectorop@0.253;objectdata_compoundop@0.253	calls:0x004aad62
0x004a85a9	FUN_004a85a9	objectdata__related_004a85a9	callgraph_affinity	objectdata	0x00ace1d0	objectdata	0.253	objectdata_twoop@0.253;objectdata_arrayop@0.253;objectdata_vectorop@0.253;objectdata_compoundop@0.253	calls:0x004aad62
0x004a8d16	FUN_004a8d16	objectdata__related_004a8d16	callgraph_affinity	objectdata	0x00ace1d0	objectdata	0.253	objectdata_twoop@0.253;objectdata_arrayop@0.253;objectdata_vectorop@0.253;objectdata_compoundop@0.253	calls:0x004aad62
0x004a8d79	FUN_004a8d79	objectdata__related_004a8d79	callgraph_affinity	objectdata	0x00ace1d0	objectdata	0.253	objectdata_twoop@0.253;objectdata_arrayop@0.253;objectdata_vectorop@0.253;objectdata_compoundop@0.253	calls:0x004aad62
0x004ac7a4	FUN_004ac7a4	objectdata__related_004ac7a4	callgraph_affinity	objectdata	0x00ace1d0	objectdata	0.253	objectdata_twoop@0.253;objectdata_arrayop@0.253;objectdata_vectorop@0.253;objectdata_compoundop@0.253	calls:0x004aad62
0x004aca06	FUN_004aca06	objectdata__related_004aca06	callgraph_affinity	objectdata	0x00ace1d0	objectdata	0.253	objectdata_twoop@0.253;objectdata_arrayop@0.253;objectdata_vectorop@0.253;objectdata_compoundop@0.253	calls:0x004aad62
0x004acac2	FUN_004acac2	objectdata__related_004acac2	callgraph_affinity	objectdata	0x00ace1d0	objectdata	0.253	objectdata_twoop@0.253;objectdata_arrayop@0.253;objectdata_vectorop@0.253;objectdata_compoundop@0.253	calls:0x004aad62
0x004acb21	FUN_004acb21	objectdata__related_004acb21	callgraph_affinity	objectdata	0x00ace1d0	objectdata	0.253	objectdata_twoop@0.253;objectdata_arrayop@0.253;objectdata_vectorop@0.253;objectdata_compoundop@0.253	calls:0x004aad62
0x004ad2ab	FUN_004ad2ab	objectdata__related_004ad2ab	callgraph_affinity	objectdata	0x00ace1d0	objectdata	0.253	objectdata_twoop@0.253;objectdata_arrayop@0.253;objectdata_vectorop@0.253;objectdata_compoundop@0.253	calls:0x004aad62
0x004ad337	FUN_004ad337	objectdata__related_004ad337	callgraph_affinity	objectdata	0x00ace1d0	objectdata	0.253	objectdata_twoop@0.253;objectdata_arrayop@0.253;objectdata_vectorop@0.253;objectdata_compoundop@0.253	calls:0x004aad62
0x004ad4a6	FUN_004ad4a6	objectdata__related_004ad4a6	callgraph_affinity	objectdata	0x00ace1d0	objectdata	0.253	objectdata_twoop@0.253;objectdata_arrayop@0.253;objectdata_vectorop@0.253;objectdata_compoundop@0.253	calls:0x004aad62
0x004ad4ea	FUN_004ad4ea	objectdata__related_004ad4ea	callgraph_affinity	objectdata	0x00ace1d0	objectdata	0.253	objectdata_twoop@0.253;objectdata_arrayop@0.253;objectdata_vectorop@0.253;objectdata_compoundop@0.253	calls:0x004aad62
0x004ad550	FUN_004ad550	objectdata__related_004ad550	callgraph_affinity	objectdata	0x00ace1d0	objectdata	0.253	objectdata_twoop@0.253;objectdata_arrayop@0.253;objectdata_vectorop@0.253;objectdata_compoundop@0.253	calls:0x004aad62
0x004ad57f	FUN_004ad57f	objectdata__related_004ad57f	callgraph_affinity	objectdata	0x00ace1d0	objectdata	0.253	objectdata_twoop@0.253;objectdata_arrayop@0.253;objectdata_vectorop@0.253;objectdata_compoundop@0.253	calls:0x004aad62
0x004ad5bc	FUN_004ad5bc	objectdata__related_004ad5bc	callgraph_affinity	objectdata	0x00ace1d0	objectdata	0.253	objectdata_twoop@0.253;objectdata_arrayop@0.253;objectdata_vectorop@0.253;objectdata_compoundop@0.253	calls:0x004aad62
0x004add9d	FUN_004add9d	objectdata__related_004add9d	callgraph_affinity	objectdata	0x00ace1d0	objectdata	0.253	objectdata_twoop@0.253;objectdata_arrayop@0.253;objectdata_vectorop@0.253;objectdata_compoundop@0.253	calls:0x004aad62
0x004ade65	FUN_004ade65	objectdata__related_004ade65	callgraph_affinity	objectdata	0x00ace1d0	objectdata	0.253	objectdata_twoop@0.253;objectdata_arrayop@0.253;objectdata_vectorop@0.253;objectdata_compoundop@0.253	calls:0x004aad62
0x004adeaf	FUN_004adeaf	objectdata__related_004adeaf	callgraph_affinity	objectdata	0x00ace1d0	objectdata	0.253	objectdata_twoop@0.253;objectdata_arrayop@0.253;objectdata_vectorop@0.253;objectdata_compoundop@0.253	calls:0x004aad62
0x004adf44	FUN_004adf44	objectdata__related_004adf44	callgraph_affinity	objectdata	0x00ace1d0	objectdata	0.253	objectdata_twoop@0.253;objectdata_arrayop@0.253;objectdata_vectorop@0.253;objectdata_compoundop@0.253	calls:0x004aad62
0x004ae86a	FUN_004ae86a	objectdata__related_004ae86a	callgraph_affinity	objectdata	0x00ace1d0	objectdata	0.253	objectdata_twoop@0.253;objectdata_arrayop@0.253;objectdata_vectorop@0.253;objectdata_compoundop@0.253	calls:0x004aad62
0x004ae953	FUN_004ae953	objectdata__related_004ae953	callgraph_affinity	objectdata	0x00ace1d0	objectdata	0.253	objectdata_twoop@0.253;objectdata_arrayop@0.253;objectdata_vectorop@0.253;objectdata_compoundop@0.253	calls:0x004aad62
0x004af7cd	FUN_004af7cd	objectdata__related_004af7cd	callgraph_affinity	objectdata	0x00ace1d0	objectdata	0.253	objectdata_twoop@0.253;objectdata_arrayop@0.253;objectdata_vectorop@0.253;objectdata_compoundop@0.253	calls:0x004aad62
0x004b3a8c	FUN_004b3a8c	objectdata__related_004b3a8c	callgraph_affinity	objectdata	0x00ace1d0	objectdata	0.253	objectdata_twoop@0.253;objectdata_arrayop@0.253;objectdata_vectorop@0.253;objectdata_compoundop@0.253	calls:0x004aad62
0x004b3ec6	FUN_004b3ec6	objectdata__related_004b3ec6	callgraph_affinity	objectdata	0x00ace1d0	objectdata	0.253	objectdata_twoop@0.253;objectdata_arrayop@0.253;objectdata_vectorop@0.253;objectdata_compoundop@0.253	calls:0x004aad62
0x004b632c	FUN_004b632c	objectdata__related_004b632c	callgraph_affinity	objectdata	0x00ace1d0	objectdata	0.253	objectdata_twoop@0.253;objectdata_arrayop@0.253;objectdata_vectorop@0.253;objectdata_compoundop@0.253	calls:0x004aad62
0x004bd105	FUN_004bd105	objectdata__related_004bd105	callgraph_affinity	objectdata	0x00ace1d0	objectdata	0.253	objectdata_twoop@0.253;objectdata_arrayop@0.253;objectdata_vectorop@0.253;objectdata_compoundop@0.253	calls:0x004aad62
0x004c5ffa	FUN_004c5ffa	objectdata__related_004c5ffa	callgraph_affinity	objectdata	0x00ace1d0	objectdata	0.253	objectdata_twoop@0.253;objectdata_arrayop@0.253;objectdata_vectorop@0.253;objectdata_compoundop@0.253	calls:0x004aad62
0x004c60d3	FUN_004c60d3	objectdata__related_004c60d3	callgraph_affinity	objectdata	0x00ace1d0	objectdata	0.253	objectdata_twoop@0.253;objectdata_arrayop@0.253;objectdata_vectorop@0.253;objectdata_compoundop@0.253	calls:0x004aad62
0x004c65ba	FUN_004c65ba	objectdata__related_004c65ba	callgraph_affinity	objectdata	0x00ace1d0	objectdata	0.253	objectdata_twoop@0.253;objectdata_arrayop@0.253;objectdata_vectorop@0.253;objectdata_compoundop@0.253	calls:0x004aad62
0x004c6f7c	FUN_004c6f7c	objectdata__related_004c6f7c	callgraph_affinity	objectdata	0x00ace1d0	objectdata	0.253	objectdata_twoop@0.253;objectdata_arrayop@0.253;objectdata_vectorop@0.253;objectdata_compoundop@0.253	calls:0x004aad62
0x004c7665	FUN_004c7665	objectdata__related_004c7665	callgraph_affinity	objectdata	0x00ace1d0	objectdata	0.253	objectdata_twoop@0.253;objectdata_arrayop@0.253;objectdata_vectorop@0.253;objectdata_compoundop@0.253	calls:0x004aad62
0x004c7735	FUN_004c7735	objectdata__related_004c7735	callgraph_affinity	objectdata	0x00ace1d0	objectdata	0.253	objectdata_twoop@0.253;objectdata_arrayop@0.253;objectdata_vectorop@0.253;objectdata_compoundop@0.253	calls:0x004aad62
0x004c77ac	FUN_004c77ac	objectdata__related_004c77ac	callgraph_affinity	objectdata	0x00ace1d0	objectdata	0.253	objectdata_twoop@0.253;objectdata_arrayop@0.253;objectdata_vectorop@0.253;objectdata_compoundop@0.253	calls:0x004aad62
0x004c781b	FUN_004c781b	objectdata__related_004c781b	callgraph_affinity	objectdata	0x00ace1d0	objectdata	0.253	objectdata_twoop@0.253;objectdata_arrayop@0.253;objectdata_vectorop@0.253;objectdata_compoundop@0.253	calls:0x004aad62
0x004c7884	FUN_004c7884	objectdata__related_004c7884	callgraph_affinity	objectdata	0x00ace1d0	objectdata	0.253	objectdata_twoop@0.253;objectdata_arrayop@0.253;objectdata_vectorop@0.253;objectdata_compoundop@0.253	calls:0x004aad62
0x004d3720	FUN_004d3720	objectdata__related_004d3720	callgraph_affinity	objectdata	0x00ace1d0	objectdata	0.253	objectdata_twoop@0.253;objectdata_arrayop@0.253;objectdata_vectorop@0.253;objectdata_compoundop@0.253	calls:0x004aad62
0x004d9bc0	FUN_004d9bc0	objectdata__related_004d9bc0	callgraph_affinity	objectdata	0x00ace1d0	objectdata	0.253	objectdata_twoop@0.253;objectdata_arrayop@0.253;objectdata_vectorop@0.253;objectdata_compoundop@0.253	calls:0x004aad62
0x004f938f	FUN_004f938f	objectdata__related_004f938f	callgraph_affinity	objectdata	0x00ace1d0	objectdata	0.253	objectdata_twoop@0.253;objectdata_arrayop@0.253;objectdata_vectorop@0.253;objectdata_compoundop@0.253	calls:0x004aad62
0x004fb7c4	FUN_004fb7c4	objectdata__related_004fb7c4	callgraph_affinity	objectdata	0x00ace1d0	objectdata	0.253	objectdata_twoop@0.253;objectdata_arrayop@0.253;objectdata_vectorop@0.253;objectdata_compoundop@0.253	calls:0x004aad62
0x00503a5d	FUN_00503a5d	objectdata__related_00503a5d	callgraph_affinity	objectdata	0x00ace1d0	objectdata	0.253	objectdata_twoop@0.253;objectdata_arrayop@0.253;objectdata_vectorop@0.253;objectdata_compoundop@0.253	calls:0x004aad62
0x00503cb8	FUN_00503cb8	objectdata__related_00503cb8	callgraph_affinity	objectdata	0x00ace1d0	objectdata	0.253	objectdata_twoop@0.253;objectdata_arrayop@0.253;objectdata_vectorop@0.253;objectdata_compoundop@0.253	calls:0x004aad62
0x005052bb	FUN_005052bb	objectdata__related_005052bb	callgraph_affinity	objectdata	0x00ace1d0	objectdata	0.253	objectdata_twoop@0.253;objectdata_arrayop@0.253;objectdata_vectorop@0.253;objectdata_compoundop@0.253	calls:0x004aad62
0x00506cb8	FUN_00506cb8	objectdata__related_00506cb8	callgraph_affinity	objectdata	0x00ace1d0	objectdata	0.253	objectdata_twoop@0.253;objectdata_arrayop@0.253;objectdata_vectorop@0.253;objectdata_compoundop@0.253	calls:0x004aad62
0x0050a241	FUN_0050a241	objectdata__related_0050a241	callgraph_affinity	objectdata	0x00ace1d0	objectdata	0.253	objectdata_twoop@0.253;objectdata_arrayop@0.253;objectdata_vectorop@0.253;objectdata_compoundop@0.253	calls:0x004aad62
0x0050cb3e	FUN_0050cb3e	objectdata__related_0050cb3e	callgraph_affinity	objectdata	0x00ace1d0	objectdata	0.253	objectdata_twoop@0.253;objectdata_arrayop@0.253;objectdata_vectorop@0.253;objectdata_compoundop@0.253	calls:0x004aad62
0x0050d0b0	FUN_0050d0b0	objectdata__related_0050d0b0	callgraph_affinity	objectdata	0x00ace1d0	objectdata	0.253	objectdata_twoop@0.253;objectdata_arrayop@0.253;objectdata_vectorop@0.253;objectdata_compoundop@0.253	calls:0x004aad62
0x00510db3	FUN_00510db3	objectdata__related_00510db3	callgraph_affinity	objectdata	0x00ace1d0	objectdata	0.253	objectdata_twoop@0.253;objectdata_arrayop@0.253;objectdata_vectorop@0.253;objectdata_compoundop@0.253	calls:0x004aad62
0x00510f36	FUN_00510f36	objectdata__related_00510f36	callgraph_affinity	objectdata	0x00ace1d0	objectdata	0.253	objectdata_twoop@0.253;objectdata_arrayop@0.253;objectdata_vectorop@0.253;objectdata_compoundop@0.253	calls:0x004aad62
0x0052cf32	FUN_0052cf32	objectdata__related_0052cf32	callgraph_affinity	objectdata	0x00ace1d0	objectdata	0.253	objectdata_twoop@0.253;objectdata_arrayop@0.253;objectdata_vectorop@0.253;objectdata_compoundop@0.253	calls:0x004aad62
0x0052cfe7	FUN_0052cfe7	objectdata__related_0052cfe7	callgraph_affinity	objectdata	0x00ace1d0	objectdata	0.253	objectdata_twoop@0.253;objectdata_arrayop@0.253;objectdata_vectorop@0.253;objectdata_compoundop@0.253	calls:0x004aad62
0x00538443	FUN_00538443	objectdata__related_00538443	callgraph_affinity	objectdata	0x00ace1d0	objectdata	0.253	objectdata_twoop@0.253;objectdata_arrayop@0.253;objectdata_vectorop@0.253;objectdata_compoundop@0.253	calls:0x004aad62
0x005385d9	FUN_005385d9	objectdata__related_005385d9	callgraph_affinity	objectdata	0x00ace1d0	objectdata	0.253	objectdata_twoop@0.253;objectdata_arrayop@0.253;objectdata_vectorop@0.253;objectdata_compoundop@0.253	calls:0x004aad62
0x0055ace1	FUN_0055ace1	objectdata__related_0055ace1	callgraph_affinity	objectdata	0x00ace1d0	objectdata	0.253	objectdata_twoop@0.253;objectdata_arrayop@0.253;objectdata_vectorop@0.253;objectdata_compoundop@0.253	calls:0x004aad62
0x0055ecb8	FUN_0055ecb8	objectdata__related_0055ecb8	callgraph_affinity	objectdata	0x00ace1d0	objectdata	0.253	objectdata_twoop@0.253;objectdata_arrayop@0.253;objectdata_vectorop@0.253;objectdata_compoundop@0.253	calls:0x004aad62
0x0055f011	FUN_0055f011	objectdata__related_0055f011	callgraph_affinity	objectdata	0x00ace1d0	objectdata	0.253	objectdata_twoop@0.253;objectdata_arrayop@0.253;objectdata_vectorop@0.253;objectdata_compoundop@0.253	calls:0x004aad62
0x00565c08	FUN_00565c08	objectdata__related_00565c08	callgraph_affinity	objectdata	0x00ace1d0	objectdata	0.253	objectdata_twoop@0.253;objectdata_arrayop@0.253;objectdata_vectorop@0.253;objectdata_compoundop@0.253	calls:0x004aad62
0x00579033	FUN_00579033	objectdata__related_00579033	callgraph_affinity	objectdata	0x00ace1d0	objectdata	0.253	objectdata_twoop@0.253;objectdata_arrayop@0.253;objectdata_vectorop@0.253;objectdata_compoundop@0.253	calls:0x004aad62
0x00587edd	FUN_00587edd	objectdata__related_00587edd	callgraph_affinity	objectdata	0x00ace1d0	objectdata	0.253	objectdata_twoop@0.253;objectdata_arrayop@0.253;objectdata_vectorop@0.253;objectdata_compoundop@0.253	calls:0x004aad62
0x005946de	FUN_005946de	objectdata__related_005946de	callgraph_affinity	objectdata	0x00ace1d0	objectdata	0.253	objectdata_twoop@0.253;objectdata_arrayop@0.253;objectdata_vectorop@0.253;objectdata_compoundop@0.253	calls:0x004aad62
0x005964bb	FUN_005964bb	objectdata__related_005964bb	callgraph_affinity	objectdata	0x00ace1d0	objectdata	0.253	objectdata_twoop@0.253;objectdata_arrayop@0.253;objectdata_vectorop@0.253;objectdata_compoundop@0.253	calls:0x004aad62
0x0059a8f9	FUN_0059a8f9	objectdata__related_0059a8f9	callgraph_affinity	objectdata	0x00ace1d0	objectdata	0.253	objectdata_twoop@0.253;objectdata_arrayop@0.253;objectdata_vectorop@0.253;objectdata_compoundop@0.253	calls:0x004aad62
0x0059b19c	FUN_0059b19c	objectdata__related_0059b19c	callgraph_affinity	objectdata	0x00ace1d0	objectdata	0.253	objectdata_twoop@0.253;objectdata_arrayop@0.253;objectdata_vectorop@0.253;objectdata_compoundop@0.253	calls:0x004aad62
0x005c3b90	FUN_005c3b90	objectdata__related_005c3b90	callgraph_affinity	objectdata	0x00ace1d0	objectdata	0.253	objectdata_twoop@0.253;objectdata_arrayop@0.253;objectdata_vectorop@0.253;objectdata_compoundop@0.253	calls:0x004aad62
0x005c4861	FUN_005c4861	objectdata__related_005c4861	callgraph_affinity	objectdata	0x00ace1d0	objectdata	0.253	objectdata_twoop@0.253;objectdata_arrayop@0.253;objectdata_vectorop@0.253;objectdata_compoundop@0.253	calls:0x004aad62
0x005ca3ff	FUN_005ca3ff	objectdata__related_005ca3ff	callgraph_affinity	objectdata	0x00ace1d0	objectdata	0.253	objectdata_twoop@0.253;objectdata_arrayop@0.253;objectdata_vectorop@0.253;objectdata_compoundop@0.253	calls:0x004aad62
0x005e9ad0	FUN_005e9ad0	objectdata__related_005e9ad0	callgraph_affinity	objectdata	0x00ace1d0	objectdata	0.253	objectdata_twoop@0.253;objectdata_arrayop@0.253;objectdata_vectorop@0.253;objectdata_compoundop@0.253	calls:0x004aad62
0x005f34a1	FUN_005f34a1	objectdata__related_005f34a1	callgraph_affinity	objectdata	0x00ace1d0	objectdata	0.253	objectdata_twoop@0.253;objectdata_arrayop@0.253;objectdata_vectorop@0.253;objectdata_compoundop@0.253	calls:0x004aad62
0x005f3ada	FUN_005f3ada	objectdata__related_005f3ada	callgraph_affinity	objectdata	0x00ace1d0	objectdata	0.253	objectdata_twoop@0.253;objectdata_arrayop@0.253;objectdata_vectorop@0.253;objectdata_compoundop@0.253	calls:0x004aad62
0x005f5fd6	FUN_005f5fd6	objectdata__related_005f5fd6	callgraph_affinity	objectdata	0x00ace1d0	objectdata	0.253	objectdata_twoop@0.253;objectdata_arrayop@0.253;objectdata_vectorop@0.253;objectdata_compoundop@0.253	calls:0x004aad62
0x005fe426	FUN_005fe426	objectdata__related_005fe426	callgraph_affinity	objectdata	0x00ace1d0	objectdata	0.253	objectdata_twoop@0.253;objectdata_arrayop@0.253;objectdata_vectorop@0.253;objectdata_compoundop@0.253	calls:0x004aad62
0x0061e816	FUN_0061e816	peep_transformer__related_0061e816	callgraph_affinity	peep_transformer	0x00b01e58	peep_transformer	0.253	pt_condcodes@0.253;pt_dead@0.253;pt_alias@0.253;pt_const@0.253	calls:0x0061e640
0x0061e8aa	FUN_0061e8aa	peep_transformer__related_0061e8aa	callgraph_affinity	peep_transformer	0x00b01e58	peep_transformer	0.253	pt_condcodes@0.253;pt_dead@0.253;pt_alias@0.253;pt_const@0.253	calls:0x0061e640
0x006223ad	FUN_006223ad	objectdata__related_006223ad	callgraph_affinity	objectdata	0x00ace1d0	objectdata	0.253	objectdata_twoop@0.253;objectdata_arrayop@0.253;objectdata_vectorop@0.253;objectdata_compoundop@0.253	calls:0x004aad62
0x00680bd8	FUN_00680bd8	objectdata__related_00680bd8	callgraph_affinity	objectdata	0x00ace1d0	objectdata	0.253	objectdata_twoop@0.253;objectdata_arrayop@0.253;objectdata_vectorop@0.253;objectdata_compoundop@0.253	calls:0x004aad62
0x006a4141	FUN_006a4141	objectdata__related_006a4141	callgraph_affinity	objectdata	0x00ace1d0	objectdata	0.253	objectdata_twoop@0.253;objectdata_arrayop@0.253;objectdata_vectorop@0.253;objectdata_compoundop@0.253	calls:0x004aad62
0x006a66e9	FUN_006a66e9	objectdata__related_006a66e9	callgraph_affinity	objectdata	0x00ace1d0	objectdata	0.253	objectdata_twoop@0.253;objectdata_arrayop@0.253;objectdata_vectorop@0.253;objectdata_compoundop@0.253	calls:0x004aad62
0x006a67d0	FUN_006a67d0	objectdata__related_006a67d0	callgraph_affinity	objectdata	0x00ace1d0	objectdata	0.253	objectdata_twoop@0.253;objectdata_arrayop@0.253;objectdata_vectorop@0.253;objectdata_compoundop@0.253	calls:0x004aad62
0x006a68d8	FUN_006a68d8	objectdata__related_006a68d8	callgraph_affinity	objectdata	0x00ace1d0	objectdata	0.253	objectdata_twoop@0.253;objectdata_arrayop@0.253;objectdata_vectorop@0.253;objectdata_compoundop@0.253	calls:0x004aad62
0x006acfa5	FUN_006acfa5	objectdata__related_006acfa5	callgraph_affinity	objectdata	0x00ace1d0	objectdata	0.253	objectdata_twoop@0.253;objectdata_arrayop@0.253;objectdata_vectorop@0.253;objectdata_compoundop@0.253	calls:0x004aad62
0x006b746b	FUN_006b746b	objectdata__related_006b746b	callgraph_affinity	objectdata	0x00ace1d0	objectdata	0.253	objectdata_twoop@0.253;objectdata_arrayop@0.253;objectdata_vectorop@0.253;objectdata_compoundop@0.253	calls:0x004aad62
0x00726c0d	FUN_00726c0d	objectdata__related_00726c0d	callgraph_affinity	objectdata	0x00ace1d0	objectdata	0.253	objectdata_twoop@0.253;objectdata_arrayop@0.253;objectdata_vectorop@0.253;objectdata_compoundop@0.253	calls:0x004aad62
0x0072701f	FUN_0072701f	objectdata__related_0072701f	callgraph_affinity	objectdata	0x00ace1d0	objectdata	0.253	objectdata_twoop@0.253;objectdata_arrayop@0.253;objectdata_vectorop@0.253;objectdata_compoundop@0.253	calls:0x004aad62
0x00993d64	FUN_00993d64	objectdata__related_00993d64	callgraph_affinity	objectdata	0x00ace1d0	objectdata	0.253	objectdata_twoop@0.253;objectdata_arrayop@0.253;objectdata_vectorop@0.253;objectdata_compoundop@0.253	calls:0x004aad62
0x0099425c	FUN_0099425c	objectdata__related_0099425c	callgraph_affinity	objectdata	0x00ace1d0	objectdata	0.253	objectdata_twoop@0.253;objectdata_arrayop@0.253;objectdata_vectorop@0.253;objectdata_compoundop@0.253	calls:0x004aad62
0x009942f5	FUN_009942f5	objectdata__related_009942f5	callgraph_affinity	objectdata	0x00ace1d0	objectdata	0.253	objectdata_twoop@0.253;objectdata_arrayop@0.253;objectdata_vectorop@0.253;objectdata_compoundop@0.253	calls:0x004aad62
0x009950a1	FUN_009950a1	objectdata__related_009950a1	callgraph_affinity	objectdata	0x00ace1d0	objectdata	0.253	objectdata_twoop@0.253;objectdata_arrayop@0.253;objectdata_vectorop@0.253;objectdata_compoundop@0.253	calls:0x004aad62
0x009997d0	FUN_009997d0	objectdata__related_009997d0	callgraph_affinity	objectdata	0x00ace1d0	objectdata	0.253	objectdata_twoop@0.253;objectdata_arrayop@0.253;objectdata_vectorop@0.253;objectdata_compoundop@0.253	calls:0x004aad62
0x00999c3a	FUN_00999c3a	objectdata__related_00999c3a	callgraph_affinity	objectdata	0x00ace1d0	objectdata	0.253	objectdata_twoop@0.253;objectdata_arrayop@0.253;objectdata_vectorop@0.253;objectdata_compoundop@0.253	calls:0x004aad62
0x0099a369	FUN_0099a369	objectdata__related_0099a369	callgraph_affinity	objectdata	0x00ace1d0	objectdata	0.253	objectdata_twoop@0.253;objectdata_arrayop@0.253;objectdata_vectorop@0.253;objectdata_compoundop@0.253	calls:0x004aad62
0x0099bf90	FUN_0099bf90	objectdata__related_0099bf90	callgraph_affinity	objectdata	0x00ace1d0	objectdata	0.253	objectdata_twoop@0.253;objectdata_arrayop@0.253;objectdata_vectorop@0.253;objectdata_compoundop@0.253	calls:0x004aad62
0x0099d850	FUN_0099d850	objectdata__related_0099d850	callgraph_affinity	objectdata	0x00ace1d0	objectdata	0.253	objectdata_twoop@0.253;objectdata_arrayop@0.253;objectdata_vectorop@0.253;objectdata_compoundop@0.253	calls:0x004aad62
0x0099ed04	FUN_0099ed04	objectdata__related_0099ed04	callgraph_affinity	objectdata	0x00ace1d0	objectdata	0.253	objectdata_twoop@0.253;objectdata_arrayop@0.253;objectdata_vectorop@0.253;objectdata_compoundop@0.253	calls:0x004aad62
0x0099eeb1	FUN_0099eeb1	objectdata__related_0099eeb1	callgraph_affinity	objectdata	0x00ace1d0	objectdata	0.253	objectdata_twoop@0.253;objectdata_arrayop@0.253;objectdata_vectorop@0.253;objectdata_compoundop@0.253	calls:0x004aad62
0x0099f6d7	FUN_0099f6d7	objectdata__related_0099f6d7	callgraph_affinity	objectdata	0x00ace1d0	objectdata	0.253	objectdata_twoop@0.253;objectdata_arrayop@0.253;objectdata_vectorop@0.253;objectdata_compoundop@0.253	calls:0x004aad62
0x009a19cb	FUN_009a19cb	objectdata__related_009a19cb	callgraph_affinity	objectdata	0x00ace1d0	objectdata	0.253	objectdata_twoop@0.253;objectdata_arrayop@0.253;objectdata_vectorop@0.253;objectdata_compoundop@0.253	calls:0x004aad62
0x009a1a8a	FUN_009a1a8a	objectdata__related_009a1a8a	callgraph_affinity	objectdata	0x00ace1d0	objectdata	0.253	objectdata_twoop@0.253;objectdata_arrayop@0.253;objectdata_vectorop@0.253;objectdata_compoundop@0.253	calls:0x004aad62
0x009a33a9	FUN_009a33a9	objectdata__related_009a33a9	callgraph_affinity	objectdata	0x00ace1d0	objectdata	0.253	objectdata_twoop@0.253;objectdata_arrayop@0.253;objectdata_vectorop@0.253;objectdata_compoundop@0.253	calls:0x004aad62
0x009a6857	FUN_009a6857	objectdata__related_009a6857	callgraph_affinity	objectdata	0x00ace1d0	objectdata	0.253	objectdata_twoop@0.253;objectdata_arrayop@0.253;objectdata_vectorop@0.253;objectdata_compoundop@0.253	calls:0x004aad62
0x009af348	FUN_009af348	objectdata__related_009af348	callgraph_affinity	objectdata	0x00ace1d0	objectdata	0.253	objectdata_twoop@0.253;objectdata_arrayop@0.253;objectdata_vectorop@0.253;objectdata_compoundop@0.253	calls:0x004aad62
0x009af583	FUN_009af583	objectdata__related_009af583	callgraph_affinity	objectdata	0x00ace1d0	objectdata	0.253	objectdata_twoop@0.253;objectdata_arrayop@0.253;objectdata_vectorop@0.253;objectdata_compoundop@0.253	calls:0x004aad62
0x009b31ba	FUN_009b31ba	objectdata__related_009b31ba	callgraph_affinity	objectdata	0x00ace1d0	objectdata	0.253	objectdata_twoop@0.253;objectdata_arrayop@0.253;objectdata_vectorop@0.253;objectdata_compoundop@0.253	calls:0x004aad62
