function_entry	current_name	proposed_name	role	confidence	classes	groups	semantic_slots	evidence	caller_count	callee_count	body_size
00424ceb	FUN_00424ceb	backend_t__ctor	constructor	0.990	backend_t	backend_dataflow@0x00b0e82c		backend_map curated anchor; allocates target object and installs backend_t vptr	0	8	322
00405190	FUN_00405190	std_exception__scalar_deleting_dtor	destructor_like	0.950	std::exception	std_exception@0x00abf270		runtime_std_slot0;calls_deallocator_005b974d;verified_std_exception_pattern	0	1	39
004051c8	FUN_004051c8	std_bad_alloc__scalar_deleting_dtor	destructor_like	0.950	std::bad_alloc	std_exception@0x00abf270		runtime_std_slot0;calls_deallocator_005b974d;verified_std_exception_pattern	0	1	39
00405876	FUN_00405876	std_logic_error__scalar_deleting_dtor	destructor_like	0.950	std::logic_error	std_exception@0x00abf270		runtime_std_slot0;calls_deallocator_005b974d;verified_std_exception_pattern	0	2	57
004058dd	FUN_004058dd	std_out_of_range__scalar_deleting_dtor	destructor_like	0.950	std::out_of_range	std_exception@0x00abf270		runtime_std_slot0;calls_deallocator_005b974d;verified_std_exception_pattern	0	2	57
00405927	FUN_00405927	std_runtime_error__scalar_deleting_dtor	destructor_like	0.950	std::runtime_error	std_exception@0x00abf270		runtime_std_slot0;calls_deallocator_005b974d;verified_std_exception_pattern	0	2	57
0040598e	FUN_0040598e	std_overflow_error__scalar_deleting_dtor	destructor_like	0.950	std::overflow_error	std_exception@0x00abf270		runtime_std_slot0;calls_deallocator_005b974d;verified_std_exception_pattern	0	2	57
00424e80	FUN_00424e80	std_exception__scalar_deleting_dtor	destructor_like	0.950	std::exception	std_exception@0x00abff98		runtime_std_slot0;calls_deallocator_005b974d;verified_std_exception_pattern	0	1	39
00424eb8	FUN_00424eb8	std_bad_alloc__scalar_deleting_dtor	destructor_like	0.950	std::bad_alloc	std_exception@0x00abff98		runtime_std_slot0;calls_deallocator_005b974d;verified_std_exception_pattern	0	1	39
00425566	FUN_00425566	std_logic_error__scalar_deleting_dtor	destructor_like	0.950	std::logic_error	std_exception@0x00abff98		runtime_std_slot0;calls_deallocator_005b974d;verified_std_exception_pattern	0	2	57
004255cd	FUN_004255cd	std_out_of_range__scalar_deleting_dtor	destructor_like	0.950	std::out_of_range	std_exception@0x00abff98		runtime_std_slot0;calls_deallocator_005b974d;verified_std_exception_pattern	0	2	57
00425617	FUN_00425617	std_runtime_error__scalar_deleting_dtor	destructor_like	0.950	std::runtime_error	std_exception@0x00abff98		runtime_std_slot0;calls_deallocator_005b974d;verified_std_exception_pattern	0	2	57
0042567e	FUN_0042567e	std_overflow_error__scalar_deleting_dtor	destructor_like	0.950	std::overflow_error	std_exception@0x00abff98		runtime_std_slot0;calls_deallocator_005b974d;verified_std_exception_pattern	0	2	57
0043a660	FUN_0043a660	std_exception__scalar_deleting_dtor	destructor_like	0.950	std::exception	std_exception@0x00ac0a18		runtime_std_slot0;calls_deallocator_005b974d;verified_std_exception_pattern	0	1	39
0043a698	FUN_0043a698	std_bad_alloc__scalar_deleting_dtor	destructor_like	0.950	std::bad_alloc	std_exception@0x00ac0a18		runtime_std_slot0;calls_deallocator_005b974d;verified_std_exception_pattern	0	1	39
0043ad46	FUN_0043ad46	std_logic_error__scalar_deleting_dtor	destructor_like	0.950	std::logic_error	std_exception@0x00ac0a18		runtime_std_slot0;calls_deallocator_005b974d;verified_std_exception_pattern	0	2	57
0043adad	FUN_0043adad	std_out_of_range__scalar_deleting_dtor	destructor_like	0.950	std::out_of_range	std_exception@0x00ac0a18		runtime_std_slot0;calls_deallocator_005b974d;verified_std_exception_pattern	0	2	57
004e0f9f	FUN_004e0f9f	std_exception__scalar_deleting_dtor	destructor_like	0.950	std::exception	std_exception@0x00ace628		runtime_std_slot0;calls_deallocator_005b974d;verified_std_exception_pattern	0	1	39
004e0fd7	FUN_004e0fd7	std_bad_alloc__scalar_deleting_dtor	destructor_like	0.950	std::bad_alloc	std_exception@0x00ace628		runtime_std_slot0;calls_deallocator_005b974d;verified_std_exception_pattern	0	1	39
004e1685	FUN_004e1685	std_logic_error__scalar_deleting_dtor	destructor_like	0.950	std::logic_error	std_exception@0x00ace628		runtime_std_slot0;calls_deallocator_005b974d;verified_std_exception_pattern	0	2	57
004e16ec	FUN_004e16ec	std_out_of_range__scalar_deleting_dtor	destructor_like	0.950	std::out_of_range	std_exception@0x00ace628		runtime_std_slot0;calls_deallocator_005b974d;verified_std_exception_pattern	0	2	57
004e1736	FUN_004e1736	std_runtime_error__scalar_deleting_dtor	destructor_like	0.950	std::runtime_error	std_exception@0x00ace628		runtime_std_slot0;calls_deallocator_005b974d;verified_std_exception_pattern	0	2	57
004e179d	FUN_004e179d	std_overflow_error__scalar_deleting_dtor	destructor_like	0.950	std::overflow_error	std_exception@0x00ace628		runtime_std_slot0;calls_deallocator_005b974d;verified_std_exception_pattern	0	2	57
00695a04	FUN_00695a04	std_exception__scalar_deleting_dtor	destructor_like	0.950	std::exception	std_exception@0x00b06c6c		runtime_std_slot0;calls_deallocator_005b974d;verified_std_exception_pattern	0	1	39
00695a3c	FUN_00695a3c	std_bad_alloc__scalar_deleting_dtor	destructor_like	0.950	std::bad_alloc	std_exception@0x00b06c6c		runtime_std_slot0;calls_deallocator_005b974d;verified_std_exception_pattern	0	1	39
006960ea	FUN_006960ea	std_logic_error__scalar_deleting_dtor	destructor_like	0.950	std::logic_error	std_exception@0x00b06c6c		runtime_std_slot0;calls_deallocator_005b974d;verified_std_exception_pattern	0	2	57
00696151	FUN_00696151	std_out_of_range__scalar_deleting_dtor	destructor_like	0.950	std::out_of_range	std_exception@0x00b06c6c		runtime_std_slot0;calls_deallocator_005b974d;verified_std_exception_pattern	0	2	57
00785910	FUN_00785910	std_exception__scalar_deleting_dtor	destructor_like	0.950	std::exception	std_exception@0x00b0f1ec		runtime_std_slot0;calls_deallocator_005b974d;verified_std_exception_pattern	0	1	39
00785948	FUN_00785948	std_bad_alloc__scalar_deleting_dtor	destructor_like	0.950	std::bad_alloc	std_exception@0x00b0f1ec		runtime_std_slot0;calls_deallocator_005b974d;verified_std_exception_pattern	0	1	39
00786081	FUN_00786081	std_logic_error__scalar_deleting_dtor	destructor_like	0.950	std::logic_error	std_exception@0x00b0f1ec		runtime_std_slot0;calls_deallocator_005b974d;verified_std_exception_pattern	0	2	57
007860e8	FUN_007860e8	std_length_error__scalar_deleting_dtor	destructor_like	0.950	std::length_error	std_exception@0x00b0f1ec		runtime_std_slot0;calls_deallocator_005b974d;verified_std_exception_pattern	0	2	57
00787800	FUN_00787800	std_exception__scalar_deleting_dtor	destructor_like	0.950	std::exception	std_exception@0x00b0f5dc		runtime_std_slot0;calls_deallocator_005b974d;verified_std_exception_pattern	0	1	39
00787838	FUN_00787838	std_bad_alloc__scalar_deleting_dtor	destructor_like	0.950	std::bad_alloc	std_exception@0x00b0f5dc		runtime_std_slot0;calls_deallocator_005b974d;verified_std_exception_pattern	0	1	39
007881fc	FUN_007881fc	std_logic_error__scalar_deleting_dtor	destructor_like	0.950	std::logic_error	std_exception@0x00b0f5dc		runtime_std_slot0;calls_deallocator_005b974d;verified_std_exception_pattern	0	2	57
00788263	FUN_00788263	std_length_error__scalar_deleting_dtor	destructor_like	0.950	std::length_error	std_exception@0x00b0f5dc		runtime_std_slot0;calls_deallocator_005b974d;verified_std_exception_pattern	0	2	57
007882ad	FUN_007882ad	std_out_of_range__scalar_deleting_dtor	destructor_like	0.950	std::out_of_range	std_exception@0x00b0f5dc		runtime_std_slot0;calls_deallocator_005b974d;verified_std_exception_pattern	0	2	57
007918c0	FUN_007918c0	std_exception__scalar_deleting_dtor	destructor_like	0.950	std::exception	std_exception@0x00b10f10		runtime_std_slot0;calls_deallocator_005b974d;verified_std_exception_pattern	0	1	39
007918f8	FUN_007918f8	std_bad_alloc__scalar_deleting_dtor	destructor_like	0.950	std::bad_alloc	std_exception@0x00b10f10		runtime_std_slot0;calls_deallocator_005b974d;verified_std_exception_pattern	0	1	39
007922d9	FUN_007922d9	std_logic_error__scalar_deleting_dtor	destructor_like	0.950	std::logic_error	std_exception@0x00b10f10		runtime_std_slot0;calls_deallocator_005b974d;verified_std_exception_pattern	0	2	57
00792340	FUN_00792340	std_length_error__scalar_deleting_dtor	destructor_like	0.950	std::length_error	std_exception@0x00b10f10		runtime_std_slot0;calls_deallocator_005b974d;verified_std_exception_pattern	0	2	57
0079238a	FUN_0079238a	std_out_of_range__scalar_deleting_dtor	destructor_like	0.950	std::out_of_range	std_exception@0x00b10f10		runtime_std_slot0;calls_deallocator_005b974d;verified_std_exception_pattern	0	2	57
0079ca40	FUN_0079ca40	std_exception__scalar_deleting_dtor	destructor_like	0.950	std::exception	std_exception@0x00b11aa8		runtime_std_slot0;calls_deallocator_005b974d;verified_std_exception_pattern	0	1	39
0079ca78	FUN_0079ca78	std_bad_alloc__scalar_deleting_dtor	destructor_like	0.950	std::bad_alloc	std_exception@0x00b11aa8		runtime_std_slot0;calls_deallocator_005b974d;verified_std_exception_pattern	0	1	39
0079d325	FUN_0079d325	std_logic_error__scalar_deleting_dtor	destructor_like	0.950	std::logic_error	std_exception@0x00b11aa8		runtime_std_slot0;calls_deallocator_005b974d;verified_std_exception_pattern	0	2	57
0079d38c	FUN_0079d38c	std_length_error__scalar_deleting_dtor	destructor_like	0.950	std::length_error	std_exception@0x00b11aa8		runtime_std_slot0;calls_deallocator_005b974d;verified_std_exception_pattern	0	2	57
0079ea10	FUN_0079ea10	std_exception__scalar_deleting_dtor	destructor_like	0.950	std::exception	std_exception@0x00b12008		runtime_std_slot0;calls_deallocator_005b974d;verified_std_exception_pattern	0	1	39
0079ea48	FUN_0079ea48	std_bad_alloc__scalar_deleting_dtor	destructor_like	0.950	std::bad_alloc	std_exception@0x00b12008		runtime_std_slot0;calls_deallocator_005b974d;verified_std_exception_pattern	0	1	39
0079f489	FUN_0079f489	std_logic_error__scalar_deleting_dtor	destructor_like	0.950	std::logic_error	std_exception@0x00b12008		runtime_std_slot0;calls_deallocator_005b974d;verified_std_exception_pattern	0	2	57
0079f4f0	FUN_0079f4f0	std_length_error__scalar_deleting_dtor	destructor_like	0.950	std::length_error	std_exception@0x00b12008		runtime_std_slot0;calls_deallocator_005b974d;verified_std_exception_pattern	0	2	57
007a1610	FUN_007a1610	std_exception__scalar_deleting_dtor	destructor_like	0.950	std::exception	std_exception@0x00b12cf4		runtime_std_slot0;calls_deallocator_005b974d;verified_std_exception_pattern	0	1	39
007a1648	FUN_007a1648	std_bad_alloc__scalar_deleting_dtor	destructor_like	0.950	std::bad_alloc	std_exception@0x00b12cf4		runtime_std_slot0;calls_deallocator_005b974d;verified_std_exception_pattern	0	1	39
00a91fa0	FUN_00a91fa0	std_exception__scalar_deleting_dtor	destructor_like	0.950	std::exception	std_exception@0x00bd48a0		runtime_std_slot0;calls_deallocator_005b974d;verified_std_exception_pattern	0	1	38
00a91fd9	FUN_00a91fd9	std_bad_alloc__scalar_deleting_dtor	destructor_like	0.950	std::bad_alloc	std_exception@0x00bd48a0		runtime_std_slot0;calls_deallocator_005b974d;verified_std_exception_pattern	0	1	38
00a9276f	FUN_00a9276f	std_logic_error__scalar_deleting_dtor	destructor_like	0.950	std::logic_error	std_exception@0x00bd48a0		runtime_std_slot0;calls_deallocator_005b974d;verified_std_exception_pattern	0	2	56
00a927cd	FUN_00a927cd	std_length_error__scalar_deleting_dtor	destructor_like	0.950	std::length_error	std_exception@0x00bd48a0		runtime_std_slot0;calls_deallocator_005b974d;verified_std_exception_pattern	0	2	56
00a9280e	FUN_00a9280e	std_out_of_range__scalar_deleting_dtor	destructor_like	0.950	std::out_of_range	std_exception@0x00bd48a0		runtime_std_slot0;calls_deallocator_005b974d;verified_std_exception_pattern	0	2	56
00486b99	FUN_00486b99	g4_resource_scheduler__ctor_candidate	constructor_like	0.930	g4_resource_scheduler	list_scheduler@0x00b0c0e4		writes_own_vtable:0x00ac5810;calls_base_initializer:007386ff:resource_model_scheduler	1	3	291
00487f60	FUN_00487f60	ppc970_resource_scheduler__ctor_candidate	constructor_like	0.930	ppc970_resource_scheduler	list_scheduler@0x00b0c0e4		writes_own_vtable:0x00ac5880;calls_base_initializer:007386ff:resource_model_scheduler	1	3	146
0048a79c	FUN_0048a79c	ame_resource_scheduler__ctor_candidate	constructor_like	0.930	ame_resource_scheduler	list_scheduler@0x00b0c0e4		writes_own_vtable:0x00ac58f0;calls_base_initializer:007386ff:resource_model_scheduler	1	4	182
005d8667	FUN_005d8667	BooleanAccurateAliasAnalyzer__ctor_candidate	constructor_like	0.930	BooleanAccurateAliasAnalyzer	AliasAnalyzer@0x00aff0cc		writes_own_vtable:0x00afef8c;calls_base_initializer:005cf1dd:AliasAnalyzer	1	7	356
007386ff	FUN_007386ff	resource_model_scheduler__ctor_candidate	constructor_like	0.930	resource_model_scheduler	list_scheduler@0x00b0c0e4		writes_own_vtable:0x00b0bfa0;calls_base_initializer:00736142:list_scheduler	3	3	115
0073a67d	FUN_0073a67d	compat_list_scheduler__ctor_candidate	constructor_like	0.930	compat_list_scheduler	list_scheduler@0x00b0c0e4		writes_own_vtable:0x00b0c084;calls_base_initializer:00736142:list_scheduler	0	2	75
00745a76	FUN_00745a76	empty__ctor_candidate	constructor_like	0.930	empty	operand_parser@0x00b0c7cc		writes_own_vtable:0x00b0c35c;calls_base_initializer:0078abd5:operand_parser	0	4	400
0078ac6b	FUN_0078ac6b	register_range__ctor_candidate	constructor_like	0.930	register_range	operand_parser@0x00b0c7cc		writes_own_vtable:0x00b105b0;calls_base_initializer:0078abd5:operand_parser	0	2	77
0078b3d6	FUN_0078b3d6	register_set__ctor_candidate	constructor_like	0.930	register_set	operand_parser@0x00b0c7cc		writes_own_vtable:0x00b10068;calls_base_initializer:0078abd5:operand_parser	0	4	132
0078bdb0	FUN_0078bdb0	register_implicit__ctor_candidate	constructor_like	0.930	register_implicit	operand_parser@0x00b0c7cc		writes_own_vtable:0x00b10670;calls_base_initializer:0078abd5:operand_parser	0	2	97
0078c194	FUN_0078c194	immediate__ctor_candidate	constructor_like	0.930	immediate	operand_parser@0x00b0c7cc		writes_own_vtable:0x00b101e8;calls_base_initializer:0078abd5:operand_parser	1	2	247
0078daa3	FUN_0078daa3	immediate_implicit__ctor_candidate	constructor_like	0.930	immediate_implicit	operand_parser@0x00b0c7cc		writes_own_vtable:0x00b0c70c;calls_base_initializer:0078c194:immediate	0	2	126
0078db21	FUN_0078db21	statictext__ctor_candidate	constructor_like	0.930	statictext	operand_parser@0x00b0c7cc		writes_own_vtable:0x00b102a8;calls_base_initializer:0078abd5:operand_parser	0	2	95
0078dd43	FUN_0078dd43	ignore__ctor_candidate	constructor_like	0.930	ignore	operand_parser@0x00b0c7cc		writes_own_vtable:0x00b10730;calls_base_initializer:0078abd5:operand_parser	0	2	77
0078dda2	FUN_0078dda2	hardcode__ctor_candidate	constructor_like	0.930	hardcode	operand_parser@0x00b0c7cc		writes_own_vtable:0x00b10368;calls_base_initializer:0078abd5:operand_parser	0	2	78
0078de90	FUN_0078de90	textset__ctor_candidate	constructor_like	0.930	textset	operand_parser@0x00b0c7cc		writes_own_vtable:0x00b10128;calls_base_initializer:0078abd5:operand_parser	0	5	330
0078e2ac	FUN_0078e2ac	compose__ctor_candidate	constructor_like	0.930	compose	operand_parser@0x00b0c7cc		writes_own_vtable:0x00b107f0;calls_base_initializer:0078abd5:operand_parser	0	7	590
0078f45c	FUN_0078f45c	choose__ctor_candidate	constructor_like	0.930	choose	operand_parser@0x00b0c7cc		writes_own_vtable:0x00b10428;calls_base_initializer:0078abd5:operand_parser	0	5	531
0078feb2	FUN_0078feb2	multiple_fields__ctor_candidate	constructor_like	0.930	multiple_fields	operand_parser@0x00b0c7cc		writes_own_vtable:0x00b104e8;calls_base_initializer:0078abd5:operand_parser	0	2	89
007901d6	FUN_007901d6	split_fields__ctor_candidate	constructor_like	0.930	split_fields	operand_parser@0x00b0c7cc		writes_own_vtable:0x00b10970;calls_base_initializer:0078abd5:operand_parser	0	5	371
00790514	FUN_00790514	register_list__ctor_candidate	constructor_like	0.930	register_list	operand_parser@0x00b0c7cc		writes_own_vtable:0x00b10a30;calls_base_initializer:0078abd5:operand_parser	0	3	97
007909cf	FUN_007909cf	mnemonic_placeholder__ctor_candidate	constructor_like	0.930	mnemonic_placeholder	operand_parser@0x00b0c7cc		writes_own_vtable:0x00b10af0;calls_base_initializer:0078abd5:operand_parser	0	2	77
00790a2e	FUN_00790a2e	sameas__ctor_candidate	constructor_like	0.930	sameas	operand_parser@0x00b0c7cc		writes_own_vtable:0x00b108b0;calls_base_initializer:0078abd5:operand_parser	0	2	99
00790abd	FUN_00790abd	join__ctor_candidate	constructor_like	0.930	join	operand_parser@0x00b0c7cc		writes_own_vtable:0x00b10bb0;calls_base_initializer:0078abd5:operand_parser	0	2	113
00791273	FUN_00791273	suffix__ctor_candidate	constructor_like	0.930	suffix	operand_parser@0x00b0c7cc		writes_own_vtable:0x00b10c70;calls_base_initializer:0078abd5:operand_parser	0	2	95
004014f7	FUN_004014f7	vn_advisor_ppc_consolshift__ctor_candidate	constructor_like	0.920	vn_advisor_consol;vn_advisor_consolshift;vn_advisor_ppc_consolshift	vn_advisor@0x00b053a8		direct_vtable_header_or_vptr_refs:3;write_order:vn_advisor_consol>vn_advisor_consolshift>vn_advisor_ppc_consolshift	1	1	135
00405200	FUN_00405200	std_bad_alloc__ctor_candidate	constructor_like	0.920	std::bad_alloc;std::exception	std_exception@0x00abf270		direct_vtable_header_or_vptr_refs:2;write_order:std::exception>std::bad_alloc	5	3	123
004059d8	FUN_004059d8	std_out_of_range__ctor_candidate	constructor_like	0.920	std::exception;std::logic_error;std::out_of_range	std_exception@0x00abf270		direct_vtable_header_or_vptr_refs:3;write_order:std::exception>std::logic_error>std::out_of_range	2	13	946
00405fae	FUN_00405fae	std_overflow_error__ctor_candidate	constructor_like	0.920	std::exception;std::overflow_error;std::runtime_error	std_exception@0x00abf270		direct_vtable_header_or_vptr_refs:3;write_order:std::exception>std::runtime_error>std::overflow_error	1	11	885
00424ef0	FUN_00424ef0	std_bad_alloc__ctor_candidate	constructor_like	0.920	std::bad_alloc;std::exception	std_exception@0x00abff98		direct_vtable_header_or_vptr_refs:2;write_order:std::exception>std::bad_alloc	3	3	123
004256c8	FUN_004256c8	std_out_of_range__ctor_candidate	constructor_like	0.920	std::exception;std::logic_error;std::out_of_range	std_exception@0x00abff98		direct_vtable_header_or_vptr_refs:3;write_order:std::exception>std::logic_error>std::out_of_range	1	13	946
00425b92	FUN_00425b92	std_overflow_error__ctor_candidate	constructor_like	0.920	std::exception;std::overflow_error;std::runtime_error	std_exception@0x00abff98		direct_vtable_header_or_vptr_refs:3;write_order:std::exception>std::runtime_error>std::overflow_error	1	11	885
0043a6d0	FUN_0043a6d0	std_bad_alloc__ctor_candidate	constructor_like	0.920	std::bad_alloc;std::exception	std_exception@0x00ac0a18		direct_vtable_header_or_vptr_refs:2;write_order:std::exception>std::bad_alloc	2	3	123
0043adf7	FUN_0043adf7	std_out_of_range__ctor_candidate	constructor_like	0.920	std::exception;std::logic_error;std::out_of_range	std_exception@0x00ac0a18		direct_vtable_header_or_vptr_refs:3;write_order:std::exception>std::logic_error>std::out_of_range	1	13	946
004e100f	FUN_004e100f	std_bad_alloc__ctor_candidate	constructor_like	0.920	std::bad_alloc;std::exception	std_exception@0x00ace628		direct_vtable_header_or_vptr_refs:2;write_order:std::exception>std::bad_alloc	3	3	123
004e17e7	FUN_004e17e7	std_out_of_range__ctor_candidate	constructor_like	0.920	std::exception;std::logic_error;std::out_of_range	std_exception@0x00ace628		direct_vtable_header_or_vptr_refs:3;write_order:std::exception>std::logic_error>std::out_of_range	1	13	946
004e1cb1	FUN_004e1cb1	std_overflow_error__ctor_candidate	constructor_like	0.920	std::exception;std::overflow_error;std::runtime_error	std_exception@0x00ace628		direct_vtable_header_or_vptr_refs:3;write_order:std::exception>std::runtime_error>std::overflow_error	1	11	885
004e68cd	FUN_004e68cd	SimpleOutputGen__ctor_candidate	constructor_like	0.920	OutputGen;SimpleOutputGen	OutputGen@0x00b12800		direct_vtable_header_or_vptr_refs:2;write_order:OutputGen>SimpleOutputGen	3	1	61
00521778	FUN_00521778	SimpleOutputGen__ctor_candidate	constructor_like	0.920	OutputGen;SimpleOutputGen	OutputGen@0x00b12800		direct_vtable_header_or_vptr_refs:2;write_order:OutputGen>SimpleOutputGen	0	1	165
005d5e5e	FUN_005d5e5e	objectdata_twoop__ctor_candidate	constructor_like	0.920	objectdata;objectdata_twoop	objectdata@0x00ace1d0		direct_vtable_header_or_vptr_refs:2;write_order:objectdata>objectdata_twoop	1	8	737
005d87cb	FUN_005d87cb	TimeAccurateAliasAnalyzer__ctor_candidate	constructor_like	0.920	AliasAnalyzer;TimeAccurateAliasAnalyzer	AliasAnalyzer@0x00aff0cc		direct_vtable_header_or_vptr_refs:2;write_order:AliasAnalyzer>TimeAccurateAliasAnalyzer	1	17	914
005eaa4a	FUN_005eaa4a	ValueNeededDf__ctor_candidate	constructor_like	0.920	InterblockDf;ValueNeededDf	InterblockDf@0x00afd5b8		direct_vtable_header_or_vptr_refs:2;write_order:InterblockDf>ValueNeededDf	1	3	257
005edb5b	FUN_005edb5b	objectdata_twoop__ctor_candidate	constructor_like	0.920	objectdata;objectdata_twoop	objectdata@0x00ace1d0		direct_vtable_header_or_vptr_refs:2;write_order:objectdata>objectdata_twoop	2	6	250
005ef811	FUN_005ef811	objectdata_twoop__ctor_candidate	constructor_like	0.920	objectdata;objectdata_twoop	objectdata@0x00ace1d0		direct_vtable_header_or_vptr_refs:2;write_order:objectdata>objectdata_twoop	1	8	432
005f5370	FUN_005f5370	objectdata_block__ctor_candidate	constructor_like	0.920	objectdata;objectdata_block	objectdata@0x00ace1d0		direct_vtable_header_or_vptr_refs:2;write_order:objectdata>objectdata_block	1	16	1091
00620d20	FUN_00620d20	bytereverser__ctor_candidate	constructor_like	0.920	bytereverser;nonstandard_type_handler	ObjectVisitor@0x00b01ed0		direct_vtable_header_or_vptr_refs:2;write_order:nonstandard_type_handler>bytereverser	1	2	128
00695a74	FUN_00695a74	std_bad_alloc__ctor_candidate	constructor_like	0.920	std::bad_alloc;std::exception	std_exception@0x00b06c6c		direct_vtable_header_or_vptr_refs:2;write_order:std::exception>std::bad_alloc	4	3	123
0069619b	FUN_0069619b	std_out_of_range__ctor_candidate	constructor_like	0.920	std::exception;std::logic_error;std::out_of_range	std_exception@0x00b06c6c		direct_vtable_header_or_vptr_refs:3;write_order:std::exception>std::logic_error>std::out_of_range	1	13	946
006ac354	FUN_006ac354	Split64TestVisitor__ctor_candidate	constructor_like	0.920	MachopVisitor;Split64TestVisitor	MachopVisitor@0x00b06c2c		direct_vtable_header_or_vptr_refs:2;write_order:MachopVisitor>Split64TestVisitor	1	3	159
006ac5cd	FUN_006ac5cd	Split64DoVisitor__ctor_candidate	constructor_like	0.920	MachopVisitor;Split64DoVisitor	MachopVisitor@0x00b06c2c		direct_vtable_header_or_vptr_refs:2;write_order:MachopVisitor>Split64DoVisitor	1	6	304
006c6a0b	FUN_006c6a0b	std_out_of_range__ctor_candidate	constructor_like	0.920	std::exception;std::logic_error;std::out_of_range	std_exception@0x00b06c6c		direct_vtable_header_or_vptr_refs:3;write_order:std::exception>std::logic_error>std::out_of_range	0	11	912
006d7818	FUN_006d7818	MachopObjectInvalidator__ctor_candidate	constructor_like	0.920	MachopObjectInvalidator;MachopVisitor	MachopVisitor@0x00b080a0		direct_vtable_header_or_vptr_refs:2;write_order:MachopVisitor>MachopObjectInvalidator	0	1	61
006d7f2a	FUN_006d7f2a	MachopImmpropClearer__ctor_candidate	constructor_like	0.920	MachopImmpropClearer;MachopVisitor	MachopVisitor@0x00b080a0		direct_vtable_header_or_vptr_refs:2;write_order:MachopVisitor>MachopImmpropClearer	1	1	39
007006e7	FUN_007006e7	MachopChecker__ctor_candidate	constructor_like	0.920	MachopChecker;MachopVisitor	MachopVisitor@0x00b09ac8		direct_vtable_header_or_vptr_refs:2;write_order:MachopVisitor>MachopChecker	1	3	317
007013b3	FUN_007013b3	MachopBitoffsetClearer__ctor_candidate	constructor_like	0.920	MachopBitoffsetClearer;MachopVisitor	MachopVisitor@0x00b09ac8		direct_vtable_header_or_vptr_refs:2;write_order:MachopVisitor>MachopBitoffsetClearer	1	1	63
007016d6	FUN_007016d6	AddMachopVisitor__ctor_candidate	constructor_like	0.920	AddMachopVisitor;MachopVisitor	MachopVisitor@0x00b09ac8		direct_vtable_header_or_vptr_refs:2;write_order:MachopVisitor>AddMachopVisitor	0	0	25
0071df17	FUN_0071df17	alloc_table_hash__ctor_candidate	constructor_like	0.920	alloc_table;alloc_table_hash	alloc_table@0x00b0a500		direct_vtable_header_or_vptr_refs:2;write_order:alloc_table>alloc_table_hash	4	2	121
0071df90	FUN_0071df90	alloc_table_btree__ctor_candidate	constructor_like	0.920	alloc_table;alloc_table_btree	alloc_table@0x00b0a500		direct_vtable_header_or_vptr_refs:2;write_order:alloc_table>alloc_table_btree	2	2	77
0071e0e0	FUN_0071e0e0	alloc_table_bcl__ctor_candidate	constructor_like	0.920	alloc_table;alloc_table_bcl	alloc_table@0x00b0a500		direct_vtable_header_or_vptr_refs:2;write_order:alloc_table>alloc_table_bcl	2	2	191
0073a363	schedule_pass_3	ls_window_scheduler__ctor_candidate	constructor_like	0.920	ls_window_scheduler;ws_interface	ws_interface@0x00b0b7b8		direct_vtable_header_or_vptr_refs:2;write_order:ws_interface>ls_window_scheduler	2	10	794
00747f96	FUN_00747f96	Mem__ctor_candidate	constructor_like	0.920	Exp;Mem;Unk;Val	Exp@0x00b0d2d4		direct_vtable_header_or_vptr_refs:4;write_order:Exp>Val>Unk>Mem	1	4	399
0074857f	FUN_0074857f	Num__ctor_candidate	constructor_like	0.920	Exp;Num;Val	Exp@0x00b0d2d4		direct_vtable_header_or_vptr_refs:3;write_order:Exp>Val>Num	2	6	646
00748805	FUN_00748805	Cmm__ctor_candidate	constructor_like	0.920	Alu;Bop;Cmm;Exp	Exp@0x00b0d2d4		direct_vtable_header_or_vptr_refs:4;write_order:Exp>Alu>Bop>Cmm	0	4	300
00748931	FUN_00748931	Cmm__ctor_candidate	constructor_like	0.920	Alu;Bop;Cmm;Exp	Exp@0x00b0d2d4		direct_vtable_header_or_vptr_refs:4;write_order:Exp>Alu>Bop>Cmm	0	3	269
00748a3e	FUN_00748a3e	Ncm__ctor_candidate	constructor_like	0.920	Alu;Bop;Exp;Ncm	Exp@0x00b0d2d4		direct_vtable_header_or_vptr_refs:4;write_order:Exp>Alu>Bop>Ncm	4	2	178
00748af0	FUN_00748af0	Uop__ctor_candidate	constructor_like	0.920	Alu;Exp;Uop	Exp@0x00b0d2d4		direct_vtable_header_or_vptr_refs:3;write_order:Exp>Alu>Uop	2	2	164
00748b94	FUN_00748b94	Bot__ctor_candidate	constructor_like	0.920	Bot;Exp;Unk;Val	Exp@0x00b0d2d4		direct_vtable_header_or_vptr_refs:4;write_order:Exp>Val>Unk>Bot	6	2	181
0074959c	FUN_0074959c	Num__ctor_candidate	constructor_like	0.920	Exp;Num;Val	Exp@0x00b0d2d4		direct_vtable_header_or_vptr_refs:3;write_order:Exp>Val>Num	2	4	279
0074a060	FUN_0074a060	singleton_iter__ctor_candidate	constructor_like	0.920	obj_iter;singleton_iter	obj_iter@0x00b0d3b8		direct_vtable_header_or_vptr_refs:2;write_order:obj_iter>singleton_iter	1	3	244
0074a154	FUN_0074a154	objectlist_iter__ctor_candidate	constructor_like	0.920	obj_iter;objectlist_iter	obj_iter@0x00b0d3b8		direct_vtable_header_or_vptr_refs:2;write_order:obj_iter>objectlist_iter	1	3	244
0074a8cd	FUN_0074a8cd	var_disjointsets_impl__ctor_candidate	constructor_like	0.920	var_disjointsets;var_disjointsets_impl	var_disjointsets@0x00b0d3e8		direct_vtable_header_or_vptr_refs:2;write_order:var_disjointsets>var_disjointsets_impl	1	4	123
0074a948	FUN_0074a948	var_multimap_impl__ctor_candidate	constructor_like	0.920	var_multimap;var_multimap_impl	var_multimap@0x00b0d3d8		direct_vtable_header_or_vptr_refs:2;write_order:var_multimap>var_multimap_impl	2	3	108
0074ab40	FUN_0074ab40	var_map_objectlist_var_map_iter__ctor_candidate	constructor_like	0.920	obj_iter;var_map<objectlist>::var_map_iter	obj_iter@0x00b0d3b8		direct_vtable_header_or_vptr_refs:2;write_order:obj_iter>var_map<objectlist>::var_map_iter	1	3	244
0074aeb0	FUN_0074aeb0	objpairlist_searchiter__ctor_candidate	constructor_like	0.920	obj_iter;objpairlist_searchiter	obj_iter@0x00b0d680		direct_vtable_header_or_vptr_refs:2;write_order:obj_iter>objpairlist_searchiter	1	3	244
00785980	FUN_00785980	std_bad_alloc__ctor_candidate	constructor_like	0.920	std::bad_alloc;std::exception	std_exception@0x00b0f1ec		direct_vtable_header_or_vptr_refs:2;write_order:std::exception>std::bad_alloc	2	3	123
007859fb	FUN_007859fb	std_bad_alloc__ctor_candidate	constructor_like	0.920	std::bad_alloc;std::exception	std_exception@0x00b0f1ec		direct_vtable_header_or_vptr_refs:2;write_order:std::exception>std::bad_alloc	1	3	139
00786132	FUN_00786132	std_length_error__ctor_candidate	constructor_like	0.920	std::exception;std::length_error;std::logic_error	std_exception@0x00b0f1ec		direct_vtable_header_or_vptr_refs:3;write_order:std::exception>std::logic_error>std::length_error	1	11	833
00787870	FUN_00787870	std_bad_alloc__ctor_candidate	constructor_like	0.920	std::bad_alloc;std::exception	std_exception@0x00b0f5dc		direct_vtable_header_or_vptr_refs:2;write_order:std::exception>std::bad_alloc	1	3	128
007878f0	FUN_007878f0	std_bad_alloc__ctor_candidate	constructor_like	0.920	std::bad_alloc;std::exception	std_exception@0x00b0f5dc		direct_vtable_header_or_vptr_refs:2;write_order:std::exception>std::bad_alloc	2	3	128
00787970	FUN_00787970	std_bad_alloc__ctor_candidate	constructor_like	0.920	std::bad_alloc;std::exception	std_exception@0x00b0f5dc		direct_vtable_header_or_vptr_refs:2;write_order:std::exception>std::bad_alloc	1	3	139
007879fb	FUN_007879fb	std_bad_alloc__ctor_candidate	constructor_like	0.920	std::bad_alloc;std::exception	std_exception@0x00b0f5dc		direct_vtable_header_or_vptr_refs:2;write_order:std::exception>std::bad_alloc	2	3	128
00787a7b	FUN_00787a7b	std_bad_alloc__ctor_candidate	constructor_like	0.920	std::bad_alloc;std::exception	std_exception@0x00b0f5dc		direct_vtable_header_or_vptr_refs:2;write_order:std::exception>std::bad_alloc	11	3	123
00787af6	FUN_00787af6	std_bad_alloc__ctor_candidate	constructor_like	0.920	std::bad_alloc;std::exception	std_exception@0x00b0f5dc		direct_vtable_header_or_vptr_refs:2;write_order:std::exception>std::bad_alloc	1	3	139
00787b81	FUN_00787b81	std_bad_alloc__ctor_candidate	constructor_like	0.920	std::bad_alloc;std::exception	std_exception@0x00b0f5dc		direct_vtable_header_or_vptr_refs:2;write_order:std::exception>std::bad_alloc	2	3	128
007883f1	FUN_007883f1	std_length_error__ctor_candidate	constructor_like	0.920	std::exception;std::length_error;std::logic_error	std_exception@0x00b0f5dc		direct_vtable_header_or_vptr_refs:3;write_order:std::exception>std::logic_error>std::length_error	2	12	899
00788774	FUN_00788774	std_length_error__ctor_candidate	constructor_like	0.920	std::exception;std::length_error;std::logic_error	std_exception@0x00b0f5dc		direct_vtable_header_or_vptr_refs:3;write_order:std::exception>std::logic_error>std::length_error	5	12	899
00788af7	FUN_00788af7	std_length_error__ctor_candidate	constructor_like	0.920	std::exception;std::length_error;std::logic_error	std_exception@0x00b0f5dc		direct_vtable_header_or_vptr_refs:3;write_order:std::exception>std::logic_error>std::length_error	1	12	899
0078a272	FUN_0078a272	std_length_error__ctor_candidate	constructor_like	0.920	std::exception;std::length_error;std::logic_error	std_exception@0x00b0f5dc		direct_vtable_header_or_vptr_refs:3;write_order:std::exception>std::logic_error>std::length_error	1	11	833
0078af4d	FUN_0078af4d	std_out_of_range__ctor_candidate	constructor_like	0.920	std::exception;std::logic_error;std::out_of_range	std_exception@0x00b0f5dc		direct_vtable_header_or_vptr_refs:3;write_order:std::exception>std::logic_error>std::out_of_range	0	11	853
0078b927	FUN_0078b927	std_out_of_range__ctor_candidate	constructor_like	0.920	std::exception;std::logic_error;std::out_of_range	std_exception@0x00b0f5dc		direct_vtable_header_or_vptr_refs:3;write_order:std::exception>std::logic_error>std::out_of_range	0	11	853
0078be11	FUN_0078be11	std_out_of_range__ctor_candidate	constructor_like	0.920	std::exception;std::logic_error;std::out_of_range	std_exception@0x00b0f5dc		direct_vtable_header_or_vptr_refs:3;write_order:std::exception>std::logic_error>std::out_of_range	0	11	844
00791930	FUN_00791930	std_bad_alloc__ctor_candidate	constructor_like	0.920	std::bad_alloc;std::exception	std_exception@0x00b10f10		direct_vtable_header_or_vptr_refs:2;write_order:std::exception>std::bad_alloc	2	3	128
007919b0	FUN_007919b0	std_bad_alloc__ctor_candidate	constructor_like	0.920	std::bad_alloc;std::exception	std_exception@0x00b10f10		direct_vtable_header_or_vptr_refs:2;write_order:std::exception>std::bad_alloc	2	3	135
00791a37	FUN_00791a37	std_bad_alloc__ctor_candidate	constructor_like	0.920	std::bad_alloc;std::exception	std_exception@0x00b10f10		direct_vtable_header_or_vptr_refs:2;write_order:std::exception>std::bad_alloc	2	3	139
00791ac2	FUN_00791ac2	std_bad_alloc__ctor_candidate	constructor_like	0.920	std::bad_alloc;std::exception	std_exception@0x00b10f10		direct_vtable_header_or_vptr_refs:2;write_order:std::exception>std::bad_alloc	4	3	139
00791b4d	FUN_00791b4d	std_bad_alloc__ctor_candidate	constructor_like	0.920	std::bad_alloc;std::exception	std_exception@0x00b10f10		direct_vtable_header_or_vptr_refs:2;write_order:std::exception>std::bad_alloc	1	3	139
00791bd8	FUN_00791bd8	std_bad_alloc__ctor_candidate	constructor_like	0.920	std::bad_alloc;std::exception	std_exception@0x00b10f10		direct_vtable_header_or_vptr_refs:2;write_order:std::exception>std::bad_alloc	4	3	139
00791c63	FUN_00791c63	std_bad_alloc__ctor_candidate	constructor_like	0.920	std::bad_alloc;std::exception	std_exception@0x00b10f10		direct_vtable_header_or_vptr_refs:2;write_order:std::exception>std::bad_alloc	11	3	123
0079431f	FUN_0079431f	std_length_error__ctor_candidate	constructor_like	0.920	std::exception;std::length_error;std::logic_error	std_exception@0x00b10f10		direct_vtable_header_or_vptr_refs:3;write_order:std::exception>std::logic_error>std::length_error	1	12	910
007946ad	FUN_007946ad	std_length_error__ctor_candidate	constructor_like	0.920	std::exception;std::length_error;std::logic_error	std_exception@0x00b10f10		direct_vtable_header_or_vptr_refs:3;write_order:std::exception>std::logic_error>std::length_error	1	12	899
0079525f	FUN_0079525f	std_length_error__ctor_candidate	constructor_like	0.920	std::exception;std::length_error;std::logic_error	std_exception@0x00b10f10		direct_vtable_header_or_vptr_refs:3;write_order:std::exception>std::logic_error>std::length_error	2	11	833
007955a0	FUN_007955a0	std_length_error__ctor_candidate	constructor_like	0.920	std::exception;std::length_error;std::logic_error	std_exception@0x00b10f10		direct_vtable_header_or_vptr_refs:3;write_order:std::exception>std::logic_error>std::length_error	3	11	833
0079cc24	FUN_0079cc24	std_bad_alloc__ctor_candidate	constructor_like	0.920	std::bad_alloc;std::exception	std_exception@0x00b11aa8		direct_vtable_header_or_vptr_refs:2;write_order:std::exception>std::bad_alloc	2	3	123
0079cc9f	FUN_0079cc9f	std_bad_alloc__ctor_candidate	constructor_like	0.920	std::bad_alloc;std::exception	std_exception@0x00b11aa8		direct_vtable_header_or_vptr_refs:2;write_order:std::exception>std::bad_alloc	1	3	139
0079d3d6	FUN_0079d3d6	std_length_error__ctor_candidate	constructor_like	0.920	std::exception;std::length_error;std::logic_error	std_exception@0x00b11aa8		direct_vtable_header_or_vptr_refs:3;write_order:std::exception>std::logic_error>std::length_error	1	11	833
0079d78c	FUN_0079d78c	IndInst_instopcomp__ctor_candidate	constructor_like	0.920	IndInst::instop;IndInst::instopcomp	IndInst_instop@0x00b11f18		direct_vtable_header_or_vptr_refs:2;write_order:IndInst::instop>IndInst::instopcomp	1	3	264
0079d993	FUN_0079d993	IndInst_instopreg__ctor_candidate	constructor_like	0.920	IndInst::instop;IndInst::instopreg	IndInst_instop@0x00b11f18		direct_vtable_header_or_vptr_refs:2;write_order:IndInst::instop>IndInst::instopreg	0	1	209
0079daaf	FUN_0079daaf	IndInst_instopimm__ctor_candidate	constructor_like	0.920	IndInst::instop;IndInst::instopimm	IndInst_instop@0x00b11f18		direct_vtable_header_or_vptr_refs:2;write_order:IndInst::instop>IndInst::instopimm	0	1	249
0079deed	FUN_0079deed	IndInst_instopreglist__ctor_candidate	constructor_like	0.920	IndInst::instop;IndInst::instopreglist	IndInst_instop@0x00b11f18		direct_vtable_header_or_vptr_refs:2;write_order:IndInst::instop>IndInst::instopreglist	0	3	446
0079e5db	FUN_0079e5db	FileOutputGen__ctor_candidate	constructor_like	0.920	FileOutputGen;OutputGen	OutputGen@0x00b12800		direct_vtable_header_or_vptr_refs:2;write_order:OutputGen>FileOutputGen	0	1	47
0079ecfd	FUN_0079ecfd	std_bad_alloc__ctor_candidate	constructor_like	0.920	std::bad_alloc;std::exception	std_exception@0x00b12008		direct_vtable_header_or_vptr_refs:2;write_order:std::exception>std::bad_alloc	1	3	139
0079ed88	FUN_0079ed88	std_bad_alloc__ctor_candidate	constructor_like	0.920	std::bad_alloc;std::exception	std_exception@0x00b12008		direct_vtable_header_or_vptr_refs:2;write_order:std::exception>std::bad_alloc	2	3	139
0079ee13	FUN_0079ee13	std_bad_alloc__ctor_candidate	constructor_like	0.920	std::bad_alloc;std::exception	std_exception@0x00b12008		direct_vtable_header_or_vptr_refs:2;write_order:std::exception>std::bad_alloc	2	3	123
0079f618	FUN_0079f618	std_length_error__ctor_candidate	constructor_like	0.920	std::exception;std::length_error;std::logic_error	std_exception@0x00b12008		direct_vtable_header_or_vptr_refs:3;write_order:std::exception>std::logic_error>std::length_error	1	11	833
007a0ad3	FUN_007a0ad3	FileOutputGen__ctor_candidate	constructor_like	0.920	FileOutputGen;OutputGen	OutputGen@0x00b12800		direct_vtable_header_or_vptr_refs:2;write_order:OutputGen>FileOutputGen	0	1	47
007a1141	FUN_007a1141	DebugOutputGen__ctor_candidate	constructor_like	0.920	DebugOutputGen;OutputGen	OutputGen@0x00b12800		direct_vtable_header_or_vptr_refs:2;write_order:OutputGen>DebugOutputGen	2	2	80
007a1680	FUN_007a1680	std_bad_alloc__ctor_candidate	constructor_like	0.920	std::bad_alloc;std::exception	std_exception@0x00b12cf4		direct_vtable_header_or_vptr_refs:2;write_order:std::exception>std::bad_alloc	2	3	123
00994ada	FUN_00994ada	objectdata_call__ctor_candidate	constructor_like	0.920	objectdata;objectdata_call	objectdata@0x00ace1d0		direct_vtable_header_or_vptr_refs:2;write_order:objectdata>objectdata_call	1	4	732
00a9214f	FUN_00a9214f	std_out_of_range__ctor_candidate	constructor_like	0.920	std::logic_error;std::out_of_range	std_exception@0x00bd48a0		direct_vtable_header_or_vptr_refs:2;write_order:std::logic_error>std::out_of_range	122	10	575
00a9252b	FUN_00a9252b	std_length_error__ctor_candidate	constructor_like	0.920	std::length_error;std::logic_error	std_exception@0x00bd48a0		direct_vtable_header_or_vptr_refs:2;write_order:std::logic_error>std::length_error	105	10	575
00401010	FUN_00401010	vn_advisor_ppc_consolshift__slot_004	virtual_method	0.910	vn_advisor_ppc_consolshift	vn_advisor@0x00b053a8	vn_advisor.slot_004	vtable_membership:1 classes	0	0	20
00401024	FUN_00401024	backend_t__slot_029	virtual_method	0.910	backend_t	backend_dataflow@0x00b0e82c	backend_dataflow.slot_029	vtable_membership:1 classes	0	1	169
004010cd	FUN_004010cd	vn_advisor_ppc_consolshift__slot_006	virtual_method	0.910	vn_advisor_ppc_consolshift	vn_advisor@0x00b053a8	vn_advisor.slot_006	vtable_membership:1 classes	0	0	232
004011b5	FUN_004011b5	vn_advisor_ppc_consolshift__slot_003	virtual_method	0.910	vn_advisor_ppc_consolshift	vn_advisor@0x00b053a8	vn_advisor.slot_003	vtable_membership:1 classes	0	2	731
00401490	FUN_00401490	vn_advisor_ppc_consolshift__slot_005	virtual_method	0.910	vn_advisor_ppc_consolshift	vn_advisor@0x00b053a8	vn_advisor.slot_005	vtable_membership:1 classes	0	5	103
00401d91	FUN_00401d91	backend_t__slot_228	virtual_method	0.910	backend_t	backend_dataflow@0x00b0e82c	backend_dataflow.slot_228	vtable_membership:1 classes	0	0	45
00401ded	FUN_00401ded	backend_t__slot_007	virtual_method	0.910	backend_t	backend_dataflow@0x00b0e82c	backend_dataflow.slot_007	vtable_membership:1 classes	0	19	4539
00402fa8	FUN_00402fa8	backend_t__slot_008	virtual_method	0.910	backend_t	backend_dataflow@0x00b0e82c	backend_dataflow.slot_008	vtable_membership:1 classes	0	12	991
00403387	FUN_00403387	backend_t__slot_005	virtual_method	0.910	backend_t	backend_dataflow@0x00b0e82c	backend_dataflow.slot_005	vtable_membership:1 classes	0	17	4397
004044b4	FUN_004044b4	backend_t__slot_006	virtual_method	0.910	backend_t	backend_dataflow@0x00b0e82c	backend_dataflow.slot_006	vtable_membership:1 classes	0	14	1619
00404b07	FUN_00404b07	backend_t__slot_012	virtual_method	0.910	backend_t	backend_dataflow@0x00b0e82c	backend_dataflow.slot_012	vtable_membership:1 classes	0	0	40
00404b2f	FUN_00404b2f	backend_t__slot_238	virtual_method	0.910	backend_t	backend_dataflow@0x00b0e82c	backend_dataflow.slot_238	vtable_membership:1 classes	0	2	793
00404f81	FUN_00404f81	backend_t__slot_236	virtual_method	0.910	backend_t	backend_dataflow@0x00b0e82c	backend_dataflow.slot_236	vtable_membership:1 classes	0	10	217
0040505a	FUN_0040505a	backend_t__slot_237	virtual_method	0.910	backend_t	backend_dataflow@0x00b0e82c	backend_dataflow.slot_237	vtable_membership:1 classes	0	5	120
004050d2	FUN_004050d2	backend_t__slot_023	virtual_method	0.910	backend_t	backend_dataflow@0x00b0e82c	backend_dataflow.slot_023	vtable_membership:1 classes	0	1	86
00405128	FUN_00405128	backend_t__slot_027	virtual_method	0.910	backend_t	backend_dataflow@0x00b0e82c	backend_dataflow.slot_027	vtable_membership:1 classes	0	0	95
004051ef	FUN_004051ef	std_bad_alloc__slot_002	virtual_method	0.910	std::bad_alloc	std_exception@0x00abf270	std_exception.slot_002	vtable_membership:1 classes	0	1	17
004058cc	FUN_004058cc	std_logic_error__slot_002	virtual_method	0.910	std::logic_error	std_exception@0x00abf270	std_exception.slot_002	vtable_membership:1 classes	0	1	17
00405916	FUN_00405916	std_out_of_range__slot_002	virtual_method	0.910	std::out_of_range	std_exception@0x00abf270	std_exception.slot_002	vtable_membership:1 classes	3	1	17
0040597d	FUN_0040597d	std_runtime_error__slot_002	virtual_method	0.910	std::runtime_error	std_exception@0x00abf270	std_exception.slot_002	vtable_membership:1 classes	0	1	17
004059c7	FUN_004059c7	std_overflow_error__slot_002	virtual_method	0.910	std::overflow_error	std_exception@0x00abf270	std_exception.slot_002	vtable_membership:1 classes	1	1	17
00406414	FUN_00406414	backend_t__slot_000	virtual_method	0.910	backend_t	backend_dataflow@0x00b0e82c	backend_dataflow.slot_000	vtable_membership:1 classes	0	0	5
00406419	FUN_00406419	backend_t__slot_002	virtual_method	0.910	backend_t	backend_dataflow@0x00b0e82c	backend_dataflow.slot_002	vtable_membership:1 classes	0	0	5
0040641e	FUN_0040641e	backend_t__slot_003	virtual_method	0.910	backend_t	backend_dataflow@0x00b0e82c	backend_dataflow.slot_003	vtable_membership:1 classes	0	0	9
00406427	FUN_00406427	backend_t__slot_004	virtual_method	0.910	backend_t	backend_dataflow@0x00b0e82c	backend_dataflow.slot_004	vtable_membership:1 classes	0	0	9
00406430	FUN_00406430	backend_t__slot_009	virtual_method	0.910	backend_t	backend_dataflow@0x00b0e82c	backend_dataflow.slot_009	vtable_membership:1 classes	0	0	9
00406439	FUN_00406439	backend_t__slot_011	virtual_method	0.910	backend_t	backend_dataflow@0x00b0e82c	backend_dataflow.slot_011	vtable_membership:1 classes	0	0	20
0040644d	FUN_0040644d	backend_t__slot_013	virtual_method	0.910	backend_t	backend_dataflow@0x00b0e82c	backend_dataflow.slot_013	vtable_membership:1 classes	0	0	9
00406456	FUN_00406456	backend_t__slot_014	virtual_method	0.910	backend_t	backend_dataflow@0x00b0e82c	backend_dataflow.slot_014	vtable_membership:1 classes	0	0	9
0040645f	FUN_0040645f	backend_t__slot_015	virtual_method	0.910	backend_t	backend_dataflow@0x00b0e82c	backend_dataflow.slot_015	vtable_membership:1 classes	0	0	9
00406468	FUN_00406468	backend_t__slot_016	virtual_method	0.910	backend_t	backend_dataflow@0x00b0e82c	backend_dataflow.slot_016	vtable_membership:1 classes	0	1	15
00406477	FUN_00406477	backend_t__slot_017	virtual_method	0.910	backend_t	backend_dataflow@0x00b0e82c	backend_dataflow.slot_017	vtable_membership:1 classes	0	0	45
004064a4	FUN_004064a4	backend_t__slot_018	virtual_method	0.910	backend_t	backend_dataflow@0x00b0e82c	backend_dataflow.slot_018	vtable_membership:1 classes	0	1	10
004064ae	FUN_004064ae	backend_t__slot_026	virtual_method	0.910	backend_t	backend_dataflow@0x00b0e82c	backend_dataflow.slot_026	vtable_membership:1 classes	0	0	21
004064c3	FUN_004064c3	backend_t__slot_034	virtual_method	0.910	backend_t	backend_dataflow@0x00b0e82c	backend_dataflow.slot_034	vtable_membership:1 classes	0	0	10
004064cd	FUN_004064cd	backend_t__slot_040	virtual_method	0.910	backend_t	backend_dataflow@0x00b0e82c	backend_dataflow.slot_040	vtable_membership:1 classes	0	0	9
004064d6	FUN_004064d6	backend_t__slot_044	virtual_method	0.910	backend_t	backend_dataflow@0x00b0e82c	backend_dataflow.slot_044	vtable_membership:1 classes	0	0	9
004064df	FUN_004064df	backend_t__slot_058	virtual_method	0.910	backend_t	backend_dataflow@0x00b0e82c	backend_dataflow.slot_058	vtable_membership:1 classes	0	0	9
004064e8	FUN_004064e8	backend_t__slot_062	virtual_method	0.910	backend_t	backend_dataflow@0x00b0e82c	backend_dataflow.slot_062	vtable_membership:1 classes	0	0	5
004064ed	FUN_004064ed	backend_t__slot_075	virtual_method	0.910	backend_t	backend_dataflow@0x00b0e82c	backend_dataflow.slot_075	vtable_membership:1 classes	0	0	5
004064f2	FUN_004064f2	backend_t__slot_076	virtual_method	0.910	backend_t	backend_dataflow@0x00b0e82c	backend_dataflow.slot_076	vtable_membership:1 classes	0	0	5
004064f7	FUN_004064f7	backend_t__slot_078	virtual_method	0.910	backend_t	backend_dataflow@0x00b0e82c	backend_dataflow.slot_078	vtable_membership:1 classes	0	0	14
00406505	FUN_00406505	backend_t__slot_079	virtual_method	0.910	backend_t	backend_dataflow@0x00b0e82c	backend_dataflow.slot_079	vtable_membership:1 classes	0	0	9
0040650e	FUN_0040650e	backend_t__slot_080	virtual_method	0.910	backend_t	backend_dataflow@0x00b0e82c	backend_dataflow.slot_080	vtable_membership:1 classes	0	0	16
0040651e	FUN_0040651e	backend_t__slot_083	virtual_method	0.910	backend_t	backend_dataflow@0x00b0e82c	backend_dataflow.slot_083	vtable_membership:1 classes	0	0	9
00406527	FUN_00406527	backend_t__slot_087	virtual_method	0.910	backend_t	backend_dataflow@0x00b0e82c	backend_dataflow.slot_087	vtable_membership:1 classes	0	0	9
00406530	FUN_00406530	backend_t__slot_088	virtual_method	0.910	backend_t	backend_dataflow@0x00b0e82c	backend_dataflow.slot_088	vtable_membership:1 classes	0	0	5
00406535	FUN_00406535	backend_t__slot_089	virtual_method	0.910	backend_t	backend_dataflow@0x00b0e82c	backend_dataflow.slot_089	vtable_membership:1 classes	0	0	5
0040653a	FUN_0040653a	backend_t__slot_090	virtual_method	0.910	backend_t	backend_dataflow@0x00b0e82c	backend_dataflow.slot_090	vtable_membership:1 classes	0	0	10
00406544	FUN_00406544	backend_t__slot_093	virtual_method	0.910	backend_t	backend_dataflow@0x00b0e82c	backend_dataflow.slot_093	vtable_membership:1 classes	0	1	10
0040654e	FUN_0040654e	backend_t__slot_103	virtual_method	0.910	backend_t	backend_dataflow@0x00b0e82c	backend_dataflow.slot_103	vtable_membership:1 classes	0	1	15
0040655d	FUN_0040655d	backend_t__slot_104	virtual_method	0.910	backend_t	backend_dataflow@0x00b0e82c	backend_dataflow.slot_104	vtable_membership:1 classes	0	1	10
00406567	FUN_00406567	backend_t__slot_117	virtual_method	0.910	backend_t	backend_dataflow@0x00b0e82c	backend_dataflow.slot_117	vtable_membership:1 classes	0	0	9
00406570	FUN_00406570	backend_t__slot_122	virtual_method	0.910	backend_t	backend_dataflow@0x00b0e82c	backend_dataflow.slot_122	vtable_membership:1 classes	0	0	9
00406579	FUN_00406579	backend_t__slot_123	virtual_method	0.910	backend_t	backend_dataflow@0x00b0e82c	backend_dataflow.slot_123	vtable_membership:1 classes	0	0	9
00406582	FUN_00406582	backend_t__slot_124	virtual_method	0.910	backend_t	backend_dataflow@0x00b0e82c	backend_dataflow.slot_124	vtable_membership:1 classes	0	0	9
0040658b	FUN_0040658b	backend_t__slot_125	virtual_method	0.910	backend_t	backend_dataflow@0x00b0e82c	backend_dataflow.slot_125	vtable_membership:1 classes	0	0	9
00406594	FUN_00406594	backend_t__slot_126	virtual_method	0.910	backend_t	backend_dataflow@0x00b0e82c	backend_dataflow.slot_126	vtable_membership:1 classes	0	0	9
0040659d	FUN_0040659d	backend_t__slot_129	virtual_method	0.910	backend_t	backend_dataflow@0x00b0e82c	backend_dataflow.slot_129	vtable_membership:1 classes	0	0	5
004065a2	FUN_004065a2	backend_t__slot_132	virtual_method	0.910	backend_t	backend_dataflow@0x00b0e82c	backend_dataflow.slot_132	vtable_membership:1 classes	0	0	9
004065ab	FUN_004065ab	backend_t__slot_138	virtual_method	0.910	backend_t	backend_dataflow@0x00b0e82c	backend_dataflow.slot_138	vtable_membership:1 classes	0	0	9
004065b4	FUN_004065b4	backend_t__slot_141	virtual_method	0.910	backend_t	backend_dataflow@0x00b0e82c	backend_dataflow.slot_141	vtable_membership:1 classes	0	0	5
004065b9	FUN_004065b9	backend_t__slot_144	virtual_method	0.910	backend_t	backend_dataflow@0x00b0e82c	backend_dataflow.slot_144	vtable_membership:1 classes	0	0	5
004065be	FUN_004065be	backend_t__slot_145	virtual_method	0.910	backend_t	backend_dataflow@0x00b0e82c	backend_dataflow.slot_145	vtable_membership:1 classes	0	1	15
004065cd	FUN_004065cd	backend_t__slot_146	virtual_method	0.910	backend_t	backend_dataflow@0x00b0e82c	backend_dataflow.slot_146	vtable_membership:1 classes	0	0	5
004065d2	FUN_004065d2	backend_t__slot_147	virtual_method	0.910	backend_t	backend_dataflow@0x00b0e82c	backend_dataflow.slot_147	vtable_membership:1 classes	0	0	5
004065d7	FUN_004065d7	backend_t__slot_148	virtual_method	0.910	backend_t	backend_dataflow@0x00b0e82c	backend_dataflow.slot_148	vtable_membership:1 classes	0	0	10
004065e1	FUN_004065e1	backend_t__slot_152	virtual_method	0.910	backend_t	backend_dataflow@0x00b0e82c	backend_dataflow.slot_152	vtable_membership:1 classes	0	0	9
004065ea	FUN_004065ea	backend_t__slot_153	virtual_method	0.910	backend_t	backend_dataflow@0x00b0e82c	backend_dataflow.slot_153	vtable_membership:1 classes	0	0	10
004065f4	FUN_004065f4	backend_t__slot_154	virtual_method	0.910	backend_t	backend_dataflow@0x00b0e82c	backend_dataflow.slot_154	vtable_membership:1 classes	0	0	10
004065fe	FUN_004065fe	backend_t__slot_159	virtual_method	0.910	backend_t	backend_dataflow@0x00b0e82c	backend_dataflow.slot_159	vtable_membership:1 classes	0	1	10
00406608	FUN_00406608	backend_t__slot_160	virtual_method	0.910	backend_t	backend_dataflow@0x00b0e82c	backend_dataflow.slot_160	vtable_membership:1 classes	0	1	10
00406612	FUN_00406612	backend_t__slot_161	virtual_method	0.910	backend_t	backend_dataflow@0x00b0e82c	backend_dataflow.slot_161	vtable_membership:1 classes	0	0	5
00406617	FUN_00406617	backend_t__slot_162	virtual_method	0.910	backend_t	backend_dataflow@0x00b0e82c	backend_dataflow.slot_162	vtable_membership:1 classes	0	0	5
0040661c	FUN_0040661c	backend_t__slot_163	virtual_method	0.910	backend_t	backend_dataflow@0x00b0e82c	backend_dataflow.slot_163	vtable_membership:1 classes	0	0	5
00406621	FUN_00406621	backend_t__slot_164	virtual_method	0.910	backend_t	backend_dataflow@0x00b0e82c	backend_dataflow.slot_164	vtable_membership:1 classes	0	0	10
0040662b	FUN_0040662b	backend_t__slot_182	virtual_method	0.910	backend_t	backend_dataflow@0x00b0e82c	backend_dataflow.slot_182	vtable_membership:1 classes	0	0	5
00406630	FUN_00406630	backend_t__slot_189	virtual_method	0.910	backend_t	backend_dataflow@0x00b0e82c	backend_dataflow.slot_189	vtable_membership:1 classes	0	0	5
00406635	FUN_00406635	backend_t__slot_198	virtual_method	0.910	backend_t	backend_dataflow@0x00b0e82c	backend_dataflow.slot_198	vtable_membership:1 classes	0	0	9
0040663e	FUN_0040663e	backend_t__slot_201	virtual_method	0.910	backend_t	backend_dataflow@0x00b0e82c	backend_dataflow.slot_201	vtable_membership:1 classes	0	0	9
00406647	FUN_00406647	backend_t__slot_202	virtual_method	0.910	backend_t	backend_dataflow@0x00b0e82c	backend_dataflow.slot_202	vtable_membership:1 classes	0	1	10
00406651	FUN_00406651	backend_t__slot_203	virtual_method	0.910	backend_t	backend_dataflow@0x00b0e82c	backend_dataflow.slot_203	vtable_membership:1 classes	0	1	10
0040665b	FUN_0040665b	backend_t__slot_204	virtual_method	0.910	backend_t	backend_dataflow@0x00b0e82c	backend_dataflow.slot_204	vtable_membership:1 classes	0	0	5
00406660	FUN_00406660	backend_t__slot_208	virtual_method	0.910	backend_t	backend_dataflow@0x00b0e82c	backend_dataflow.slot_208	vtable_membership:1 classes	0	0	9
00406669	FUN_00406669	backend_t__slot_209	virtual_method	0.910	backend_t	backend_dataflow@0x00b0e82c	backend_dataflow.slot_209	vtable_membership:1 classes	0	0	9
00406672	FUN_00406672	backend_t__slot_211	virtual_method	0.910	backend_t	backend_dataflow@0x00b0e82c	backend_dataflow.slot_211	vtable_membership:1 classes	0	0	10
0040667c	FUN_0040667c	backend_t__slot_213	virtual_method	0.910	backend_t	backend_dataflow@0x00b0e82c	backend_dataflow.slot_213	vtable_membership:1 classes	0	0	5
00406681	FUN_00406681	backend_t__slot_214	virtual_method	0.910	backend_t	backend_dataflow@0x00b0e82c	backend_dataflow.slot_214	vtable_membership:1 classes	0	0	9
0040668a	FUN_0040668a	backend_t__slot_215	virtual_method	0.910	backend_t	backend_dataflow@0x00b0e82c	backend_dataflow.slot_215	vtable_membership:1 classes	0	0	5
0040668f	FUN_0040668f	backend_t__slot_217	virtual_method	0.910	backend_t	backend_dataflow@0x00b0e82c	backend_dataflow.slot_217	vtable_membership:1 classes	0	0	9
00406698	FUN_00406698	backend_t__slot_218	virtual_method	0.910	backend_t	backend_dataflow@0x00b0e82c	backend_dataflow.slot_218	vtable_membership:1 classes	0	0	9
004066a1	FUN_004066a1	backend_t__slot_219	virtual_method	0.910	backend_t	backend_dataflow@0x00b0e82c	backend_dataflow.slot_219	vtable_membership:1 classes	0	0	9
004066aa	FUN_004066aa	backend_t__slot_220	virtual_method	0.910	backend_t	backend_dataflow@0x00b0e82c	backend_dataflow.slot_220	vtable_membership:1 classes	0	1	10
004066b4	FUN_004066b4	backend_t__slot_221	virtual_method	0.910	backend_t	backend_dataflow@0x00b0e82c	backend_dataflow.slot_221	vtable_membership:1 classes	0	0	5
004066b9	FUN_004066b9	backend_t__slot_222	virtual_method	0.910	backend_t	backend_dataflow@0x00b0e82c	backend_dataflow.slot_222	vtable_membership:1 classes	0	1	10
004066c3	FUN_004066c3	backend_t__slot_223	virtual_method	0.910	backend_t	backend_dataflow@0x00b0e82c	backend_dataflow.slot_223	vtable_membership:1 classes	0	1	10
004066cd	FUN_004066cd	backend_t__slot_224	virtual_method	0.910	backend_t	backend_dataflow@0x00b0e82c	backend_dataflow.slot_224	vtable_membership:1 classes	0	0	9
004066d6	FUN_004066d6	backend_t__slot_225	virtual_method	0.910	backend_t	backend_dataflow@0x00b0e82c	backend_dataflow.slot_225	vtable_membership:1 classes	0	0	5
004066db	FUN_004066db	backend_t__slot_226	virtual_method	0.910	backend_t	backend_dataflow@0x00b0e82c	backend_dataflow.slot_226	vtable_membership:1 classes	0	0	5
004066e0	FUN_004066e0	backend_t__slot_227	virtual_method	0.910	backend_t	backend_dataflow@0x00b0e82c	backend_dataflow.slot_227	vtable_membership:1 classes	0	0	5
004066e5	FUN_004066e5	backend_t__slot_230	virtual_method	0.910	backend_t	backend_dataflow@0x00b0e82c	backend_dataflow.slot_230	vtable_membership:1 classes	0	0	9
004066ee	FUN_004066ee	backend_t__slot_231	virtual_method	0.910	backend_t	backend_dataflow@0x00b0e82c	backend_dataflow.slot_231	vtable_membership:1 classes	0	1	15
004066fd	FUN_004066fd	backend_t__slot_232	virtual_method	0.910	backend_t	backend_dataflow@0x00b0e82c	backend_dataflow.slot_232	vtable_membership:1 classes	0	0	9
00406706	FUN_00406706	backend_t__slot_233	virtual_method	0.910	backend_t	backend_dataflow@0x00b0e82c	backend_dataflow.slot_233	vtable_membership:1 classes	0	0	5
0040670b	FUN_0040670b	backend_t__slot_019	virtual_method	0.910	backend_t	backend_dataflow@0x00b0e82c	backend_dataflow.slot_019	vtable_membership:1 classes	0	0	9
00406714	FUN_00406714	backend_t__slot_020	virtual_method	0.910	backend_t	backend_dataflow@0x00b0e82c	backend_dataflow.slot_020	vtable_membership:1 classes	0	0	9
0040671d	FUN_0040671d	backend_t__slot_021	virtual_method	0.910	backend_t	backend_dataflow@0x00b0e82c	backend_dataflow.slot_021	vtable_membership:1 classes	0	1	14
0040672b	FUN_0040672b	backend_t__slot_022	virtual_method	0.910	backend_t	backend_dataflow@0x00b0e82c	backend_dataflow.slot_022	vtable_membership:1 classes	0	1	15
0040673a	FUN_0040673a	backend_t__slot_240	virtual_method	0.910	backend_t	backend_dataflow@0x00b0e82c	backend_dataflow.slot_240	vtable_membership:1 classes	0	0	5
0040673f	FUN_0040673f	backend_t__slot_248	virtual_method	0.910	backend_t	backend_dataflow@0x00b0e82c	backend_dataflow.slot_248	vtable_membership:1 classes	0	0	9
00406748	FUN_00406748	backend_t__slot_249	virtual_method	0.910	backend_t	backend_dataflow@0x00b0e82c	backend_dataflow.slot_249	vtable_membership:1 classes	0	0	9
00406751	FUN_00406751	backend_t__slot_250	virtual_method	0.910	backend_t	backend_dataflow@0x00b0e82c	backend_dataflow.slot_250	vtable_membership:1 classes	0	0	5
00406756	FUN_00406756	backend_t__slot_251	virtual_method	0.910	backend_t	backend_dataflow@0x00b0e82c	backend_dataflow.slot_251	vtable_membership:1 classes	0	0	8
0040675e	FUN_0040675e	backend_t__slot_252	virtual_method	0.910	backend_t	backend_dataflow@0x00b0e82c	backend_dataflow.slot_252	vtable_membership:1 classes	0	0	9
00406767	FUN_00406767	backend_t__slot_259	virtual_method	0.910	backend_t	backend_dataflow@0x00b0e82c	backend_dataflow.slot_259	vtable_membership:1 classes	0	0	9
00406770	FUN_00406770	backend_t__slot_120	virtual_method	0.910	backend_t	backend_dataflow@0x00b0e82c	backend_dataflow.slot_120	vtable_membership:1 classes	0	1	56
004067a8	FUN_004067a8	backend_t__slot_121	virtual_method	0.910	backend_t	backend_dataflow@0x00b0e82c	backend_dataflow.slot_121	vtable_membership:1 classes	0	0	9
0040735e	FUN_0040735e	backend_t__slot_128	virtual_method	0.910	backend_t	backend_dataflow@0x00b0e82c	backend_dataflow.slot_128	vtable_membership:1 classes	0	3	323
004221e8	FUN_004221e8	backend_t__slot_133	virtual_method	0.910	backend_t	backend_dataflow@0x00b0e82c	backend_dataflow.slot_133	vtable_membership:1 classes	0	1	133
00422ff4	FUN_00422ff4	backend_t__slot_187	virtual_method	0.910	backend_t;std::exception;std::logic_error;std::out_of_range	backend_dataflow@0x00b0e82c;std_exception@0x00abf270	backend_dataflow.slot_187	vtable_membership:1 classes;direct_vtable_header_or_vptr_refs:3;write_order:std::exception>std::logic_error>std::out_of_range	0	19	2417
00423965	FUN_00423965	backend_t__slot_184	virtual_method	0.910	backend_t	backend_dataflow@0x00b0e82c	backend_dataflow.slot_184	vtable_membership:1 classes	0	1	44
00423991	FUN_00423991	backend_t__slot_185	virtual_method	0.910	backend_t	backend_dataflow@0x00b0e82c	backend_dataflow.slot_185	vtable_membership:1 classes	0	2	77
004239de	FUN_004239de	backend_t__slot_039	virtual_method	0.910	backend_t	backend_dataflow@0x00b0e82c	backend_dataflow.slot_039	vtable_membership:1 classes	0	1	195
00423aa1	FUN_00423aa1	backend_t__slot_196	virtual_method	0.910	backend_t	backend_dataflow@0x00b0e82c	backend_dataflow.slot_196	vtable_membership:1 classes	0	4	370
00423c13	FUN_00423c13	backend_t__slot_195	virtual_method	0.910	backend_t	backend_dataflow@0x00b0e82c	backend_dataflow.slot_195	vtable_membership:1 classes	0	3	156
00423caf	FUN_00423caf	backend_t__slot_200	virtual_method	0.910	backend_t	backend_dataflow@0x00b0e82c	backend_dataflow.slot_200	vtable_membership:1 classes	0	1	56
00423ce7	FUN_00423ce7	backend_t__slot_188	virtual_method	0.910	backend_t	backend_dataflow@0x00b0e82c	backend_dataflow.slot_188	vtable_membership:1 classes	0	4	326
00423e2d	FUN_00423e2d	backend_t__slot_191	virtual_method	0.910	backend_t	backend_dataflow@0x00b0e82c	backend_dataflow.slot_191	vtable_membership:1 classes	0	3	280
00423f45	FUN_00423f45	backend_t__slot_167	virtual_method	0.910	backend_t	backend_dataflow@0x00b0e82c	backend_dataflow.slot_167	vtable_membership:1 classes	0	2	226
00424027	FUN_00424027	backend_t__slot_168	virtual_method	0.910	backend_t	backend_dataflow@0x00b0e82c	backend_dataflow.slot_168	vtable_membership:1 classes	0	2	97
00424088	FUN_00424088	backend_t__slot_065	virtual_method	0.910	backend_t	backend_dataflow@0x00b0e82c	backend_dataflow.slot_065	vtable_membership:1 classes	0	1	155
00424123	FUN_00424123	backend_t__slot_207	virtual_method	0.910	backend_t	backend_dataflow@0x00b0e82c	backend_dataflow.slot_207	vtable_membership:1 classes	0	0	65
00424164	FUN_00424164	backend_t__slot_112	virtual_method	0.910	backend_t	backend_dataflow@0x00b0e82c	backend_dataflow.slot_112	vtable_membership:1 classes	0	0	63
004241a3	FUN_004241a3	backend_t__slot_043	virtual_method	0.910	backend_t	backend_dataflow@0x00b0e82c	backend_dataflow.slot_043	vtable_membership:1 classes	0	0	104
0042420b	FUN_0042420b	backend_t__slot_038	virtual_method	0.910	backend_t	backend_dataflow@0x00b0e82c	backend_dataflow.slot_038	vtable_membership:1 classes	0	1	10
004242c0	FUN_004242c0	backend_t__slot_205	virtual_method	0.910	backend_t	backend_dataflow@0x00b0e82c	backend_dataflow.slot_205	vtable_membership:1 classes	0	3	219
0042439b	FUN_0042439b	backend_t__slot_242	virtual_method	0.910	backend_t	backend_dataflow@0x00b0e82c	backend_dataflow.slot_242	vtable_membership:1 classes	0	0	22
004243b1	FUN_004243b1	backend_t__slot_243	virtual_method	0.910	backend_t	backend_dataflow@0x00b0e82c	backend_dataflow.slot_243	vtable_membership:1 classes	0	2	277
004244c6	FUN_004244c6	backend_t__slot_244	virtual_method	0.910	backend_t	backend_dataflow@0x00b0e82c	backend_dataflow.slot_244	vtable_membership:1 classes	0	11	1687
00424b5d	FUN_00424b5d	backend_t__slot_143	virtual_method	0.910	backend_t	backend_dataflow@0x00b0e82c	backend_dataflow.slot_143	vtable_membership:1 classes	0	2	50
00424b8f	FUN_00424b8f	backend_t__slot_142	virtual_method	0.910	backend_t	backend_dataflow@0x00b0e82c	backend_dataflow.slot_142	vtable_membership:1 classes	0	1	63
00424bce	FUN_00424bce	backend_t__slot_197	virtual_method	0.910	backend_t	backend_dataflow@0x00b0e82c	backend_dataflow.slot_197	vtable_membership:1 classes	0	0	91
00424c29	FUN_00424c29	backend_t__slot_241	virtual_method	0.910	backend_t	backend_dataflow@0x00b0e82c	backend_dataflow.slot_241	vtable_membership:1 classes	0	0	46
00424c57	FUN_00424c57	backend_t__slot_261	virtual_method	0.910	backend_t	backend_dataflow@0x00b0e82c	backend_dataflow.slot_261	vtable_membership:1 classes	0	3	46
00424c85	FUN_00424c85	backend_t__slot_190	virtual_method	0.910	backend_t	backend_dataflow@0x00b0e82c	backend_dataflow.slot_190	vtable_membership:1 classes	0	2	102
00424edf	FUN_00424edf	std_bad_alloc__slot_002	virtual_method	0.910	std::bad_alloc	std_exception@0x00abff98	std_exception.slot_002	vtable_membership:1 classes	0	1	17
004255bc	FUN_004255bc	std_logic_error__slot_002	virtual_method	0.910	std::logic_error	std_exception@0x00abff98	std_exception.slot_002	vtable_membership:1 classes	0	1	17
00425606	FUN_00425606	std_out_of_range__slot_002	virtual_method	0.910	std::out_of_range	std_exception@0x00abff98	std_exception.slot_002	vtable_membership:1 classes	1	1	17
0042566d	FUN_0042566d	std_runtime_error__slot_002	virtual_method	0.910	std::runtime_error	std_exception@0x00abff98	std_exception.slot_002	vtable_membership:1 classes	0	1	17
004256b7	FUN_004256b7	std_overflow_error__slot_002	virtual_method	0.910	std::overflow_error	std_exception@0x00abff98	std_exception.slot_002	vtable_membership:1 classes	1	1	17
00431693	FUN_00431693	backend_t__slot_192	virtual_method	0.910	backend_t	backend_dataflow@0x00b0e82c	backend_dataflow.slot_192	vtable_membership:1 classes	0	1	63
00431851	FUN_00431851	backend_t__slot_179	virtual_method	0.910	backend_t	backend_dataflow@0x00b0e82c	backend_dataflow.slot_179	vtable_membership:1 classes	0	0	5
00431985	FUN_00431985	backend_t__slot_180	virtual_method	0.910	backend_t	backend_dataflow@0x00b0e82c	backend_dataflow.slot_180	vtable_membership:1 classes	0	0	15
0043269d	FUN_0043269d	backend_t__slot_181	virtual_method	0.910	backend_t	backend_dataflow@0x00b0e82c	backend_dataflow.slot_181	vtable_membership:1 classes	0	3	137
00432726	FUN_00432726	backend_t__slot_173	virtual_method	0.910	backend_t	backend_dataflow@0x00b0e82c	backend_dataflow.slot_173	vtable_membership:1 classes	0	2	328
00437ac1	FUN_00437ac1	backend_t__slot_176	virtual_method	0.910	backend_t	backend_dataflow@0x00b0e82c	backend_dataflow.slot_176	vtable_membership:1 classes	0	61	9599
0043a1b7	FUN_0043a1b7	backend_t__slot_175	virtual_method	0.910	backend_t	backend_dataflow@0x00b0e82c	backend_dataflow.slot_175	vtable_membership:1 classes	0	7	1130
0043a621	FUN_0043a621	backend_t__slot_174	virtual_method	0.910	backend_t	backend_dataflow@0x00b0e82c	backend_dataflow.slot_174	vtable_membership:1 classes	0	0	8
0043a6bf	FUN_0043a6bf	std_bad_alloc__slot_002	virtual_method	0.910	std::bad_alloc	std_exception@0x00ac0a18	std_exception.slot_002	vtable_membership:1 classes	0	1	17
0043ad9c	FUN_0043ad9c	std_logic_error__slot_002	virtual_method	0.910	std::logic_error	std_exception@0x00ac0a18	std_exception.slot_002	vtable_membership:1 classes	0	1	17
0043ade6	FUN_0043ade6	std_out_of_range__slot_002	virtual_method	0.910	std::out_of_range	std_exception@0x00ac0a18	std_exception.slot_002	vtable_membership:1 classes	1	1	17
0043ec1b	FUN_0043ec1b	backend_t__slot_193	virtual_method	0.910	backend_t	backend_dataflow@0x00b0e82c	backend_dataflow.slot_193	vtable_membership:1 classes	0	1	40
00446740	FUN_00446740	backend_t__slot_247	virtual_method	0.910	backend_t	backend_dataflow@0x00b0e82c	backend_dataflow.slot_247	vtable_membership:1 classes	0	13	279
00469105	FUN_00469105	backend_t__slot_063	virtual_method	0.910	backend_t	backend_dataflow@0x00b0e82c	backend_dataflow.slot_063	vtable_membership:1 classes	0	1	78
0046f5c7	FUN_0046f5c7	backend_t__slot_059	virtual_method	0.910	backend_t	backend_dataflow@0x00b0e82c	backend_dataflow.slot_059	vtable_membership:1 classes	0	5	816
0046f8f7	FUN_0046f8f7	backend_t__slot_060	virtual_method	0.910	backend_t	backend_dataflow@0x00b0e82c	backend_dataflow.slot_060	vtable_membership:1 classes	0	0	72
0046f93f	FUN_0046f93f	backend_t__slot_071	virtual_method	0.910	backend_t	backend_dataflow@0x00b0e82c	backend_dataflow.slot_071	vtable_membership:1 classes	0	6	931
00470998	FUN_00470998	backend_t__slot_140	virtual_method	0.910	backend_t	backend_dataflow@0x00b0e82c	backend_dataflow.slot_140	vtable_membership:1 classes	0	19	2128
004711e8	FUN_004711e8	backend_t__slot_070	virtual_method	0.910	backend_t	backend_dataflow@0x00b0e82c	backend_dataflow.slot_070	vtable_membership:1 classes	0	8	1409
00471769	FUN_00471769	backend_t__slot_074	virtual_method	0.910	backend_t	backend_dataflow@0x00b0e82c	backend_dataflow.slot_074	vtable_membership:1 classes	0	0	44
00471795	FUN_00471795	backend_t__slot_073	virtual_method	0.910	backend_t	backend_dataflow@0x00b0e82c	backend_dataflow.slot_073	vtable_membership:1 classes	0	5	472
0047196d	FUN_0047196d	backend_t__slot_067	virtual_method	0.910	backend_t	backend_dataflow@0x00b0e82c	backend_dataflow.slot_067	vtable_membership:1 classes	0	0	44
00473a91	FUN_00473a91	backend_t__slot_081	virtual_method	0.910	backend_t	backend_dataflow@0x00b0e82c	backend_dataflow.slot_081	vtable_membership:1 classes	0	0	39
0047c2f4	FUN_0047c2f4	backend_t__slot_064	virtual_method	0.910	backend_t	backend_dataflow@0x00b0e82c	backend_dataflow.slot_064	vtable_membership:1 classes	0	1	170
0047c39e	FUN_0047c39e	backend_t__slot_253	virtual_method	0.910	backend_t	backend_dataflow@0x00b0e82c	backend_dataflow.slot_253	vtable_membership:1 classes	0	0	70
004869f9	FUN_004869f9	backend_t__slot_108	virtual_method	0.910	backend_t	backend_dataflow@0x00b0e82c	backend_dataflow.slot_108	vtable_membership:1 classes	0	0	195
00486abc	FUN_00486abc	backend_t__slot_105	virtual_method	0.910	backend_t	backend_dataflow@0x00b0e82c	backend_dataflow.slot_105	vtable_membership:1 classes	0	0	45
00486ae9	FUN_00486ae9	backend_t__slot_107	virtual_method	0.910	backend_t	backend_dataflow@0x00b0e82c	backend_dataflow.slot_107	vtable_membership:1 classes	0	0	55
00486b20	FUN_00486b20	backend_t__slot_106	virtual_method	0.910	backend_t	backend_dataflow@0x00b0e82c	backend_dataflow.slot_106	vtable_membership:1 classes	0	0	55
00486b57	FUN_00486b57	backend_t__slot_109	virtual_method	0.910	backend_t	backend_dataflow@0x00b0e82c	backend_dataflow.slot_109	vtable_membership:1 classes	0	0	9
00486cbc	FUN_00486cbc	g4_resource_scheduler__slot_011	virtual_method	0.910	g4_resource_scheduler	list_scheduler@0x00b0c0e4	list_scheduler.slot_011	vtable_membership:1 classes	0	4	3975
00487f47	FUN_00487f47	g4_resource_scheduler__slot_001	virtual_method	0.910	g4_resource_scheduler	list_scheduler@0x00b0c0e4	list_scheduler.slot_001	vtable_membership:1 classes	0	1	25
00487ff2	FUN_00487ff2	ppc970_resource_scheduler__slot_011	virtual_method	0.910	ppc970_resource_scheduler	list_scheduler@0x00b0c0e4	list_scheduler.slot_011	vtable_membership:1 classes	0	2	628
00488266	FUN_00488266	ppc970_resource_scheduler__slot_001	virtual_method	0.910	ppc970_resource_scheduler	list_scheduler@0x00b0c0e4	list_scheduler.slot_001	vtable_membership:1 classes	0	6	349
0048a852	FUN_0048a852	ame_resource_scheduler__slot_000	virtual_method	0.910	ame_resource_scheduler	list_scheduler@0x00b0c0e4	list_scheduler.slot_000	vtable_membership:1 classes	0	0	62
0048a91c	FUN_0048a91c	ame_resource_scheduler__slot_011	virtual_method	0.910	ame_resource_scheduler	list_scheduler@0x00b0c0e4	list_scheduler.slot_011	vtable_membership:1 classes	0	6	1643
0048af87	FUN_0048af87	ame_resource_scheduler__slot_001	virtual_method	0.910	ame_resource_scheduler	list_scheduler@0x00b0c0e4	list_scheduler.slot_001	vtable_membership:1 classes	0	1	25
0048cba0	FUN_0048cba0	backend_t__slot_260	virtual_method	0.910	backend_t	backend_dataflow@0x00b0e82c	backend_dataflow.slot_260	vtable_membership:1 classes	0	0	289
0049a873	FUN_0049a873	backend_t__slot_245	virtual_method	0.910	backend_t	backend_dataflow@0x00b0e82c	backend_dataflow.slot_245	vtable_membership:1 classes	0	1	294
0049efb5	FUN_0049efb5	backend_t__slot_199	virtual_method	0.910	backend_t	backend_dataflow@0x00b0e82c	backend_dataflow.slot_199	vtable_membership:1 classes	0	9	976
004a45f0	FUN_004a45f0	backend_t__slot_069	virtual_method	0.910	backend_t	backend_dataflow@0x00b0e82c	backend_dataflow.slot_069	vtable_membership:1 classes	0	1	37
004a4615	FUN_004a4615	backend_t__slot_134	virtual_method	0.910	backend_t	backend_dataflow@0x00b0e82c	backend_dataflow.slot_134	vtable_membership:1 classes	0	2	341
004a5d0f	FUN_004a5d0f	objectdata_twoop__slot_001	virtual_method	0.910	objectdata_twoop	objectdata@0x00ace1d0	objectdata.slot_001	vtable_membership:1 classes	0	0	10
004a5d19	FUN_004a5d19	objectdata_arrayop__slot_001	virtual_method	0.910	objectdata_arrayop	objectdata@0x00ace1d0	objectdata.slot_001	vtable_membership:1 classes	0	0	10
004a5d23	FUN_004a5d23	objectdata_vectorop__slot_001	virtual_method	0.910	objectdata_vectorop	objectdata@0x00ace1d0	objectdata.slot_001	vtable_membership:1 classes	0	0	10
004a5d2d	FUN_004a5d2d	objectdata_compoundop__slot_001	virtual_method	0.910	objectdata_compoundop	objectdata@0x00ace1d0	objectdata.slot_001	vtable_membership:1 classes	0	0	10
004a5d37	FUN_004a5d37	objectdata_magictype__slot_001	virtual_method	0.910	objectdata_magictype	objectdata@0x00ace1d0	objectdata.slot_001	vtable_membership:1 classes	0	0	10
004a5d41	FUN_004a5d41	objectdata_qindex__slot_001	virtual_method	0.910	objectdata_qindex	objectdata@0x00ace1d0	objectdata.slot_001	vtable_membership:1 classes	0	0	10
004a5d4b	FUN_004a5d4b	objectdata_dot__slot_001	virtual_method	0.910	objectdata_dot	objectdata@0x00ace1d0	objectdata.slot_001	vtable_membership:1 classes	0	0	10
004a5d55	FUN_004a5d55	objectdata_recordtyp__slot_001	virtual_method	0.910	objectdata_recordtyp	objectdata@0x00ace1d0	objectdata.slot_001	vtable_membership:1 classes	0	0	10
004a5d5f	FUN_004a5d5f	objectdata_subrangeop__slot_001	virtual_method	0.910	objectdata_subrangeop	objectdata@0x00ace1d0	objectdata.slot_001	vtable_membership:1 classes	0	0	10
004a5d69	FUN_004a5d69	objectdata_call__slot_001	virtual_method	0.910	objectdata_call	objectdata@0x00ace1d0	objectdata.slot_001	vtable_membership:1 classes	0	0	10
004a5d73	FUN_004a5d73	objectdata_rouconstr__slot_001	virtual_method	0.910	objectdata_rouconstr	objectdata@0x00ace1d0	objectdata.slot_001	vtable_membership:1 classes	0	0	10
004a5d7d	FUN_004a5d7d	objectdata_entryop__slot_001	virtual_method	0.910	objectdata_entryop	objectdata@0x00ace1d0	objectdata.slot_001	vtable_membership:1 classes	0	0	10
004a5d87	FUN_004a5d87	objectdata_statfunc__slot_001	virtual_method	0.910	objectdata_statfunc	objectdata@0x00ace1d0	objectdata.slot_001	vtable_membership:1 classes	0	0	10
004a5d91	FUN_004a5d91	objectdata_qaddrs__slot_001	virtual_method	0.910	objectdata_qaddrs	objectdata@0x00ace1d0	objectdata.slot_001	vtable_membership:1 classes	0	0	10
004a5d9b	FUN_004a5d9b	objectdata_variable__slot_001	virtual_method	0.910	objectdata_variable	objectdata@0x00ace1d0	objectdata.slot_001	vtable_membership:1 classes	0	0	10
004a5da5	FUN_004a5da5	objectdata_varfield__slot_001	virtual_method	0.910	objectdata_varfield	objectdata@0x00ace1d0	objectdata.slot_001	vtable_membership:1 classes	0	0	10
004a5daf	FUN_004a5daf	objectdata_generic__slot_001	virtual_method	0.910	objectdata_generic	objectdata@0x00ace1d0	objectdata.slot_001	vtable_membership:1 classes	0	0	10
004a60ed	FUN_004a60ed	objectdata_scalconst__slot_001	virtual_method	0.910	objectdata_scalconst	objectdata@0x00ace1d0	objectdata.slot_001	vtable_membership:1 classes	0	0	10
004a60f7	FUN_004a60f7	objectdata_floatconst__slot_001	virtual_method	0.910	objectdata_floatconst	objectdata@0x00ace1d0	objectdata.slot_001	vtable_membership:1 classes	0	0	10
004a6101	FUN_004a6101	objectdata_strconst__slot_001	virtual_method	0.910	objectdata_strconst	objectdata@0x00ace1d0	objectdata.slot_001	vtable_membership:1 classes	0	0	10
004a610b	FUN_004a610b	objectdata_setconstructor__slot_001	virtual_method	0.910	objectdata_setconstructor	objectdata@0x00ace1d0	objectdata.slot_001	vtable_membership:1 classes	0	0	10
004a6115	FUN_004a6115	objectdata_complexop__slot_001	virtual_method	0.910	objectdata_complexop	objectdata@0x00ace1d0	objectdata.slot_001	vtable_membership:1 classes	0	0	10
004a611f	FUN_004a611f	objectdata_data__slot_001	virtual_method	0.910	objectdata_data	objectdata@0x00ace1d0	objectdata.slot_001	vtable_membership:1 classes	0	0	10
004a6129	FUN_004a6129	objectdata_qjcond__slot_001	virtual_method	0.910	objectdata_qjcond	objectdata@0x00ace1d0	objectdata.slot_001	vtable_membership:1 classes	0	0	10
004a6133	FUN_004a6133	objectdata_qjmp__slot_001	virtual_method	0.910	objectdata_qjmp	objectdata@0x00ace1d0	objectdata.slot_001	vtable_membership:1 classes	0	0	10
004a613d	FUN_004a613d	objectdata_qjtab__slot_001	virtual_method	0.910	objectdata_qjtab	objectdata@0x00ace1d0	objectdata.slot_001	vtable_membership:1 classes	0	0	10
004a6147	FUN_004a6147	objectdata_arithifi__slot_001	virtual_method	0.910	objectdata_arithifi	objectdata@0x00ace1d0	objectdata.slot_001	vtable_membership:1 classes	0	0	10
004a6151	FUN_004a6151	objectdata_ifop__slot_001	virtual_method	0.910	objectdata_ifop	objectdata@0x00ace1d0	objectdata.slot_001	vtable_membership:1 classes	0	0	10
004a615b	FUN_004a615b	objectdata_predcode__slot_001	virtual_method	0.910	objectdata_predcode	objectdata@0x00ace1d0	objectdata.slot_001	vtable_membership:1 classes	0	0	10
004a6165	FUN_004a6165	objectdata_block__slot_001	virtual_method	0.910	objectdata_block	objectdata@0x00ace1d0	objectdata.slot_001	vtable_membership:1 classes	0	0	10
004a616f	FUN_004a616f	objectdata_undefop__slot_001	virtual_method	0.910	objectdata_undefop	objectdata@0x00ace1d0	objectdata.slot_001	vtable_membership:1 classes	0	0	10
004a6179	FUN_004a6179	objectdata_fourop__slot_001	virtual_method	0.910	objectdata_fourop	objectdata@0x00ace1d0	objectdata.slot_001	vtable_membership:1 classes	0	0	10
004a6183	FUN_004a6183	objectdata_casm__slot_001	virtual_method	0.910	objectdata_casm	objectdata@0x00ace1d0	objectdata.slot_001	vtable_membership:1 classes	0	0	10
004a618d	FUN_004a618d	objectdata_lineop__slot_001	virtual_method	0.910	objectdata_lineop	objectdata@0x00ace1d0	objectdata.slot_001	vtable_membership:1 classes	0	0	10
004a6197	FUN_004a6197	objectdata_commentop__slot_001	virtual_method	0.910	objectdata_commentop	objectdata@0x00ace1d0	objectdata.slot_001	vtable_membership:1 classes	0	0	10
004a61a1	FUN_004a61a1	objectdata_startscope__slot_001	virtual_method	0.910	objectdata_startscope	objectdata@0x00ace1d0	objectdata.slot_001	vtable_membership:1 classes	0	0	10
004a61ab	FUN_004a61ab	objectdata_leavescope__slot_001	virtual_method	0.910	objectdata_leavescope	objectdata@0x00ace1d0	objectdata.slot_001	vtable_membership:1 classes	0	0	10
004a61b5	FUN_004a61b5	objectdata_varargsop__slot_001	virtual_method	0.910	objectdata_varargsop	objectdata@0x00ace1d0	objectdata.slot_001	vtable_membership:1 classes	0	0	10
004a61bf	FUN_004a61bf	objectdata_statexpr__slot_001	virtual_method	0.910	objectdata_statexpr	objectdata@0x00ace1d0	objectdata.slot_001	vtable_membership:1 classes	0	0	10
004dea19	FUN_004dea19	objectdata_twoop__slot_000	virtual_method	0.910	objectdata_twoop	objectdata@0x00ace1d0	objectdata.slot_000	vtable_membership:1 classes	0	0	5
004dea1e	FUN_004dea1e	objectdata_arrayop__slot_000	virtual_method	0.910	objectdata_arrayop	objectdata@0x00ace1d0	objectdata.slot_000	vtable_membership:1 classes	0	0	5
004dea23	FUN_004dea23	objectdata_vectorop__slot_000	virtual_method	0.910	objectdata_vectorop	objectdata@0x00ace1d0	objectdata.slot_000	vtable_membership:1 classes	0	0	5
004dea28	FUN_004dea28	objectdata_compoundop__slot_000	virtual_method	0.910	objectdata_compoundop	objectdata@0x00ace1d0	objectdata.slot_000	vtable_membership:1 classes	0	0	5
004dea2d	FUN_004dea2d	objectdata_magictype__slot_000	virtual_method	0.910	objectdata_magictype	objectdata@0x00ace1d0	objectdata.slot_000	vtable_membership:1 classes	0	0	5
004dea32	FUN_004dea32	objectdata_qindex__slot_000	virtual_method	0.910	objectdata_qindex	objectdata@0x00ace1d0	objectdata.slot_000	vtable_membership:1 classes	0	0	5
004dea37	FUN_004dea37	objectdata_dot__slot_000	virtual_method	0.910	objectdata_dot	objectdata@0x00ace1d0	objectdata.slot_000	vtable_membership:1 classes	0	0	5
004dea3c	FUN_004dea3c	objectdata_recordtyp__slot_000	virtual_method	0.910	objectdata_recordtyp	objectdata@0x00ace1d0	objectdata.slot_000	vtable_membership:1 classes	0	0	5
004dea41	FUN_004dea41	objectdata_subrangeop__slot_000	virtual_method	0.910	objectdata_subrangeop	objectdata@0x00ace1d0	objectdata.slot_000	vtable_membership:1 classes	0	0	5
004dea46	FUN_004dea46	objectdata_call__slot_000	virtual_method	0.910	objectdata_call	objectdata@0x00ace1d0	objectdata.slot_000	vtable_membership:1 classes	0	0	5
004dea4b	FUN_004dea4b	objectdata_rouconstr__slot_000	virtual_method	0.910	objectdata_rouconstr	objectdata@0x00ace1d0	objectdata.slot_000	vtable_membership:1 classes	0	0	5
004dea50	FUN_004dea50	objectdata_entryop__slot_000	virtual_method	0.910	objectdata_entryop	objectdata@0x00ace1d0	objectdata.slot_000	vtable_membership:1 classes	0	0	5
004dea55	FUN_004dea55	objectdata_statfunc__slot_000	virtual_method	0.910	objectdata_statfunc	objectdata@0x00ace1d0	objectdata.slot_000	vtable_membership:1 classes	0	0	5
004dea5a	FUN_004dea5a	objectdata_qaddrs__slot_000	virtual_method	0.910	objectdata_qaddrs	objectdata@0x00ace1d0	objectdata.slot_000	vtable_membership:1 classes	0	0	5
004dea5f	FUN_004dea5f	objectdata_variable__slot_000	virtual_method	0.910	objectdata_variable	objectdata@0x00ace1d0	objectdata.slot_000	vtable_membership:1 classes	0	0	5
004dea64	FUN_004dea64	objectdata_varfield__slot_000	virtual_method	0.910	objectdata_varfield	objectdata@0x00ace1d0	objectdata.slot_000	vtable_membership:1 classes	0	0	5
004dea69	FUN_004dea69	objectdata_generic__slot_000	virtual_method	0.910	objectdata_generic	objectdata@0x00ace1d0	objectdata.slot_000	vtable_membership:1 classes	0	0	5
004dea6e	FUN_004dea6e	objectdata_scalconst__slot_000	virtual_method	0.910	objectdata_scalconst	objectdata@0x00ace1d0	objectdata.slot_000	vtable_membership:1 classes	0	0	5
004dea73	FUN_004dea73	objectdata_floatconst__slot_000	virtual_method	0.910	objectdata_floatconst	objectdata@0x00ace1d0	objectdata.slot_000	vtable_membership:1 classes	0	0	5
004dea78	FUN_004dea78	objectdata_strconst__slot_000	virtual_method	0.910	objectdata_strconst	objectdata@0x00ace1d0	objectdata.slot_000	vtable_membership:1 classes	0	0	5
004dea7d	FUN_004dea7d	objectdata_setconstructor__slot_000	virtual_method	0.910	objectdata_setconstructor	objectdata@0x00ace1d0	objectdata.slot_000	vtable_membership:1 classes	0	0	5
004dea82	FUN_004dea82	objectdata_complexop__slot_000	virtual_method	0.910	objectdata_complexop	objectdata@0x00ace1d0	objectdata.slot_000	vtable_membership:1 classes	0	0	5
004dea87	FUN_004dea87	objectdata_data__slot_000	virtual_method	0.910	objectdata_data	objectdata@0x00ace1d0	objectdata.slot_000	vtable_membership:1 classes	0	0	5
004dea8c	FUN_004dea8c	objectdata_qjcond__slot_000	virtual_method	0.910	objectdata_qjcond	objectdata@0x00ace1d0	objectdata.slot_000	vtable_membership:1 classes	0	0	5
004dea91	FUN_004dea91	objectdata_qjmp__slot_000	virtual_method	0.910	objectdata_qjmp	objectdata@0x00ace1d0	objectdata.slot_000	vtable_membership:1 classes	0	0	5
004dea96	FUN_004dea96	objectdata_qjtab__slot_000	virtual_method	0.910	objectdata_qjtab	objectdata@0x00ace1d0	objectdata.slot_000	vtable_membership:1 classes	0	0	5
004dea9b	FUN_004dea9b	objectdata_arithifi__slot_000	virtual_method	0.910	objectdata_arithifi	objectdata@0x00ace1d0	objectdata.slot_000	vtable_membership:1 classes	0	0	5
004deaa0	FUN_004deaa0	objectdata_ifop__slot_000	virtual_method	0.910	objectdata_ifop	objectdata@0x00ace1d0	objectdata.slot_000	vtable_membership:1 classes	0	0	5
004deaa5	FUN_004deaa5	objectdata_predcode__slot_000	virtual_method	0.910	objectdata_predcode	objectdata@0x00ace1d0	objectdata.slot_000	vtable_membership:1 classes	0	0	5
004deaaa	FUN_004deaaa	objectdata_block__slot_000	virtual_method	0.910	objectdata_block	objectdata@0x00ace1d0	objectdata.slot_000	vtable_membership:1 classes	0	0	5
004deaaf	FUN_004deaaf	objectdata_undefop__slot_000	virtual_method	0.910	objectdata_undefop	objectdata@0x00ace1d0	objectdata.slot_000	vtable_membership:1 classes	0	0	5
004deab4	FUN_004deab4	objectdata_fourop__slot_000	virtual_method	0.910	objectdata_fourop	objectdata@0x00ace1d0	objectdata.slot_000	vtable_membership:1 classes	0	0	5
004deab9	FUN_004deab9	objectdata_casm__slot_000	virtual_method	0.910	objectdata_casm	objectdata@0x00ace1d0	objectdata.slot_000	vtable_membership:1 classes	0	0	5
004deabe	FUN_004deabe	objectdata_lineop__slot_000	virtual_method	0.910	objectdata_lineop	objectdata@0x00ace1d0	objectdata.slot_000	vtable_membership:1 classes	0	0	5
004deac3	FUN_004deac3	objectdata_commentop__slot_000	virtual_method	0.910	objectdata_commentop	objectdata@0x00ace1d0	objectdata.slot_000	vtable_membership:1 classes	0	0	5
004deac8	FUN_004deac8	objectdata_startscope__slot_000	virtual_method	0.910	objectdata_startscope	objectdata@0x00ace1d0	objectdata.slot_000	vtable_membership:1 classes	0	0	5
004deacd	FUN_004deacd	objectdata_leavescope__slot_000	virtual_method	0.910	objectdata_leavescope	objectdata@0x00ace1d0	objectdata.slot_000	vtable_membership:1 classes	0	0	5
004dead2	FUN_004dead2	objectdata_varargsop__slot_000	virtual_method	0.910	objectdata_varargsop	objectdata@0x00ace1d0	objectdata.slot_000	vtable_membership:1 classes	0	0	5
004dead7	FUN_004dead7	objectdata_statexpr__slot_000	virtual_method	0.910	objectdata_statexpr	objectdata@0x00ace1d0	objectdata.slot_000	vtable_membership:1 classes	0	0	5
004e0ffe	FUN_004e0ffe	std_bad_alloc__slot_002	virtual_method	0.910	std::bad_alloc	std_exception@0x00ace628	std_exception.slot_002	vtable_membership:1 classes	0	1	17
004e16db	FUN_004e16db	std_logic_error__slot_002	virtual_method	0.910	std::logic_error	std_exception@0x00ace628	std_exception.slot_002	vtable_membership:1 classes	0	1	17
004e1725	FUN_004e1725	std_out_of_range__slot_002	virtual_method	0.910	std::out_of_range	std_exception@0x00ace628	std_exception.slot_002	vtable_membership:1 classes	1	1	17
004e178c	FUN_004e178c	std_runtime_error__slot_002	virtual_method	0.910	std::runtime_error	std_exception@0x00ace628	std_exception.slot_002	vtable_membership:1 classes	0	1	17
004e17d6	FUN_004e17d6	std_overflow_error__slot_002	virtual_method	0.910	std::overflow_error	std_exception@0x00ace628	std_exception.slot_002	vtable_membership:1 classes	1	1	17
00500898	FUN_00500898	TouchesDf__slot_000	virtual_method	0.910	TouchesDf	InterblockDf@0x00acf300	InterblockDf.slot_000	vtable_membership:1 classes	0	0	682
00500b42	FUN_00500b42	TouchesDf__slot_001	virtual_method	0.910	TouchesDf	InterblockDf@0x00acf300	InterblockDf.slot_001	vtable_membership:1 classes	0	1	93
00500b9f	FUN_00500b9f	LivenessDf__slot_000	virtual_method	0.910	LivenessDf	InterblockDf@0x00acf300	InterblockDf.slot_000	vtable_membership:1 classes	0	3	312
00500cd7	FUN_00500cd7	LivenessDf__slot_001	virtual_method	0.910	LivenessDf	InterblockDf@0x00acf300	InterblockDf.slot_001	vtable_membership:1 classes	0	4	104
00500d3f	FUN_00500d3f	PostLivenessDf__slot_000	virtual_method	0.910	PostLivenessDf	InterblockDf@0x00acf300	InterblockDf.slot_000	vtable_membership:1 classes	0	0	5
00500d44	FUN_00500d44	PostLivenessDf__slot_001	virtual_method	0.910	PostLivenessDf	InterblockDf@0x00acf300	InterblockDf.slot_001	vtable_membership:1 classes	0	7	632
005ba5d0	FUN_005ba5d0	backend_basetype__slot_000	virtual_method	0.910	backend_basetype	backend_dataflow@0x00b0e82c	backend_dataflow.slot_000	vtable_membership:1 classes	0	0	5
005ba5d5	FUN_005ba5d5	backend_basetype__slot_002	virtual_method	0.910	backend_basetype	backend_dataflow@0x00b0e82c	backend_dataflow.slot_002	vtable_membership:1 classes	0	0	5
005ba5da	FUN_005ba5da	backend_basetype__slot_003	virtual_method	0.910	backend_basetype	backend_dataflow@0x00b0e82c	backend_dataflow.slot_003	vtable_membership:1 classes	0	0	9
005ba5e3	FUN_005ba5e3	backend_basetype__slot_004	virtual_method	0.910	backend_basetype	backend_dataflow@0x00b0e82c	backend_dataflow.slot_004	vtable_membership:1 classes	0	0	9
005ba5ec	FUN_005ba5ec	backend_basetype__slot_009	virtual_method	0.910	backend_basetype	backend_dataflow@0x00b0e82c	backend_dataflow.slot_009	vtable_membership:1 classes	0	0	9
005ba5f5	FUN_005ba5f5	backend_basetype__slot_011	virtual_method	0.910	backend_basetype	backend_dataflow@0x00b0e82c	backend_dataflow.slot_011	vtable_membership:1 classes	0	0	20
005ba609	FUN_005ba609	backend_basetype__slot_013	virtual_method	0.910	backend_basetype	backend_dataflow@0x00b0e82c	backend_dataflow.slot_013	vtable_membership:1 classes	0	0	9
005ba612	FUN_005ba612	backend_basetype__slot_014	virtual_method	0.910	backend_basetype	backend_dataflow@0x00b0e82c	backend_dataflow.slot_014	vtable_membership:1 classes	0	0	9
005ba61b	FUN_005ba61b	backend_basetype__slot_015	virtual_method	0.910	backend_basetype	backend_dataflow@0x00b0e82c	backend_dataflow.slot_015	vtable_membership:1 classes	0	0	9
005ba624	FUN_005ba624	backend_basetype__slot_016	virtual_method	0.910	backend_basetype	backend_dataflow@0x00b0e82c	backend_dataflow.slot_016	vtable_membership:1 classes	0	1	15
005ba633	FUN_005ba633	backend_basetype__slot_017	virtual_method	0.910	backend_basetype	backend_dataflow@0x00b0e82c	backend_dataflow.slot_017	vtable_membership:1 classes	0	0	45
005ba660	FUN_005ba660	backend_basetype__slot_018	virtual_method	0.910	backend_basetype	backend_dataflow@0x00b0e82c	backend_dataflow.slot_018	vtable_membership:1 classes	0	1	10
005ba66a	FUN_005ba66a	backend_basetype__slot_026	virtual_method	0.910	backend_basetype	backend_dataflow@0x00b0e82c	backend_dataflow.slot_026	vtable_membership:1 classes	0	0	21
005ba67f	FUN_005ba67f	backend_basetype__slot_027	virtual_method	0.910	backend_basetype	backend_dataflow@0x00b0e82c	backend_dataflow.slot_027	vtable_membership:1 classes	0	0	9
005bab1f	FUN_005bab1f	backend_basetype__slot_019	virtual_method	0.910	backend_basetype	backend_dataflow@0x00b0e82c	backend_dataflow.slot_019	vtable_membership:1 classes	0	0	9
005bab28	FUN_005bab28	backend_basetype__slot_020	virtual_method	0.910	backend_basetype	backend_dataflow@0x00b0e82c	backend_dataflow.slot_020	vtable_membership:1 classes	0	0	9
005bab31	FUN_005bab31	backend_basetype__slot_021	virtual_method	0.910	backend_basetype	backend_dataflow@0x00b0e82c	backend_dataflow.slot_021	vtable_membership:1 classes	0	1	14
005bab3f	FUN_005bab3f	backend_basetype__slot_022	virtual_method	0.910	backend_basetype	backend_dataflow@0x00b0e82c	backend_dataflow.slot_022	vtable_membership:1 classes	0	1	15
005bab4e	FUN_005bab4e	backend_basetype__slot_023	virtual_method	0.910	backend_basetype	backend_dataflow@0x00b0e82c	backend_dataflow.slot_023	vtable_membership:1 classes	0	0	9
005cf40e	FUN_005cf40e	TimeAccurateAliasAnalyzer__slot_000	virtual_method	0.910	TimeAccurateAliasAnalyzer	AliasAnalyzer@0x00aff0cc	AliasAnalyzer.slot_000	vtable_membership:1 classes	0	0	67
005cf451	FUN_005cf451	TimeAccurateAliasAnalyzer__slot_001	virtual_method	0.910	TimeAccurateAliasAnalyzer	AliasAnalyzer@0x00aff0cc	AliasAnalyzer.slot_001	vtable_membership:1 classes	0	0	25
005d940a	FUN_005d940a	DownSafetyDf__slot_000	virtual_method	0.910	DownSafetyDf	InterblockDf@0x00afd5b8	InterblockDf.slot_000	vtable_membership:1 classes	0	1	27
005d9425	FUN_005d9425	DownSafetyDf__slot_001	virtual_method	0.910	DownSafetyDf	InterblockDf@0x00afd5b8	InterblockDf.slot_001	vtable_membership:1 classes	0	2	321
005d9566	FUN_005d9566	UpSafetyDf__slot_000	virtual_method	0.910	UpSafetyDf	InterblockDf@0x00afd5b8	InterblockDf.slot_000	vtable_membership:1 classes	0	1	27
005d9581	FUN_005d9581	UpSafetyDf__slot_001	virtual_method	0.910	UpSafetyDf	InterblockDf@0x00afd5b8	InterblockDf.slot_001	vtable_membership:1 classes	0	2	297
005d96aa	FUN_005d96aa	EarliestDf__slot_000	virtual_method	0.910	EarliestDf	InterblockDf@0x00afd5b8	InterblockDf.slot_000	vtable_membership:1 classes	0	0	5
005d96af	FUN_005d96af	EarliestDf__slot_001	virtual_method	0.910	EarliestDf	InterblockDf@0x00afd5b8	InterblockDf.slot_001	vtable_membership:1 classes	0	1	218
005d9789	FUN_005d9789	DelayedDf__slot_000	virtual_method	0.910	DelayedDf	InterblockDf@0x00afd5b8	InterblockDf.slot_000	vtable_membership:1 classes	0	1	27
005d97a4	FUN_005d97a4	DelayedDf__slot_001	virtual_method	0.910	DelayedDf	InterblockDf@0x00afd5b8	InterblockDf.slot_001	vtable_membership:1 classes	0	2	337
005d98f5	FUN_005d98f5	LatestDf__slot_000	virtual_method	0.910	LatestDf	InterblockDf@0x00afd5b8	InterblockDf.slot_000	vtable_membership:1 classes	0	0	5
005d98fa	FUN_005d98fa	LatestDf__slot_001	virtual_method	0.910	LatestDf	InterblockDf@0x00afd5b8	InterblockDf.slot_001	vtable_membership:1 classes	0	1	291
005d9a1d	FUN_005d9a1d	IsolatedDf__slot_000	virtual_method	0.910	IsolatedDf	InterblockDf@0x00afd5b8	InterblockDf.slot_000	vtable_membership:1 classes	0	1	27
005d9a38	FUN_005d9a38	IsolatedDf__slot_001	virtual_method	0.910	IsolatedDf	InterblockDf@0x00afd5b8	InterblockDf.slot_001	vtable_membership:1 classes	0	1	257
005d9b39	FUN_005d9b39	FinalDf__slot_000	virtual_method	0.910	FinalDf	InterblockDf@0x00afd5b8	InterblockDf.slot_000	vtable_membership:1 classes	0	0	5
005d9b3e	FUN_005d9b3e	FinalDf__slot_001	virtual_method	0.910	FinalDf	InterblockDf@0x00afd5b8	InterblockDf.slot_001	vtable_membership:1 classes	0	0	254
005d9c3c	FUN_005d9c3c	GcseSelectDf__slot_000	virtual_method	0.910	GcseSelectDf	InterblockDf@0x00afd5b8	InterblockDf.slot_000	vtable_membership:1 classes	0	0	115
005d9caf	FUN_005d9caf	GcseSelectDf__slot_001	virtual_method	0.910	GcseSelectDf	InterblockDf@0x00afd5b8	InterblockDf.slot_001	vtable_membership:1 classes	0	0	172
005d9d5b	FUN_005d9d5b	GcseLiveDf__slot_000	virtual_method	0.910	GcseLiveDf	InterblockDf@0x00afd5b8	InterblockDf.slot_000	vtable_membership:1 classes	0	1	32
005d9d7b	FUN_005d9d7b	GcseLiveDf__slot_001	virtual_method	0.910	GcseLiveDf	InterblockDf@0x00afd5b8	InterblockDf.slot_001	vtable_membership:1 classes	0	1	242
005d9e6d	FUN_005d9e6d	GcseFinalDf__slot_000	virtual_method	0.910	GcseFinalDf	InterblockDf@0x00afd5b8	InterblockDf.slot_000	vtable_membership:1 classes	0	0	5
005d9e72	FUN_005d9e72	GcseFinalDf__slot_001	virtual_method	0.910	GcseFinalDf	InterblockDf@0x00afd5b8	InterblockDf.slot_001	vtable_membership:1 classes	0	0	201
005db3f1	FUN_005db3f1	BooleanAccurateAliasAnalyzer__slot_000	virtual_method	0.910	BooleanAccurateAliasAnalyzer	AliasAnalyzer@0x00aff0cc	AliasAnalyzer.slot_000	vtable_membership:1 classes	0	1	199
005db4b8	FUN_005db4b8	BooleanAccurateAliasAnalyzer__slot_001	virtual_method	0.910	BooleanAccurateAliasAnalyzer	AliasAnalyzer@0x00aff0cc	AliasAnalyzer.slot_001	vtable_membership:1 classes	0	1	211
005ea90a	FUN_005ea90a	ValueNeededDf__slot_000	virtual_method	0.910	ValueNeededDf	InterblockDf@0x00afd5b8	InterblockDf.slot_000	vtable_membership:1 classes	0	1	96
005ea96a	FUN_005ea96a	ValueNeededDf__slot_001	virtual_method	0.910	ValueNeededDf	InterblockDf@0x00afd5b8	InterblockDf.slot_001	vtable_membership:1 classes	0	0	224
005f5279	FUN_005f5279	FCEReachingWriteDf__slot_000	virtual_method	0.910	FCEReachingWriteDf	InterblockDf@0x00afd5b8	InterblockDf.slot_000	vtable_membership:1 classes	0	0	5
005f5c56	FUN_005f5c56	FCEReachingWriteDf__slot_001	virtual_method	0.910	FCEReachingWriteDf	InterblockDf@0x00afd5b8	InterblockDf.slot_001	vtable_membership:1 classes	0	0	143
005f9a83	FUN_005f9a83	HoistAvailDf__slot_000	virtual_method	0.910	HoistAvailDf	InterblockDf@0x00afd5b8	InterblockDf.slot_000	vtable_membership:1 classes	0	2	89
005f9adc	FUN_005f9adc	HoistAvailDf__slot_001	virtual_method	0.910	HoistAvailDf	InterblockDf@0x00afd5b8	InterblockDf.slot_001	vtable_membership:1 classes	0	2	259
005f9bdf	FUN_005f9bdf	HoistHelpfulDf__slot_000	virtual_method	0.910	HoistHelpfulDf	InterblockDf@0x00afd5b8	InterblockDf.slot_000	vtable_membership:1 classes	0	0	5
005f9be4	FUN_005f9be4	HoistHelpfulDf__slot_001	virtual_method	0.910	HoistHelpfulDf	InterblockDf@0x00afd5b8	InterblockDf.slot_001	vtable_membership:1 classes	0	1	53
005f9c19	FUN_005f9c19	HoistRedundantDf__slot_000	virtual_method	0.910	HoistRedundantDf	InterblockDf@0x00afd5b8	InterblockDf.slot_000	vtable_membership:1 classes	0	1	32
005f9c39	FUN_005f9c39	HoistRedundantDf__slot_001	virtual_method	0.910	HoistRedundantDf	InterblockDf@0x00afd5b8	InterblockDf.slot_001	vtable_membership:1 classes	0	3	336
005f9d89	FUN_005f9d89	HoistFinalDf__slot_000	virtual_method	0.910	HoistFinalDf	InterblockDf@0x00afd5b8	InterblockDf.slot_000	vtable_membership:1 classes	0	0	5
005f9d8e	FUN_005f9d8e	HoistFinalDf__slot_001	virtual_method	0.910	HoistFinalDf	InterblockDf@0x00afd5b8	InterblockDf.slot_001	vtable_membership:1 classes	0	0	175
005f9e3d	FUN_005f9e3d	HoistDelayDf__slot_000	virtual_method	0.910	HoistDelayDf	InterblockDf@0x00afd5b8	InterblockDf.slot_000	vtable_membership:1 classes	0	1	40
005f9e65	FUN_005f9e65	HoistDelayDf__slot_001	virtual_method	0.910	HoistDelayDf	InterblockDf@0x00afd5b8	InterblockDf.slot_001	vtable_membership:1 classes	0	3	348
005f9fc1	FUN_005f9fc1	HoistFinal2Df__slot_000	virtual_method	0.910	HoistFinal2Df	InterblockDf@0x00afd5b8	InterblockDf.slot_000	vtable_membership:1 classes	0	1	218
005fa09b	FUN_005fa09b	HoistFinal2Df__slot_001	virtual_method	0.910	HoistFinal2Df	InterblockDf@0x00afd5b8	InterblockDf.slot_001	vtable_membership:1 classes	0	1	186
005fa155	FUN_005fa155	HoistUsableDf__slot_000	virtual_method	0.910	HoistUsableDf	InterblockDf@0x00afd5b8	InterblockDf.slot_000	vtable_membership:1 classes	0	1	27
005fa170	FUN_005fa170	HoistUsableDf__slot_001	virtual_method	0.910	HoistUsableDf	InterblockDf@0x00afd5b8	InterblockDf.slot_001	vtable_membership:1 classes	0	1	249
005fa269	FUN_005fa269	HoistFinal3Df__slot_000	virtual_method	0.910	HoistFinal3Df	InterblockDf@0x00afd5b8	InterblockDf.slot_000	vtable_membership:1 classes	0	0	5
005fa26e	FUN_005fa26e	HoistFinal3Df__slot_001	virtual_method	0.910	HoistFinal3Df	InterblockDf@0x00afd5b8	InterblockDf.slot_001	vtable_membership:1 classes	0	0	151
005fc273	FUN_005fc273	CopyPropDf__slot_000	virtual_method	0.910	CopyPropDf	InterblockDf@0x00afd5b8	InterblockDf.slot_000	vtable_membership:1 classes	0	2	78
005fc3a0	FUN_005fc3a0	CopyPropDf__slot_001	virtual_method	0.910	CopyPropDf	InterblockDf@0x00afd5b8	InterblockDf.slot_001	vtable_membership:1 classes	0	1	518
006032db	FUN_006032db	CheckerFlow__slot_000	virtual_method	0.910	CheckerFlow	InterblockDf@0x00aff4ac	InterblockDf.slot_000	vtable_membership:1 classes	0	0	5
006035fe	FUN_006035fe	ConstChecker__slot_004	virtual_method	0.910	ConstChecker	Checker@0x00aff4ec	Checker.slot_004	vtable_membership:1 classes	0	0	5
00603603	FUN_00603603	EquivChecker__slot_000	virtual_method	0.910	EquivChecker	Checker@0x00aff4ec	Checker.slot_000	vtable_membership:1 classes	0	0	5
00603608	FUN_00603608	EquivChecker__slot_004	virtual_method	0.910	EquivChecker	Checker@0x00aff4ec	Checker.slot_004	vtable_membership:1 classes	0	0	5
0060375a	FUN_0060375a	UninitMemChecker__slot_004	virtual_method	0.910	UninitMemChecker	Checker@0x00aff4ec	Checker.slot_004	vtable_membership:1 classes	0	0	5
0060375f	FUN_0060375f	UninitMemChecker__slot_005	virtual_method	0.910	UninitMemChecker	Checker@0x00aff4ec	Checker.slot_005	vtable_membership:1 classes	0	0	5
00603764	FUN_00603764	RangeChecker__slot_004	virtual_method	0.910	RangeChecker	Checker@0x00aff4ec	Checker.slot_004	vtable_membership:1 classes	0	0	5
00603769	FUN_00603769	MemLeakChecker__slot_010	virtual_method	0.910	MemLeakChecker	Checker@0x00aff4ec	Checker.slot_010	vtable_membership:1 classes	0	0	10
00603773	FUN_00603773	MemLeakChecker__slot_011	virtual_method	0.910	MemLeakChecker	Checker@0x00aff4ec	Checker.slot_011	vtable_membership:1 classes	0	1	61
006037b0	FUN_006037b0	MemLeakCheckerBackwards__slot_010	virtual_method	0.910	MemLeakCheckerBackwards	Checker@0x00aff4ec	Checker.slot_010	vtable_membership:1 classes	0	0	10
006037ba	FUN_006037ba	MemLeakCheckerBackwards__slot_011	virtual_method	0.910	MemLeakCheckerBackwards	Checker@0x00aff4ec	Checker.slot_011	vtable_membership:1 classes	0	1	61
006037f7	FUN_006037f7	MemLeakCheckerBackwards__slot_009	virtual_method	0.910	MemLeakCheckerBackwards	Checker@0x00aff4ec	Checker.slot_009	vtable_membership:1 classes	0	0	5
006037fc	FUN_006037fc	MemLeakCheckerBackwards__slot_005	virtual_method	0.910	MemLeakCheckerBackwards	Checker@0x00aff4ec	Checker.slot_005	vtable_membership:1 classes	0	0	5
00603801	FUN_00603801	NULLCheckChecker__slot_010	virtual_method	0.910	NULLCheckChecker	Checker@0x00aff4ec	Checker.slot_010	vtable_membership:1 classes	0	0	10
0060380b	FUN_0060380b	NULLCheckChecker__slot_011	virtual_method	0.910	NULLCheckChecker	Checker@0x00aff4ec	Checker.slot_011	vtable_membership:1 classes	0	1	61
00603848	FUN_00603848	NULLCheckChecker__slot_009	virtual_method	0.910	NULLCheckChecker	Checker@0x00aff4ec	Checker.slot_009	vtable_membership:1 classes	0	0	5
0060384d	FUN_0060384d	NULLCheckChecker__slot_005	virtual_method	0.910	NULLCheckChecker	Checker@0x00aff4ec	Checker.slot_005	vtable_membership:1 classes	0	0	5
00603852	FUN_00603852	NULLCheckCheckerBackwards__slot_010	virtual_method	0.910	NULLCheckCheckerBackwards	Checker@0x00aff4ec	Checker.slot_010	vtable_membership:1 classes	0	0	10
0060385c	FUN_0060385c	NULLCheckCheckerBackwards__slot_011	virtual_method	0.910	NULLCheckCheckerBackwards	Checker@0x00aff4ec	Checker.slot_011	vtable_membership:1 classes	0	0	10
00603866	FUN_00603866	NULLCheckCheckerBackwards__slot_009	virtual_method	0.910	NULLCheckCheckerBackwards	Checker@0x00aff4ec	Checker.slot_009	vtable_membership:1 classes	0	0	5
0060386b	FUN_0060386b	NULLCheckCheckerBackwards__slot_005	virtual_method	0.910	NULLCheckCheckerBackwards	Checker@0x00aff4ec	Checker.slot_005	vtable_membership:1 classes	0	0	5
00603870	FUN_00603870	FreeChecker__slot_010	virtual_method	0.910	FreeChecker	Checker@0x00aff4ec	Checker.slot_010	vtable_membership:1 classes	0	0	10
0060387a	FUN_0060387a	FreeChecker__slot_011	virtual_method	0.910	FreeChecker	Checker@0x00aff4ec	Checker.slot_011	vtable_membership:1 classes	0	0	30
00603898	FUN_00603898	FreeChecker__slot_009	virtual_method	0.910	FreeChecker	Checker@0x00aff4ec	Checker.slot_009	vtable_membership:1 classes	0	0	5
0060389d	FUN_0060389d	FreeChecker__slot_005	virtual_method	0.910	FreeChecker	Checker@0x00aff4ec	Checker.slot_005	vtable_membership:1 classes	0	0	5
006038a2	FUN_006038a2	FreeCheckerBackwards__slot_010	virtual_method	0.910	FreeCheckerBackwards	Checker@0x00aff4ec	Checker.slot_010	vtable_membership:1 classes	0	0	10
006038ac	FUN_006038ac	FreeCheckerBackwards__slot_011	virtual_method	0.910	FreeCheckerBackwards	Checker@0x00aff4ec	Checker.slot_011	vtable_membership:1 classes	0	0	10
006038b6	FUN_006038b6	FreeCheckerBackwards__slot_009	virtual_method	0.910	FreeCheckerBackwards	Checker@0x00aff4ec	Checker.slot_009	vtable_membership:1 classes	0	0	5
006038bb	FUN_006038bb	FreeCheckerBackwards__slot_005	virtual_method	0.910	FreeCheckerBackwards	Checker@0x00aff4ec	Checker.slot_005	vtable_membership:1 classes	0	0	5
006038c0	FUN_006038c0	DerefNULLChecker__slot_010	virtual_method	0.910	DerefNULLChecker	Checker@0x00aff4ec	Checker.slot_010	vtable_membership:1 classes	0	0	10
006038ca	FUN_006038ca	DerefNULLChecker__slot_011	virtual_method	0.910	DerefNULLChecker	Checker@0x00aff4ec	Checker.slot_011	vtable_membership:1 classes	0	0	10
006038d4	FUN_006038d4	DerefNULLChecker__slot_009	virtual_method	0.910	DerefNULLChecker	Checker@0x00aff4ec	Checker.slot_009	vtable_membership:1 classes	0	0	5
006038d9	FUN_006038d9	DerefNULLChecker__slot_005	virtual_method	0.910	DerefNULLChecker	Checker@0x00aff4ec	Checker.slot_005	vtable_membership:1 classes	0	0	5
006038de	FUN_006038de	LocalScopeChecker__slot_010	virtual_method	0.910	LocalScopeChecker	Checker@0x00aff4ec	Checker.slot_010	vtable_membership:1 classes	0	0	10
006038e8	FUN_006038e8	LocalScopeChecker__slot_011	virtual_method	0.910	LocalScopeChecker	Checker@0x00aff4ec	Checker.slot_011	vtable_membership:1 classes	0	0	10
006038f2	FUN_006038f2	LocalScopeChecker__slot_009	virtual_method	0.910	LocalScopeChecker	Checker@0x00aff4ec	Checker.slot_009	vtable_membership:1 classes	0	0	5
006038f7	FUN_006038f7	LocalScopeChecker__slot_005	virtual_method	0.910	LocalScopeChecker	Checker@0x00aff4ec	Checker.slot_005	vtable_membership:1 classes	0	0	5
006038fc	FUN_006038fc	ReadOnlyWriteChecker__slot_010	virtual_method	0.910	ReadOnlyWriteChecker	Checker@0x00aff4ec	Checker.slot_010	vtable_membership:1 classes	0	0	10
00603906	FUN_00603906	ReadOnlyWriteChecker__slot_011	virtual_method	0.910	ReadOnlyWriteChecker	Checker@0x00aff4ec	Checker.slot_011	vtable_membership:1 classes	0	0	10
00603910	FUN_00603910	ReadOnlyWriteChecker__slot_009	virtual_method	0.910	ReadOnlyWriteChecker	Checker@0x00aff4ec	Checker.slot_009	vtable_membership:1 classes	0	0	5
00603915	FUN_00603915	ReadOnlyWriteChecker__slot_005	virtual_method	0.910	ReadOnlyWriteChecker	Checker@0x00aff4ec	Checker.slot_005	vtable_membership:1 classes	0	0	5
0060391a	FUN_0060391a	NewSingleChecker__slot_010	virtual_method	0.910	NewSingleChecker	Checker@0x00aff4ec	Checker.slot_010	vtable_membership:1 classes	0	0	10
00603924	FUN_00603924	NewSingleChecker__slot_011	virtual_method	0.910	NewSingleChecker	Checker@0x00aff4ec	Checker.slot_011	vtable_membership:1 classes	0	0	10
0060392e	FUN_0060392e	NewSingleChecker__slot_009	virtual_method	0.910	NewSingleChecker	Checker@0x00aff4ec	Checker.slot_009	vtable_membership:1 classes	0	0	5
00603933	FUN_00603933	NewSingleChecker__slot_005	virtual_method	0.910	NewSingleChecker	Checker@0x00aff4ec	Checker.slot_005	vtable_membership:1 classes	0	0	5
00603938	FUN_00603938	NewArrayChecker__slot_010	virtual_method	0.910	NewArrayChecker	Checker@0x00aff4ec	Checker.slot_010	vtable_membership:1 classes	0	0	10
00603942	FUN_00603942	NewArrayChecker__slot_011	virtual_method	0.910	NewArrayChecker	Checker@0x00aff4ec	Checker.slot_011	vtable_membership:1 classes	0	0	10
0060394c	FUN_0060394c	NewArrayChecker__slot_009	virtual_method	0.910	NewArrayChecker	Checker@0x00aff4ec	Checker.slot_009	vtable_membership:1 classes	0	0	5
00603951	FUN_00603951	NewArrayChecker__slot_005	virtual_method	0.910	NewArrayChecker	Checker@0x00aff4ec	Checker.slot_005	vtable_membership:1 classes	0	0	5
00603956	FUN_00603956	NoReturnChecker__slot_010	virtual_method	0.910	NoReturnChecker	Checker@0x00aff4ec	Checker.slot_010	vtable_membership:1 classes	0	0	10
00603960	FUN_00603960	NoReturnChecker__slot_011	virtual_method	0.910	NoReturnChecker	Checker@0x00aff4ec	Checker.slot_011	vtable_membership:1 classes	0	0	10
0060396a	FUN_0060396a	NoReturnChecker__slot_001	virtual_method	0.910	NoReturnChecker	Checker@0x00aff4ec	Checker.slot_001	vtable_membership:1 classes	0	0	5
0060396f	FUN_0060396f	NoReturnChecker__slot_008	virtual_method	0.910	NoReturnChecker	Checker@0x00aff4ec	Checker.slot_008	vtable_membership:1 classes	0	0	10
00603979	FUN_00603979	NoReturnChecker__slot_005	virtual_method	0.910	NoReturnChecker	Checker@0x00aff4ec	Checker.slot_005	vtable_membership:1 classes	0	0	5
0060397e	FUN_0060397e	UnreadChecker__slot_010	virtual_method	0.910	UnreadChecker	Checker@0x00aff4ec	Checker.slot_010	vtable_membership:1 classes	0	0	10
00603988	FUN_00603988	UnreadChecker__slot_011	virtual_method	0.910	UnreadChecker	Checker@0x00aff4ec	Checker.slot_011	vtable_membership:1 classes	0	0	10
00603992	FUN_00603992	UnreadChecker__slot_009	virtual_method	0.910	UnreadChecker	Checker@0x00aff4ec	Checker.slot_009	vtable_membership:1 classes	0	0	5
00603997	FUN_00603997	UnreadChecker__slot_005	virtual_method	0.910	UnreadChecker	Checker@0x00aff4ec	Checker.slot_005	vtable_membership:1 classes	0	0	5
0060399c	FUN_0060399c	UnreadCheckerBackwards__slot_010	virtual_method	0.910	UnreadCheckerBackwards	Checker@0x00aff4ec	Checker.slot_010	vtable_membership:1 classes	0	0	10
006039a6	FUN_006039a6	UnreadCheckerBackwards__slot_011	virtual_method	0.910	UnreadCheckerBackwards	Checker@0x00aff4ec	Checker.slot_011	vtable_membership:1 classes	0	0	30
006039c4	FUN_006039c4	UnreadCheckerBackwards__slot_009	virtual_method	0.910	UnreadCheckerBackwards	Checker@0x00aff4ec	Checker.slot_009	vtable_membership:1 classes	0	0	5
006039c9	FUN_006039c9	UnreadCheckerBackwards__slot_005	virtual_method	0.910	UnreadCheckerBackwards	Checker@0x00aff4ec	Checker.slot_005	vtable_membership:1 classes	0	0	5
006039ce	FUN_006039ce	NULLCheckDerefChecker__slot_010	virtual_method	0.910	NULLCheckDerefChecker	Checker@0x00aff4ec	Checker.slot_010	vtable_membership:1 classes	0	0	10
006039d8	FUN_006039d8	NULLCheckDerefChecker__slot_011	virtual_method	0.910	NULLCheckDerefChecker	Checker@0x00aff4ec	Checker.slot_011	vtable_membership:1 classes	0	0	10
006039e2	FUN_006039e2	NULLCheckDerefChecker__slot_009	virtual_method	0.910	NULLCheckDerefChecker	Checker@0x00aff4ec	Checker.slot_009	vtable_membership:1 classes	0	0	5
006039e7	FUN_006039e7	UninitReadChecker__slot_010	virtual_method	0.910	UninitReadChecker	Checker@0x00aff4ec	Checker.slot_010	vtable_membership:1 classes	0	0	10
006039f1	FUN_006039f1	UninitReadChecker__slot_011	virtual_method	0.910	UninitReadChecker	Checker@0x00aff4ec	Checker.slot_011	vtable_membership:1 classes	0	0	10
006039fb	FUN_006039fb	UninitReadChecker__slot_009	virtual_method	0.910	UninitReadChecker	Checker@0x00aff4ec	Checker.slot_009	vtable_membership:1 classes	0	0	5
00603a00	FUN_00603a00	UninitReadChecker__slot_005	virtual_method	0.910	UninitReadChecker	Checker@0x00aff4ec	Checker.slot_005	vtable_membership:1 classes	0	0	5
00603a05	FUN_00603a05	UninitReadCheckerBackwards__slot_010	virtual_method	0.910	UninitReadCheckerBackwards	Checker@0x00aff4ec	Checker.slot_010	vtable_membership:1 classes	0	0	10
00603a0f	FUN_00603a0f	UninitReadCheckerBackwards__slot_011	virtual_method	0.910	UninitReadCheckerBackwards	Checker@0x00aff4ec	Checker.slot_011	vtable_membership:1 classes	0	1	149
00603aa4	FUN_00603aa4	UninitReadCheckerBackwards__slot_005	virtual_method	0.910	UninitReadCheckerBackwards	Checker@0x00aff4ec	Checker.slot_005	vtable_membership:1 classes	0	0	5
00603aa9	FUN_00603aa9	NoFlowChecker__slot_010	virtual_method	0.910	NoFlowChecker	Checker@0x00aff4ec	Checker.slot_010	vtable_membership:1 classes	0	0	10
00603ab3	FUN_00603ab3	NoFlowChecker__slot_011	virtual_method	0.910	NoFlowChecker	Checker@0x00aff4ec	Checker.slot_011	vtable_membership:1 classes	0	0	10
00603abd	FUN_00603abd	NoFlowChecker__slot_001	virtual_method	0.910	NoFlowChecker	Checker@0x00aff4ec	Checker.slot_001	vtable_membership:1 classes	0	0	5
00603ac2	FUN_00603ac2	NoFlowChecker__slot_008	virtual_method	0.910	NoFlowChecker	Checker@0x00aff4ec	Checker.slot_008	vtable_membership:1 classes	0	0	10
00603acc	FUN_00603acc	NoFlowChecker__slot_009	virtual_method	0.910	NoFlowChecker	Checker@0x00aff4ec	Checker.slot_009	vtable_membership:1 classes	0	0	5
00603ad1	FUN_00603ad1	NoFlowChecker__slot_005	virtual_method	0.910	NoFlowChecker	Checker@0x00aff4ec	Checker.slot_005	vtable_membership:1 classes	0	0	5
00603ad6	FUN_00603ad6	StrictUninitChecker__slot_010	virtual_method	0.910	StrictUninitChecker	Checker@0x00aff4ec	Checker.slot_010	vtable_membership:1 classes	0	0	10
00603ae0	FUN_00603ae0	StrictUninitChecker__slot_011	virtual_method	0.910	StrictUninitChecker	Checker@0x00aff4ec	Checker.slot_011	vtable_membership:1 classes	0	0	10
00603aea	FUN_00603aea	StrictUninitChecker__slot_008	virtual_method	0.910	StrictUninitChecker	Checker@0x00aff4ec	Checker.slot_008	vtable_membership:1 classes	0	0	10
00603af4	FUN_00603af4	StrictUninitChecker__slot_005	virtual_method	0.910	StrictUninitChecker	Checker@0x00aff4ec	Checker.slot_005	vtable_membership:1 classes	0	0	5
006044a2	FUN_006044a2	ConstChecker__slot_000	virtual_method	0.910	ConstChecker	Checker@0x00aff4ec	Checker.slot_000	vtable_membership:1 classes	0	5	210
00604574	FUN_00604574	ConstChecker__slot_001	virtual_method	0.910	ConstChecker	Checker@0x00aff4ec	Checker.slot_001	vtable_membership:1 classes	0	9	762
0060486e	FUN_0060486e	ConstChecker__slot_002	virtual_method	0.910	ConstChecker	Checker@0x00aff4ec	Checker.slot_002	vtable_membership:1 classes	0	4	771
006051cb	FUN_006051cb	RangeChecker__slot_000	virtual_method	0.910	RangeChecker	Checker@0x00aff4ec	Checker.slot_000	vtable_membership:1 classes	0	2	73
006059b7	FUN_006059b7	RangeChecker__slot_001	virtual_method	0.910	RangeChecker	Checker@0x00aff4ec	Checker.slot_001	vtable_membership:1 classes	0	6	340
00605b0b	FUN_00605b0b	RangeChecker__slot_002	virtual_method	0.910	RangeChecker	Checker@0x00aff4ec	Checker.slot_002	vtable_membership:1 classes	0	4	568
00605d43	FUN_00605d43	RangeChecker__slot_005	virtual_method	0.910	RangeChecker	Checker@0x00aff4ec	Checker.slot_005	vtable_membership:1 classes	0	4	816
00606087	FUN_00606087	ConstChecker__slot_005	virtual_method	0.910	ConstChecker	Checker@0x00aff4ec	Checker.slot_005	vtable_membership:1 classes	1	6	509
00606284	FUN_00606284	ConstChecker__slot_003	virtual_method	0.910	ConstChecker	Checker@0x00aff4ec	Checker.slot_003	vtable_membership:1 classes	0	0	78
006062d2	FUN_006062d2	RangeChecker__slot_003	virtual_method	0.910	RangeChecker	Checker@0x00aff4ec	Checker.slot_003	vtable_membership:1 classes	0	0	66
00606314	FUN_00606314	ConstChecker__slot_006	virtual_method	0.910	ConstChecker	Checker@0x00aff4ec	Checker.slot_006	vtable_membership:1 classes	0	2	153
006063ad	FUN_006063ad	RangeChecker__slot_006	virtual_method	0.910	RangeChecker	Checker@0x00aff4ec	Checker.slot_006	vtable_membership:1 classes	0	1	139
0060648e	FUN_0060648e	MemLeakCheckerBackwards__slot_000	virtual_method	0.910	MemLeakCheckerBackwards	Checker@0x00aff4ec	Checker.slot_000	vtable_membership:1 classes	0	3	156
0060652a	FUN_0060652a	MemLeakCheckerBackwards__slot_001	virtual_method	0.910	MemLeakCheckerBackwards	Checker@0x00aff4ec	Checker.slot_001	vtable_membership:1 classes	0	8	303
00606659	FUN_00606659	MemLeakCheckerBackwards__slot_008	virtual_method	0.910	MemLeakCheckerBackwards	Checker@0x00aff4ec	Checker.slot_008	vtable_membership:1 classes	0	0	95
006066b8	FUN_006066b8	MemLeakChecker__slot_000	virtual_method	0.910	MemLeakChecker	Checker@0x00aff4ec	Checker.slot_000	vtable_membership:1 classes	0	4	199
0060677f	FUN_0060677f	MemLeakChecker__slot_001	virtual_method	0.910	MemLeakChecker	Checker@0x00aff4ec	Checker.slot_001	vtable_membership:1 classes	0	10	292
006068a3	FUN_006068a3	MemLeakChecker__slot_008	virtual_method	0.910	MemLeakChecker	Checker@0x00aff4ec	Checker.slot_008	vtable_membership:1 classes	0	1	101
00606908	FUN_00606908	MemLeakChecker__slot_009	virtual_method	0.910	MemLeakChecker	Checker@0x00aff4ec	Checker.slot_009	vtable_membership:1 classes	0	4	122
00606982	FUN_00606982	MemLeakChecker__slot_005	virtual_method	0.910	MemLeakChecker	Checker@0x00aff4ec	Checker.slot_005	vtable_membership:1 classes	0	2	70
00606a4a	FUN_00606a4a	NoFlowChecker__slot_000	virtual_method	0.910	NoFlowChecker	Checker@0x00aff4ec	Checker.slot_000	vtable_membership:1 classes	0	11	654
00606e3f	FUN_00606e3f	EquivChecker__slot_001	virtual_method	0.910	EquivChecker	Checker@0x00aff4ec	Checker.slot_001	vtable_membership:1 classes	0	4	167
00606f1d	FUN_00606f1d	EquivChecker__slot_002	virtual_method	0.910	EquivChecker	Checker@0x00aff4ec	Checker.slot_002	vtable_membership:1 classes	0	5	316
00607059	FUN_00607059	EquivChecker__slot_003	virtual_method	0.910	EquivChecker	Checker@0x00aff4ec	Checker.slot_003	vtable_membership:1 classes	0	0	164
006074e6	FUN_006074e6	EquivChecker__slot_005	virtual_method	0.910	EquivChecker	Checker@0x00aff4ec	Checker.slot_005	vtable_membership:1 classes	0	3	155
00607581	FUN_00607581	EquivChecker__slot_006	virtual_method	0.910	EquivChecker	Checker@0x00aff4ec	Checker.slot_006	vtable_membership:1 classes	0	1	99
00607766	FUN_00607766	UninitMemChecker__slot_000	virtual_method	0.910	UninitMemChecker	Checker@0x00aff4ec	Checker.slot_000	vtable_membership:1 classes	0	15	1351
00607cad	FUN_00607cad	UninitMemChecker__slot_001	virtual_method	0.910	UninitMemChecker	Checker@0x00aff4ec	Checker.slot_001	vtable_membership:1 classes	0	7	312
00607de5	FUN_00607de5	UninitMemChecker__slot_003	virtual_method	0.910	UninitMemChecker	Checker@0x00aff4ec	Checker.slot_003	vtable_membership:1 classes	0	0	136
00607e6d	FUN_00607e6d	UninitMemChecker__slot_002	virtual_method	0.910	UninitMemChecker	Checker@0x00aff4ec	Checker.slot_002	vtable_membership:1 classes	0	6	571
006080a8	FUN_006080a8	UninitMemChecker__slot_006	virtual_method	0.910	UninitMemChecker	Checker@0x00aff4ec	Checker.slot_006	vtable_membership:1 classes	0	1	102
0060810e	FUN_0060810e	StrictUninitChecker__slot_000	virtual_method	0.910	StrictUninitChecker	Checker@0x00aff4ec	Checker.slot_000	vtable_membership:1 classes	0	8	805
00608433	FUN_00608433	StrictUninitChecker__slot_001	virtual_method	0.910	StrictUninitChecker	Checker@0x00aff4ec	Checker.slot_001	vtable_membership:1 classes	0	2	188
006084ef	FUN_006084ef	StrictUninitChecker__slot_009	virtual_method	0.910	StrictUninitChecker	Checker@0x00aff4ec	Checker.slot_009	vtable_membership:1 classes	0	3	74
0060ad2b	FUN_0060ad2b	NULLCheckChecker__slot_000	virtual_method	0.910	NULLCheckChecker	Checker@0x00aff4ec	Checker.slot_000	vtable_membership:1 classes	0	9	358
0060ae91	FUN_0060ae91	NULLCheckChecker__slot_001	virtual_method	0.910	NULLCheckChecker	Checker@0x00aff4ec	Checker.slot_001	vtable_membership:1 classes	0	5	143
0060af20	FUN_0060af20	NULLCheckChecker__slot_008	virtual_method	0.910	NULLCheckChecker	Checker@0x00aff4ec	Checker.slot_008	vtable_membership:1 classes	0	1	101
0060af85	FUN_0060af85	NULLCheckCheckerBackwards__slot_000	virtual_method	0.910	NULLCheckCheckerBackwards	Checker@0x00aff4ec	Checker.slot_000	vtable_membership:1 classes	0	3	92
0060afe1	FUN_0060afe1	NULLCheckCheckerBackwards__slot_001	virtual_method	0.910	NULLCheckCheckerBackwards	Checker@0x00aff4ec	Checker.slot_001	vtable_membership:1 classes	0	9	266
0060b0eb	FUN_0060b0eb	NULLCheckCheckerBackwards__slot_008	virtual_method	0.910	NULLCheckCheckerBackwards	Checker@0x00aff4ec	Checker.slot_008	vtable_membership:1 classes	0	0	56
0060b123	FUN_0060b123	FreeChecker__slot_000	virtual_method	0.910	FreeChecker	Checker@0x00aff4ec	Checker.slot_000	vtable_membership:1 classes	0	10	379
0060b29e	FUN_0060b29e	FreeChecker__slot_001	virtual_method	0.910	FreeChecker	Checker@0x00aff4ec	Checker.slot_001	vtable_membership:1 classes	0	4	111
0060b30d	FUN_0060b30d	FreeChecker__slot_008	virtual_method	0.910	FreeChecker	Checker@0x00aff4ec	Checker.slot_008	vtable_membership:1 classes	0	0	10
0060b317	FUN_0060b317	FreeCheckerBackwards__slot_000	virtual_method	0.910	FreeCheckerBackwards	Checker@0x00aff4ec	Checker.slot_000	vtable_membership:1 classes	0	10	281
0060b430	FUN_0060b430	FreeCheckerBackwards__slot_001	virtual_method	0.910	FreeCheckerBackwards	Checker@0x00aff4ec	Checker.slot_001	vtable_membership:1 classes	0	1	24
0060b448	FUN_0060b448	FreeCheckerBackwards__slot_008	virtual_method	0.910	FreeCheckerBackwards	Checker@0x00aff4ec	Checker.slot_008	vtable_membership:1 classes	0	0	10
0060b452	FUN_0060b452	DerefNULLChecker__slot_000	virtual_method	0.910	DerefNULLChecker	Checker@0x00aff4ec	Checker.slot_000	vtable_membership:1 classes	0	11	451
0060b615	FUN_0060b615	DerefNULLChecker__slot_001	virtual_method	0.910	DerefNULLChecker	Checker@0x00aff4ec	Checker.slot_001	vtable_membership:1 classes	0	2	54
0060b64b	FUN_0060b64b	DerefNULLChecker__slot_008	virtual_method	0.910	DerefNULLChecker	Checker@0x00aff4ec	Checker.slot_008	vtable_membership:1 classes	0	0	10
0060b655	FUN_0060b655	LocalScopeChecker__slot_000	virtual_method	0.910	LocalScopeChecker	Checker@0x00aff4ec	Checker.slot_000	vtable_membership:1 classes	0	8	173
0060b702	FUN_0060b702	LocalScopeChecker__slot_001	virtual_method	0.910	LocalScopeChecker	Checker@0x00aff4ec	Checker.slot_001	vtable_membership:1 classes	0	8	443
0060b8bd	FUN_0060b8bd	LocalScopeChecker__slot_008	virtual_method	0.910	LocalScopeChecker	Checker@0x00aff4ec	Checker.slot_008	vtable_membership:1 classes	0	0	56
0060b8f5	FUN_0060b8f5	ReadOnlyWriteChecker__slot_000	virtual_method	0.910	ReadOnlyWriteChecker	Checker@0x00aff4ec	Checker.slot_000	vtable_membership:1 classes	0	6	142
0060b983	FUN_0060b983	ReadOnlyWriteChecker__slot_001	virtual_method	0.910	ReadOnlyWriteChecker	Checker@0x00aff4ec	Checker.slot_001	vtable_membership:1 classes	0	5	152
0060ba1b	FUN_0060ba1b	ReadOnlyWriteChecker__slot_008	virtual_method	0.910	ReadOnlyWriteChecker	Checker@0x00aff4ec	Checker.slot_008	vtable_membership:1 classes	0	0	56
0060ba53	FUN_0060ba53	NewSingleChecker__slot_000	virtual_method	0.910	NewSingleChecker	Checker@0x00aff4ec	Checker.slot_000	vtable_membership:1 classes	0	7	258
0060bb55	FUN_0060bb55	NewSingleChecker__slot_001	virtual_method	0.910	NewSingleChecker	Checker@0x00aff4ec	Checker.slot_001	vtable_membership:1 classes	0	5	177
0060bc06	FUN_0060bc06	NewSingleChecker__slot_008	virtual_method	0.910	NewSingleChecker	Checker@0x00aff4ec	Checker.slot_008	vtable_membership:1 classes	0	0	56
0060bc3e	FUN_0060bc3e	NewArrayChecker__slot_000	virtual_method	0.910	NewArrayChecker	Checker@0x00aff4ec	Checker.slot_000	vtable_membership:1 classes	0	7	196
0060bd02	FUN_0060bd02	NewArrayChecker__slot_001	virtual_method	0.910	NewArrayChecker	Checker@0x00aff4ec	Checker.slot_001	vtable_membership:1 classes	0	5	235
0060bded	FUN_0060bded	NewArrayChecker__slot_008	virtual_method	0.910	NewArrayChecker	Checker@0x00aff4ec	Checker.slot_008	vtable_membership:1 classes	0	0	56
0060bfb2	FUN_0060bfb2	NoReturnChecker__slot_000	virtual_method	0.910	NoReturnChecker	Checker@0x00aff4ec	Checker.slot_000	vtable_membership:1 classes	0	2	76
0060bffe	FUN_0060bffe	NoReturnChecker__slot_009	virtual_method	0.910	NoReturnChecker	Checker@0x00aff4ec	Checker.slot_009	vtable_membership:1 classes	0	1	92
0060c05a	FUN_0060c05a	UnreadChecker__slot_000	virtual_method	0.910	UnreadChecker	Checker@0x00aff4ec	Checker.slot_000	vtable_membership:1 classes	0	2	52
0060c08e	FUN_0060c08e	UnreadChecker__slot_001	virtual_method	0.910	UnreadChecker	Checker@0x00aff4ec	Checker.slot_001	vtable_membership:1 classes	0	3	98
0060c0f0	FUN_0060c0f0	UnreadChecker__slot_008	virtual_method	0.910	UnreadChecker	Checker@0x00aff4ec	Checker.slot_008	vtable_membership:1 classes	0	0	56
0060c128	FUN_0060c128	UnreadCheckerBackwards__slot_000	virtual_method	0.910	UnreadCheckerBackwards	Checker@0x00aff4ec	Checker.slot_000	vtable_membership:1 classes	0	1	24
0060c140	FUN_0060c140	UnreadCheckerBackwards__slot_001	virtual_method	0.910	UnreadCheckerBackwards	Checker@0x00aff4ec	Checker.slot_001	vtable_membership:1 classes	0	7	434
0060c2f2	FUN_0060c2f2	UnreadCheckerBackwards__slot_008	virtual_method	0.910	UnreadCheckerBackwards	Checker@0x00aff4ec	Checker.slot_008	vtable_membership:1 classes	0	0	92
0060c34e	FUN_0060c34e	NULLCheckDerefChecker__slot_000	virtual_method	0.910	NULLCheckDerefChecker	Checker@0x00aff4ec	Checker.slot_000	vtable_membership:1 classes	0	8	204
0060c41a	FUN_0060c41a	NULLCheckDerefChecker__slot_001	virtual_method	0.910	NULLCheckDerefChecker	Checker@0x00aff4ec	Checker.slot_001	vtable_membership:1 classes	0	1	24
0060c432	FUN_0060c432	NULLCheckDerefChecker__slot_008	virtual_method	0.910	NULLCheckDerefChecker	Checker@0x00aff4ec	Checker.slot_008	vtable_membership:1 classes	0	0	56
0060c46a	FUN_0060c46a	NULLCheckDerefChecker__slot_005	virtual_method	0.910	NULLCheckDerefChecker	Checker@0x00aff4ec	Checker.slot_005	vtable_membership:1 classes	0	4	96
0060c4ca	FUN_0060c4ca	UninitReadChecker__slot_000	virtual_method	0.910	UninitReadChecker	Checker@0x00aff4ec	Checker.slot_000	vtable_membership:1 classes	0	3	77
0060c517	FUN_0060c517	UninitReadChecker__slot_001	virtual_method	0.910	UninitReadChecker	Checker@0x00aff4ec	Checker.slot_001	vtable_membership:1 classes	0	2	35
0060c53a	FUN_0060c53a	UninitReadChecker__slot_008	virtual_method	0.910	UninitReadChecker	Checker@0x00aff4ec	Checker.slot_008	vtable_membership:1 classes	0	1	62
0060c578	FUN_0060c578	UninitReadCheckerBackwards__slot_000	virtual_method	0.910	UninitReadCheckerBackwards	Checker@0x00aff4ec	Checker.slot_000	vtable_membership:1 classes	0	3	72
0060c5c0	FUN_0060c5c0	UninitReadCheckerBackwards__slot_001	virtual_method	0.910	UninitReadCheckerBackwards	Checker@0x00aff4ec	Checker.slot_001	vtable_membership:1 classes	0	2	104
0060c628	FUN_0060c628	UninitReadCheckerBackwards__slot_008	virtual_method	0.910	UninitReadCheckerBackwards	Checker@0x00aff4ec	Checker.slot_008	vtable_membership:1 classes	0	0	108
0060c694	FUN_0060c694	UninitReadCheckerBackwards__slot_009	virtual_method	0.910	UninitReadCheckerBackwards	Checker@0x00aff4ec	Checker.slot_009	vtable_membership:1 classes	0	4	415
00611205	FUN_00611205	CheckerFlow__slot_001	virtual_method	0.910	CheckerFlow	InterblockDf@0x00aff4ac	InterblockDf.slot_001	vtable_membership:1 classes	0	35	5489
0061eb9b	FUN_0061eb9b	pt_condcodes__slot_003	virtual_method	0.910	pt_condcodes	peep_transformer@0x00b01e58	peep_transformer.slot_003	vtable_membership:1 classes	0	0	9
0061eba4	FUN_0061eba4	pt_condcodes__slot_004	virtual_method	0.910	pt_condcodes	peep_transformer@0x00b01e58	peep_transformer.slot_004	vtable_membership:1 classes	0	0	9
0061ebad	FUN_0061ebad	pt_condcodes__slot_005	virtual_method	0.910	pt_condcodes	peep_transformer@0x00b01e58	peep_transformer.slot_005	vtable_membership:1 classes	0	0	9
0061ebb6	FUN_0061ebb6	pt_condcodes__slot_007	virtual_method	0.910	pt_condcodes	peep_transformer@0x00b01e58	peep_transformer.slot_007	vtable_membership:1 classes	0	3	449
0061ed77	FUN_0061ed77	pt_dead__slot_003	virtual_method	0.910	pt_dead	peep_transformer@0x00b01e58	peep_transformer.slot_003	vtable_membership:1 classes	0	0	17
0061ed88	FUN_0061ed88	pt_dead__slot_004	virtual_method	0.910	pt_dead	peep_transformer@0x00b01e58	peep_transformer.slot_004	vtable_membership:1 classes	0	0	9
0061ed91	FUN_0061ed91	pt_dead__slot_005	virtual_method	0.910	pt_dead	peep_transformer@0x00b01e58	peep_transformer.slot_005	vtable_membership:1 classes	0	0	9
0061ed9a	FUN_0061ed9a	pt_dead__slot_000	virtual_method	0.910	pt_dead	peep_transformer@0x00b01e58	peep_transformer.slot_000	vtable_membership:1 classes	0	2	231
0061ee81	FUN_0061ee81	pt_dead__slot_001	virtual_method	0.910	pt_dead	peep_transformer@0x00b01e58	peep_transformer.slot_001	vtable_membership:1 classes	0	0	162
0061ef23	FUN_0061ef23	pt_dead__slot_007	virtual_method	0.910	pt_dead	peep_transformer@0x00b01e58	peep_transformer.slot_007	vtable_membership:1 classes	0	8	292
0061f047	FUN_0061f047	pt_alias__slot_003	virtual_method	0.910	pt_alias	peep_transformer@0x00b01e58	peep_transformer.slot_003	vtable_membership:1 classes	0	0	9
0061f050	FUN_0061f050	pt_alias__slot_004	virtual_method	0.910	pt_alias	peep_transformer@0x00b01e58	peep_transformer.slot_004	vtable_membership:1 classes	0	0	9
0061f059	FUN_0061f059	pt_alias__slot_005	virtual_method	0.910	pt_alias	peep_transformer@0x00b01e58	peep_transformer.slot_005	vtable_membership:1 classes	0	0	9
0061f062	FUN_0061f062	pt_alias__slot_002	virtual_method	0.910	pt_alias	peep_transformer@0x00b01e58	peep_transformer.slot_002	vtable_membership:1 classes	0	3	452
0061f226	FUN_0061f226	pt_alias__slot_008	virtual_method	0.910	pt_alias	peep_transformer@0x00b01e58	peep_transformer.slot_008	vtable_membership:1 classes	0	12	881
0061fb3d	FUN_0061fb3d	pt_const__slot_008	virtual_method	0.910	pt_const	peep_transformer@0x00b01e58	peep_transformer.slot_008	vtable_membership:1 classes	0	4	234
0061fe41	FUN_0061fe41	pt_const__slot_003	virtual_method	0.910	pt_const	peep_transformer@0x00b01e58	peep_transformer.slot_003	vtable_membership:1 classes	0	0	9
0061fe4a	FUN_0061fe4a	pt_const__slot_004	virtual_method	0.910	pt_const	peep_transformer@0x00b01e58	peep_transformer.slot_004	vtable_membership:1 classes	0	0	9
0061fe53	FUN_0061fe53	pt_const__slot_005	virtual_method	0.910	pt_const	peep_transformer@0x00b01e58	peep_transformer.slot_005	vtable_membership:1 classes	0	0	9
0062036f	FUN_0062036f	bytereverser__slot_001	virtual_method	0.910	bytereverser	ObjectVisitor@0x00b01ed0	ObjectVisitor.slot_001	vtable_membership:1 classes	0	0	39
006204c7	FUN_006204c7	bytereverser__slot_002	virtual_method	0.910	bytereverser	ObjectVisitor@0x00b01ed0	ObjectVisitor.slot_002	vtable_membership:1 classes	0	15	2137
00665e3b	FUN_00665e3b	vn_advisor_consoladd__slot_005	virtual_method	0.910	vn_advisor_consoladd	vn_advisor@0x00b053a8	vn_advisor.slot_005	vtable_membership:1 classes	0	1	71
00665e82	FUN_00665e82	vn_advisor_consoladd__slot_004	virtual_method	0.910	vn_advisor_consoladd	vn_advisor@0x00b053a8	vn_advisor.slot_004	vtable_membership:1 classes	0	1	127
00665f01	FUN_00665f01	vn_advisor_consoladd__slot_003	virtual_method	0.910	vn_advisor_consoladd	vn_advisor@0x00b053a8	vn_advisor.slot_003	vtable_membership:1 classes	0	1	111
00665f70	FUN_00665f70	vn_advisor_consoladd__slot_006	virtual_method	0.910	vn_advisor_consoladd	vn_advisor@0x00b053a8	vn_advisor.slot_006	vtable_membership:1 classes	0	0	84
00665fc4	FUN_00665fc4	vn_advisor_consolshift__slot_003	virtual_method	0.910	vn_advisor_consolshift	vn_advisor@0x00b053a8	vn_advisor.slot_003	vtable_membership:1 classes	0	1	313
006660fd	FUN_006660fd	vn_advisor_consolshift__slot_006	virtual_method	0.910	vn_advisor_consolshift	vn_advisor@0x00b053a8	vn_advisor.slot_006	vtable_membership:1 classes	0	0	114
00666295	FUN_00666295	vn_advisor_consolshift__slot_004	virtual_method	0.910	vn_advisor_consolshift	vn_advisor@0x00b053a8	vn_advisor.slot_004	vtable_membership:1 classes	0	1	76
006662e1	FUN_006662e1	vn_advisor_consolshift__slot_005	virtual_method	0.910	vn_advisor_consolshift	vn_advisor@0x00b053a8	vn_advisor.slot_005	vtable_membership:1 classes	0	1	78
00695a63	FUN_00695a63	std_bad_alloc__slot_002	virtual_method	0.910	std::bad_alloc	std_exception@0x00b06c6c	std_exception.slot_002	vtable_membership:1 classes	0	1	17
00696140	FUN_00696140	std_logic_error__slot_002	virtual_method	0.910	std::logic_error	std_exception@0x00b06c6c	std_exception.slot_002	vtable_membership:1 classes	0	1	17
0069618a	FUN_0069618a	std_out_of_range__slot_002	virtual_method	0.910	std::out_of_range	std_exception@0x00b06c6c	std_exception.slot_002	vtable_membership:1 classes	3	1	17
006abe80	FUN_006abe80	Split64TestVisitor__slot_000	virtual_method	0.910	Split64TestVisitor	MachopVisitor@0x00b06c2c	MachopVisitor.slot_000	vtable_membership:1 classes	0	2	310
006abfb6	FUN_006abfb6	Split64TestVisitor__slot_001	virtual_method	0.910	Split64TestVisitor	MachopVisitor@0x00b06c2c	MachopVisitor.slot_001	vtable_membership:1 classes	0	1	142
006ac165	FUN_006ac165	Split64DoVisitor__slot_000	virtual_method	0.910	Split64DoVisitor	MachopVisitor@0x00b06c2c	MachopVisitor.slot_000	vtable_membership:1 classes	0	3	225
006ac246	FUN_006ac246	Split64DoVisitor__slot_001	virtual_method	0.910	Split64DoVisitor	MachopVisitor@0x00b06c2c	MachopVisitor.slot_001	vtable_membership:1 classes	0	3	270
006d77d0	FUN_006d77d0	MachopObjectInvalidator__slot_000	virtual_method	0.910	MachopObjectInvalidator	MachopVisitor@0x00b080a0	MachopVisitor.slot_000	vtable_membership:1 classes	0	2	72
006d7ef3	FUN_006d7ef3	MachopImmpropClearer__slot_000	virtual_method	0.910	MachopImmpropClearer	MachopVisitor@0x00b080a0	MachopVisitor.slot_000	vtable_membership:1 classes	0	2	55
007005b0	FUN_007005b0	MachopChecker__slot_000	virtual_method	0.910	MachopChecker	MachopVisitor@0x00b09ac8	MachopVisitor.slot_000	vtable_membership:1 classes	0	3	61
007005ed	FUN_007005ed	MachopChecker__slot_001	virtual_method	0.910	MachopChecker	MachopVisitor@0x00b09ac8	MachopVisitor.slot_001	vtable_membership:1 classes	1	3	250
0070136d	FUN_0070136d	MachopBitoffsetClearer__slot_000	virtual_method	0.910	MachopBitoffsetClearer	MachopVisitor@0x00b09ac8	MachopVisitor.slot_000	vtable_membership:1 classes	0	1	70
007013f2	FUN_007013f2	AddMachopVisitor__slot_000	virtual_method	0.910	AddMachopVisitor	MachopVisitor@0x00b09ac8	MachopVisitor.slot_000	vtable_membership:1 classes	1	3	127
0071dfdd	FUN_0071dfdd	alloc_table_hash__slot_000	virtual_method	0.910	alloc_table_hash	alloc_table@0x00b0a500	alloc_table.slot_000	vtable_membership:1 classes;direct_vtable_header_or_vptr_refs:1;write_order:alloc_table_hash	0	3	116
0071e0a4	FUN_0071e0a4	alloc_table_btree__slot_000	virtual_method	0.910	alloc_table_btree	alloc_table@0x00b0a500	alloc_table.slot_000	vtable_membership:1 classes;direct_vtable_header_or_vptr_refs:1;write_order:alloc_table_btree	0	2	60
0071e19f	FUN_0071e19f	alloc_table_bcl__slot_000	virtual_method	0.910	alloc_table_bcl	alloc_table@0x00b0a500	alloc_table.slot_000	vtable_membership:1 classes;direct_vtable_header_or_vptr_refs:1;write_order:alloc_table_bcl	0	2	86
0071e1f5	FUN_0071e1f5	alloc_table_bcl__slot_001	virtual_method	0.910	alloc_table_bcl	alloc_table@0x00b0a500	alloc_table.slot_001	vtable_membership:1 classes	0	1	299
0071e320	FUN_0071e320	alloc_table_bcl__slot_002	virtual_method	0.910	alloc_table_bcl	alloc_table@0x00b0a500	alloc_table.slot_002	vtable_membership:1 classes	0	0	104
0071e388	FUN_0071e388	alloc_table_bcl__slot_003	virtual_method	0.910	alloc_table_bcl	alloc_table@0x00b0a500	alloc_table.slot_003	vtable_membership:1 classes	0	2	252
0071ea8f	FUN_0071ea8f	alloc_table_hash__slot_001	virtual_method	0.910	alloc_table_hash	alloc_table@0x00b0a500	alloc_table.slot_001	vtable_membership:1 classes	0	2	93
0071f0b7	FUN_0071f0b7	alloc_table_btree__slot_001	virtual_method	0.910	alloc_table_btree	alloc_table@0x00b0a500	alloc_table.slot_001	vtable_membership:1 classes	0	1	52
0071f1a1	FUN_0071f1a1	alloc_table_hash__slot_002	virtual_method	0.910	alloc_table_hash	alloc_table@0x00b0a500	alloc_table.slot_002	vtable_membership:1 classes	0	1	27
0071f33f	FUN_0071f33f	alloc_table_btree__slot_002	virtual_method	0.910	alloc_table_btree	alloc_table@0x00b0a500	alloc_table.slot_002	vtable_membership:1 classes	0	1	37
0071f38a	FUN_0071f38a	alloc_table_hash__slot_003	virtual_method	0.910	alloc_table_hash	alloc_table@0x00b0a500	alloc_table.slot_003	vtable_membership:1 classes	0	0	155
0071f497	FUN_0071f497	alloc_table_btree__slot_003	virtual_method	0.910	alloc_table_btree	alloc_table@0x00b0a500	alloc_table.slot_003	vtable_membership:1 classes	0	2	97
00734b30	FUN_00734b30	backend_basetype2__slot_000	virtual_method	0.910	backend_basetype2	backend_dataflow@0x00b0e82c	backend_dataflow.slot_000	vtable_membership:1 classes	0	0	5
00734b35	FUN_00734b35	backend_basetype2__slot_002	virtual_method	0.910	backend_basetype2	backend_dataflow@0x00b0e82c	backend_dataflow.slot_002	vtable_membership:1 classes	0	0	5
00734b3a	FUN_00734b3a	backend_basetype2__slot_003	virtual_method	0.910	backend_basetype2	backend_dataflow@0x00b0e82c	backend_dataflow.slot_003	vtable_membership:1 classes	0	0	9
00734b43	FUN_00734b43	backend_basetype2__slot_004	virtual_method	0.910	backend_basetype2	backend_dataflow@0x00b0e82c	backend_dataflow.slot_004	vtable_membership:1 classes	0	0	9
00734b4c	FUN_00734b4c	backend_basetype2__slot_009	virtual_method	0.910	backend_basetype2	backend_dataflow@0x00b0e82c	backend_dataflow.slot_009	vtable_membership:1 classes	0	0	9
00734b55	FUN_00734b55	backend_basetype2__slot_011	virtual_method	0.910	backend_basetype2	backend_dataflow@0x00b0e82c	backend_dataflow.slot_011	vtable_membership:1 classes	0	0	20
00734b69	FUN_00734b69	backend_basetype2__slot_013	virtual_method	0.910	backend_basetype2	backend_dataflow@0x00b0e82c	backend_dataflow.slot_013	vtable_membership:1 classes	0	0	9
00734b72	FUN_00734b72	backend_basetype2__slot_014	virtual_method	0.910	backend_basetype2	backend_dataflow@0x00b0e82c	backend_dataflow.slot_014	vtable_membership:1 classes	0	0	9
00734b7b	FUN_00734b7b	backend_basetype2__slot_015	virtual_method	0.910	backend_basetype2	backend_dataflow@0x00b0e82c	backend_dataflow.slot_015	vtable_membership:1 classes	0	0	9
00734b84	FUN_00734b84	backend_basetype2__slot_016	virtual_method	0.910	backend_basetype2	backend_dataflow@0x00b0e82c	backend_dataflow.slot_016	vtable_membership:1 classes	0	1	15
00734b93	FUN_00734b93	backend_basetype2__slot_017	virtual_method	0.910	backend_basetype2	backend_dataflow@0x00b0e82c	backend_dataflow.slot_017	vtable_membership:1 classes	0	0	45
00734bc0	FUN_00734bc0	backend_basetype2__slot_018	virtual_method	0.910	backend_basetype2	backend_dataflow@0x00b0e82c	backend_dataflow.slot_018	vtable_membership:1 classes	0	1	10
00734bca	FUN_00734bca	backend_basetype2__slot_026	virtual_method	0.910	backend_basetype2	backend_dataflow@0x00b0e82c	backend_dataflow.slot_026	vtable_membership:1 classes	0	0	21
00734bdf	FUN_00734bdf	backend_basetype2__slot_027	virtual_method	0.910	backend_basetype2	backend_dataflow@0x00b0e82c	backend_dataflow.slot_027	vtable_membership:1 classes	0	0	9
00734be8	FUN_00734be8	backend_basetype2__slot_029	virtual_method	0.910	backend_basetype2	backend_dataflow@0x00b0e82c	backend_dataflow.slot_029	vtable_membership:1 classes	0	0	10
00734bf2	FUN_00734bf2	backend_basetype2__slot_034	virtual_method	0.910	backend_basetype2	backend_dataflow@0x00b0e82c	backend_dataflow.slot_034	vtable_membership:1 classes	0	0	10
00734bfc	FUN_00734bfc	backend_basetype2__slot_040	virtual_method	0.910	backend_basetype2	backend_dataflow@0x00b0e82c	backend_dataflow.slot_040	vtable_membership:1 classes	0	0	9
00734c05	FUN_00734c05	backend_basetype2__slot_043	virtual_method	0.910	backend_basetype2	backend_dataflow@0x00b0e82c	backend_dataflow.slot_043	vtable_membership:1 classes	0	0	9
00734c0e	FUN_00734c0e	backend_basetype2__slot_044	virtual_method	0.910	backend_basetype2	backend_dataflow@0x00b0e82c	backend_dataflow.slot_044	vtable_membership:1 classes	0	0	9
00734c17	FUN_00734c17	backend_basetype2__slot_058	virtual_method	0.910	backend_basetype2	backend_dataflow@0x00b0e82c	backend_dataflow.slot_058	vtable_membership:1 classes	0	0	9
00734c20	FUN_00734c20	backend_basetype2__slot_062	virtual_method	0.910	backend_basetype2	backend_dataflow@0x00b0e82c	backend_dataflow.slot_062	vtable_membership:1 classes	0	0	5
00734c25	FUN_00734c25	backend_basetype2__slot_065	virtual_method	0.910	backend_basetype2	backend_dataflow@0x00b0e82c	backend_dataflow.slot_065	vtable_membership:1 classes	0	0	9
00734c2e	FUN_00734c2e	backend_basetype2__slot_067	virtual_method	0.910	backend_basetype2	backend_dataflow@0x00b0e82c	backend_dataflow.slot_067	vtable_membership:1 classes	0	0	9
00734c37	FUN_00734c37	backend_basetype2__slot_070	virtual_method	0.910	backend_basetype2	backend_dataflow@0x00b0e82c	backend_dataflow.slot_070	vtable_membership:1 classes	0	0	9
00734c40	FUN_00734c40	backend_basetype2__slot_071	virtual_method	0.910	backend_basetype2	backend_dataflow@0x00b0e82c	backend_dataflow.slot_071	vtable_membership:1 classes	0	0	9
00734c49	FUN_00734c49	backend_basetype2__slot_073	virtual_method	0.910	backend_basetype2	backend_dataflow@0x00b0e82c	backend_dataflow.slot_073	vtable_membership:1 classes	0	0	9
00734c52	FUN_00734c52	backend_basetype2__slot_074	virtual_method	0.910	backend_basetype2	backend_dataflow@0x00b0e82c	backend_dataflow.slot_074	vtable_membership:1 classes	0	0	5
00734c57	FUN_00734c57	backend_basetype2__slot_075	virtual_method	0.910	backend_basetype2	backend_dataflow@0x00b0e82c	backend_dataflow.slot_075	vtable_membership:1 classes	0	0	5
00734c5c	FUN_00734c5c	backend_basetype2__slot_076	virtual_method	0.910	backend_basetype2	backend_dataflow@0x00b0e82c	backend_dataflow.slot_076	vtable_membership:1 classes	0	0	5
00734c61	FUN_00734c61	backend_basetype2__slot_078	virtual_method	0.910	backend_basetype2	backend_dataflow@0x00b0e82c	backend_dataflow.slot_078	vtable_membership:1 classes	0	0	14
00734c6f	FUN_00734c6f	backend_basetype2__slot_079	virtual_method	0.910	backend_basetype2	backend_dataflow@0x00b0e82c	backend_dataflow.slot_079	vtable_membership:1 classes	0	0	9
00734c78	FUN_00734c78	backend_basetype2__slot_080	virtual_method	0.910	backend_basetype2	backend_dataflow@0x00b0e82c	backend_dataflow.slot_080	vtable_membership:1 classes	0	0	16
00734c88	FUN_00734c88	backend_basetype2__slot_081	virtual_method	0.910	backend_basetype2	backend_dataflow@0x00b0e82c	backend_dataflow.slot_081	vtable_membership:1 classes	0	0	10
00734c92	FUN_00734c92	backend_basetype2__slot_083	virtual_method	0.910	backend_basetype2	backend_dataflow@0x00b0e82c	backend_dataflow.slot_083	vtable_membership:1 classes	0	0	9
00734c9b	FUN_00734c9b	backend_basetype2__slot_087	virtual_method	0.910	backend_basetype2	backend_dataflow@0x00b0e82c	backend_dataflow.slot_087	vtable_membership:1 classes	0	0	9
00734ca4	FUN_00734ca4	backend_basetype2__slot_088	virtual_method	0.910	backend_basetype2	backend_dataflow@0x00b0e82c	backend_dataflow.slot_088	vtable_membership:1 classes	0	0	5
00734ca9	FUN_00734ca9	backend_basetype2__slot_089	virtual_method	0.910	backend_basetype2	backend_dataflow@0x00b0e82c	backend_dataflow.slot_089	vtable_membership:1 classes	0	0	5
00734cae	FUN_00734cae	backend_basetype2__slot_090	virtual_method	0.910	backend_basetype2	backend_dataflow@0x00b0e82c	backend_dataflow.slot_090	vtable_membership:1 classes	0	0	10
00734cb8	FUN_00734cb8	backend_basetype2__slot_093	virtual_method	0.910	backend_basetype2	backend_dataflow@0x00b0e82c	backend_dataflow.slot_093	vtable_membership:1 classes	0	1	10
00734cc2	FUN_00734cc2	backend_basetype2__slot_103	virtual_method	0.910	backend_basetype2	backend_dataflow@0x00b0e82c	backend_dataflow.slot_103	vtable_membership:1 classes	0	1	15
00734cd1	FUN_00734cd1	backend_basetype2__slot_104	virtual_method	0.910	backend_basetype2	backend_dataflow@0x00b0e82c	backend_dataflow.slot_104	vtable_membership:1 classes	0	1	10
00734cdb	FUN_00734cdb	backend_basetype2__slot_105	virtual_method	0.910	backend_basetype2	backend_dataflow@0x00b0e82c	backend_dataflow.slot_105	vtable_membership:1 classes	0	0	106
00734d45	FUN_00734d45	backend_basetype2__slot_106	virtual_method	0.910	backend_basetype2	backend_dataflow@0x00b0e82c	backend_dataflow.slot_106	vtable_membership:1 classes	0	1	14
00734d53	FUN_00734d53	backend_basetype2__slot_107	virtual_method	0.910	backend_basetype2	backend_dataflow@0x00b0e82c	backend_dataflow.slot_107	vtable_membership:1 classes	0	1	14
00734d61	FUN_00734d61	backend_basetype2__slot_108	virtual_method	0.910	backend_basetype2	backend_dataflow@0x00b0e82c	backend_dataflow.slot_108	vtable_membership:1 classes	0	1	14
00734d6f	FUN_00734d6f	backend_basetype2__slot_109	virtual_method	0.910	backend_basetype2	backend_dataflow@0x00b0e82c	backend_dataflow.slot_109	vtable_membership:1 classes	0	1	14
00734d7d	FUN_00734d7d	backend_basetype2__slot_117	virtual_method	0.910	backend_basetype2	backend_dataflow@0x00b0e82c	backend_dataflow.slot_117	vtable_membership:1 classes	0	0	9
00734d86	FUN_00734d86	backend_basetype2__slot_122	virtual_method	0.910	backend_basetype2	backend_dataflow@0x00b0e82c	backend_dataflow.slot_122	vtable_membership:1 classes	0	0	9
00734d8f	FUN_00734d8f	backend_basetype2__slot_123	virtual_method	0.910	backend_basetype2	backend_dataflow@0x00b0e82c	backend_dataflow.slot_123	vtable_membership:1 classes	0	0	9
00734d98	FUN_00734d98	backend_basetype2__slot_124	virtual_method	0.910	backend_basetype2	backend_dataflow@0x00b0e82c	backend_dataflow.slot_124	vtable_membership:1 classes	0	0	9
00734da1	FUN_00734da1	backend_basetype2__slot_125	virtual_method	0.910	backend_basetype2	backend_dataflow@0x00b0e82c	backend_dataflow.slot_125	vtable_membership:1 classes	0	0	9
00734daa	FUN_00734daa	backend_basetype2__slot_126	virtual_method	0.910	backend_basetype2	backend_dataflow@0x00b0e82c	backend_dataflow.slot_126	vtable_membership:1 classes	0	0	9
00734db3	FUN_00734db3	backend_basetype2__slot_128	virtual_method	0.910	backend_basetype2	backend_dataflow@0x00b0e82c	backend_dataflow.slot_128	vtable_membership:1 classes	0	1	99
00734e16	FUN_00734e16	backend_basetype2__slot_129	virtual_method	0.910	backend_basetype2	backend_dataflow@0x00b0e82c	backend_dataflow.slot_129	vtable_membership:1 classes	0	0	5
00734e1b	FUN_00734e1b	backend_basetype2__slot_132	virtual_method	0.910	backend_basetype2	backend_dataflow@0x00b0e82c	backend_dataflow.slot_132	vtable_membership:1 classes	0	0	9
00734e24	FUN_00734e24	backend_basetype2__slot_138	virtual_method	0.910	backend_basetype2	backend_dataflow@0x00b0e82c	backend_dataflow.slot_138	vtable_membership:1 classes	0	0	9
00734e2d	FUN_00734e2d	backend_basetype2__slot_140	virtual_method	0.910	backend_basetype2	backend_dataflow@0x00b0e82c	backend_dataflow.slot_140	vtable_membership:1 classes	0	0	5
00734e32	FUN_00734e32	backend_basetype2__slot_141	virtual_method	0.910	backend_basetype2	backend_dataflow@0x00b0e82c	backend_dataflow.slot_141	vtable_membership:1 classes	0	0	5
00734e37	FUN_00734e37	backend_basetype2__slot_142	virtual_method	0.910	backend_basetype2	backend_dataflow@0x00b0e82c	backend_dataflow.slot_142	vtable_membership:1 classes	0	0	5
00734e3c	FUN_00734e3c	backend_basetype2__slot_143	virtual_method	0.910	backend_basetype2	backend_dataflow@0x00b0e82c	backend_dataflow.slot_143	vtable_membership:1 classes	0	0	5
00734e41	FUN_00734e41	backend_basetype2__slot_144	virtual_method	0.910	backend_basetype2	backend_dataflow@0x00b0e82c	backend_dataflow.slot_144	vtable_membership:1 classes	0	0	5
00734e46	FUN_00734e46	backend_basetype2__slot_145	virtual_method	0.910	backend_basetype2	backend_dataflow@0x00b0e82c	backend_dataflow.slot_145	vtable_membership:1 classes	0	1	15
00734e55	FUN_00734e55	backend_basetype2__slot_146	virtual_method	0.910	backend_basetype2	backend_dataflow@0x00b0e82c	backend_dataflow.slot_146	vtable_membership:1 classes	0	0	5
00734e5a	FUN_00734e5a	backend_basetype2__slot_147	virtual_method	0.910	backend_basetype2	backend_dataflow@0x00b0e82c	backend_dataflow.slot_147	vtable_membership:1 classes	0	0	5
00734e5f	FUN_00734e5f	backend_basetype2__slot_148	virtual_method	0.910	backend_basetype2	backend_dataflow@0x00b0e82c	backend_dataflow.slot_148	vtable_membership:1 classes	0	0	10
00734e69	FUN_00734e69	backend_basetype2__slot_152	virtual_method	0.910	backend_basetype2	backend_dataflow@0x00b0e82c	backend_dataflow.slot_152	vtable_membership:1 classes	0	0	9
00734e72	FUN_00734e72	backend_basetype2__slot_153	virtual_method	0.910	backend_basetype2	backend_dataflow@0x00b0e82c	backend_dataflow.slot_153	vtable_membership:1 classes	0	0	10
00734e7c	FUN_00734e7c	backend_basetype2__slot_154	virtual_method	0.910	backend_basetype2	backend_dataflow@0x00b0e82c	backend_dataflow.slot_154	vtable_membership:1 classes	0	0	10
00734e86	FUN_00734e86	backend_basetype2__slot_159	virtual_method	0.910	backend_basetype2	backend_dataflow@0x00b0e82c	backend_dataflow.slot_159	vtable_membership:1 classes	0	1	10
00734e90	FUN_00734e90	backend_basetype2__slot_160	virtual_method	0.910	backend_basetype2	backend_dataflow@0x00b0e82c	backend_dataflow.slot_160	vtable_membership:1 classes	0	1	10
00734e9a	FUN_00734e9a	backend_basetype2__slot_161	virtual_method	0.910	backend_basetype2	backend_dataflow@0x00b0e82c	backend_dataflow.slot_161	vtable_membership:1 classes	0	0	5
00734e9f	FUN_00734e9f	backend_basetype2__slot_162	virtual_method	0.910	backend_basetype2	backend_dataflow@0x00b0e82c	backend_dataflow.slot_162	vtable_membership:1 classes	0	0	5
00734ea4	FUN_00734ea4	backend_basetype2__slot_163	virtual_method	0.910	backend_basetype2	backend_dataflow@0x00b0e82c	backend_dataflow.slot_163	vtable_membership:1 classes	0	0	5
00734ea9	FUN_00734ea9	backend_basetype2__slot_164	virtual_method	0.910	backend_basetype2	backend_dataflow@0x00b0e82c	backend_dataflow.slot_164	vtable_membership:1 classes	0	0	10
00734eb3	FUN_00734eb3	backend_basetype2__slot_182	virtual_method	0.910	backend_basetype2	backend_dataflow@0x00b0e82c	backend_dataflow.slot_182	vtable_membership:1 classes	0	0	5
00734eb8	FUN_00734eb8	backend_basetype2__slot_187	virtual_method	0.910	backend_basetype2	backend_dataflow@0x00b0e82c	backend_dataflow.slot_187	vtable_membership:1 classes	0	0	5
00734ebd	FUN_00734ebd	backend_basetype2__slot_188	virtual_method	0.910	backend_basetype2	backend_dataflow@0x00b0e82c	backend_dataflow.slot_188	vtable_membership:1 classes	0	0	10
00734ec7	FUN_00734ec7	backend_basetype2__slot_189	virtual_method	0.910	backend_basetype2	backend_dataflow@0x00b0e82c	backend_dataflow.slot_189	vtable_membership:1 classes	0	0	5
00734ecc	FUN_00734ecc	backend_basetype2__slot_190	virtual_method	0.910	backend_basetype2	backend_dataflow@0x00b0e82c	backend_dataflow.slot_190	vtable_membership:1 classes	0	0	8
00734ed4	FUN_00734ed4	backend_basetype2__slot_191	virtual_method	0.910	backend_basetype2	backend_dataflow@0x00b0e82c	backend_dataflow.slot_191	vtable_membership:1 classes	0	0	9
00734edd	FUN_00734edd	backend_basetype2__slot_192	virtual_method	0.910	backend_basetype2	backend_dataflow@0x00b0e82c	backend_dataflow.slot_192	vtable_membership:1 classes	0	0	9
00734ee6	FUN_00734ee6	backend_basetype2__slot_193	virtual_method	0.910	backend_basetype2	backend_dataflow@0x00b0e82c	backend_dataflow.slot_193	vtable_membership:1 classes	0	0	9
00734eef	FUN_00734eef	backend_basetype2__slot_195	virtual_method	0.910	backend_basetype2	backend_dataflow@0x00b0e82c	backend_dataflow.slot_195	vtable_membership:1 classes	0	0	10
00734ef9	FUN_00734ef9	backend_basetype2__slot_198	virtual_method	0.910	backend_basetype2	backend_dataflow@0x00b0e82c	backend_dataflow.slot_198	vtable_membership:1 classes	0	0	9
00734f02	FUN_00734f02	backend_basetype2__slot_200	virtual_method	0.910	backend_basetype2	backend_dataflow@0x00b0e82c	backend_dataflow.slot_200	vtable_membership:1 classes	0	0	12
00734f0e	FUN_00734f0e	backend_basetype2__slot_201	virtual_method	0.910	backend_basetype2	backend_dataflow@0x00b0e82c	backend_dataflow.slot_201	vtable_membership:1 classes	0	0	9
00734f17	FUN_00734f17	backend_basetype2__slot_202	virtual_method	0.910	backend_basetype2	backend_dataflow@0x00b0e82c	backend_dataflow.slot_202	vtable_membership:1 classes	0	1	10
00734f21	FUN_00734f21	backend_basetype2__slot_203	virtual_method	0.910	backend_basetype2	backend_dataflow@0x00b0e82c	backend_dataflow.slot_203	vtable_membership:1 classes	0	1	10
00734f2b	FUN_00734f2b	backend_basetype2__slot_204	virtual_method	0.910	backend_basetype2	backend_dataflow@0x00b0e82c	backend_dataflow.slot_204	vtable_membership:1 classes	0	0	5
00734f30	FUN_00734f30	backend_basetype2__slot_205	virtual_method	0.910	backend_basetype2	backend_dataflow@0x00b0e82c	backend_dataflow.slot_205	vtable_membership:1 classes	0	0	5
00734f35	FUN_00734f35	backend_basetype2__slot_207	virtual_method	0.910	backend_basetype2	backend_dataflow@0x00b0e82c	backend_dataflow.slot_207	vtable_membership:1 classes	0	0	5
00734f3a	FUN_00734f3a	backend_basetype2__slot_208	virtual_method	0.910	backend_basetype2	backend_dataflow@0x00b0e82c	backend_dataflow.slot_208	vtable_membership:1 classes	0	0	9
00734f43	FUN_00734f43	backend_basetype2__slot_209	virtual_method	0.910	backend_basetype2	backend_dataflow@0x00b0e82c	backend_dataflow.slot_209	vtable_membership:1 classes	0	0	9
00734f4c	FUN_00734f4c	backend_basetype2__slot_211	virtual_method	0.910	backend_basetype2	backend_dataflow@0x00b0e82c	backend_dataflow.slot_211	vtable_membership:1 classes	0	0	10
00734f56	FUN_00734f56	backend_basetype2__slot_213	virtual_method	0.910	backend_basetype2	backend_dataflow@0x00b0e82c	backend_dataflow.slot_213	vtable_membership:1 classes	0	0	5
00734f5b	FUN_00734f5b	backend_basetype2__slot_214	virtual_method	0.910	backend_basetype2	backend_dataflow@0x00b0e82c	backend_dataflow.slot_214	vtable_membership:1 classes	0	0	9
00734f64	FUN_00734f64	backend_basetype2__slot_215	virtual_method	0.910	backend_basetype2	backend_dataflow@0x00b0e82c	backend_dataflow.slot_215	vtable_membership:1 classes	0	0	5
00734f69	FUN_00734f69	backend_basetype2__slot_217	virtual_method	0.910	backend_basetype2	backend_dataflow@0x00b0e82c	backend_dataflow.slot_217	vtable_membership:1 classes	0	0	9
00734f72	FUN_00734f72	backend_basetype2__slot_218	virtual_method	0.910	backend_basetype2	backend_dataflow@0x00b0e82c	backend_dataflow.slot_218	vtable_membership:1 classes	0	0	9
00734f7b	FUN_00734f7b	backend_basetype2__slot_219	virtual_method	0.910	backend_basetype2	backend_dataflow@0x00b0e82c	backend_dataflow.slot_219	vtable_membership:1 classes	0	0	9
00734f84	FUN_00734f84	backend_basetype2__slot_220	virtual_method	0.910	backend_basetype2	backend_dataflow@0x00b0e82c	backend_dataflow.slot_220	vtable_membership:1 classes	0	1	10
00734f8e	FUN_00734f8e	backend_basetype2__slot_221	virtual_method	0.910	backend_basetype2	backend_dataflow@0x00b0e82c	backend_dataflow.slot_221	vtable_membership:1 classes	0	0	5
00734f93	FUN_00734f93	backend_basetype2__slot_222	virtual_method	0.910	backend_basetype2	backend_dataflow@0x00b0e82c	backend_dataflow.slot_222	vtable_membership:1 classes	0	1	10
00734f9d	FUN_00734f9d	backend_basetype2__slot_223	virtual_method	0.910	backend_basetype2	backend_dataflow@0x00b0e82c	backend_dataflow.slot_223	vtable_membership:1 classes	0	1	10
00734fa7	FUN_00734fa7	backend_basetype2__slot_224	virtual_method	0.910	backend_basetype2	backend_dataflow@0x00b0e82c	backend_dataflow.slot_224	vtable_membership:1 classes	0	0	9
00734fb0	FUN_00734fb0	backend_basetype2__slot_225	virtual_method	0.910	backend_basetype2	backend_dataflow@0x00b0e82c	backend_dataflow.slot_225	vtable_membership:1 classes	0	0	5
00734fb5	FUN_00734fb5	backend_basetype2__slot_226	virtual_method	0.910	backend_basetype2	backend_dataflow@0x00b0e82c	backend_dataflow.slot_226	vtable_membership:1 classes	0	0	5
00734fba	FUN_00734fba	backend_basetype2__slot_227	virtual_method	0.910	backend_basetype2	backend_dataflow@0x00b0e82c	backend_dataflow.slot_227	vtable_membership:1 classes	0	0	5
00734fbf	FUN_00734fbf	backend_basetype2__slot_228	virtual_method	0.910	backend_basetype2	backend_dataflow@0x00b0e82c	backend_dataflow.slot_228	vtable_membership:1 classes	0	0	9
00734fc8	FUN_00734fc8	backend_basetype2__slot_230	virtual_method	0.910	backend_basetype2	backend_dataflow@0x00b0e82c	backend_dataflow.slot_230	vtable_membership:1 classes	0	0	9
00734fd1	FUN_00734fd1	backend_basetype2__slot_231	virtual_method	0.910	backend_basetype2	backend_dataflow@0x00b0e82c	backend_dataflow.slot_231	vtable_membership:1 classes	0	1	15
00734fe0	FUN_00734fe0	backend_basetype2__slot_232	virtual_method	0.910	backend_basetype2	backend_dataflow@0x00b0e82c	backend_dataflow.slot_232	vtable_membership:1 classes	0	0	9
00734fe9	FUN_00734fe9	backend_basetype2__slot_233	virtual_method	0.910	backend_basetype2	backend_dataflow@0x00b0e82c	backend_dataflow.slot_233	vtable_membership:1 classes	0	0	5
00734fee	FUN_00734fee	backend_basetype2__slot_019	virtual_method	0.910	backend_basetype2	backend_dataflow@0x00b0e82c	backend_dataflow.slot_019	vtable_membership:1 classes	0	0	9
00734ff7	FUN_00734ff7	backend_basetype2__slot_020	virtual_method	0.910	backend_basetype2	backend_dataflow@0x00b0e82c	backend_dataflow.slot_020	vtable_membership:1 classes	0	0	9
00735000	FUN_00735000	backend_basetype2__slot_021	virtual_method	0.910	backend_basetype2	backend_dataflow@0x00b0e82c	backend_dataflow.slot_021	vtable_membership:1 classes	0	1	14
0073500e	FUN_0073500e	backend_basetype2__slot_022	virtual_method	0.910	backend_basetype2	backend_dataflow@0x00b0e82c	backend_dataflow.slot_022	vtable_membership:1 classes	0	1	15
0073501d	FUN_0073501d	backend_basetype2__slot_023	virtual_method	0.910	backend_basetype2	backend_dataflow@0x00b0e82c	backend_dataflow.slot_023	vtable_membership:1 classes	0	0	9
00735026	FUN_00735026	backend_basetype2__slot_240	virtual_method	0.910	backend_basetype2	backend_dataflow@0x00b0e82c	backend_dataflow.slot_240	vtable_membership:1 classes	0	0	5
0073502b	FUN_0073502b	backend_basetype2__slot_242	virtual_method	0.910	backend_basetype2	backend_dataflow@0x00b0e82c	backend_dataflow.slot_242	vtable_membership:1 classes	0	0	9
00735034	FUN_00735034	backend_basetype2__slot_243	virtual_method	0.910	backend_basetype2	backend_dataflow@0x00b0e82c	backend_dataflow.slot_243	vtable_membership:1 classes	0	0	9
0073503d	FUN_0073503d	backend_basetype2__slot_244	virtual_method	0.910	backend_basetype2	backend_dataflow@0x00b0e82c	backend_dataflow.slot_244	vtable_membership:1 classes	0	0	9
00735046	FUN_00735046	backend_basetype2__slot_245	virtual_method	0.910	backend_basetype2	backend_dataflow@0x00b0e82c	backend_dataflow.slot_245	vtable_membership:1 classes	0	0	5
0073504b	FUN_0073504b	backend_basetype2__slot_248	virtual_method	0.910	backend_basetype2	backend_dataflow@0x00b0e82c	backend_dataflow.slot_248	vtable_membership:1 classes	0	0	9
00735054	FUN_00735054	backend_basetype2__slot_249	virtual_method	0.910	backend_basetype2	backend_dataflow@0x00b0e82c	backend_dataflow.slot_249	vtable_membership:1 classes	0	0	9
0073505d	FUN_0073505d	backend_basetype2__slot_250	virtual_method	0.910	backend_basetype2	backend_dataflow@0x00b0e82c	backend_dataflow.slot_250	vtable_membership:1 classes	0	0	5
00735062	FUN_00735062	backend_basetype2__slot_251	virtual_method	0.910	backend_basetype2	backend_dataflow@0x00b0e82c	backend_dataflow.slot_251	vtable_membership:1 classes	0	0	8
0073506a	FUN_0073506a	backend_basetype2__slot_252	virtual_method	0.910	backend_basetype2	backend_dataflow@0x00b0e82c	backend_dataflow.slot_252	vtable_membership:1 classes	0	0	9
00735073	FUN_00735073	backend_basetype2__slot_253	virtual_method	0.910	backend_basetype2	backend_dataflow@0x00b0e82c	backend_dataflow.slot_253	vtable_membership:1 classes	0	0	9
0073507c	FUN_0073507c	backend_basetype2__slot_259	virtual_method	0.910	backend_basetype2	backend_dataflow@0x00b0e82c	backend_dataflow.slot_259	vtable_membership:1 classes	0	0	9
00735085	FUN_00735085	backend_basetype2__slot_260	virtual_method	0.910	backend_basetype2	backend_dataflow@0x00b0e82c	backend_dataflow.slot_260	vtable_membership:1 classes	0	0	9
0073508e	FUN_0073508e	backend_basetype2__slot_261	virtual_method	0.910	backend_basetype2	backend_dataflow@0x00b0e82c	backend_dataflow.slot_261	vtable_membership:1 classes	0	0	10
00735098	FUN_00735098	backend_basetype2__slot_120	virtual_method	0.910	backend_basetype2	backend_dataflow@0x00b0e82c	backend_dataflow.slot_120	vtable_membership:1 classes	0	1	56
007350d0	FUN_007350d0	backend_basetype2__slot_121	virtual_method	0.910	backend_basetype2	backend_dataflow@0x00b0e82c	backend_dataflow.slot_121	vtable_membership:1 classes	0	0	9
0073542d	FUN_0073542d	backend_basetype2__slot_069	virtual_method	0.910	backend_basetype2	backend_dataflow@0x00b0e82c	backend_dataflow.slot_069	vtable_membership:1 classes	1	3	192
00735ac3	FUN_00735ac3	ls_window_scheduler__slot_001	virtual_method	0.910	ls_window_scheduler	ws_interface@0x00b0b7b8	ws_interface.slot_001	vtable_membership:1 classes	0	0	5
00735ac8	FUN_00735ac8	ls_window_scheduler__slot_002	virtual_method	0.910	ls_window_scheduler	ws_interface@0x00b0b7b8	ws_interface.slot_002	vtable_membership:1 classes	0	0	5
00735acd	FUN_00735acd	ls_window_scheduler__slot_009	virtual_method	0.910	ls_window_scheduler	ws_interface@0x00b0b7b8	ws_interface.slot_009	vtable_membership:1 classes	0	0	19
00735ae0	FUN_00735ae0	ls_window_scheduler__slot_010	virtual_method	0.910	ls_window_scheduler	ws_interface@0x00b0b7b8	ws_interface.slot_010	vtable_membership:1 classes	0	0	19
00735af3	FUN_00735af3	ls_window_scheduler__slot_011	virtual_method	0.910	ls_window_scheduler	ws_interface@0x00b0b7b8	ws_interface.slot_011	vtable_membership:1 classes	0	0	13
00735b00	FUN_00735b00	ls_window_scheduler__slot_012	virtual_method	0.910	ls_window_scheduler	ws_interface@0x00b0b7b8	ws_interface.slot_012	vtable_membership:1 classes	0	0	13
0073950f	FUN_0073950f	resource_model_scheduler__slot_001	virtual_method	0.910	resource_model_scheduler	list_scheduler@0x00b0c0e4	list_scheduler.slot_001	vtable_membership:1 classes	3	2	203
0073a7f7	FUN_0073a7f7	compat_list_scheduler__slot_006	virtual_method	0.910	compat_list_scheduler	list_scheduler@0x00b0c0e4	list_scheduler.slot_006	vtable_membership:1 classes	0	2	40
0073a81f	FUN_0073a81f	compat_list_scheduler__slot_001	virtual_method	0.910	compat_list_scheduler	list_scheduler@0x00b0c0e4	list_scheduler.slot_001	vtable_membership:1 classes	0	2	42
0073a849	FUN_0073a849	compat_list_scheduler__slot_004	virtual_method	0.910	compat_list_scheduler	list_scheduler@0x00b0c0e4	list_scheduler.slot_004	vtable_membership:1 classes	0	3	423
0073aa46	FUN_0073aa46	ls_window_scheduler__slot_000	virtual_method	0.910	ls_window_scheduler	ws_interface@0x00b0b7b8	ws_interface.slot_000	vtable_membership:1 classes	0	1	75
0073aa91	FUN_0073aa91	ls_window_scheduler__slot_003	virtual_method	0.910	ls_window_scheduler	ws_interface@0x00b0b7b8	ws_interface.slot_003	vtable_membership:1 classes	0	5	299
0073abbc	FUN_0073abbc	ls_window_scheduler__slot_004	virtual_method	0.910	ls_window_scheduler	ws_interface@0x00b0b7b8	ws_interface.slot_004	vtable_membership:1 classes	0	1	64
0073abfc	FUN_0073abfc	ls_window_scheduler__slot_005	virtual_method	0.910	ls_window_scheduler	ws_interface@0x00b0b7b8	ws_interface.slot_005	vtable_membership:1 classes	0	1	210
0073acce	FUN_0073acce	ls_window_scheduler__slot_006	virtual_method	0.910	ls_window_scheduler	ws_interface@0x00b0b7b8	ws_interface.slot_006	vtable_membership:1 classes	0	1	168
0073ad76	FUN_0073ad76	ls_window_scheduler__slot_007	virtual_method	0.910	ls_window_scheduler	ws_interface@0x00b0b7b8	ws_interface.slot_007	vtable_membership:1 classes	0	2	94
0073add4	FUN_0073add4	ls_window_scheduler__slot_008	virtual_method	0.910	ls_window_scheduler	ws_interface@0x00b0b7b8	ws_interface.slot_008	vtable_membership:1 classes	0	1	104
0073b890	FUN_0073b890	immediate_implicit__slot_000	virtual_method	0.910	immediate_implicit	operand_parser@0x00b0c7cc	operand_parser.slot_000	vtable_membership:1 classes	0	0	9
0073b899	FUN_0073b899	immediate_implicit__slot_001	virtual_method	0.910	immediate_implicit	operand_parser@0x00b0c7cc	operand_parser.slot_001	vtable_membership:1 classes	0	0	5
00742a3b	FUN_00742a3b	register_range__slot_005	virtual_method	0.910	register_range	operand_parser@0x00b0c7cc	operand_parser.slot_005	vtable_membership:1 classes	0	6	402
00742bcd	FUN_00742bcd	register_range__slot_008	virtual_method	0.910	register_range	operand_parser@0x00b0c7cc	operand_parser.slot_008	vtable_membership:1 classes	0	1	91
00742c28	FUN_00742c28	register_range__slot_010	virtual_method	0.910	register_range	operand_parser@0x00b0c7cc	operand_parser.slot_010	vtable_membership:1 classes	0	2	41
00742c51	FUN_00742c51	register_set__slot_005	virtual_method	0.910	register_set	operand_parser@0x00b0c7cc	operand_parser.slot_005	vtable_membership:1 classes	0	6	444
00742e0d	FUN_00742e0d	register_set__slot_007	virtual_method	0.910	register_set	operand_parser@0x00b0c7cc	operand_parser.slot_007	vtable_membership:1 classes	0	2	101
00742e72	FUN_00742e72	register_set__slot_008	virtual_method	0.910	register_set	operand_parser@0x00b0c7cc	operand_parser.slot_008	vtable_membership:1 classes	0	1	133
00742ef7	FUN_00742ef7	register_implicit__slot_005	virtual_method	0.910	register_implicit	operand_parser@0x00b0c7cc	operand_parser.slot_005	vtable_membership:1 classes	0	7	404
0074308b	FUN_0074308b	register_implicit__slot_007	virtual_method	0.910	register_implicit	operand_parser@0x00b0c7cc	operand_parser.slot_007	vtable_membership:1 classes	0	1	44
007430b7	FUN_007430b7	register_implicit__slot_009	virtual_method	0.910	register_implicit	operand_parser@0x00b0c7cc	operand_parser.slot_009	vtable_membership:1 classes	0	4	127
007432aa	FUN_007432aa	immediate__slot_005	virtual_method	0.910	immediate	operand_parser@0x00b0c7cc	operand_parser.slot_005	vtable_membership:1 classes	1	15	1109
007438b4	FUN_007438b4	immediate__slot_009	virtual_method	0.910	immediate	operand_parser@0x00b0c7cc	operand_parser.slot_009	vtable_membership:1 classes	0	5	144
00743944	FUN_00743944	immediate_implicit__slot_005	virtual_method	0.910	immediate_implicit	operand_parser@0x00b0c7cc	operand_parser.slot_005	vtable_membership:1 classes	0	2	42
0074396e	FUN_0074396e	immediate_implicit__slot_007	virtual_method	0.910	immediate_implicit	operand_parser@0x00b0c7cc	operand_parser.slot_007	vtable_membership:1 classes	0	2	177
00743a1f	FUN_00743a1f	immediate_implicit__slot_009	virtual_method	0.910	immediate_implicit	operand_parser@0x00b0c7cc	operand_parser.slot_009	vtable_membership:1 classes	0	6	430
00743bcd	FUN_00743bcd	statictext__slot_008	virtual_method	0.910	statictext	operand_parser@0x00b0c7cc	operand_parser.slot_008	vtable_membership:1 classes	0	1	24
00744328	FUN_00744328	compose__slot_005	virtual_method	0.910	compose	operand_parser@0x00b0c7cc	operand_parser.slot_005	vtable_membership:1 classes	0	8	1545
00744931	FUN_00744931	compose__slot_006	virtual_method	0.910	compose	operand_parser@0x00b0c7cc	operand_parser.slot_006	vtable_membership:1 classes	0	16	2270
0074520f	FUN_0074520f	compose__slot_009	virtual_method	0.910	compose	operand_parser@0x00b0c7cc	operand_parser.slot_009	vtable_membership:1 classes	0	7	686
0074563b	FUN_0074563b	choose__slot_005	virtual_method	0.910	choose	operand_parser@0x00b0c7cc	operand_parser.slot_005	vtable_membership:1 classes	0	1	67
0074567e	FUN_0074567e	choose__slot_006	virtual_method	0.910	choose	operand_parser@0x00b0c7cc	operand_parser.slot_006	vtable_membership:1 classes	0	2	169
00745727	FUN_00745727	choose__slot_009	virtual_method	0.910	choose	operand_parser@0x00b0c7cc	operand_parser.slot_009	vtable_membership:1 classes	0	2	92
00745783	FUN_00745783	multiple_fields__slot_005	virtual_method	0.910	multiple_fields	operand_parser@0x00b0c7cc	operand_parser.slot_005	vtable_membership:1 classes	0	0	42
007457ad	FUN_007457ad	multiple_fields__slot_006	virtual_method	0.910	multiple_fields	operand_parser@0x00b0c7cc	operand_parser.slot_006	vtable_membership:1 classes	0	1	130
0074582f	FUN_0074582f	multiple_fields__slot_009	virtual_method	0.910	multiple_fields	operand_parser@0x00b0c7cc	operand_parser.slot_009	vtable_membership:1 classes	0	0	48
00747cd2	FUN_00747cd2	Num__slot_016	virtual_method	0.910	Num	Exp@0x00b0d2d4	Exp.slot_016	vtable_membership:1 classes	0	0	9
00747cdb	FUN_00747cdb	Num__slot_024	virtual_method	0.910	Num	Exp@0x00b0d2d4	Exp.slot_024	vtable_membership:1 classes	0	1	111
00747dd5	FUN_00747dd5	Bot__slot_018	virtual_method	0.910	Bot	Exp@0x00b0d2d4	Exp.slot_018	vtable_membership:1 classes	0	0	9
00747dde	FUN_00747dde	Bot__slot_025	virtual_method	0.910	Bot	Exp@0x00b0d2d4	Exp.slot_025	vtable_membership:1 classes	0	1	139
00747ed8	FUN_00747ed8	Mem__slot_019	virtual_method	0.910	Mem	Exp@0x00b0d2d4	Exp.slot_019	vtable_membership:1 classes	0	0	9
00747ee1	FUN_00747ee1	Mem__slot_025	virtual_method	0.910	Mem	Exp@0x00b0d2d4	Exp.slot_025	vtable_membership:1 classes	0	2	181
00748266	FUN_00748266	Cmm__slot_021	virtual_method	0.910	Cmm	Exp@0x00b0d2d4	Exp.slot_021	vtable_membership:1 classes	0	0	9
0074826f	FUN_0074826f	Cmm__slot_025	virtual_method	0.910	Cmm	Exp@0x00b0d2d4	Exp.slot_025	vtable_membership:1 classes	0	2	121
007482e8	FUN_007482e8	Ncm__slot_022	virtual_method	0.910	Ncm	Exp@0x00b0d2d4	Exp.slot_022	vtable_membership:1 classes	0	0	9
00748388	FUN_00748388	Ncm__slot_025	virtual_method	0.910	Ncm	Exp@0x00b0d2d4	Exp.slot_025	vtable_membership:1 classes	0	2	112
007483f8	FUN_007483f8	Uop__slot_023	virtual_method	0.910	Uop	Exp@0x00b0d2d4	Exp.slot_023	vtable_membership:1 classes	0	0	9
00748401	FUN_00748401	Uop__slot_024	virtual_method	0.910	Uop	Exp@0x00b0d2d4	Exp.slot_024	vtable_membership:1 classes	0	1	135
0074a248	FUN_0074a248	singleton_iter__slot_000	virtual_method	0.910	singleton_iter	obj_iter@0x00b0d3b8	obj_iter.slot_000	vtable_membership:1 classes	0	0	19
0074a25b	FUN_0074a25b	singleton_iter__slot_001	virtual_method	0.910	singleton_iter	obj_iter@0x00b0d3b8	obj_iter.slot_001	vtable_membership:1 classes	0	0	20
0074a26f	FUN_0074a26f	singleton_iter__slot_002	virtual_method	0.910	singleton_iter	obj_iter@0x00b0d3b8	obj_iter.slot_002	vtable_membership:1 classes	0	0	21
0074a284	FUN_0074a284	var_map_objectlist_var_map_iter__slot_000	virtual_method	0.910	var_map<objectlist>::var_map_iter	obj_iter@0x00b0d3b8	obj_iter.slot_000	vtable_membership:1 classes	0	0	127
0074a303	FUN_0074a303	var_map_objectlist_var_map_iter__slot_001	virtual_method	0.910	var_map<objectlist>::var_map_iter	obj_iter@0x00b0d3b8	obj_iter.slot_001	vtable_membership:1 classes	0	1	56
0074a33b	FUN_0074a33b	var_map_objectlist_var_map_iter__slot_002	virtual_method	0.910	var_map<objectlist>::var_map_iter	obj_iter@0x00b0d3b8	obj_iter.slot_002	vtable_membership:1 classes	0	0	21
0074a350	FUN_0074a350	objectlist_iter__slot_001	virtual_method	0.910	objectlist_iter	obj_iter@0x00b0d3b8	obj_iter.slot_001	vtable_membership:1 classes	0	0	26
0074a36a	FUN_0074a36a	objectlist_iter__slot_000	virtual_method	0.910	objectlist_iter	obj_iter@0x00b0d3b8	obj_iter.slot_000	vtable_membership:1 classes	0	0	19
0074a37d	FUN_0074a37d	objectlist_iter__slot_002	virtual_method	0.910	objectlist_iter	obj_iter@0x00b0d3b8	obj_iter.slot_002	vtable_membership:1 classes	0	0	21
0074a392	FUN_0074a392	var_multimap_impl__slot_000	virtual_method	0.910	var_multimap_impl	var_multimap@0x00b0d3d8	var_multimap.slot_000	vtable_membership:1 classes	0	3	71
0074a3d9	FUN_0074a3d9	var_multimap_impl__slot_001	virtual_method	0.910	var_multimap_impl	var_multimap@0x00b0d3d8	var_multimap.slot_001	vtable_membership:1 classes	0	3	69
0074a41e	FUN_0074a41e	var_multimap_impl__slot_002	virtual_method	0.910	var_multimap_impl	var_multimap@0x00b0d3d8	var_multimap.slot_002	vtable_membership:1 classes	0	4	89
0074a477	FUN_0074a477	var_multimap_impl__slot_003	virtual_method	0.910	var_multimap_impl	var_multimap@0x00b0d3d8	var_multimap.slot_003	vtable_membership:1 classes	0	4	89
0074a4d0	FUN_0074a4d0	var_multimap_impl__slot_004	virtual_method	0.910	var_multimap_impl	var_multimap@0x00b0d3d8	var_multimap.slot_004	vtable_membership:1 classes	0	1	24
0074a4e8	FUN_0074a4e8	var_multimap_impl__slot_005	virtual_method	0.910	var_multimap_impl	var_multimap@0x00b0d3d8	var_multimap.slot_005	vtable_membership:1 classes	0	1	21
0074a4fd	FUN_0074a4fd	var_multimap_impl__slot_006	virtual_method	0.910	var_multimap_impl	var_multimap@0x00b0d3d8	var_multimap.slot_006	vtable_membership:1 classes	0	3	74
0074a547	FUN_0074a547	var_multimap_impl__slot_007	virtual_method	0.910	var_multimap_impl	var_multimap@0x00b0d3d8	var_multimap.slot_007	vtable_membership:1 classes	0	3	66
0074a589	FUN_0074a589	var_multimap_impl__slot_008	virtual_method	0.910	var_multimap_impl	var_multimap@0x00b0d3d8	var_multimap.slot_008	vtable_membership:1 classes	0	3	148
0074a61d	FUN_0074a61d	var_multimap_impl__slot_009	virtual_method	0.910	var_multimap_impl	var_multimap@0x00b0d3d8	var_multimap.slot_009	vtable_membership:1 classes	0	2	130
0074a780	FUN_0074a780	var_disjointsets_impl__slot_000	virtual_method	0.910	var_disjointsets_impl	var_disjointsets@0x00b0d3e8	var_disjointsets.slot_000	vtable_membership:1 classes	0	2	54
0074a7b6	FUN_0074a7b6	var_disjointsets_impl__slot_001	virtual_method	0.910	var_disjointsets_impl	var_disjointsets@0x00b0d3e8	var_disjointsets.slot_001	vtable_membership:1 classes	0	3	144
0074a846	FUN_0074a846	var_disjointsets_impl__slot_002	virtual_method	0.910	var_disjointsets_impl	var_disjointsets@0x00b0d3e8	var_disjointsets.slot_002	vtable_membership:1 classes	0	0	35
0074a869	FUN_0074a869	var_disjointsets_impl__slot_003	virtual_method	0.910	var_disjointsets_impl	var_disjointsets@0x00b0d3e8	var_disjointsets.slot_003	vtable_membership:1 classes	0	2	100
0074afa4	FUN_0074afa4	objpairlist_searchiter__slot_002	virtual_method	0.910	objpairlist_searchiter	obj_iter@0x00b0d680	obj_iter.slot_002	vtable_membership:1 classes	0	0	21
0074d343	FUN_0074d343	objpairlist_searchiter__slot_000	virtual_method	0.910	objpairlist_searchiter	obj_iter@0x00b0d680	obj_iter.slot_000	vtable_membership:1 classes	0	0	105
0074d3ac	FUN_0074d3ac	objpairlist_searchiter__slot_001	virtual_method	0.910	objpairlist_searchiter	obj_iter@0x00b0d680	obj_iter.slot_001	vtable_membership:1 classes	0	1	79
0074e21a	FUN_0074e21a	RBFwdDataFlow__slot_002	virtual_method	0.910	RBFwdDataFlow	InterblockDf@0x00b0d908	InterblockDf.slot_002	vtable_membership:1 classes	0	1	88
0074e300	FUN_0074e300	RBBkwdDataFlow__slot_002	virtual_method	0.910	RBBkwdDataFlow	InterblockDf@0x00b0d908	InterblockDf.slot_002	vtable_membership:1 classes	0	0	14
0074e30e	FUN_0074e30e	RBBkwdDataFlow__slot_004	virtual_method	0.910	RBBkwdDataFlow	InterblockDf@0x00b0d908	InterblockDf.slot_004	vtable_membership:1 classes	0	1	105
0074e377	FUN_0074e377	RBBkwdDataFlow__slot_006	virtual_method	0.910	RBBkwdDataFlow	InterblockDf@0x00b0d908	InterblockDf.slot_006	vtable_membership:1 classes	0	1	70
0074e3bd	FUN_0074e3bd	RBBkwdDataFlow__slot_009	virtual_method	0.910	RBBkwdDataFlow	InterblockDf@0x00b0d908	InterblockDf.slot_009	vtable_membership:1 classes	0	1	25
0074e3d6	FUN_0074e3d6	RegReNameBkwdDataFlow__slot_004	virtual_method	0.910	RegReNameBkwdDataFlow	InterblockDf@0x00b0d908	InterblockDf.slot_004	vtable_membership:1 classes	0	0	83
0074e429	FUN_0074e429	RegReNameBkwdDataFlow__slot_006	virtual_method	0.910	RegReNameBkwdDataFlow	InterblockDf@0x00b0d908	InterblockDf.slot_006	vtable_membership:1 classes	0	0	59
0074e464	FUN_0074e464	RegReNameBkwdDataFlow__slot_007	virtual_method	0.910	RegReNameBkwdDataFlow	InterblockDf@0x00b0d908	InterblockDf.slot_007	vtable_membership:1 classes	0	1	32
00753c6c	FUN_00753c6c	RBFwdDataFlow__slot_010	virtual_method	0.910	RBFwdDataFlow	InterblockDf@0x00b0d908	InterblockDf.slot_010	vtable_membership:1 classes	0	6	317
00753da9	FUN_00753da9	RBFwdDataFlow__slot_003	virtual_method	0.910	RBFwdDataFlow	InterblockDf@0x00b0d908	InterblockDf.slot_003	vtable_membership:1 classes	0	3	268
00753eb5	FUN_00753eb5	RBFwdDataFlow__slot_005	virtual_method	0.910	RBFwdDataFlow	InterblockDf@0x00b0d908	InterblockDf.slot_005	vtable_membership:1 classes	0	3	153
00753f4e	FUN_00753f4e	RBFwdDataFlow__slot_007	virtual_method	0.910	RBFwdDataFlow	InterblockDf@0x00b0d908	InterblockDf.slot_007	vtable_membership:1 classes	0	4	121
00753fc7	FUN_00753fc7	RBBkwdDataFlow__slot_007	virtual_method	0.910	RBBkwdDataFlow	InterblockDf@0x00b0d908	InterblockDf.slot_007	vtable_membership:1 classes	0	2	66
0076a145	FUN_0076a145	RegReNameBkwdDataFlow__slot_000	virtual_method	0.910	RegReNameBkwdDataFlow	InterblockDf@0x00b0d908	InterblockDf.slot_000	vtable_membership:1 classes	0	2	78
0076a4bf	FUN_0076a4bf	RegReNameBkwdDataFlow__slot_001	virtual_method	0.910	RegReNameBkwdDataFlow	InterblockDf@0x00b0d908	InterblockDf.slot_001	vtable_membership:1 classes	0	7	271
0076a5ce	FUN_0076a5ce	RegReNameBkwdDataFlow__slot_009	virtual_method	0.910	RegReNameBkwdDataFlow	InterblockDf@0x00b0d908	InterblockDf.slot_009	vtable_membership:1 classes	0	3	170
0076a793	FUN_0076a793	RegReNameBkwdDataFlow__slot_011	virtual_method	0.910	RegReNameBkwdDataFlow	InterblockDf@0x00b0d908	InterblockDf.slot_011	vtable_membership:1 classes	0	3	89
0076da7c	FUN_0076da7c	RBBkwdDataFlow__slot_008	virtual_method	0.910	RBBkwdDataFlow	InterblockDf@0x00b0d908	InterblockDf.slot_008	vtable_membership:1 classes	0	1	59
0076e139	FUN_0076e139	RBFwdDataFlow__slot_008	virtual_method	0.910	RBFwdDataFlow	InterblockDf@0x00b0d908	InterblockDf.slot_008	vtable_membership:1 classes	0	17	818
0076e46b	FUN_0076e46b	RBBkwdDataFlow__slot_011	virtual_method	0.910	RBBkwdDataFlow	InterblockDf@0x00b0d908	InterblockDf.slot_011	vtable_membership:1 classes	0	3	212
0076e53f	FUN_0076e53f	RBFwdDataFlow__slot_011	virtual_method	0.910	RBFwdDataFlow	InterblockDf@0x00b0d908	InterblockDf.slot_011	vtable_membership:1 classes	0	3	132
0076e5c3	FUN_0076e5c3	RBFwdDataFlow__slot_000	virtual_method	0.910	RBFwdDataFlow	InterblockDf@0x00b0d908	InterblockDf.slot_000	vtable_membership:1 classes	0	3	128
0076e643	FUN_0076e643	RBBkwdDataFlow__slot_000	virtual_method	0.910	RBBkwdDataFlow	InterblockDf@0x00b0d908	InterblockDf.slot_000	vtable_membership:1 classes	0	5	374
0076e876	FUN_0076e876	RBFwdDataFlow__slot_001	virtual_method	0.910	RBFwdDataFlow	InterblockDf@0x00b0d908	InterblockDf.slot_001	vtable_membership:1 classes	0	14	1064
0076ec9e	FUN_0076ec9e	RBBkwdDataFlow__slot_001	virtual_method	0.910	RBBkwdDataFlow	InterblockDf@0x00b0d908	InterblockDf.slot_001	vtable_membership:1 classes	0	7	320
00774486	FUN_00774486	VNFwdDataFlow__slot_004	virtual_method	0.910	VNFwdDataFlow	InterblockDf@0x00b0d908	InterblockDf.slot_004	vtable_membership:1 classes	0	1	29
007744a3	FUN_007744a3	VNFwdDataFlow__slot_006	virtual_method	0.910	VNFwdDataFlow	InterblockDf@0x00b0d908	InterblockDf.slot_006	vtable_membership:1 classes	0	1	25
007744bc	FUN_007744bc	VNFwdDataFlow__slot_008	virtual_method	0.910	VNFwdDataFlow	InterblockDf@0x00b0d908	InterblockDf.slot_008	vtable_membership:1 classes	0	0	5
007744c1	FUN_007744c1	VNFwdDataFlow__slot_009	virtual_method	0.910	VNFwdDataFlow	InterblockDf@0x00b0d908	InterblockDf.slot_009	vtable_membership:1 classes	0	1	10
007744cb	FUN_007744cb	VNFwdDataFlow__slot_010	virtual_method	0.910	VNFwdDataFlow	InterblockDf@0x00b0d908	InterblockDf.slot_010	vtable_membership:1 classes	0	0	5
00775706	FUN_00775706	VNFwdDataFlow__slot_014	virtual_method	0.910	VNFwdDataFlow	InterblockDf@0x00b0d908	InterblockDf.slot_014	vtable_membership:1 classes	0	1	57
00779add	FUN_00779add	VNFwdDataFlow__slot_012	virtual_method	0.910	VNFwdDataFlow	InterblockDf@0x00b0d908	InterblockDf.slot_012	vtable_membership:1 classes	0	0	33
00779afe	FUN_00779afe	VNFwdDataFlow__slot_013	virtual_method	0.910	VNFwdDataFlow	InterblockDf@0x00b0d908	InterblockDf.slot_013	vtable_membership:1 classes	0	0	5
00779b03	FUN_00779b03	VNFwdDataFlow__slot_002	virtual_method	0.910	VNFwdDataFlow	InterblockDf@0x00b0d908	InterblockDf.slot_002	vtable_membership:1 classes	0	0	14
00779b11	FUN_00779b11	VNFwdDataFlow__slot_003	virtual_method	0.910	VNFwdDataFlow	InterblockDf@0x00b0d908	InterblockDf.slot_003	vtable_membership:1 classes	0	1	244
00779c05	FUN_00779c05	VNFwdDataFlow__slot_005	virtual_method	0.910	VNFwdDataFlow	InterblockDf@0x00b0d908	InterblockDf.slot_005	vtable_membership:1 classes	0	5	247
00779cfc	FUN_00779cfc	VNFwdDataFlow__slot_007	virtual_method	0.910	VNFwdDataFlow	InterblockDf@0x00b0d908	InterblockDf.slot_007	vtable_membership:1 classes	0	3	117
00779f66	FUN_00779f66	VNFwdDataFlow__slot_000	virtual_method	0.910	VNFwdDataFlow	InterblockDf@0x00b0d908	InterblockDf.slot_000	vtable_membership:1 classes	0	10	459
0077a131	FUN_0077a131	VNFwdDataFlow__slot_001	virtual_method	0.910	VNFwdDataFlow	InterblockDf@0x00b0d908	InterblockDf.slot_001	vtable_membership:1 classes	0	22	2015
0077a910	FUN_0077a910	VNFwdDataFlow__slot_011	virtual_method	0.910	VNFwdDataFlow	InterblockDf@0x00b0d908	InterblockDf.slot_011	vtable_membership:1 classes	0	6	293
0077ef6e	FUN_0077ef6e	backend_basetype2__slot_236	virtual_method	0.910	backend_basetype2	backend_dataflow@0x00b0e82c	backend_dataflow.slot_236	vtable_membership:1 classes	0	4	80
0077efbe	FUN_0077efbe	backend_basetype2__slot_237	virtual_method	0.910	backend_basetype2	backend_dataflow@0x00b0e82c	backend_dataflow.slot_237	vtable_membership:1 classes	1	2	67
0078596f	FUN_0078596f	std_bad_alloc__slot_002	virtual_method	0.910	std::bad_alloc	std_exception@0x00b0f1ec	std_exception.slot_002	vtable_membership:1 classes	0	1	17
007860d7	FUN_007860d7	std_logic_error__slot_002	virtual_method	0.910	std::logic_error	std_exception@0x00b0f1ec	std_exception.slot_002	vtable_membership:1 classes	0	1	17
00786121	FUN_00786121	std_length_error__slot_002	virtual_method	0.910	std::length_error	std_exception@0x00b0f1ec	std_exception.slot_002	vtable_membership:1 classes	1	1	17
0078785f	FUN_0078785f	std_bad_alloc__slot_002	virtual_method	0.910	std::bad_alloc	std_exception@0x00b0f5dc	std_exception.slot_002	vtable_membership:1 classes	0	1	17
00788252	FUN_00788252	std_logic_error__slot_002	virtual_method	0.910	std::logic_error	std_exception@0x00b0f5dc	std_exception.slot_002	vtable_membership:1 classes	0	1	17
0078829c	FUN_0078829c	std_length_error__slot_002	virtual_method	0.910	std::length_error	std_exception@0x00b0f5dc	std_exception.slot_002	vtable_membership:1 classes	7	1	17
007882e6	FUN_007882e6	std_out_of_range__slot_002	virtual_method	0.910	std::out_of_range	std_exception@0x00b0f5dc	std_exception.slot_002	vtable_membership:1 classes	3	1	17
0078a871	FUN_0078a871	textset__slot_005	virtual_method	0.910	textset	operand_parser@0x00b0c7cc	operand_parser.slot_005	vtable_membership:1 classes	0	0	10
0078a87b	FUN_0078a87b	textset__slot_021	virtual_method	0.910	textset	operand_parser@0x00b0c7cc	operand_parser.slot_021	vtable_membership:1 classes	0	0	10
0078a885	FUN_0078a885	statictext__slot_021	virtual_method	0.910	statictext	operand_parser@0x00b0c7cc	operand_parser.slot_021	vtable_membership:1 classes	0	0	10
0078a88f	FUN_0078a88f	hardcode__slot_021	virtual_method	0.910	hardcode	operand_parser@0x00b0c7cc	operand_parser.slot_021	vtable_membership:1 classes	0	0	10
0078a899	FUN_0078a899	choose__slot_010	virtual_method	0.910	choose	operand_parser@0x00b0c7cc	operand_parser.slot_010	vtable_membership:1 classes	0	0	47
0078a8c8	FUN_0078a8c8	multiple_fields__slot_011	virtual_method	0.910	multiple_fields	operand_parser@0x00b0c7cc	operand_parser.slot_011	vtable_membership:1 classes	0	0	45
0078a8f5	FUN_0078a8f5	multiple_fields__slot_012	virtual_method	0.910	multiple_fields	operand_parser@0x00b0c7cc	operand_parser.slot_012	vtable_membership:1 classes	0	0	47
0078a924	FUN_0078a924	multiple_fields__slot_014	virtual_method	0.910	multiple_fields	operand_parser@0x00b0c7cc	operand_parser.slot_014	vtable_membership:1 classes	0	0	47
0078a953	FUN_0078a953	multiple_fields__slot_015	virtual_method	0.910	multiple_fields	operand_parser@0x00b0c7cc	operand_parser.slot_015	vtable_membership:1 classes	0	0	49
0078a984	FUN_0078a984	multiple_fields__slot_016	virtual_method	0.910	multiple_fields	operand_parser@0x00b0c7cc	operand_parser.slot_016	vtable_membership:1 classes	0	0	47
0078a9b3	FUN_0078a9b3	multiple_fields__slot_017	virtual_method	0.910	multiple_fields	operand_parser@0x00b0c7cc	operand_parser.slot_017	vtable_membership:1 classes	0	0	49
0078acb8	FUN_0078acb8	register_range__slot_000	virtual_method	0.910	register_range	operand_parser@0x00b0c7cc	operand_parser.slot_000	vtable_membership:1 classes	0	1	238
0078ada6	FUN_0078ada6	register_range__slot_002	virtual_method	0.910	register_range	operand_parser@0x00b0c7cc	operand_parser.slot_002	vtable_membership:1 classes	0	1	54
0078addc	FUN_0078addc	register_range__slot_003	virtual_method	0.910	register_range	operand_parser@0x00b0c7cc	operand_parser.slot_003	vtable_membership:1 classes	0	1	94
0078ae3a	FUN_0078ae3a	register_range__slot_001	virtual_method	0.910	register_range	operand_parser@0x00b0c7cc	operand_parser.slot_001	vtable_membership:1 classes	0	6	275
0078b2a2	FUN_0078b2a2	register_range__slot_018	virtual_method	0.910	register_range	operand_parser@0x00b0c7cc	operand_parser.slot_018	vtable_membership:1 classes	0	2	103
0078b309	FUN_0078b309	register_range__slot_019	virtual_method	0.910	register_range	operand_parser@0x00b0c7cc	operand_parser.slot_019	vtable_membership:1 classes	0	0	54
0078b33f	FUN_0078b33f	register_range__slot_021	virtual_method	0.910	register_range	operand_parser@0x00b0c7cc	operand_parser.slot_021	vtable_membership:1 classes	0	0	54
0078b375	FUN_0078b375	register_range__slot_022	virtual_method	0.910	register_range	operand_parser@0x00b0c7cc	operand_parser.slot_022	vtable_membership:1 classes	0	2	97
0078b6c7	FUN_0078b6c7	register_set__slot_000	virtual_method	0.910	register_set	operand_parser@0x00b0c7cc	operand_parser.slot_000	vtable_membership:1 classes	0	1	276
0078b7db	FUN_0078b7db	register_set__slot_002	virtual_method	0.910	register_set	operand_parser@0x00b0c7cc	operand_parser.slot_002	vtable_membership:1 classes	0	1	68
0078b81f	FUN_0078b81f	register_set__slot_003	virtual_method	0.910	register_set	operand_parser@0x00b0c7cc	operand_parser.slot_003	vtable_membership:1 classes	0	1	140
0078b8ab	FUN_0078b8ab	register_set__slot_001	virtual_method	0.910	register_set	operand_parser@0x00b0c7cc	operand_parser.slot_001	vtable_membership:1 classes	0	2	124
0078bc7c	FUN_0078bc7c	register_set__slot_018	virtual_method	0.910	register_set	operand_parser@0x00b0c7cc	operand_parser.slot_018	vtable_membership:1 classes	0	2	103
0078bce3	FUN_0078bce3	register_set__slot_019	virtual_method	0.910	register_set	operand_parser@0x00b0c7cc	operand_parser.slot_019	vtable_membership:1 classes	0	0	54
0078bd19	FUN_0078bd19	register_set__slot_021	virtual_method	0.910	register_set	operand_parser@0x00b0c7cc	operand_parser.slot_021	vtable_membership:1 classes	0	0	54
0078bd4f	FUN_0078bd4f	register_set__slot_022	virtual_method	0.910	register_set	operand_parser@0x00b0c7cc	operand_parser.slot_022	vtable_membership:1 classes	0	2	97
0078c15d	FUN_0078c15d	register_implicit__slot_019	virtual_method	0.910	register_implicit	operand_parser@0x00b0c7cc	operand_parser.slot_019	vtable_membership:1 classes	0	0	55
0078c28b	FUN_0078c28b	immediate__slot_000	virtual_method	0.910	immediate	operand_parser@0x00b0c7cc	operand_parser.slot_000	vtable_membership:1 classes	0	3	2684
0078cd07	FUN_0078cd07	immediate__slot_001	virtual_method	0.910	immediate	operand_parser@0x00b0c7cc	operand_parser.slot_001	vtable_membership:1 classes	0	8	1560
0078db80	FUN_0078db80	statictext__slot_000	virtual_method	0.910	statictext	operand_parser@0x00b0c7cc	operand_parser.slot_000	vtable_membership:1 classes	0	2	114
0078dbf2	FUN_0078dbf2	statictext__slot_001	virtual_method	0.910	statictext	operand_parser@0x00b0c7cc	operand_parser.slot_001	vtable_membership:1 classes	0	4	265
0078dcfb	FUN_0078dcfb	statictext__slot_019	virtual_method	0.910	statictext	operand_parser@0x00b0c7cc	operand_parser.slot_019	vtable_membership:1 classes	0	1	72
0078dd90	FUN_0078dd90	ignore__slot_000	virtual_method	0.910	ignore	operand_parser@0x00b0c7cc	operand_parser.slot_000	vtable_membership:1 classes	0	0	18
0078ddf0	FUN_0078ddf0	hardcode__slot_003	virtual_method	0.910	hardcode	operand_parser@0x00b0c7cc	operand_parser.slot_003	vtable_membership:1 classes	0	1	99
0078de53	FUN_0078de53	hardcode__slot_002	virtual_method	0.910	hardcode	operand_parser@0x00b0c7cc	operand_parser.slot_002	vtable_membership:1 classes	0	1	51
0078de86	FUN_0078de86	hardcode__slot_019	virtual_method	0.910	hardcode	operand_parser@0x00b0c7cc	operand_parser.slot_019	vtable_membership:1 classes	0	0	10
0078dfda	FUN_0078dfda	textset__slot_000	virtual_method	0.910	textset	operand_parser@0x00b0c7cc	operand_parser.slot_000	vtable_membership:1 classes	0	1	247
0078e0d1	FUN_0078e0d1	textset__slot_003	virtual_method	0.910	textset	operand_parser@0x00b0c7cc	operand_parser.slot_003	vtable_membership:1 classes	0	1	113
0078e142	FUN_0078e142	textset__slot_001	virtual_method	0.910	textset	operand_parser@0x00b0c7cc	operand_parser.slot_001	vtable_membership:1 classes	0	4	362
0078e4fa	FUN_0078e4fa	compose__slot_000	virtual_method	0.910	compose	operand_parser@0x00b0c7cc	operand_parser.slot_000	vtable_membership:1 classes	0	5	851
0078e84d	FUN_0078e84d	compose__slot_001	virtual_method	0.910	compose	operand_parser@0x00b0c7cc	operand_parser.slot_001	vtable_membership:1 classes	0	1	720
0078eb1d	FUN_0078eb1d	compose__slot_002	virtual_method	0.910	compose	operand_parser@0x00b0c7cc	operand_parser.slot_002	vtable_membership:1 classes	0	1	282
0078ec37	FUN_0078ec37	compose__slot_003	virtual_method	0.910	compose	operand_parser@0x00b0c7cc	operand_parser.slot_003	vtable_membership:1 classes	0	1	301
0078ed64	FUN_0078ed64	compose__slot_004	virtual_method	0.910	compose	operand_parser@0x00b0c7cc	operand_parser.slot_004	vtable_membership:1 classes	0	0	512
0078ef64	FUN_0078ef64	compose__slot_018	virtual_method	0.910	compose	operand_parser@0x00b0c7cc	operand_parser.slot_018	vtable_membership:1 classes	0	0	227
0078f047	FUN_0078f047	compose__slot_019	virtual_method	0.910	compose	operand_parser@0x00b0c7cc	operand_parser.slot_019	vtable_membership:1 classes	0	0	227
0078f12a	FUN_0078f12a	compose__slot_020	virtual_method	0.910	compose	operand_parser@0x00b0c7cc	operand_parser.slot_020	vtable_membership:1 classes	0	1	334
0078f278	FUN_0078f278	compose__slot_021	virtual_method	0.910	compose	operand_parser@0x00b0c7cc	operand_parser.slot_021	vtable_membership:1 classes	0	0	227
0078f35b	FUN_0078f35b	compose__slot_022	virtual_method	0.910	compose	operand_parser@0x00b0c7cc	operand_parser.slot_022	vtable_membership:1 classes	0	1	257
0078f66f	FUN_0078f66f	choose__slot_000	virtual_method	0.910	choose	operand_parser@0x00b0c7cc	operand_parser.slot_000	vtable_membership:1 classes	0	4	734
0078f94d	FUN_0078f94d	choose__slot_001	virtual_method	0.910	choose	operand_parser@0x00b0c7cc	operand_parser.slot_001	vtable_membership:1 classes	0	0	173
0078f9fa	FUN_0078f9fa	choose__slot_003	virtual_method	0.910	choose	operand_parser@0x00b0c7cc	operand_parser.slot_003	vtable_membership:1 classes	0	1	401
0078fb8b	FUN_0078fb8b	choose__slot_002	virtual_method	0.910	choose	operand_parser@0x00b0c7cc	operand_parser.slot_002	vtable_membership:1 classes	0	1	206
0078fc59	FUN_0078fc59	choose__slot_004	virtual_method	0.910	choose	operand_parser@0x00b0c7cc	operand_parser.slot_004	vtable_membership:1 classes	0	0	151
0078fcf0	FUN_0078fcf0	choose__slot_018	virtual_method	0.910	choose	operand_parser@0x00b0c7cc	operand_parser.slot_018	vtable_membership:1 classes	0	1	86
0078fd46	FUN_0078fd46	choose__slot_019	virtual_method	0.910	choose	operand_parser@0x00b0c7cc	operand_parser.slot_019	vtable_membership:1 classes	0	1	189
0078fe03	FUN_0078fe03	choose__slot_021	virtual_method	0.910	choose	operand_parser@0x00b0c7cc	operand_parser.slot_021	vtable_membership:1 classes	0	1	86
0078fe59	FUN_0078fe59	choose__slot_022	virtual_method	0.910	choose	operand_parser@0x00b0c7cc	operand_parser.slot_022	vtable_membership:1 classes	0	1	89
0078ff0b	FUN_0078ff0b	multiple_fields__slot_000	virtual_method	0.910	multiple_fields	operand_parser@0x00b0c7cc	operand_parser.slot_000	vtable_membership:1 classes	0	1	70
0078ff51	FUN_0078ff51	multiple_fields__slot_001	virtual_method	0.910	multiple_fields	operand_parser@0x00b0c7cc	operand_parser.slot_001	vtable_membership:1 classes	0	0	42
0078ff7b	FUN_0078ff7b	multiple_fields__slot_002	virtual_method	0.910	multiple_fields	operand_parser@0x00b0c7cc	operand_parser.slot_002	vtable_membership:1 classes	0	1	88
0078ffd3	FUN_0078ffd3	multiple_fields__slot_003	virtual_method	0.910	multiple_fields	operand_parser@0x00b0c7cc	operand_parser.slot_003	vtable_membership:1 classes	0	5	391
0079015a	FUN_0079015a	multiple_fields__slot_004	virtual_method	0.910	multiple_fields	operand_parser@0x00b0c7cc	operand_parser.slot_004	vtable_membership:1 classes	0	0	42
00790184	FUN_00790184	multiple_fields__slot_019	virtual_method	0.910	multiple_fields	operand_parser@0x00b0c7cc	operand_parser.slot_019	vtable_membership:1 classes	0	0	41
007901ad	FUN_007901ad	multiple_fields__slot_021	virtual_method	0.910	multiple_fields	operand_parser@0x00b0c7cc	operand_parser.slot_021	vtable_membership:1 classes	0	0	41
00790349	FUN_00790349	split_fields__slot_000	virtual_method	0.910	split_fields	operand_parser@0x00b0c7cc	operand_parser.slot_000	vtable_membership:1 classes	0	0	52
0079037d	FUN_0079037d	split_fields__slot_001	virtual_method	0.910	split_fields	operand_parser@0x00b0c7cc	operand_parser.slot_001	vtable_membership:1 classes	0	0	42
007903a7	FUN_007903a7	split_fields__slot_002	virtual_method	0.910	split_fields	operand_parser@0x00b0c7cc	operand_parser.slot_002	vtable_membership:1 classes	0	2	155
00790442	FUN_00790442	split_fields__slot_003	virtual_method	0.910	split_fields	operand_parser@0x00b0c7cc	operand_parser.slot_003	vtable_membership:1 classes	0	2	210
0079059f	FUN_0079059f	register_list__slot_000	virtual_method	0.910	register_list	operand_parser@0x00b0c7cc	operand_parser.slot_000	vtable_membership:1 classes	0	1	614
00790805	FUN_00790805	register_list__slot_001	virtual_method	0.910	register_list	operand_parser@0x00b0c7cc	operand_parser.slot_001	vtable_membership:1 classes	0	2	458
00790a1c	FUN_00790a1c	mnemonic_placeholder__slot_000	virtual_method	0.910	mnemonic_placeholder	operand_parser@0x00b0c7cc	operand_parser.slot_000	vtable_membership:1 classes	0	0	18
00790a91	FUN_00790a91	sameas__slot_000	virtual_method	0.910	sameas	operand_parser@0x00b0c7cc	operand_parser.slot_000	vtable_membership:1 classes	0	1	24
00790aa9	FUN_00790aa9	sameas__slot_001	virtual_method	0.910	sameas	operand_parser@0x00b0c7cc	operand_parser.slot_001	vtable_membership:1 classes	0	1	20
00790b2e	FUN_00790b2e	join__slot_000	virtual_method	0.910	join	operand_parser@0x00b0c7cc	operand_parser.slot_000	vtable_membership:1 classes	0	11	1144
00790fa6	FUN_00790fa6	join__slot_001	virtual_method	0.910	join	operand_parser@0x00b0c7cc	operand_parser.slot_001	vtable_membership:1 classes	0	2	148
0079103a	FUN_0079103a	join__slot_002	virtual_method	0.910	join	operand_parser@0x00b0c7cc	operand_parser.slot_002	vtable_membership:1 classes	0	2	148
007910ce	FUN_007910ce	join__slot_003	virtual_method	0.910	join	operand_parser@0x00b0c7cc	operand_parser.slot_003	vtable_membership:1 classes	0	2	168
00791176	FUN_00791176	join__slot_019	virtual_method	0.910	join	operand_parser@0x00b0c7cc	operand_parser.slot_019	vtable_membership:1 classes	0	1	25
0079118f	FUN_0079118f	join__slot_020	virtual_method	0.910	join	operand_parser@0x00b0c7cc	operand_parser.slot_020	vtable_membership:1 classes	0	1	228
007912d2	FUN_007912d2	suffix__slot_000	virtual_method	0.910	suffix	operand_parser@0x00b0c7cc	operand_parser.slot_000	vtable_membership:1 classes	0	2	235
007913bd	FUN_007913bd	suffix__slot_001	virtual_method	0.910	suffix	operand_parser@0x00b0c7cc	operand_parser.slot_001	vtable_membership:1 classes	0	1	59
007913f8	FUN_007913f8	suffix__slot_002	virtual_method	0.910	suffix	operand_parser@0x00b0c7cc	operand_parser.slot_002	vtable_membership:1 classes	0	0	45
00791425	FUN_00791425	suffix__slot_003	virtual_method	0.910	suffix	operand_parser@0x00b0c7cc	operand_parser.slot_003	vtable_membership:1 classes	0	0	50
0079191f	FUN_0079191f	std_bad_alloc__slot_002	virtual_method	0.910	std::bad_alloc	std_exception@0x00b10f10	std_exception.slot_002	vtable_membership:1 classes	0	1	17
0079232f	FUN_0079232f	std_logic_error__slot_002	virtual_method	0.910	std::logic_error	std_exception@0x00b10f10	std_exception.slot_002	vtable_membership:1 classes	0	1	17
00792379	FUN_00792379	std_length_error__slot_002	virtual_method	0.910	std::length_error	std_exception@0x00b10f10	std_exception.slot_002	vtable_membership:1 classes	7	1	17
007923c3	FUN_007923c3	std_out_of_range__slot_002	virtual_method	0.910	std::out_of_range	std_exception@0x00b10f10	std_exception.slot_002	vtable_membership:1 classes	3	1	17
0079b5c2	FUN_0079b5c2	register_range__slot_011	virtual_method	0.910	register_range	operand_parser@0x00b0c7cc	operand_parser.slot_011	vtable_membership:1 classes	0	1	125
0079b63f	FUN_0079b63f	register_range__slot_012	virtual_method	0.910	register_range	operand_parser@0x00b0c7cc	operand_parser.slot_012	vtable_membership:1 classes	0	0	42
0079b669	FUN_0079b669	register_set__slot_011	virtual_method	0.910	register_set	operand_parser@0x00b0c7cc	operand_parser.slot_011	vtable_membership:1 classes	0	1	167
0079b710	FUN_0079b710	register_set__slot_012	virtual_method	0.910	register_set	operand_parser@0x00b0c7cc	operand_parser.slot_012	vtable_membership:1 classes	0	0	42
0079b73a	FUN_0079b73a	register_implicit__slot_011	virtual_method	0.910	register_implicit	operand_parser@0x00b0c7cc	operand_parser.slot_011	vtable_membership:1 classes	0	1	147
0079b7cd	FUN_0079b7cd	register_implicit__slot_012	virtual_method	0.910	register_implicit	operand_parser@0x00b0c7cc	operand_parser.slot_012	vtable_membership:1 classes	0	0	43
0079b7f8	FUN_0079b7f8	textset__slot_011	virtual_method	0.910	textset	operand_parser@0x00b0c7cc	operand_parser.slot_011	vtable_membership:1 classes	0	1	234
0079b8e2	FUN_0079b8e2	textset__slot_012	virtual_method	0.910	textset	operand_parser@0x00b0c7cc	operand_parser.slot_012	vtable_membership:1 classes	0	0	64
0079bc62	FUN_0079bc62	immediate__slot_012	virtual_method	0.910	immediate	operand_parser@0x00b0c7cc	operand_parser.slot_012	vtable_membership:1 classes	0	2	209
0079bd33	FUN_0079bd33	immediate_implicit__slot_012	virtual_method	0.910	immediate_implicit	operand_parser@0x00b0c7cc	operand_parser.slot_012	vtable_membership:1 classes	0	1	659
0079bfc6	FUN_0079bfc6	compose__slot_011	virtual_method	0.910	compose	operand_parser@0x00b0c7cc	operand_parser.slot_011	vtable_membership:1 classes	0	2	780
0079c30a	FUN_0079c30a	compose__slot_012	virtual_method	0.910	compose	operand_parser@0x00b0c7cc	operand_parser.slot_012	vtable_membership:1 classes	0	2	750
0079c628	FUN_0079c628	compose__slot_013	virtual_method	0.910	compose	operand_parser@0x00b0c7cc	operand_parser.slot_013	vtable_membership:1 classes	0	3	316
0079c8c8	FUN_0079c8c8	choose__slot_011	virtual_method	0.910	choose	operand_parser@0x00b0c7cc	operand_parser.slot_011	vtable_membership:1 classes	0	2	203
0079c993	FUN_0079c993	choose__slot_012	virtual_method	0.910	choose	operand_parser@0x00b0c7cc	operand_parser.slot_012	vtable_membership:1 classes	0	1	172
0079ca9f	FUN_0079ca9f	std_bad_alloc__slot_002	virtual_method	0.910	std::bad_alloc	std_exception@0x00b11aa8	std_exception.slot_002	vtable_membership:1 classes	0	1	17
0079d37b	FUN_0079d37b	std_logic_error__slot_002	virtual_method	0.910	std::logic_error	std_exception@0x00b11aa8	std_exception.slot_002	vtable_membership:1 classes	0	1	17
0079d3c5	FUN_0079d3c5	std_length_error__slot_002	virtual_method	0.910	std::length_error	std_exception@0x00b11aa8	std_exception.slot_002	vtable_membership:1 classes	1	1	17
0079d73e	FUN_0079d73e	IndInst_instopreg__slot_000	virtual_method	0.910	IndInst::instopreg	IndInst_instop@0x00b11f18	IndInst_instop.slot_000	vtable_membership:1 classes	0	1	39
0079d765	FUN_0079d765	IndInst_instopimm__slot_000	virtual_method	0.910	IndInst::instopimm	IndInst_instop@0x00b11f18	IndInst_instop.slot_000	vtable_membership:1 classes	0	1	39
0079da64	FUN_0079da64	IndInst_instopreg__slot_002	virtual_method	0.910	IndInst::instopreg	IndInst_instop@0x00b11f18	IndInst_instop.slot_002	vtable_membership:1 classes	0	1	75
0079dba8	FUN_0079dba8	IndInst_instopimm__slot_002	virtual_method	0.910	IndInst::instopimm	IndInst_instop@0x00b11f18	IndInst_instop.slot_002	vtable_membership:1 classes	0	1	130
0079dc2a	FUN_0079dc2a	IndInst_instopcomp__slot_000	virtual_method	0.910	IndInst::instopcomp	IndInst_instop@0x00b11f18	IndInst_instop.slot_000	vtable_membership:1 classes;direct_vtable_header_or_vptr_refs:1;write_order:IndInst::instopcomp	0	2	144
0079dcba	FUN_0079dcba	IndInst_instopcomp__slot_001	virtual_method	0.910	IndInst::instopcomp	IndInst_instop@0x00b11f18	IndInst_instop.slot_001	vtable_membership:1 classes	0	1	192
0079dd7a	FUN_0079dd7a	IndInst_instopcomp__slot_002	virtual_method	0.910	IndInst::instopcomp	IndInst_instop@0x00b11f18	IndInst_instop.slot_002	vtable_membership:1 classes	0	1	180
0079de2e	FUN_0079de2e	IndInst_instopreglist__slot_000	virtual_method	0.910	IndInst::instopreglist	IndInst_instop@0x00b11f18	IndInst_instop.slot_000	vtable_membership:1 classes;direct_vtable_header_or_vptr_refs:1;write_order:IndInst::instopreglist	0	1	191
0079e0ab	FUN_0079e0ab	IndInst_instopreglist__slot_002	virtual_method	0.910	IndInst::instopreglist	IndInst_instop@0x00b11f18	IndInst_instop.slot_002	vtable_membership:1 classes	0	1	213
0079ea6f	FUN_0079ea6f	std_bad_alloc__slot_002	virtual_method	0.910	std::bad_alloc	std_exception@0x00b12008	std_exception.slot_002	vtable_membership:1 classes	0	1	17
0079f4df	FUN_0079f4df	std_logic_error__slot_002	virtual_method	0.910	std::logic_error	std_exception@0x00b12008	std_exception.slot_002	vtable_membership:1 classes	0	1	17
0079f529	FUN_0079f529	std_length_error__slot_002	virtual_method	0.910	std::length_error	std_exception@0x00b12008	std_exception.slot_002	vtable_membership:1 classes	1	1	17
007a0ed0	FUN_007a0ed0	SimpleOutputGen__slot_000	virtual_method	0.910	SimpleOutputGen	OutputGen@0x00b12800	OutputGen.slot_000	vtable_membership:1 classes	0	2	153
007a0f69	FUN_007a0f69	SimpleOutputGen__slot_001	virtual_method	0.910	SimpleOutputGen	OutputGen@0x00b12800	OutputGen.slot_001	vtable_membership:1 classes	0	2	137
007a0ff2	FUN_007a0ff2	SimpleOutputGen__slot_002	virtual_method	0.910	SimpleOutputGen	OutputGen@0x00b12800	OutputGen.slot_002	vtable_membership:1 classes	0	1	52
007a1026	FUN_007a1026	FileOutputGen__slot_000	virtual_method	0.910	FileOutputGen	OutputGen@0x00b12800	OutputGen.slot_000	vtable_membership:1 classes	0	2	58
007a1060	FUN_007a1060	FileOutputGen__slot_001	virtual_method	0.910	FileOutputGen	OutputGen@0x00b12800	OutputGen.slot_001	vtable_membership:1 classes	0	2	56
007a1098	FUN_007a1098	FileOutputGen__slot_002	virtual_method	0.910	FileOutputGen	OutputGen@0x00b12800	OutputGen.slot_002	vtable_membership:1 classes	0	2	59
007a10d3	FUN_007a10d3	BufferOutputGen__slot_000	virtual_method	0.910	BufferOutputGen	OutputGen@0x00b12800	OutputGen.slot_000	vtable_membership:1 classes	0	1	43
007a10fe	FUN_007a10fe	BufferOutputGen__slot_001	virtual_method	0.910	BufferOutputGen	OutputGen@0x00b12800	OutputGen.slot_001	vtable_membership:1 classes	0	3	67
007a11cf	FUN_007a11cf	DebugOutputGen__slot_000	virtual_method	0.910	DebugOutputGen	OutputGen@0x00b12800	OutputGen.slot_000	vtable_membership:1 classes	0	3	106
007a1239	FUN_007a1239	DebugOutputGen__slot_001	virtual_method	0.910	DebugOutputGen	OutputGen@0x00b12800	OutputGen.slot_001	vtable_membership:1 classes	0	1	27
007a127c	FUN_007a127c	register_range__slot_014	virtual_method	0.910	register_range	operand_parser@0x00b0c7cc	operand_parser.slot_014	vtable_membership:1 classes	0	1	32
007a129c	FUN_007a129c	register_range__slot_015	virtual_method	0.910	register_range	operand_parser@0x00b0c7cc	operand_parser.slot_015	vtable_membership:1 classes	0	1	32
007a12bc	FUN_007a12bc	register_range__slot_016	virtual_method	0.910	register_range	operand_parser@0x00b0c7cc	operand_parser.slot_016	vtable_membership:1 classes	0	1	33
007a12dd	FUN_007a12dd	register_range__slot_017	virtual_method	0.910	register_range	operand_parser@0x00b0c7cc	operand_parser.slot_017	vtable_membership:1 classes	0	1	32
007a12fd	FUN_007a12fd	register_set__slot_014	virtual_method	0.910	register_set	operand_parser@0x00b0c7cc	operand_parser.slot_014	vtable_membership:1 classes	0	1	32
007a131d	FUN_007a131d	register_set__slot_015	virtual_method	0.910	register_set	operand_parser@0x00b0c7cc	operand_parser.slot_015	vtable_membership:1 classes	0	1	32
007a133d	FUN_007a133d	register_set__slot_016	virtual_method	0.910	register_set	operand_parser@0x00b0c7cc	operand_parser.slot_016	vtable_membership:1 classes	0	1	33
007a135e	FUN_007a135e	register_set__slot_017	virtual_method	0.910	register_set	operand_parser@0x00b0c7cc	operand_parser.slot_017	vtable_membership:1 classes	0	1	32
007a137e	FUN_007a137e	register_implicit__slot_014	virtual_method	0.910	register_implicit	operand_parser@0x00b0c7cc	operand_parser.slot_014	vtable_membership:1 classes	0	1	32
007a139e	FUN_007a139e	register_implicit__slot_015	virtual_method	0.910	register_implicit	operand_parser@0x00b0c7cc	operand_parser.slot_015	vtable_membership:1 classes	0	1	32
007a13be	FUN_007a13be	register_implicit__slot_016	virtual_method	0.910	register_implicit	operand_parser@0x00b0c7cc	operand_parser.slot_016	vtable_membership:1 classes	0	1	33
007a13df	FUN_007a13df	register_implicit__slot_017	virtual_method	0.910	register_implicit	operand_parser@0x00b0c7cc	operand_parser.slot_017	vtable_membership:1 classes	0	1	32
007a13ff	FUN_007a13ff	textset__slot_014	virtual_method	0.910	textset	operand_parser@0x00b0c7cc	operand_parser.slot_014	vtable_membership:1 classes	0	1	32
007a141f	FUN_007a141f	textset__slot_015	virtual_method	0.910	textset	operand_parser@0x00b0c7cc	operand_parser.slot_015	vtable_membership:1 classes	0	1	32
007a143f	FUN_007a143f	textset__slot_016	virtual_method	0.910	textset	operand_parser@0x00b0c7cc	operand_parser.slot_016	vtable_membership:1 classes	0	1	33
007a1460	FUN_007a1460	textset__slot_017	virtual_method	0.910	textset	operand_parser@0x00b0c7cc	operand_parser.slot_017	vtable_membership:1 classes	0	1	32
007a1501	FUN_007a1501	compose__slot_014	virtual_method	0.910	compose	operand_parser@0x00b0c7cc	operand_parser.slot_014	vtable_membership:1 classes	0	1	32
007a1521	FUN_007a1521	compose__slot_015	virtual_method	0.910	compose	operand_parser@0x00b0c7cc	operand_parser.slot_015	vtable_membership:1 classes	0	1	32
007a1541	FUN_007a1541	compose__slot_016	virtual_method	0.910	compose	operand_parser@0x00b0c7cc	operand_parser.slot_016	vtable_membership:1 classes	0	1	33
007a1562	FUN_007a1562	compose__slot_017	virtual_method	0.910	compose	operand_parser@0x00b0c7cc	operand_parser.slot_017	vtable_membership:1 classes	0	1	32
007a1582	FUN_007a1582	choose__slot_014	virtual_method	0.910	choose	operand_parser@0x00b0c7cc	operand_parser.slot_014	vtable_membership:1 classes	0	1	32
007a15a2	FUN_007a15a2	choose__slot_015	virtual_method	0.910	choose	operand_parser@0x00b0c7cc	operand_parser.slot_015	vtable_membership:1 classes	0	1	32
007a15c2	FUN_007a15c2	choose__slot_016	virtual_method	0.910	choose	operand_parser@0x00b0c7cc	operand_parser.slot_016	vtable_membership:1 classes	0	1	33
007a15e3	FUN_007a15e3	choose__slot_017	virtual_method	0.910	choose	operand_parser@0x00b0c7cc	operand_parser.slot_017	vtable_membership:1 classes	0	1	32
007a166f	FUN_007a166f	std_bad_alloc__slot_002	virtual_method	0.910	std::bad_alloc	std_exception@0x00b12cf4	std_exception.slot_002	vtable_membership:1 classes	0	1	17
00a91fd0	FUN_00a91fd0	std_bad_alloc__slot_002	virtual_method	0.910	std::bad_alloc	std_exception@0x00bd48a0	std_exception.slot_002	vtable_membership:1 classes	0	1	9
00a927c4	FUN_00a927c4	std_logic_error__slot_002	virtual_method	0.910	std::logic_error	std_exception@0x00bd48a0	std_exception.slot_002	vtable_membership:1 classes	0	1	9
00a92805	FUN_00a92805	std_length_error__slot_002	virtual_method	0.910	std::length_error	std_exception@0x00bd48a0	std_exception.slot_002	vtable_membership:1 classes	1	1	9
00a92846	FUN_00a92846	std_out_of_range__slot_002	virtual_method	0.910	std::out_of_range	std_exception@0x00bd48a0	std_exception.slot_002	vtable_membership:1 classes	1	1	9
004051c3	FUN_004051c3	std_exception__slot_002	virtual_method	0.840	std::exception	std_exception@0x00abf270	std_exception.slot_002	vtable_membership:1 classes	0	0	5
00424eb3	FUN_00424eb3	std_exception__slot_002	virtual_method	0.840	std::exception	std_exception@0x00abff98	std_exception.slot_002	vtable_membership:1 classes	0	0	5
0043a693	FUN_0043a693	std_exception__slot_002	virtual_method	0.840	std::exception	std_exception@0x00ac0a18	std_exception.slot_002	vtable_membership:1 classes	0	0	5
004a5d05	FUN_004a5d05	objectdata__slot_001	virtual_method	0.840	objectdata	objectdata@0x00ace1d0	objectdata.slot_001	vtable_membership:1 classes	0	0	10
004dea14	FUN_004dea14	objectdata__slot_000	virtual_method	0.840	objectdata	objectdata@0x00ace1d0	objectdata.slot_000	vtable_membership:1 classes	0	0	5
004e0fd2	FUN_004e0fd2	std_exception__slot_002	virtual_method	0.840	std::exception	std_exception@0x00ace628	std_exception.slot_002	vtable_membership:1 classes	0	0	5
005ba688	FUN_005ba688	backend_basetype__slot_029	virtual_method	0.840	backend_basetype	backend_dataflow@0x00b0e82c	backend_dataflow.slot_029	vtable_membership:1 classes	0	0	10
005ba692	FUN_005ba692	backend_basetype__slot_034	virtual_method	0.840	backend_basetype	backend_dataflow@0x00b0e82c	backend_dataflow.slot_034	vtable_membership:1 classes	0	0	10
005ba69c	FUN_005ba69c	backend_basetype__slot_040	virtual_method	0.840	backend_basetype	backend_dataflow@0x00b0e82c	backend_dataflow.slot_040	vtable_membership:1 classes	0	0	9
005ba6a5	FUN_005ba6a5	backend_basetype__slot_043	virtual_method	0.840	backend_basetype	backend_dataflow@0x00b0e82c	backend_dataflow.slot_043	vtable_membership:1 classes	0	0	9
005ba6ae	FUN_005ba6ae	backend_basetype__slot_044	virtual_method	0.840	backend_basetype	backend_dataflow@0x00b0e82c	backend_dataflow.slot_044	vtable_membership:1 classes	0	0	9
005ba6b7	FUN_005ba6b7	backend_basetype__slot_058	virtual_method	0.840	backend_basetype	backend_dataflow@0x00b0e82c	backend_dataflow.slot_058	vtable_membership:1 classes	0	0	9
005ba6c0	FUN_005ba6c0	backend_basetype__slot_062	virtual_method	0.840	backend_basetype	backend_dataflow@0x00b0e82c	backend_dataflow.slot_062	vtable_membership:1 classes	0	0	5
005ba6c5	FUN_005ba6c5	backend_basetype__slot_065	virtual_method	0.840	backend_basetype	backend_dataflow@0x00b0e82c	backend_dataflow.slot_065	vtable_membership:1 classes	0	0	9
005ba6ce	FUN_005ba6ce	backend_basetype__slot_066	virtual_method	0.840	backend_basetype	backend_dataflow@0x00b0e82c	backend_dataflow.slot_066	vtable_membership:1 classes	0	0	9
005ba6d7	FUN_005ba6d7	backend_basetype__slot_067	virtual_method	0.840	backend_basetype	backend_dataflow@0x00b0e82c	backend_dataflow.slot_067	vtable_membership:1 classes	0	0	9
005ba6e0	FUN_005ba6e0	backend_basetype__slot_068	virtual_method	0.840	backend_basetype	backend_dataflow@0x00b0e82c	backend_dataflow.slot_068	vtable_membership:1 classes	0	0	10
005ba6ea	FUN_005ba6ea	backend_basetype__slot_069	virtual_method	0.840	backend_basetype	backend_dataflow@0x00b0e82c	backend_dataflow.slot_069	vtable_membership:1 classes	0	0	10
005ba6f4	FUN_005ba6f4	backend_basetype__slot_070	virtual_method	0.840	backend_basetype	backend_dataflow@0x00b0e82c	backend_dataflow.slot_070	vtable_membership:1 classes	0	0	9
005ba6fd	FUN_005ba6fd	backend_basetype__slot_071	virtual_method	0.840	backend_basetype	backend_dataflow@0x00b0e82c	backend_dataflow.slot_071	vtable_membership:1 classes	0	0	9
005ba706	FUN_005ba706	backend_basetype__slot_072	virtual_method	0.840	backend_basetype	backend_dataflow@0x00b0e82c	backend_dataflow.slot_072	vtable_membership:1 classes	0	0	9
005ba70f	FUN_005ba70f	backend_basetype__slot_073	virtual_method	0.840	backend_basetype	backend_dataflow@0x00b0e82c	backend_dataflow.slot_073	vtable_membership:1 classes	0	0	9
005ba718	FUN_005ba718	backend_basetype__slot_074	virtual_method	0.840	backend_basetype	backend_dataflow@0x00b0e82c	backend_dataflow.slot_074	vtable_membership:1 classes	0	0	5
005ba71d	FUN_005ba71d	backend_basetype__slot_075	virtual_method	0.840	backend_basetype	backend_dataflow@0x00b0e82c	backend_dataflow.slot_075	vtable_membership:1 classes	0	0	5
005ba722	FUN_005ba722	backend_basetype__slot_076	virtual_method	0.840	backend_basetype	backend_dataflow@0x00b0e82c	backend_dataflow.slot_076	vtable_membership:1 classes	0	0	5
005ba727	FUN_005ba727	backend_basetype__slot_077	virtual_method	0.840	backend_basetype	backend_dataflow@0x00b0e82c	backend_dataflow.slot_077	vtable_membership:1 classes	0	1	10
005ba731	FUN_005ba731	backend_basetype__slot_078	virtual_method	0.840	backend_basetype	backend_dataflow@0x00b0e82c	backend_dataflow.slot_078	vtable_membership:1 classes	0	0	14
005ba73f	FUN_005ba73f	backend_basetype__slot_079	virtual_method	0.840	backend_basetype	backend_dataflow@0x00b0e82c	backend_dataflow.slot_079	vtable_membership:1 classes	0	0	9
005ba748	FUN_005ba748	backend_basetype__slot_080	virtual_method	0.840	backend_basetype	backend_dataflow@0x00b0e82c	backend_dataflow.slot_080	vtable_membership:1 classes	0	0	16
005ba758	FUN_005ba758	backend_basetype__slot_081	virtual_method	0.840	backend_basetype	backend_dataflow@0x00b0e82c	backend_dataflow.slot_081	vtable_membership:1 classes	0	0	10
005ba762	FUN_005ba762	backend_basetype__slot_083	virtual_method	0.840	backend_basetype	backend_dataflow@0x00b0e82c	backend_dataflow.slot_083	vtable_membership:1 classes	0	0	9
005ba76b	FUN_005ba76b	backend_basetype__slot_084	virtual_method	0.840	backend_basetype	backend_dataflow@0x00b0e82c	backend_dataflow.slot_084	vtable_membership:1 classes	0	0	5
005ba770	FUN_005ba770	backend_basetype__slot_087	virtual_method	0.840	backend_basetype	backend_dataflow@0x00b0e82c	backend_dataflow.slot_087	vtable_membership:1 classes	0	0	9
005ba779	FUN_005ba779	backend_basetype__slot_088	virtual_method	0.840	backend_basetype	backend_dataflow@0x00b0e82c	backend_dataflow.slot_088	vtable_membership:1 classes	0	0	5
005ba77e	FUN_005ba77e	backend_basetype__slot_089	virtual_method	0.840	backend_basetype	backend_dataflow@0x00b0e82c	backend_dataflow.slot_089	vtable_membership:1 classes	0	0	5
005ba783	FUN_005ba783	backend_basetype__slot_090	virtual_method	0.840	backend_basetype	backend_dataflow@0x00b0e82c	backend_dataflow.slot_090	vtable_membership:1 classes	0	0	10
005ba78d	FUN_005ba78d	backend_basetype__slot_093	virtual_method	0.840	backend_basetype	backend_dataflow@0x00b0e82c	backend_dataflow.slot_093	vtable_membership:1 classes	0	1	10
005ba797	FUN_005ba797	backend_basetype__slot_097	virtual_method	0.840	backend_basetype	backend_dataflow@0x00b0e82c	backend_dataflow.slot_097	vtable_membership:1 classes	0	1	14
005ba7a5	FUN_005ba7a5	backend_basetype__slot_098	virtual_method	0.840	backend_basetype	backend_dataflow@0x00b0e82c	backend_dataflow.slot_098	vtable_membership:1 classes	0	1	14
005ba7b3	FUN_005ba7b3	backend_basetype__slot_099	virtual_method	0.840	backend_basetype	backend_dataflow@0x00b0e82c	backend_dataflow.slot_099	vtable_membership:1 classes	0	1	14
005ba7c1	FUN_005ba7c1	backend_basetype__slot_100	virtual_method	0.840	backend_basetype	backend_dataflow@0x00b0e82c	backend_dataflow.slot_100	vtable_membership:1 classes	0	1	14
005ba7cf	FUN_005ba7cf	backend_basetype__slot_103	virtual_method	0.840	backend_basetype	backend_dataflow@0x00b0e82c	backend_dataflow.slot_103	vtable_membership:1 classes	0	1	15
005ba7de	FUN_005ba7de	backend_basetype__slot_104	virtual_method	0.840	backend_basetype	backend_dataflow@0x00b0e82c	backend_dataflow.slot_104	vtable_membership:1 classes	0	1	10
005ba7e8	FUN_005ba7e8	backend_basetype__slot_105	virtual_method	0.840	backend_basetype	backend_dataflow@0x00b0e82c	backend_dataflow.slot_105	vtable_membership:1 classes	0	0	106
005ba852	FUN_005ba852	backend_basetype__slot_106	virtual_method	0.840	backend_basetype	backend_dataflow@0x00b0e82c	backend_dataflow.slot_106	vtable_membership:1 classes	0	1	14
005ba860	FUN_005ba860	backend_basetype__slot_107	virtual_method	0.840	backend_basetype	backend_dataflow@0x00b0e82c	backend_dataflow.slot_107	vtable_membership:1 classes	0	1	14
005ba86e	FUN_005ba86e	backend_basetype__slot_108	virtual_method	0.840	backend_basetype	backend_dataflow@0x00b0e82c	backend_dataflow.slot_108	vtable_membership:1 classes	0	1	14
005ba87c	FUN_005ba87c	backend_basetype__slot_109	virtual_method	0.840	backend_basetype	backend_dataflow@0x00b0e82c	backend_dataflow.slot_109	vtable_membership:1 classes	0	1	14
005ba88a	FUN_005ba88a	backend_basetype__slot_117	virtual_method	0.840	backend_basetype	backend_dataflow@0x00b0e82c	backend_dataflow.slot_117	vtable_membership:1 classes	0	0	9
005ba893	FUN_005ba893	backend_basetype__slot_120	virtual_method	0.840	backend_basetype	backend_dataflow@0x00b0e82c	backend_dataflow.slot_120	vtable_membership:1 classes	0	0	9
005ba89c	FUN_005ba89c	backend_basetype__slot_121	virtual_method	0.840	backend_basetype	backend_dataflow@0x00b0e82c	backend_dataflow.slot_121	vtable_membership:1 classes	0	0	9
005ba8a5	FUN_005ba8a5	backend_basetype__slot_122	virtual_method	0.840	backend_basetype	backend_dataflow@0x00b0e82c	backend_dataflow.slot_122	vtable_membership:1 classes	0	0	9
005ba8ae	FUN_005ba8ae	backend_basetype__slot_123	virtual_method	0.840	backend_basetype	backend_dataflow@0x00b0e82c	backend_dataflow.slot_123	vtable_membership:1 classes	0	0	9
005ba8b7	FUN_005ba8b7	backend_basetype__slot_124	virtual_method	0.840	backend_basetype	backend_dataflow@0x00b0e82c	backend_dataflow.slot_124	vtable_membership:1 classes	0	0	9
005ba8c0	FUN_005ba8c0	backend_basetype__slot_125	virtual_method	0.840	backend_basetype	backend_dataflow@0x00b0e82c	backend_dataflow.slot_125	vtable_membership:1 classes	0	0	9
005ba8c9	FUN_005ba8c9	backend_basetype__slot_126	virtual_method	0.840	backend_basetype	backend_dataflow@0x00b0e82c	backend_dataflow.slot_126	vtable_membership:1 classes	0	0	9
005ba8d2	FUN_005ba8d2	backend_basetype__slot_128	virtual_method	0.840	backend_basetype	backend_dataflow@0x00b0e82c	backend_dataflow.slot_128	vtable_membership:1 classes	0	1	99
005ba935	FUN_005ba935	backend_basetype__slot_129	virtual_method	0.840	backend_basetype	backend_dataflow@0x00b0e82c	backend_dataflow.slot_129	vtable_membership:1 classes	0	0	5
005ba93a	FUN_005ba93a	backend_basetype__slot_132	virtual_method	0.840	backend_basetype	backend_dataflow@0x00b0e82c	backend_dataflow.slot_132	vtable_membership:1 classes	0	0	9
005ba943	FUN_005ba943	backend_basetype__slot_138	virtual_method	0.840	backend_basetype	backend_dataflow@0x00b0e82c	backend_dataflow.slot_138	vtable_membership:1 classes	0	0	9
005ba94c	FUN_005ba94c	backend_basetype__slot_140	virtual_method	0.840	backend_basetype	backend_dataflow@0x00b0e82c	backend_dataflow.slot_140	vtable_membership:1 classes	0	0	5
005ba951	FUN_005ba951	backend_basetype__slot_141	virtual_method	0.840	backend_basetype	backend_dataflow@0x00b0e82c	backend_dataflow.slot_141	vtable_membership:1 classes	0	0	5
005ba956	FUN_005ba956	backend_basetype__slot_142	virtual_method	0.840	backend_basetype	backend_dataflow@0x00b0e82c	backend_dataflow.slot_142	vtable_membership:1 classes	0	0	5
005ba95b	FUN_005ba95b	backend_basetype__slot_143	virtual_method	0.840	backend_basetype	backend_dataflow@0x00b0e82c	backend_dataflow.slot_143	vtable_membership:1 classes	0	0	5
005ba960	FUN_005ba960	backend_basetype__slot_144	virtual_method	0.840	backend_basetype	backend_dataflow@0x00b0e82c	backend_dataflow.slot_144	vtable_membership:1 classes	0	0	5
005ba965	FUN_005ba965	backend_basetype__slot_145	virtual_method	0.840	backend_basetype	backend_dataflow@0x00b0e82c	backend_dataflow.slot_145	vtable_membership:1 classes	0	1	15
005ba974	FUN_005ba974	backend_basetype__slot_146	virtual_method	0.840	backend_basetype	backend_dataflow@0x00b0e82c	backend_dataflow.slot_146	vtable_membership:1 classes	0	0	5
005ba979	FUN_005ba979	backend_basetype__slot_147	virtual_method	0.840	backend_basetype	backend_dataflow@0x00b0e82c	backend_dataflow.slot_147	vtable_membership:1 classes	0	0	5
005ba97e	FUN_005ba97e	backend_basetype__slot_148	virtual_method	0.840	backend_basetype	backend_dataflow@0x00b0e82c	backend_dataflow.slot_148	vtable_membership:1 classes	0	0	10
005ba988	FUN_005ba988	backend_basetype__slot_152	virtual_method	0.840	backend_basetype	backend_dataflow@0x00b0e82c	backend_dataflow.slot_152	vtable_membership:1 classes	0	0	9
005ba991	FUN_005ba991	backend_basetype__slot_153	virtual_method	0.840	backend_basetype	backend_dataflow@0x00b0e82c	backend_dataflow.slot_153	vtable_membership:1 classes	0	0	10
005ba99b	FUN_005ba99b	backend_basetype__slot_154	virtual_method	0.840	backend_basetype	backend_dataflow@0x00b0e82c	backend_dataflow.slot_154	vtable_membership:1 classes	0	0	10
005ba9a5	FUN_005ba9a5	backend_basetype__slot_159	virtual_method	0.840	backend_basetype	backend_dataflow@0x00b0e82c	backend_dataflow.slot_159	vtable_membership:1 classes	0	1	10
005ba9af	FUN_005ba9af	backend_basetype__slot_160	virtual_method	0.840	backend_basetype	backend_dataflow@0x00b0e82c	backend_dataflow.slot_160	vtable_membership:1 classes	0	1	10
005ba9b9	FUN_005ba9b9	backend_basetype__slot_161	virtual_method	0.840	backend_basetype	backend_dataflow@0x00b0e82c	backend_dataflow.slot_161	vtable_membership:1 classes	0	0	5
005ba9be	FUN_005ba9be	backend_basetype__slot_162	virtual_method	0.840	backend_basetype	backend_dataflow@0x00b0e82c	backend_dataflow.slot_162	vtable_membership:1 classes	0	0	5
005ba9c3	FUN_005ba9c3	backend_basetype__slot_163	virtual_method	0.840	backend_basetype	backend_dataflow@0x00b0e82c	backend_dataflow.slot_163	vtable_membership:1 classes	0	0	5
005ba9c8	FUN_005ba9c8	backend_basetype__slot_164	virtual_method	0.840	backend_basetype	backend_dataflow@0x00b0e82c	backend_dataflow.slot_164	vtable_membership:1 classes	0	0	10
005ba9d2	FUN_005ba9d2	backend_basetype__slot_182	virtual_method	0.840	backend_basetype	backend_dataflow@0x00b0e82c	backend_dataflow.slot_182	vtable_membership:1 classes	0	0	5
005ba9d7	FUN_005ba9d7	backend_basetype__slot_187	virtual_method	0.840	backend_basetype	backend_dataflow@0x00b0e82c	backend_dataflow.slot_187	vtable_membership:1 classes	0	0	5
005ba9dc	FUN_005ba9dc	backend_basetype__slot_188	virtual_method	0.840	backend_basetype	backend_dataflow@0x00b0e82c	backend_dataflow.slot_188	vtable_membership:1 classes	0	0	10
005ba9e6	FUN_005ba9e6	backend_basetype__slot_189	virtual_method	0.840	backend_basetype	backend_dataflow@0x00b0e82c	backend_dataflow.slot_189	vtable_membership:1 classes	0	0	5
005ba9eb	FUN_005ba9eb	backend_basetype__slot_190	virtual_method	0.840	backend_basetype	backend_dataflow@0x00b0e82c	backend_dataflow.slot_190	vtable_membership:1 classes	0	0	8
005ba9f3	FUN_005ba9f3	backend_basetype__slot_191	virtual_method	0.840	backend_basetype	backend_dataflow@0x00b0e82c	backend_dataflow.slot_191	vtable_membership:1 classes	0	0	9
005ba9fc	FUN_005ba9fc	backend_basetype__slot_192	virtual_method	0.840	backend_basetype	backend_dataflow@0x00b0e82c	backend_dataflow.slot_192	vtable_membership:1 classes	0	0	9
005baa05	FUN_005baa05	backend_basetype__slot_193	virtual_method	0.840	backend_basetype	backend_dataflow@0x00b0e82c	backend_dataflow.slot_193	vtable_membership:1 classes	0	0	9
005baa0e	FUN_005baa0e	backend_basetype__slot_195	virtual_method	0.840	backend_basetype	backend_dataflow@0x00b0e82c	backend_dataflow.slot_195	vtable_membership:1 classes	0	0	10
005baa18	FUN_005baa18	backend_basetype__slot_198	virtual_method	0.840	backend_basetype	backend_dataflow@0x00b0e82c	backend_dataflow.slot_198	vtable_membership:1 classes	0	0	9
005baa21	FUN_005baa21	backend_basetype__slot_200	virtual_method	0.840	backend_basetype	backend_dataflow@0x00b0e82c	backend_dataflow.slot_200	vtable_membership:1 classes	0	0	12
005baa2d	FUN_005baa2d	backend_basetype__slot_201	virtual_method	0.840	backend_basetype	backend_dataflow@0x00b0e82c	backend_dataflow.slot_201	vtable_membership:1 classes	0	0	9
005baa36	FUN_005baa36	backend_basetype__slot_202	virtual_method	0.840	backend_basetype	backend_dataflow@0x00b0e82c	backend_dataflow.slot_202	vtable_membership:1 classes	0	1	10
005baa40	FUN_005baa40	backend_basetype__slot_203	virtual_method	0.840	backend_basetype	backend_dataflow@0x00b0e82c	backend_dataflow.slot_203	vtable_membership:1 classes	0	1	10
005baa4a	FUN_005baa4a	backend_basetype__slot_204	virtual_method	0.840	backend_basetype	backend_dataflow@0x00b0e82c	backend_dataflow.slot_204	vtable_membership:1 classes	0	0	5
005baa4f	FUN_005baa4f	backend_basetype__slot_205	virtual_method	0.840	backend_basetype	backend_dataflow@0x00b0e82c	backend_dataflow.slot_205	vtable_membership:1 classes	0	0	5
005baa54	FUN_005baa54	backend_basetype__slot_207	virtual_method	0.840	backend_basetype	backend_dataflow@0x00b0e82c	backend_dataflow.slot_207	vtable_membership:1 classes	0	0	5
005baa59	FUN_005baa59	backend_basetype__slot_208	virtual_method	0.840	backend_basetype	backend_dataflow@0x00b0e82c	backend_dataflow.slot_208	vtable_membership:1 classes	0	0	9
005baa62	FUN_005baa62	backend_basetype__slot_209	virtual_method	0.840	backend_basetype	backend_dataflow@0x00b0e82c	backend_dataflow.slot_209	vtable_membership:1 classes	0	0	9
005baa6b	FUN_005baa6b	backend_basetype__slot_211	virtual_method	0.840	backend_basetype	backend_dataflow@0x00b0e82c	backend_dataflow.slot_211	vtable_membership:1 classes	0	0	10
005baa75	FUN_005baa75	backend_basetype__slot_213	virtual_method	0.840	backend_basetype	backend_dataflow@0x00b0e82c	backend_dataflow.slot_213	vtable_membership:1 classes	0	0	5
005baa7a	FUN_005baa7a	backend_basetype__slot_214	virtual_method	0.840	backend_basetype	backend_dataflow@0x00b0e82c	backend_dataflow.slot_214	vtable_membership:1 classes	0	0	9
005baa83	FUN_005baa83	backend_basetype__slot_215	virtual_method	0.840	backend_basetype	backend_dataflow@0x00b0e82c	backend_dataflow.slot_215	vtable_membership:1 classes	0	0	5
005baa88	FUN_005baa88	backend_basetype__slot_217	virtual_method	0.840	backend_basetype	backend_dataflow@0x00b0e82c	backend_dataflow.slot_217	vtable_membership:1 classes	0	0	9
005baa91	FUN_005baa91	backend_basetype__slot_218	virtual_method	0.840	backend_basetype	backend_dataflow@0x00b0e82c	backend_dataflow.slot_218	vtable_membership:1 classes	0	0	9
005baa9a	FUN_005baa9a	backend_basetype__slot_219	virtual_method	0.840	backend_basetype	backend_dataflow@0x00b0e82c	backend_dataflow.slot_219	vtable_membership:1 classes	0	0	9
005baaa3	FUN_005baaa3	backend_basetype__slot_220	virtual_method	0.840	backend_basetype	backend_dataflow@0x00b0e82c	backend_dataflow.slot_220	vtable_membership:1 classes	0	1	10
005baaad	FUN_005baaad	backend_basetype__slot_221	virtual_method	0.840	backend_basetype	backend_dataflow@0x00b0e82c	backend_dataflow.slot_221	vtable_membership:1 classes	0	0	5
005baab2	FUN_005baab2	backend_basetype__slot_222	virtual_method	0.840	backend_basetype	backend_dataflow@0x00b0e82c	backend_dataflow.slot_222	vtable_membership:1 classes	0	1	10
005baabc	FUN_005baabc	backend_basetype__slot_223	virtual_method	0.840	backend_basetype	backend_dataflow@0x00b0e82c	backend_dataflow.slot_223	vtable_membership:1 classes	0	1	10
005baac6	FUN_005baac6	backend_basetype__slot_224	virtual_method	0.840	backend_basetype	backend_dataflow@0x00b0e82c	backend_dataflow.slot_224	vtable_membership:1 classes	0	0	9
005baacf	FUN_005baacf	backend_basetype__slot_225	virtual_method	0.840	backend_basetype	backend_dataflow@0x00b0e82c	backend_dataflow.slot_225	vtable_membership:1 classes	0	0	5
005baad4	FUN_005baad4	backend_basetype__slot_226	virtual_method	0.840	backend_basetype	backend_dataflow@0x00b0e82c	backend_dataflow.slot_226	vtable_membership:1 classes	0	0	5
005baad9	FUN_005baad9	backend_basetype__slot_227	virtual_method	0.840	backend_basetype	backend_dataflow@0x00b0e82c	backend_dataflow.slot_227	vtable_membership:1 classes	0	0	5
005baade	FUN_005baade	backend_basetype__slot_228	virtual_method	0.840	backend_basetype	backend_dataflow@0x00b0e82c	backend_dataflow.slot_228	vtable_membership:1 classes	0	0	9
005baae7	FUN_005baae7	backend_basetype__slot_230	virtual_method	0.840	backend_basetype	backend_dataflow@0x00b0e82c	backend_dataflow.slot_230	vtable_membership:1 classes	0	0	9
005baaf0	FUN_005baaf0	backend_basetype__slot_231	virtual_method	0.840	backend_basetype	backend_dataflow@0x00b0e82c	backend_dataflow.slot_231	vtable_membership:1 classes	0	1	15
005baaff	FUN_005baaff	backend_basetype__slot_232	virtual_method	0.840	backend_basetype	backend_dataflow@0x00b0e82c	backend_dataflow.slot_232	vtable_membership:1 classes	0	0	9
005bab08	FUN_005bab08	backend_basetype__slot_233	virtual_method	0.840	backend_basetype	backend_dataflow@0x00b0e82c	backend_dataflow.slot_233	vtable_membership:1 classes	0	0	5
005bab0d	FUN_005bab0d	backend_basetype__slot_236	virtual_method	0.840	backend_basetype	backend_dataflow@0x00b0e82c	backend_dataflow.slot_236	vtable_membership:1 classes	0	0	9
005bab16	FUN_005bab16	backend_basetype__slot_237	virtual_method	0.840	backend_basetype	backend_dataflow@0x00b0e82c	backend_dataflow.slot_237	vtable_membership:1 classes	0	0	9
005bab57	FUN_005bab57	backend_basetype__slot_239	virtual_method	0.840	backend_basetype	backend_dataflow@0x00b0e82c	backend_dataflow.slot_239	vtable_membership:1 classes	0	0	9
005bab60	FUN_005bab60	backend_basetype__slot_240	virtual_method	0.840	backend_basetype	backend_dataflow@0x00b0e82c	backend_dataflow.slot_240	vtable_membership:1 classes	0	0	5
005bab65	FUN_005bab65	backend_basetype__slot_242	virtual_method	0.840	backend_basetype	backend_dataflow@0x00b0e82c	backend_dataflow.slot_242	vtable_membership:1 classes	0	0	9
005bab6e	FUN_005bab6e	backend_basetype__slot_243	virtual_method	0.840	backend_basetype	backend_dataflow@0x00b0e82c	backend_dataflow.slot_243	vtable_membership:1 classes	0	0	9
005bab77	FUN_005bab77	backend_basetype__slot_244	virtual_method	0.840	backend_basetype	backend_dataflow@0x00b0e82c	backend_dataflow.slot_244	vtable_membership:1 classes	0	0	9
005bab80	FUN_005bab80	backend_basetype__slot_245	virtual_method	0.840	backend_basetype	backend_dataflow@0x00b0e82c	backend_dataflow.slot_245	vtable_membership:1 classes	0	0	5
005bab85	FUN_005bab85	backend_basetype__slot_248	virtual_method	0.840	backend_basetype	backend_dataflow@0x00b0e82c	backend_dataflow.slot_248	vtable_membership:1 classes	0	0	9
005bab8e	FUN_005bab8e	backend_basetype__slot_249	virtual_method	0.840	backend_basetype	backend_dataflow@0x00b0e82c	backend_dataflow.slot_249	vtable_membership:1 classes	0	0	9
005bab97	FUN_005bab97	backend_basetype__slot_250	virtual_method	0.840	backend_basetype	backend_dataflow@0x00b0e82c	backend_dataflow.slot_250	vtable_membership:1 classes	0	0	5
005bab9c	FUN_005bab9c	backend_basetype__slot_251	virtual_method	0.840	backend_basetype	backend_dataflow@0x00b0e82c	backend_dataflow.slot_251	vtable_membership:1 classes	0	0	8
005baba4	FUN_005baba4	backend_basetype__slot_252	virtual_method	0.840	backend_basetype	backend_dataflow@0x00b0e82c	backend_dataflow.slot_252	vtable_membership:1 classes	0	0	9
005babad	FUN_005babad	backend_basetype__slot_253	virtual_method	0.840	backend_basetype	backend_dataflow@0x00b0e82c	backend_dataflow.slot_253	vtable_membership:1 classes	0	0	9
005babb6	FUN_005babb6	backend_basetype__slot_259	virtual_method	0.840	backend_basetype	backend_dataflow@0x00b0e82c	backend_dataflow.slot_259	vtable_membership:1 classes	0	0	9
005babbf	FUN_005babbf	backend_basetype__slot_260	virtual_method	0.840	backend_basetype	backend_dataflow@0x00b0e82c	backend_dataflow.slot_260	vtable_membership:1 classes	0	0	9
005babc8	FUN_005babc8	backend_basetype__slot_261	virtual_method	0.840	backend_basetype	backend_dataflow@0x00b0e82c	backend_dataflow.slot_261	vtable_membership:1 classes	0	0	10
005bca1d	FUN_005bca1d	backend_basetype__slot_169	virtual_method	0.840	backend_basetype	backend_dataflow@0x00b0e82c	backend_dataflow.slot_169	vtable_membership:1 classes	0	1	15
005bca2c	FUN_005bca2c	backend_basetype__slot_170	virtual_method	0.840	backend_basetype	backend_dataflow@0x00b0e82c	backend_dataflow.slot_170	vtable_membership:1 classes	0	1	15
005bca3b	FUN_005bca3b	backend_basetype__slot_171	virtual_method	0.840	backend_basetype	backend_dataflow@0x00b0e82c	backend_dataflow.slot_171	vtable_membership:1 classes	0	1	15
005bca4a	FUN_005bca4a	backend_basetype__slot_172	virtual_method	0.840	backend_basetype	backend_dataflow@0x00b0e82c	backend_dataflow.slot_172	vtable_membership:1 classes	0	1	15
005bd9df	FUN_005bd9df	backend_basetype__slot_101	virtual_method	0.840	backend_basetype	backend_dataflow@0x00b0e82c	backend_dataflow.slot_101	vtable_membership:1 classes	0	0	9
005bd9e8	FUN_005bd9e8	backend_basetype__slot_102	virtual_method	0.840	backend_basetype	backend_dataflow@0x00b0e82c	backend_dataflow.slot_102	vtable_membership:1 classes	0	0	9
005cf400	FUN_005cf400	AliasAnalyzer__slot_000	virtual_method	0.840	AliasAnalyzer	AliasAnalyzer@0x00aff0cc	AliasAnalyzer.slot_000	vtable_membership:1 classes	0	0	9
005cf409	FUN_005cf409	AliasAnalyzer__slot_001	virtual_method	0.840	AliasAnalyzer	AliasAnalyzer@0x00aff0cc	AliasAnalyzer.slot_001	vtable_membership:1 classes	0	0	5
0061fe7c	FUN_0061fe7c	peep_transformer__slot_003	virtual_method	0.840	peep_transformer	peep_transformer@0x00b01e58	peep_transformer.slot_003	vtable_membership:1 classes	0	0	9
0061fe85	FUN_0061fe85	peep_transformer__slot_004	virtual_method	0.840	peep_transformer	peep_transformer@0x00b01e58	peep_transformer.slot_004	vtable_membership:1 classes	0	0	9
0061fe8e	FUN_0061fe8e	peep_transformer__slot_005	virtual_method	0.840	peep_transformer	peep_transformer@0x00b01e58	peep_transformer.slot_005	vtable_membership:1 classes	0	0	9
00695a37	FUN_00695a37	std_exception__slot_002	virtual_method	0.840	std::exception	std_exception@0x00b06c6c	std_exception.slot_002	vtable_membership:1 classes	0	0	5
00696dd5	FUN_00696dd5	MachopVisitor__slot_001	virtual_method	0.840	MachopVisitor	MachopVisitor@0x00b06c2c	MachopVisitor.slot_001	vtable_membership:1 classes	0	1	28
0071dcd0	FUN_0071dcd0	alloc_table__slot_000	virtual_method	0.840	alloc_table	alloc_table@0x00b0a500	alloc_table.slot_000	vtable_membership:1 classes	0	1	39
00737c92	FUN_00737c92	list_scheduler__slot_001	virtual_method	0.840	list_scheduler	list_scheduler@0x00b0c0e4	list_scheduler.slot_001	vtable_membership:1 classes	2	12	1339
0074dae0	FUN_0074dae0	backend_dataflow__slot_000	virtual_method	0.840	backend_dataflow	backend_dataflow@0x00b0e82c	backend_dataflow.slot_000	vtable_membership:1 classes	0	0	5
0074dae5	FUN_0074dae5	backend_dataflow__slot_002	virtual_method	0.840	backend_dataflow	backend_dataflow@0x00b0e82c	backend_dataflow.slot_002	vtable_membership:1 classes	0	0	5
0074daea	FUN_0074daea	backend_dataflow__slot_003	virtual_method	0.840	backend_dataflow	backend_dataflow@0x00b0e82c	backend_dataflow.slot_003	vtable_membership:1 classes	0	0	9
0074daf3	FUN_0074daf3	backend_dataflow__slot_004	virtual_method	0.840	backend_dataflow	backend_dataflow@0x00b0e82c	backend_dataflow.slot_004	vtable_membership:1 classes	0	0	9
0074dafc	FUN_0074dafc	backend_dataflow__slot_009	virtual_method	0.840	backend_dataflow	backend_dataflow@0x00b0e82c	backend_dataflow.slot_009	vtable_membership:1 classes	0	0	9
0074db05	FUN_0074db05	backend_dataflow__slot_011	virtual_method	0.840	backend_dataflow	backend_dataflow@0x00b0e82c	backend_dataflow.slot_011	vtable_membership:1 classes	0	0	20
0074db19	FUN_0074db19	backend_dataflow__slot_013	virtual_method	0.840	backend_dataflow	backend_dataflow@0x00b0e82c	backend_dataflow.slot_013	vtable_membership:1 classes	0	0	9
0074db22	FUN_0074db22	backend_dataflow__slot_014	virtual_method	0.840	backend_dataflow	backend_dataflow@0x00b0e82c	backend_dataflow.slot_014	vtable_membership:1 classes	0	0	9
0074db2b	FUN_0074db2b	backend_dataflow__slot_015	virtual_method	0.840	backend_dataflow	backend_dataflow@0x00b0e82c	backend_dataflow.slot_015	vtable_membership:1 classes	0	0	9
0074db34	FUN_0074db34	backend_dataflow__slot_016	virtual_method	0.840	backend_dataflow	backend_dataflow@0x00b0e82c	backend_dataflow.slot_016	vtable_membership:1 classes	0	1	15
0074db43	FUN_0074db43	backend_dataflow__slot_017	virtual_method	0.840	backend_dataflow	backend_dataflow@0x00b0e82c	backend_dataflow.slot_017	vtable_membership:1 classes	0	0	45
0074db70	FUN_0074db70	backend_dataflow__slot_018	virtual_method	0.840	backend_dataflow	backend_dataflow@0x00b0e82c	backend_dataflow.slot_018	vtable_membership:1 classes	0	1	10
0074db7a	FUN_0074db7a	backend_dataflow__slot_021	virtual_method	0.840	backend_dataflow	backend_dataflow@0x00b0e82c	backend_dataflow.slot_021	vtable_membership:1 classes	0	1	14
0074db88	FUN_0074db88	backend_dataflow__slot_023	virtual_method	0.840	backend_dataflow	backend_dataflow@0x00b0e82c	backend_dataflow.slot_023	vtable_membership:1 classes	0	0	9
0074db91	FUN_0074db91	backend_dataflow__slot_026	virtual_method	0.840	backend_dataflow	backend_dataflow@0x00b0e82c	backend_dataflow.slot_026	vtable_membership:1 classes	0	0	21
0074dba6	FUN_0074dba6	backend_dataflow__slot_027	virtual_method	0.840	backend_dataflow	backend_dataflow@0x00b0e82c	backend_dataflow.slot_027	vtable_membership:1 classes	0	0	9
0076c5f7	FUN_0076c5f7	backend_dataflow__slot_019	virtual_method	0.840	backend_dataflow	backend_dataflow@0x00b0e82c	backend_dataflow.slot_019	vtable_membership:1 classes	0	1	27
0076c612	FUN_0076c612	backend_dataflow__slot_020	virtual_method	0.840	backend_dataflow	backend_dataflow@0x00b0e82c	backend_dataflow.slot_020	vtable_membership:1 classes	0	1	26
0076ce1e	FUN_0076ce1e	backend_dataflow__slot_022	virtual_method	0.840	backend_dataflow	backend_dataflow@0x00b0e82c	backend_dataflow.slot_022	vtable_membership:1 classes	0	9	719
007808d0	FUN_007808d0	ScavengingFixup__slot_002	virtual_method	0.840	ScavengingFixup	ScavengingFixup@0x00b0edf0	ScavengingFixup.slot_002	vtable_membership:1 classes	0	0	9
007808d9	FUN_007808d9	ScavengingFixup__slot_003	virtual_method	0.840	ScavengingFixup	ScavengingFixup@0x00b0edf0	ScavengingFixup.slot_003	vtable_membership:1 classes	0	0	9
007808e2	FUN_007808e2	ScavengingFixup__slot_004	virtual_method	0.840	ScavengingFixup	ScavengingFixup@0x00b0edf0	ScavengingFixup.slot_004	vtable_membership:1 classes	0	0	16
007808f2	FUN_007808f2	ScavengingFixup__slot_005	virtual_method	0.840	ScavengingFixup	ScavengingFixup@0x00b0edf0	ScavengingFixup.slot_005	vtable_membership:1 classes	0	0	16
00780902	FUN_00780902	ScavengingFixup__slot_006	virtual_method	0.840	ScavengingFixup	ScavengingFixup@0x00b0edf0	ScavengingFixup.slot_006	vtable_membership:1 classes	0	0	9
0078090b	FUN_0078090b	ScavengingFixup__slot_007	virtual_method	0.840	ScavengingFixup	ScavengingFixup@0x00b0edf0	ScavengingFixup.slot_007	vtable_membership:1 classes	0	0	9
00780914	FUN_00780914	ScavengingFixup__slot_010	virtual_method	0.840	ScavengingFixup	ScavengingFixup@0x00b0edf0	ScavengingFixup.slot_010	vtable_membership:1 classes	0	0	13
00780a92	FUN_00780a92	ScavengingFixup__slot_000	virtual_method	0.840	ScavengingFixup	ScavengingFixup@0x00b0edf0	ScavengingFixup.slot_000	vtable_membership:1 classes	0	1	205
00785943	FUN_00785943	std_exception__slot_002	virtual_method	0.840	std::exception	std_exception@0x00b0f1ec	std_exception.slot_002	vtable_membership:1 classes	0	0	5
00787833	FUN_00787833	std_exception__slot_002	virtual_method	0.840	std::exception	std_exception@0x00b0f5dc	std_exception.slot_002	vtable_membership:1 classes	0	0	5
007918f3	FUN_007918f3	std_exception__slot_002	virtual_method	0.840	std::exception	std_exception@0x00b10f10	std_exception.slot_002	vtable_membership:1 classes	0	0	5
00795c8c	FUN_00795c8c	Disassembler__slot_001	virtual_method	0.840	Disassembler	Disassembler@0x00b1155c	Disassembler.slot_001	vtable_membership:1 classes	0	0	9
00795c95	FUN_00795c95	Disassembler__slot_002	virtual_method	0.840	Disassembler	Disassembler@0x00b1155c	Disassembler.slot_002	vtable_membership:1 classes	0	0	13
00795ca2	FUN_00795ca2	Disassembler__slot_003	virtual_method	0.840	Disassembler	Disassembler@0x00b1155c	Disassembler.slot_003	vtable_membership:1 classes	0	0	33
00795cc3	FUN_00795cc3	Disassembler__slot_004	virtual_method	0.840	Disassembler	Disassembler@0x00b1155c	Disassembler.slot_004	vtable_membership:1 classes	0	0	10
00795ccd	FUN_00795ccd	Disassembler__slot_005	virtual_method	0.840	Disassembler	Disassembler@0x00b1155c	Disassembler.slot_005	vtable_membership:1 classes	0	0	31
00795cec	FUN_00795cec	Disassembler__slot_010	virtual_method	0.840	Disassembler	Disassembler@0x00b1155c	Disassembler.slot_010	vtable_membership:1 classes	0	0	10
00795cf6	FUN_00795cf6	Disassembler__slot_011	virtual_method	0.840	Disassembler	Disassembler@0x00b1155c	Disassembler.slot_011	vtable_membership:1 classes	0	0	10
00795d00	FUN_00795d00	Disassembler__slot_013	virtual_method	0.840	Disassembler	Disassembler@0x00b1155c	Disassembler.slot_013	vtable_membership:1 classes	0	0	12
00795d0c	FUN_00795d0c	Disassembler__slot_015	virtual_method	0.840	Disassembler	Disassembler@0x00b1155c	Disassembler.slot_015	vtable_membership:1 classes	0	0	9
00795d15	FUN_00795d15	Disassembler__slot_016	virtual_method	0.840	Disassembler	Disassembler@0x00b1155c	Disassembler.slot_016	vtable_membership:1 classes	0	0	22
00795d2b	FUN_00795d2b	Disassembler__slot_017	virtual_method	0.840	Disassembler	Disassembler@0x00b1155c	Disassembler.slot_017	vtable_membership:1 classes	0	0	5
00796e31	FUN_00796e31	Disassembler__slot_000	virtual_method	0.840	Disassembler	Disassembler@0x00b1155c	Disassembler.slot_000	vtable_membership:1 classes	0	1	163
00796ef1	FUN_00796ef1	Disassembler__slot_012	virtual_method	0.840	Disassembler	Disassembler@0x00b1155c	Disassembler.slot_012	vtable_membership:1 classes	0	0	83
007972fd	FUN_007972fd	Disassembler__slot_014	virtual_method	0.840	Disassembler	Disassembler@0x00b1155c	Disassembler.slot_014	vtable_membership:1 classes	0	1	54
00797bb6	FUN_00797bb6	Disassembler__slot_006	virtual_method	0.840	Disassembler;std::exception;std::logic_error;std::out_of_range	Disassembler@0x00b1155c;std_exception@0x00b10f10	Disassembler.slot_006	vtable_membership:1 classes;direct_vtable_header_or_vptr_refs:3;write_order:std::exception>std::logic_error>std::out_of_range	0	40	4535
00798d6d	FUN_00798d6d	Disassembler__slot_007	virtual_method	0.840	Disassembler	Disassembler@0x00b1155c	Disassembler.slot_007	vtable_membership:1 classes	0	6	1137
007991de	FUN_007991de	Disassembler__slot_008	virtual_method	0.840	Disassembler;std::exception;std::logic_error;std::out_of_range	Disassembler@0x00b1155c;std_exception@0x00b10f10	Disassembler.slot_008	vtable_membership:1 classes;direct_vtable_header_or_vptr_refs:3;write_order:std::exception>std::logic_error>std::out_of_range	0	39	6536
0079ab66	FUN_0079ab66	Disassembler__slot_009	virtual_method	0.840	Disassembler	Disassembler@0x00b1155c	Disassembler.slot_009	vtable_membership:1 classes	0	13	1413
0079ca73	FUN_0079ca73	std_exception__slot_002	virtual_method	0.840	std::exception	std_exception@0x00b11aa8	std_exception.slot_002	vtable_membership:1 classes	0	0	5
0079d717	FUN_0079d717	IndInst_instop__slot_000	virtual_method	0.840	IndInst::instop	IndInst_instop@0x00b11f18	IndInst_instop.slot_000	vtable_membership:1 classes	0	1	39
0079d917	FUN_0079d917	IndInst_instop__slot_002	virtual_method	0.840	IndInst::instop	IndInst_instop@0x00b11f18	IndInst_instop.slot_002	vtable_membership:1 classes	4	1	124
0079ea43	FUN_0079ea43	std_exception__slot_002	virtual_method	0.840	std::exception	std_exception@0x00b12008	std_exception.slot_002	vtable_membership:1 classes	0	0	5
0079f959	FUN_0079f959	IndInst_IndInstInterface__slot_000	virtual_method	0.840	IndInst::IndInstInterface	IndInst_IndInstInterface@0x00b125a0	IndInst_IndInstInterface.slot_000	vtable_membership:1 classes	0	1	100
0079f9bd	FUN_0079f9bd	IndInst_IndInstInterface__slot_001	virtual_method	0.840	IndInst::IndInstInterface	IndInst_IndInstInterface@0x00b125a0	IndInst_IndInstInterface.slot_001	vtable_membership:1 classes	0	2	163
0079fa60	FUN_0079fa60	IndInst_IndInstInterface__slot_002	virtual_method	0.840	IndInst::IndInstInterface	IndInst_IndInstInterface@0x00b125a0	IndInst_IndInstInterface.slot_002	vtable_membership:1 classes	0	1	533
0079fdcc	FUN_0079fdcc	IndInst_IndInstInterface__slot_003	virtual_method	0.840	IndInst::IndInstInterface	IndInst_IndInstInterface@0x00b125a0	IndInst_IndInstInterface.slot_003	vtable_membership:1 classes	0	7	604
007a023e	FUN_007a023e	IndInst_IndInstInterface__slot_004	virtual_method	0.840	IndInst::IndInstInterface	IndInst_IndInstInterface@0x00b125a0	IndInst_IndInstInterface.slot_004	vtable_membership:1 classes	0	0	29
007a044d	FUN_007a044d	IndInst_IndInstInterface__slot_005	virtual_method	0.840	IndInst::IndInstInterface	IndInst_IndInstInterface@0x00b125a0	IndInst_IndInstInterface.slot_005	vtable_membership:1 classes	0	4	335
007a0ddc	FUN_007a0ddc	OutputGen__slot_001	virtual_method	0.840	OutputGen	OutputGen@0x00b12800	OutputGen.slot_001	vtable_membership:1 classes	0	0	58
007a1643	FUN_007a1643	std_exception__slot_002	virtual_method	0.840	std::exception	std_exception@0x00b12cf4	std_exception.slot_002	vtable_membership:1 classes	0	0	5
00a9284f	FUN_00a9284f	std_exception__slot_002	virtual_method	0.840	std::exception	std_exception@0x00bd48a0	std_exception.slot_002	vtable_membership:1 classes	0	0	5
004051b7	FUN_004051b7	std_exception__slot_001_shared	virtual_method	0.820	std::bad_alloc;std::exception	std_exception@0x00abf270	std_exception.slot_001	vtable_membership:2 classes	0	0	12
004058af	FUN_004058af	std_exception__slot_001_shared	virtual_method	0.820	std::logic_error;std::out_of_range	std_exception@0x00abf270	std_exception.slot_001	vtable_membership:2 classes	0	0	29
00405960	FUN_00405960	std_exception__slot_001_shared	virtual_method	0.820	std::overflow_error;std::runtime_error	std_exception@0x00abf270	std_exception.slot_001	vtable_membership:2 classes	0	0	29
00424ea7	FUN_00424ea7	std_exception__slot_001_shared	virtual_method	0.820	std::bad_alloc;std::exception	std_exception@0x00abff98	std_exception.slot_001	vtable_membership:2 classes	0	0	12
0042559f	FUN_0042559f	std_exception__slot_001_shared	virtual_method	0.820	std::logic_error;std::out_of_range	std_exception@0x00abff98	std_exception.slot_001	vtable_membership:2 classes	0	0	29
00425650	FUN_00425650	std_exception__slot_001_shared	virtual_method	0.820	std::overflow_error;std::runtime_error	std_exception@0x00abff98	std_exception.slot_001	vtable_membership:2 classes	0	0	29
0043a687	FUN_0043a687	std_exception__slot_001_shared	virtual_method	0.820	std::bad_alloc;std::exception	std_exception@0x00ac0a18	std_exception.slot_001	vtable_membership:2 classes	0	0	12
0043ad7f	FUN_0043ad7f	std_exception__slot_001_shared	virtual_method	0.820	std::logic_error;std::out_of_range	std_exception@0x00ac0a18	std_exception.slot_001	vtable_membership:2 classes	0	0	29
00486b90	FUN_00486b90	list_scheduler__slot_000_shared	virtual_method	0.820	g4_resource_scheduler;ppc970_resource_scheduler	list_scheduler@0x00b0c0e4	list_scheduler.slot_000	vtable_membership:2 classes	0	0	9
004e0fc6	FUN_004e0fc6	std_exception__slot_001_shared	virtual_method	0.820	std::bad_alloc;std::exception	std_exception@0x00ace628	std_exception.slot_001	vtable_membership:2 classes	0	0	12
004e16be	FUN_004e16be	std_exception__slot_001_shared	virtual_method	0.820	std::logic_error;std::out_of_range	std_exception@0x00ace628	std_exception.slot_001	vtable_membership:2 classes	0	0	29
004e176f	FUN_004e176f	std_exception__slot_001_shared	virtual_method	0.820	std::overflow_error;std::runtime_error	std_exception@0x00ace628	std_exception.slot_001	vtable_membership:2 classes	0	0	29
004e2d50	FUN_004e2d50	backend_dataflow__slot_212_shared	virtual_method	0.820	backend_basetype;backend_basetype2;backend_t	backend_dataflow@0x00b0e82c	backend_dataflow.slot_212	vtable_membership:3 classes	0	0	135
005bc53a	FUN_005bc53a	backend_dataflow__slot_028_shared	virtual_method	0.820	backend_basetype;backend_basetype2;backend_t	backend_dataflow@0x00b0e82c	backend_dataflow.slot_028	vtable_membership:3 classes	0	1	153
005bc5d3	FUN_005bc5d3	backend_dataflow__slot_030_shared	virtual_method	0.820	backend_basetype;backend_basetype2;backend_t	backend_dataflow@0x00b0e82c	backend_dataflow.slot_030	vtable_membership:3 classes	0	0	53
005bc608	FUN_005bc608	backend_dataflow__slot_031_shared	virtual_method	0.820	backend_basetype;backend_basetype2;backend_t	backend_dataflow@0x00b0e82c	backend_dataflow.slot_031	vtable_membership:3 classes	0	0	53
005bc63d	FUN_005bc63d	backend_dataflow__slot_032_shared	virtual_method	0.820	backend_basetype;backend_basetype2;backend_t	backend_dataflow@0x00b0e82c	backend_dataflow.slot_032	vtable_membership:3 classes	0	0	106
005bc6a7	FUN_005bc6a7	backend_dataflow__slot_033_shared	virtual_method	0.820	backend_basetype;backend_basetype2;backend_t	backend_dataflow@0x00b0e82c	backend_dataflow.slot_033	vtable_membership:3 classes	0	0	346
005bc801	FUN_005bc801	backend_dataflow__slot_035_shared	virtual_method	0.820	backend_basetype;backend_basetype2;backend_t	backend_dataflow@0x00b0e82c	backend_dataflow.slot_035	vtable_membership:3 classes	0	1	173
005bc8c2	FUN_005bc8c2	backend_dataflow__slot_036_shared	virtual_method	0.820	backend_basetype;backend_basetype2;backend_t	backend_dataflow@0x00b0e82c	backend_dataflow.slot_036	vtable_membership:3 classes	0	0	105
005bc947	FUN_005bc947	backend_dataflow__slot_037_shared	virtual_method	0.820	backend_basetype;backend_basetype2;backend_t	backend_dataflow@0x00b0e82c	backend_dataflow.slot_037	vtable_membership:3 classes	0	2	204
005bca13	FUN_005bca13	backend_dataflow__slot_038_shared	virtual_method	0.820	backend_basetype;backend_basetype2	backend_dataflow@0x00b0e82c	backend_dataflow.slot_038	vtable_membership:2 classes	0	1	10
005bca59	FUN_005bca59	backend_dataflow__slot_039_shared	virtual_method	0.820	backend_basetype;backend_basetype2	backend_dataflow@0x00b0e82c	backend_dataflow.slot_039	vtable_membership:2 classes	0	0	44
005bca85	FUN_005bca85	backend_dataflow__slot_063_shared	virtual_method	0.820	backend_basetype;backend_basetype2	backend_dataflow@0x00b0e82c	backend_dataflow.slot_063	vtable_membership:2 classes	0	0	9
005bca8e	FUN_005bca8e	backend_dataflow__slot_041_shared	virtual_method	0.820	backend_basetype;backend_basetype2;backend_t	backend_dataflow@0x00b0e82c	backend_dataflow.slot_041	vtable_membership:3 classes	0	0	5
005bca93	FUN_005bca93	backend_dataflow__slot_042_shared	virtual_method	0.820	backend_basetype;backend_basetype2;backend_t	backend_dataflow@0x00b0e82c	backend_dataflow.slot_042	vtable_membership:3 classes	0	0	9
005bca9c	FUN_005bca9c	backend_dataflow__slot_045_shared	virtual_method	0.820	backend_basetype;backend_basetype2;backend_t	backend_dataflow@0x00b0e82c	backend_dataflow.slot_045	vtable_membership:3 classes	0	0	9
005bcaa5	FUN_005bcaa5	backend_dataflow__slot_046_shared	virtual_method	0.820	backend_basetype;backend_basetype2;backend_t	backend_dataflow@0x00b0e82c	backend_dataflow.slot_046	vtable_membership:3 classes	0	0	9
005bcaae	FUN_005bcaae	backend_dataflow__slot_047_shared	virtual_method	0.820	backend_basetype;backend_basetype2;backend_t	backend_dataflow@0x00b0e82c	backend_dataflow.slot_047	vtable_membership:3 classes	0	0	9
005bcab7	FUN_005bcab7	backend_dataflow__slot_048_shared	virtual_method	0.820	backend_basetype;backend_basetype2;backend_t	backend_dataflow@0x00b0e82c	backend_dataflow.slot_048	vtable_membership:3 classes	0	0	9
005bcac0	FUN_005bcac0	backend_dataflow__slot_049_shared	virtual_method	0.820	backend_basetype;backend_basetype2;backend_t	backend_dataflow@0x00b0e82c	backend_dataflow.slot_049	vtable_membership:3 classes	0	0	9
005bcac9	FUN_005bcac9	backend_dataflow__slot_050_shared	virtual_method	0.820	backend_basetype;backend_basetype2;backend_t	backend_dataflow@0x00b0e82c	backend_dataflow.slot_050	vtable_membership:3 classes	0	0	9
005bcad2	FUN_005bcad2	backend_dataflow__slot_051_shared	virtual_method	0.820	backend_basetype;backend_basetype2;backend_t	backend_dataflow@0x00b0e82c	backend_dataflow.slot_051	vtable_membership:3 classes	0	1	10
005bcadc	FUN_005bcadc	backend_dataflow__slot_052_shared	virtual_method	0.820	backend_basetype;backend_basetype2;backend_t	backend_dataflow@0x00b0e82c	backend_dataflow.slot_052	vtable_membership:3 classes	0	0	9
005bcae5	FUN_005bcae5	backend_dataflow__slot_053_shared	virtual_method	0.820	backend_basetype;backend_basetype2;backend_t	backend_dataflow@0x00b0e82c	backend_dataflow.slot_053	vtable_membership:3 classes	0	0	9
005bcaee	FUN_005bcaee	backend_dataflow__slot_054_shared	virtual_method	0.820	backend_basetype;backend_basetype2;backend_t	backend_dataflow@0x00b0e82c	backend_dataflow.slot_054	vtable_membership:3 classes	0	0	9
005bcaf7	FUN_005bcaf7	backend_dataflow__slot_059_shared	virtual_method	0.820	backend_basetype;backend_basetype2	backend_dataflow@0x00b0e82c	backend_dataflow.slot_059	vtable_membership:2 classes	0	0	9
005bcb00	FUN_005bcb00	backend_dataflow__slot_060_shared	virtual_method	0.820	backend_basetype;backend_basetype2	backend_dataflow@0x00b0e82c	backend_dataflow.slot_060	vtable_membership:2 classes	0	0	5
005bcb05	FUN_005bcb05	backend_dataflow__slot_064_shared	virtual_method	0.820	backend_basetype;backend_basetype2	backend_dataflow@0x00b0e82c	backend_dataflow.slot_064	vtable_membership:2 classes	0	0	5
005bcb0a	FUN_005bcb0a	backend_dataflow__slot_116_shared	virtual_method	0.820	backend_basetype;backend_basetype2;backend_t	backend_dataflow@0x00b0e82c	backend_dataflow.slot_116	vtable_membership:3 classes	0	0	9
005bcb13	FUN_005bcb13	backend_dataflow__slot_114_shared	virtual_method	0.820	backend_basetype;backend_basetype2;backend_t	backend_dataflow@0x00b0e82c	backend_dataflow.slot_114	vtable_membership:3 classes	0	0	5
005bcb18	FUN_005bcb18	backend_dataflow__slot_110_shared	virtual_method	0.820	backend_basetype;backend_basetype2;backend_t	backend_dataflow@0x00b0e82c	backend_dataflow.slot_110	vtable_membership:3 classes	0	0	57
005bcb51	FUN_005bcb51	backend_dataflow__slot_111_shared	virtual_method	0.820	backend_basetype;backend_basetype2;backend_t	backend_dataflow@0x00b0e82c	backend_dataflow.slot_111	vtable_membership:3 classes	0	2	386
005bccd3	FUN_005bccd3	backend_dataflow__slot_115_shared	virtual_method	0.820	backend_basetype;backend_basetype2;backend_t	backend_dataflow@0x00b0e82c	backend_dataflow.slot_115	vtable_membership:3 classes	0	0	5
005bccd8	FUN_005bccd8	backend_dataflow__slot_118_shared	virtual_method	0.820	backend_basetype;backend_basetype2;backend_t	backend_dataflow@0x00b0e82c	backend_dataflow.slot_118	vtable_membership:3 classes	0	0	9
005bcce1	FUN_005bcce1	backend_dataflow__slot_119_shared	virtual_method	0.820	backend_basetype;backend_basetype2;backend_t	backend_dataflow@0x00b0e82c	backend_dataflow.slot_119	vtable_membership:3 classes	0	0	9
005bccea	FUN_005bccea	backend_dataflow__slot_130_shared	virtual_method	0.820	backend_basetype;backend_basetype2;backend_t	backend_dataflow@0x00b0e82c	backend_dataflow.slot_130	vtable_membership:3 classes	0	3	278
005bce00	FUN_005bce00	backend_dataflow__slot_131_shared	virtual_method	0.820	backend_basetype;backend_basetype2;backend_t	backend_dataflow@0x00b0e82c	backend_dataflow.slot_131	vtable_membership:3 classes	0	0	45
005bce2d	FUN_005bce2d	backend_dataflow__slot_133_shared	virtual_method	0.820	backend_basetype;backend_basetype2	backend_dataflow@0x00b0e82c	backend_dataflow.slot_133	vtable_membership:2 classes	0	1	80
005bce7d	FUN_005bce7d	backend_dataflow__slot_134_shared	virtual_method	0.820	backend_basetype;backend_basetype2	backend_dataflow@0x00b0e82c	backend_dataflow.slot_134	vtable_membership:2 classes	0	2	77
005bceca	FUN_005bceca	backend_dataflow__slot_135_shared	virtual_method	0.820	backend_basetype;backend_basetype2;backend_t	backend_dataflow@0x00b0e82c	backend_dataflow.slot_135	vtable_membership:3 classes	0	0	5
005bcecf	FUN_005bcecf	backend_dataflow__slot_136_shared	virtual_method	0.820	backend_basetype;backend_basetype2;backend_t	backend_dataflow@0x00b0e82c	backend_dataflow.slot_136	vtable_membership:3 classes	0	1	36
005bcef3	FUN_005bcef3	backend_dataflow__slot_137_shared	virtual_method	0.820	backend_basetype;backend_basetype2;backend_t	backend_dataflow@0x00b0e82c	backend_dataflow.slot_137	vtable_membership:3 classes	0	0	60
005bcf2f	FUN_005bcf2f	backend_dataflow__slot_082_shared	virtual_method	0.820	backend_basetype;backend_basetype2;backend_t	backend_dataflow@0x00b0e82c	backend_dataflow.slot_082	vtable_membership:3 classes	0	3	1060
005bd353	FUN_005bd353	backend_dataflow__slot_139_shared	virtual_method	0.820	backend_basetype;backend_basetype2;backend_t	backend_dataflow@0x00b0e82c	backend_dataflow.slot_139	vtable_membership:3 classes	0	0	5
005bd358	FUN_005bd358	backend_dataflow__slot_165_shared	virtual_method	0.820	backend_basetype;backend_basetype2;backend_t	backend_dataflow@0x00b0e82c	backend_dataflow.slot_165	vtable_membership:3 classes	0	1	59
005bd393	FUN_005bd393	backend_dataflow__slot_173_shared	virtual_method	0.820	backend_basetype;backend_basetype2	backend_dataflow@0x00b0e82c	backend_dataflow.slot_173	vtable_membership:2 classes	0	0	5
005bd398	FUN_005bd398	backend_dataflow__slot_174_shared	virtual_method	0.820	backend_basetype;backend_basetype2	backend_dataflow@0x00b0e82c	backend_dataflow.slot_174	vtable_membership:2 classes	0	0	8
005bd3a0	FUN_005bd3a0	backend_dataflow__slot_175_shared	virtual_method	0.820	backend_basetype;backend_basetype2	backend_dataflow@0x00b0e82c	backend_dataflow.slot_175	vtable_membership:2 classes	0	0	9
005bd3a9	FUN_005bd3a9	backend_dataflow__slot_176_shared	virtual_method	0.820	backend_basetype;backend_basetype2	backend_dataflow@0x00b0e82c	backend_dataflow.slot_176	vtable_membership:2 classes	0	0	9
005bd3b2	FUN_005bd3b2	backend_dataflow__slot_177_shared	virtual_method	0.820	backend_basetype;backend_basetype2;backend_t	backend_dataflow@0x00b0e82c	backend_dataflow.slot_177	vtable_membership:3 classes	0	0	9
005bd3bb	FUN_005bd3bb	backend_dataflow__slot_178_shared	virtual_method	0.820	backend_basetype;backend_basetype2;backend_t	backend_dataflow@0x00b0e82c	backend_dataflow.slot_178	vtable_membership:3 classes	0	0	10
005bd3c5	FUN_005bd3c5	backend_dataflow__slot_179_shared	virtual_method	0.820	backend_basetype;backend_basetype2	backend_dataflow@0x00b0e82c	backend_dataflow.slot_179	vtable_membership:2 classes	0	0	5
005bd3ca	FUN_005bd3ca	backend_dataflow__slot_180_shared	virtual_method	0.820	backend_basetype;backend_basetype2	backend_dataflow@0x00b0e82c	backend_dataflow.slot_180	vtable_membership:2 classes	0	0	5
005bd3cf	FUN_005bd3cf	backend_dataflow__slot_181_shared	virtual_method	0.820	backend_basetype;backend_basetype2	backend_dataflow@0x00b0e82c	backend_dataflow.slot_181	vtable_membership:2 classes	0	0	9
005bd3d8	FUN_005bd3d8	backend_dataflow__slot_183_shared	virtual_method	0.820	backend_basetype;backend_basetype2;backend_t	backend_dataflow@0x00b0e82c	backend_dataflow.slot_183	vtable_membership:3 classes	0	0	5
005bd3dd	FUN_005bd3dd	backend_dataflow__slot_184_shared	virtual_method	0.820	backend_basetype;backend_basetype2	backend_dataflow@0x00b0e82c	backend_dataflow.slot_184	vtable_membership:2 classes	0	0	10
005bd3e7	FUN_005bd3e7	backend_dataflow__slot_185_shared	virtual_method	0.820	backend_basetype;backend_basetype2	backend_dataflow@0x00b0e82c	backend_dataflow.slot_185	vtable_membership:2 classes	0	5	629
005bd65c	FUN_005bd65c	backend_dataflow__slot_186_shared	virtual_method	0.820	backend_basetype;backend_basetype2;backend_t	backend_dataflow@0x00b0e82c	backend_dataflow.slot_186	vtable_membership:3 classes	0	0	71
005bd6a3	FUN_005bd6a3	backend_dataflow__slot_166_shared	virtual_method	0.820	backend_basetype;backend_basetype2;backend_t	backend_dataflow@0x00b0e82c	backend_dataflow.slot_166	vtable_membership:3 classes	0	0	151
005bd73a	FUN_005bd73a	backend_dataflow__slot_167_shared	virtual_method	0.820	backend_basetype;backend_basetype2	backend_dataflow@0x00b0e82c	backend_dataflow.slot_167	vtable_membership:2 classes	0	0	240
005bd82a	FUN_005bd82a	backend_dataflow__slot_168_shared	virtual_method	0.820	backend_basetype;backend_basetype2	backend_dataflow@0x00b0e82c	backend_dataflow.slot_168	vtable_membership:2 classes	0	1	115
005bd89d	FUN_005bd89d	backend_dataflow__slot_194_shared	virtual_method	0.820	backend_basetype;backend_basetype2;backend_t	backend_dataflow@0x00b0e82c	backend_dataflow.slot_194	vtable_membership:3 classes	0	2	213
005bd972	FUN_005bd972	backend_dataflow__slot_196_shared	virtual_method	0.820	backend_basetype;backend_basetype2	backend_dataflow@0x00b0e82c	backend_dataflow.slot_196	vtable_membership:2 classes	0	0	27
005bd98d	FUN_005bd98d	backend_dataflow__slot_206_shared	virtual_method	0.820	backend_basetype;backend_basetype2;backend_t	backend_dataflow@0x00b0e82c	backend_dataflow.slot_206	vtable_membership:3 classes	0	1	82
005bd9f1	FUN_005bd9f1	backend_dataflow__slot_197_shared	virtual_method	0.820	backend_basetype;backend_basetype2	backend_dataflow@0x00b0e82c	backend_dataflow.slot_197	vtable_membership:2 classes	0	1	121
005bda6a	FUN_005bda6a	backend_dataflow__slot_199_shared	virtual_method	0.820	backend_basetype;backend_basetype2	backend_dataflow@0x00b0e82c	backend_dataflow.slot_199	vtable_membership:2 classes	0	3	158
005bdb08	FUN_005bdb08	backend_dataflow__slot_210_shared	virtual_method	0.820	backend_basetype;backend_basetype2;backend_t	backend_dataflow@0x00b0e82c	backend_dataflow.slot_210	vtable_membership:3 classes	0	5	162
005bdbaa	FUN_005bdbaa	backend_dataflow__slot_112_shared	virtual_method	0.820	backend_basetype;backend_basetype2	backend_dataflow@0x00b0e82c	backend_dataflow.slot_112	vtable_membership:2 classes	0	0	35
005bdbcd	FUN_005bdbcd	backend_dataflow__slot_091_shared	virtual_method	0.820	backend_basetype;backend_basetype2;backend_t	backend_dataflow@0x00b0e82c	backend_dataflow.slot_091	vtable_membership:3 classes	0	1	25
005bdbe6	FUN_005bdbe6	backend_dataflow__slot_238_shared	virtual_method	0.820	backend_basetype;backend_basetype2	backend_dataflow@0x00b0e82c	backend_dataflow.slot_238	vtable_membership:2 classes	0	0	225
005bdcc7	FUN_005bdcc7	backend_dataflow__slot_234_shared	virtual_method	0.820	backend_basetype;backend_basetype2;backend_t	backend_dataflow@0x00b0e82c	backend_dataflow.slot_234	vtable_membership:3 classes	0	0	21
005bdcdc	FUN_005bdcdc	backend_dataflow__slot_235_shared	virtual_method	0.820	backend_basetype;backend_basetype2;backend_t	backend_dataflow@0x00b0e82c	backend_dataflow.slot_235	vtable_membership:3 classes	0	1	44
005bdd08	FUN_005bdd08	backend_dataflow__slot_216_shared	virtual_method	0.820	backend_basetype;backend_basetype2;backend_t	backend_dataflow@0x00b0e82c	backend_dataflow.slot_216	vtable_membership:3 classes	0	2	265
005bde11	FUN_005bde11	backend_dataflow__slot_241_shared	virtual_method	0.820	backend_basetype;backend_basetype2	backend_dataflow@0x00b0e82c	backend_dataflow.slot_241	vtable_membership:2 classes	0	0	15
005bde20	FUN_005bde20	backend_dataflow__slot_127_shared	virtual_method	0.820	backend_basetype;backend_basetype2;backend_t	backend_dataflow@0x00b0e82c	backend_dataflow.slot_127	vtable_membership:3 classes	0	1	25
005bde39	FUN_005bde39	backend_dataflow__slot_055_shared	virtual_method	0.820	backend_basetype;backend_basetype2;backend_t	backend_dataflow@0x00b0e82c	backend_dataflow.slot_055	vtable_membership:3 classes	0	0	9
005bde42	FUN_005bde42	backend_dataflow__slot_056_shared	virtual_method	0.820	backend_basetype;backend_basetype2;backend_t	backend_dataflow@0x00b0e82c	backend_dataflow.slot_056	vtable_membership:3 classes	0	0	9
005bde4b	FUN_005bde4b	backend_dataflow__slot_057_shared	virtual_method	0.820	backend_basetype;backend_basetype2;backend_t	backend_dataflow@0x00b0e82c	backend_dataflow.slot_057	vtable_membership:3 classes	0	0	9
006034e2	FUN_006034e2	Checker__slot_007_shared	virtual_method	0.820	CheckerIntStateLValue;DerefNULLChecker;LocalScopeChecker;NULLCheckChecker;NULLCheckCheckerBackwards;NULLCheckDerefChecker;NewArrayChecker;NewSingleChecker;ReadOnlyWriteChecker	Checker@0x00aff4ec	Checker.slot_007	vtable_membership:9 classes	0	1	21
006034f7	FUN_006034f7	Checker__slot_007_shared	virtual_method	0.820	CheckerLValue;ConstChecker;EquivChecker;RangeChecker;UninitMemChecker	Checker@0x00aff4ec	Checker.slot_007	vtable_membership:5 classes	0	1	21
0060350c	FUN_0060350c	Checker__slot_007_shared	virtual_method	0.820	CheckerIntStateSafevar;MemLeakChecker;MemLeakCheckerBackwards;UninitReadChecker;UninitReadCheckerBackwards;UnreadChecker;UnreadCheckerBackwards	Checker@0x00aff4ec	Checker.slot_007	vtable_membership:7 classes	0	1	21
00603521	FUN_00603521	Checker__slot_007_shared	virtual_method	0.820	CheckerIntStateAll;FreeChecker;FreeCheckerBackwards;NoFlowChecker;NoReturnChecker;StrictUninitChecker	Checker@0x00aff4ec	Checker.slot_007	vtable_membership:6 classes	0	0	9
00606438	FUN_00606438	Checker__slot_006_shared	virtual_method	0.820	CheckerIntState;CheckerIntStateAll;CheckerIntStateLValue;CheckerIntStateSafevar;DerefNULLChecker;FreeChecker;FreeCheckerBackwards;LocalScopeChecker;MemLeakChecker;MemLeakCheckerBackwards;NULLCheckChecker;NULLCheckCheckerBackwards;NULLCheckDerefChecker;NewArrayChecker;NewSingleChecker;NoFlowChecker;NoReturnChecker;ReadOnlyWriteChecker;StrictUninitChecker;UninitReadChecker;UninitReadCheckerBackwards;UnreadChecker;UnreadCheckerBackwards	Checker@0x00aff4ec	Checker.slot_006	vtable_membership:23 classes	0	1	86
0060d30f	FUN_0060d30f	Checker__slot_003_shared	virtual_method	0.820	CheckerIntState;CheckerIntStateAll;CheckerIntStateLValue;CheckerIntStateSafevar;DerefNULLChecker;FreeChecker;FreeCheckerBackwards;LocalScopeChecker;MemLeakChecker;MemLeakCheckerBackwards;NULLCheckChecker;NULLCheckCheckerBackwards;NULLCheckDerefChecker;NewArrayChecker;NewSingleChecker;NoFlowChecker;NoReturnChecker;ReadOnlyWriteChecker;StrictUninitChecker;UninitReadChecker;UninitReadCheckerBackwards;UnreadChecker;UnreadCheckerBackwards	Checker@0x00aff4ec	Checker.slot_003	vtable_membership:23 classes	0	0	69
0060ecc6	FUN_0060ecc6	Checker__slot_002_shared	virtual_method	0.820	CheckerIntState;CheckerIntStateAll;CheckerIntStateLValue;CheckerIntStateSafevar;DerefNULLChecker;FreeChecker;FreeCheckerBackwards;LocalScopeChecker;MemLeakChecker;MemLeakCheckerBackwards;NULLCheckChecker;NULLCheckCheckerBackwards;NULLCheckDerefChecker;NewArrayChecker;NewSingleChecker;NoFlowChecker;NoReturnChecker;ReadOnlyWriteChecker;StrictUninitChecker;UninitReadChecker;UninitReadCheckerBackwards;UnreadChecker;UnreadCheckerBackwards	Checker@0x00aff4ec	Checker.slot_002	vtable_membership:23 classes	0	4	457
0060ee8f	FUN_0060ee8f	Checker__slot_004_shared	virtual_method	0.820	CheckerIntState;CheckerIntStateAll;CheckerIntStateLValue;CheckerIntStateSafevar;DerefNULLChecker;FreeChecker;FreeCheckerBackwards;LocalScopeChecker;MemLeakChecker;MemLeakCheckerBackwards;NULLCheckChecker;NULLCheckCheckerBackwards;NULLCheckDerefChecker;NewArrayChecker;NewSingleChecker;NoFlowChecker;NoReturnChecker;ReadOnlyWriteChecker;StrictUninitChecker;UninitReadChecker;UninitReadCheckerBackwards;UnreadChecker;UnreadCheckerBackwards	Checker@0x00aff4ec	Checker.slot_004	vtable_membership:23 classes	0	0	39
0061ea04	FUN_0061ea04	backend_dataflow__slot_256_shared	virtual_method	0.820	backend_basetype;backend_basetype2;backend_t	backend_dataflow@0x00b0e82c	backend_dataflow.slot_256	vtable_membership:3 classes	0	2	105
0061ea6d	FUN_0061ea6d	backend_dataflow__slot_255_shared	virtual_method	0.820	backend_basetype;backend_basetype2;backend_t	backend_dataflow@0x00b0e82c	backend_dataflow.slot_255	vtable_membership:3 classes	0	2	105
0061ead6	FUN_0061ead6	backend_dataflow__slot_257_shared	virtual_method	0.820	backend_basetype;backend_basetype2;backend_t	backend_dataflow@0x00b0e82c	backend_dataflow.slot_257	vtable_membership:3 classes	0	2	105
0061eb3f	FUN_0061eb3f	backend_dataflow__slot_254_shared	virtual_method	0.820	backend_basetype;backend_basetype2;backend_t	backend_dataflow@0x00b0e82c	backend_dataflow.slot_254	vtable_membership:3 classes	0	3	92
0061fc27	FUN_0061fc27	peep_transformer__slot_006_shared	virtual_method	0.820	peep_transformer;pt_alias;pt_condcodes;pt_const;pt_dead	peep_transformer@0x00b01e58	peep_transformer.slot_006	vtable_membership:5 classes	0	4	355
0061fd8a	FUN_0061fd8a	peep_transformer__slot_007_shared	virtual_method	0.820	peep_transformer;pt_alias;pt_const	peep_transformer@0x00b01e58	peep_transformer.slot_007	vtable_membership:3 classes	0	0	183
0061fe5c	FUN_0061fe5c	peep_transformer__slot_008_shared	virtual_method	0.820	peep_transformer;pt_condcodes;pt_dead	peep_transformer@0x00b01e58	peep_transformer.slot_008	vtable_membership:3 classes	0	0	5
0061fe61	FUN_0061fe61	peep_transformer__slot_000_shared	virtual_method	0.820	peep_transformer;pt_alias;pt_condcodes;pt_const	peep_transformer@0x00b01e58	peep_transformer.slot_000	vtable_membership:4 classes	0	0	9
0061fe6a	FUN_0061fe6a	peep_transformer__slot_001_shared	virtual_method	0.820	peep_transformer;pt_alias;pt_condcodes;pt_const	peep_transformer@0x00b01e58	peep_transformer.slot_001	vtable_membership:4 classes	0	0	9
0061fe73	FUN_0061fe73	peep_transformer__slot_002_shared	virtual_method	0.820	peep_transformer;pt_condcodes;pt_const;pt_dead	peep_transformer@0x00b01e58	peep_transformer.slot_002	vtable_membership:4 classes	0	0	9
0061fea0	FUN_0061fea0	ObjectVisitor__slot_000_shared	virtual_method	0.820	bytereverser;nonstandard_type_handler	ObjectVisitor@0x00b01ed0	ObjectVisitor.slot_000	vtable_membership:2 classes	1	9	1231
00665891	FUN_00665891	vn_advisor__slot_000_shared	virtual_method	0.820	vn_advisor_consol;vn_advisor_consoladd;vn_advisor_consolshift;vn_advisor_ppc_consolshift	vn_advisor@0x00b053a8	vn_advisor.slot_000	vtable_membership:4 classes	0	13	1024
00665c91	FUN_00665c91	vn_advisor__slot_001_shared	virtual_method	0.820	vn_advisor_consol;vn_advisor_consoladd	vn_advisor@0x00b053a8	vn_advisor.slot_001	vtable_membership:2 classes	0	1	147
00665d24	FUN_00665d24	vn_advisor__slot_002_shared	virtual_method	0.820	vn_advisor_consol;vn_advisor_consoladd	vn_advisor@0x00b053a8	vn_advisor.slot_002	vtable_membership:2 classes	0	2	230
0066616f	FUN_0066616f	vn_advisor__slot_001_shared	virtual_method	0.820	vn_advisor_consolshift;vn_advisor_ppc_consolshift	vn_advisor@0x00b053a8	vn_advisor.slot_001	vtable_membership:2 classes	0	1	95
006661ce	FUN_006661ce	vn_advisor__slot_002_shared	virtual_method	0.820	vn_advisor_consolshift;vn_advisor_ppc_consolshift	vn_advisor@0x00b053a8	vn_advisor.slot_002	vtable_membership:2 classes	0	2	199
00695a2b	FUN_00695a2b	std_exception__slot_001_shared	virtual_method	0.820	std::bad_alloc;std::exception	std_exception@0x00b06c6c	std_exception.slot_001	vtable_membership:2 classes	0	0	12
00696123	FUN_00696123	std_exception__slot_001_shared	virtual_method	0.820	std::logic_error;std::out_of_range	std_exception@0x00b06c6c	std_exception.slot_001	vtable_membership:2 classes	0	0	29
00696df1	FUN_00696df1	MachopVisitor__slot_002_shared	virtual_method	0.820	MachopVisitor;Split64DoVisitor;Split64TestVisitor	MachopVisitor@0x00b06c2c	MachopVisitor.slot_002	vtable_membership:3 classes	0	1	24
006c4c04	FUN_006c4c04	backend_dataflow__slot_247_shared	virtual_method	0.820	backend_basetype;backend_basetype2	backend_dataflow@0x00b0e82c	backend_dataflow.slot_247	vtable_membership:2 classes	1	15	1106
006c8f2b	FUN_006c8f2b	backend_dataflow__slot_096_shared	virtual_method	0.820	backend_basetype;backend_basetype2;backend_t	backend_dataflow@0x00b0e82c	backend_dataflow.slot_096	vtable_membership:3 classes	0	6	740
006cd518	FUN_006cd518	backend_dataflow__slot_092_shared	virtual_method	0.820	backend_basetype;backend_basetype2;backend_t	backend_dataflow@0x00b0e82c	backend_dataflow.slot_092	vtable_membership:3 classes	0	1	25
006cfb36	FUN_006cfb36	MachopVisitor__slot_001_shared	virtual_method	0.820	MachopImmpropClearer;MachopObjectInvalidator;MachopVisitor	MachopVisitor@0x00b080a0	MachopVisitor.slot_001	vtable_membership:3 classes	0	1	28
006cfb52	FUN_006cfb52	MachopVisitor__slot_002_shared	virtual_method	0.820	MachopImmpropClearer;MachopObjectInvalidator;MachopVisitor	MachopVisitor@0x00b080a0	MachopVisitor.slot_002	vtable_membership:3 classes	0	1	24
006fc36e	FUN_006fc36e	backend_dataflow__slot_094_shared	virtual_method	0.820	backend_basetype;backend_basetype2;backend_t	backend_dataflow@0x00b0e82c	backend_dataflow.slot_094	vtable_membership:3 classes	0	7	388
006fc4f2	FUN_006fc4f2	backend_dataflow__slot_095_shared	virtual_method	0.820	backend_basetype;backend_basetype2;backend_t	backend_dataflow@0x00b0e82c	backend_dataflow.slot_095	vtable_membership:3 classes	0	7	355
00700460	FUN_00700460	MachopVisitor__slot_001_shared	virtual_method	0.820	AddMachopVisitor;MachopBitoffsetClearer;MachopVisitor	MachopVisitor@0x00b09ac8	MachopVisitor.slot_001	vtable_membership:3 classes	0	1	28
0070047c	FUN_0070047c	MachopVisitor__slot_002_shared	virtual_method	0.820	AddMachopVisitor;MachopBitoffsetClearer;MachopChecker;MachopVisitor	MachopVisitor@0x00b09ac8	MachopVisitor.slot_002	vtable_membership:4 classes	0	1	24
0072f96d	FUN_0072f96d	backend_dataflow__slot_061_shared	virtual_method	0.820	backend_basetype;backend_basetype2;backend_t	backend_dataflow@0x00b0e82c	backend_dataflow.slot_061	vtable_membership:3 classes	0	1	251
007351e2	FUN_007351e2	backend_dataflow__slot_169_shared	virtual_method	0.820	backend_basetype2;backend_t	backend_dataflow@0x00b0e82c	backend_dataflow.slot_169	vtable_membership:2 classes	0	3	76
0073522e	FUN_0073522e	backend_dataflow__slot_170_shared	virtual_method	0.820	backend_basetype2;backend_t	backend_dataflow@0x00b0e82c	backend_dataflow.slot_170	vtable_membership:2 classes	0	0	38
00735254	FUN_00735254	backend_dataflow__slot_171_shared	virtual_method	0.820	backend_basetype2;backend_t	backend_dataflow@0x00b0e82c	backend_dataflow.slot_171	vtable_membership:2 classes	0	0	38
0073527a	FUN_0073527a	backend_dataflow__slot_172_shared	virtual_method	0.820	backend_basetype2;backend_t	backend_dataflow@0x00b0e82c	backend_dataflow.slot_172	vtable_membership:2 classes	0	0	38
007352a0	FUN_007352a0	backend_dataflow__slot_097_shared	virtual_method	0.820	backend_basetype2;backend_t	backend_dataflow@0x00b0e82c	backend_dataflow.slot_097	vtable_membership:2 classes	0	2	74
007352ea	FUN_007352ea	backend_dataflow__slot_098_shared	virtual_method	0.820	backend_basetype2;backend_t	backend_dataflow@0x00b0e82c	backend_dataflow.slot_098	vtable_membership:2 classes	0	0	87
00735341	FUN_00735341	backend_dataflow__slot_099_shared	virtual_method	0.820	backend_basetype2;backend_t	backend_dataflow@0x00b0e82c	backend_dataflow.slot_099	vtable_membership:2 classes	0	2	74
0073538b	FUN_0073538b	backend_dataflow__slot_100_shared	virtual_method	0.820	backend_basetype2;backend_t	backend_dataflow@0x00b0e82c	backend_dataflow.slot_100	vtable_membership:2 classes	0	0	87
007353e2	FUN_007353e2	backend_dataflow__slot_068_shared	virtual_method	0.820	backend_basetype2;backend_t	backend_dataflow@0x00b0e82c	backend_dataflow.slot_068	vtable_membership:2 classes	0	1	75
007354ed	FUN_007354ed	backend_dataflow__slot_072_shared	virtual_method	0.820	backend_basetype2;backend_t	backend_dataflow@0x00b0e82c	backend_dataflow.slot_072	vtable_membership:2 classes	0	0	84
00735592	FUN_00735592	backend_dataflow__slot_066_shared	virtual_method	0.820	backend_basetype2;backend_t	backend_dataflow@0x00b0e82c	backend_dataflow.slot_066	vtable_membership:2 classes	0	1	44
007355be	FUN_007355be	backend_dataflow__slot_077_shared	virtual_method	0.820	backend_basetype2;backend_t	backend_dataflow@0x00b0e82c	backend_dataflow.slot_077	vtable_membership:2 classes	0	2	84
00735612	FUN_00735612	backend_dataflow__slot_101_shared	virtual_method	0.820	backend_basetype2;backend_t	backend_dataflow@0x00b0e82c	backend_dataflow.slot_101	vtable_membership:2 classes	0	0	9
0073561b	FUN_0073561b	backend_dataflow__slot_102_shared	virtual_method	0.820	backend_basetype2;backend_t	backend_dataflow@0x00b0e82c	backend_dataflow.slot_102	vtable_membership:2 classes	0	0	9
00735673	FUN_00735673	backend_dataflow__slot_239_shared	virtual_method	0.820	backend_basetype2;backend_t	backend_dataflow@0x00b0e82c	backend_dataflow.slot_239	vtable_membership:2 classes	0	1	163
00735743	FUN_00735743	backend_dataflow__slot_084_shared	virtual_method	0.820	backend_basetype2;backend_t	backend_dataflow@0x00b0e82c	backend_dataflow.slot_084	vtable_membership:2 classes	0	9	824
00735ab0	FUN_00735ab0	list_scheduler__slot_000_shared	virtual_method	0.820	compat_list_scheduler;list_scheduler;resource_model_scheduler	list_scheduler@0x00b0c0e4	list_scheduler.slot_000	vtable_membership:3 classes	0	0	9
00735ab9	FUN_00735ab9	list_scheduler__slot_007_shared	virtual_method	0.820	compat_list_scheduler;list_scheduler	list_scheduler@0x00b0c0e4	list_scheduler.slot_007	vtable_membership:2 classes	0	0	5
00735abe	FUN_00735abe	list_scheduler__slot_008_shared	virtual_method	0.820	compat_list_scheduler;list_scheduler	list_scheduler@0x00b0c0e4	list_scheduler.slot_008	vtable_membership:2 classes	0	0	5
00736fa6	FUN_00736fa6	list_scheduler__slot_002_shared	virtual_method	0.820	compat_list_scheduler;list_scheduler	list_scheduler@0x00b0c0e4	list_scheduler.slot_002	vtable_membership:2 classes	1	1	568
00737736	FUN_00737736	list_scheduler__slot_003_shared	virtual_method	0.820	compat_list_scheduler;list_scheduler	list_scheduler@0x00b0c0e4	list_scheduler.slot_003	vtable_membership:2 classes	1	2	90
00737b5c	FUN_00737b5c	list_scheduler__slot_005_shared	virtual_method	0.820	compat_list_scheduler;list_scheduler	list_scheduler@0x00b0c0e4	list_scheduler.slot_005	vtable_membership:2 classes	1	0	94
00738528	FUN_00738528	list_scheduler__slot_010_shared	virtual_method	0.820	compat_list_scheduler;list_scheduler	list_scheduler@0x00b0c0e4	list_scheduler.slot_010	vtable_membership:2 classes	1	3	208
007385f8	FUN_007385f8	list_scheduler__slot_009_shared	virtual_method	0.820	compat_list_scheduler;list_scheduler	list_scheduler@0x00b0c0e4	list_scheduler.slot_009	vtable_membership:2 classes	1	3	263
00738772	FUN_00738772	list_scheduler__slot_004_shared	virtual_method	0.820	ame_resource_scheduler;g4_resource_scheduler;ppc970_resource_scheduler;resource_model_scheduler	list_scheduler@0x00b0c0e4	list_scheduler.slot_004	vtable_membership:4 classes	0	0	93
007387cf	FUN_007387cf	list_scheduler__slot_002_shared	virtual_method	0.820	ame_resource_scheduler;g4_resource_scheduler;ppc970_resource_scheduler;resource_model_scheduler	list_scheduler@0x00b0c0e4	list_scheduler.slot_002	vtable_membership:4 classes	0	2	338
00738d12	FUN_00738d12	list_scheduler__slot_005_shared	virtual_method	0.820	ame_resource_scheduler;g4_resource_scheduler;ppc970_resource_scheduler;resource_model_scheduler	list_scheduler@0x00b0c0e4	list_scheduler.slot_005	vtable_membership:4 classes	0	5	211
00738de5	FUN_00738de5	list_scheduler__slot_003_shared	virtual_method	0.820	ame_resource_scheduler;g4_resource_scheduler;ppc970_resource_scheduler;resource_model_scheduler	list_scheduler@0x00b0c0e4	list_scheduler.slot_003	vtable_membership:4 classes	0	2	58
00739097	FUN_00739097	list_scheduler__slot_006_shared	virtual_method	0.820	ame_resource_scheduler;g4_resource_scheduler;ppc970_resource_scheduler;resource_model_scheduler	list_scheduler@0x00b0c0e4	list_scheduler.slot_006	vtable_membership:4 classes	0	13	1144
00739659	FUN_00739659	list_scheduler__slot_008_shared	virtual_method	0.820	ame_resource_scheduler;g4_resource_scheduler;ppc970_resource_scheduler;resource_model_scheduler	list_scheduler@0x00b0c0e4	list_scheduler.slot_008	vtable_membership:4 classes	0	0	32
00739679	FUN_00739679	list_scheduler__slot_007_shared	virtual_method	0.820	ame_resource_scheduler;g4_resource_scheduler;ppc970_resource_scheduler;resource_model_scheduler	list_scheduler@0x00b0c0e4	list_scheduler.slot_007	vtable_membership:4 classes	0	1	427
00739824	FUN_00739824	list_scheduler__slot_010_shared	virtual_method	0.820	ame_resource_scheduler;g4_resource_scheduler;ppc970_resource_scheduler;resource_model_scheduler	list_scheduler@0x00b0c0e4	list_scheduler.slot_010	vtable_membership:4 classes	0	4	441
007399dd	FUN_007399dd	list_scheduler__slot_012_shared	virtual_method	0.820	ame_resource_scheduler;g4_resource_scheduler;ppc970_resource_scheduler;resource_model_scheduler	list_scheduler@0x00b0c0e4	list_scheduler.slot_012	vtable_membership:4 classes	0	2	261
00739ae2	FUN_00739ae2	list_scheduler__slot_009_shared	virtual_method	0.820	ame_resource_scheduler;g4_resource_scheduler;ppc970_resource_scheduler;resource_model_scheduler	list_scheduler@0x00b0c0e4	list_scheduler.slot_009	vtable_membership:4 classes	0	3	200
00739d9d	FUN_00739d9d	backend_dataflow__slot_113_shared	virtual_method	0.820	backend_basetype;backend_basetype2;backend_t	backend_dataflow@0x00b0e82c	backend_dataflow.slot_113	vtable_membership:3 classes	0	0	127
0073b5d2	FUN_0073b5d2	operand_parser__slot_000_shared	virtual_method	0.820	empty;operand_parser	operand_parser@0x00b0c7cc	operand_parser.slot_000	vtable_membership:2 classes	0	0	9
0073b5db	FUN_0073b5db	operand_parser__slot_001_shared	virtual_method	0.820	empty;operand_parser	operand_parser@0x00b0c7cc	operand_parser.slot_001	vtable_membership:2 classes	0	0	5
0073b5e0	FUN_0073b5e0	operand_parser__slot_002_shared	virtual_method	0.820	empty;operand_parser	operand_parser@0x00b0c7cc	operand_parser.slot_002	vtable_membership:2 classes	0	1	73
0073b629	FUN_0073b629	operand_parser__slot_003_shared	virtual_method	0.820	empty;operand_parser	operand_parser@0x00b0c7cc	operand_parser.slot_003	vtable_membership:2 classes	0	1	53
0073b65e	FUN_0073b65e	operand_parser__slot_004_shared	virtual_method	0.820	empty;immediate_implicit;operand_parser	operand_parser@0x00b0c7cc	operand_parser.slot_004	vtable_membership:3 classes	0	0	5
0073b663	FUN_0073b663	operand_parser__slot_005_shared	virtual_method	0.820	empty;operand_parser	operand_parser@0x00b0c7cc	operand_parser.slot_005	vtable_membership:2 classes	0	1	33
0073b684	FUN_0073b684	operand_parser__slot_007_shared	virtual_method	0.820	empty;operand_parser	operand_parser@0x00b0c7cc	operand_parser.slot_007	vtable_membership:2 classes	0	0	10
0073b68e	FUN_0073b68e	operand_parser__slot_008_shared	virtual_method	0.820	empty;operand_parser	operand_parser@0x00b0c7cc	operand_parser.slot_008	vtable_membership:2 classes	0	0	9
0073b697	FUN_0073b697	operand_parser__slot_010_shared	virtual_method	0.820	empty;immediate_implicit;operand_parser	operand_parser@0x00b0c7cc	operand_parser.slot_010	vtable_membership:3 classes	0	1	33
0073b6b8	FUN_0073b6b8	operand_parser__slot_011_shared	virtual_method	0.820	empty;operand_parser	operand_parser@0x00b0c7cc	operand_parser.slot_011	vtable_membership:2 classes	0	0	22
0073b6ce	FUN_0073b6ce	operand_parser__slot_012_shared	virtual_method	0.820	empty;operand_parser	operand_parser@0x00b0c7cc	operand_parser.slot_012	vtable_membership:2 classes	0	0	20
0073b6e2	FUN_0073b6e2	operand_parser__slot_014_shared	virtual_method	0.820	empty;operand_parser	operand_parser@0x00b0c7cc	operand_parser.slot_014	vtable_membership:2 classes	0	0	26
0073b6fc	FUN_0073b6fc	operand_parser__slot_015_shared	virtual_method	0.820	empty;operand_parser	operand_parser@0x00b0c7cc	operand_parser.slot_015	vtable_membership:2 classes	0	0	20
0073b710	FUN_0073b710	operand_parser__slot_016_shared	virtual_method	0.820	empty;operand_parser	operand_parser@0x00b0c7cc	operand_parser.slot_016	vtable_membership:2 classes	0	1	33
0073b731	FUN_0073b731	operand_parser__slot_017_shared	virtual_method	0.820	empty;operand_parser	operand_parser@0x00b0c7cc	operand_parser.slot_017	vtable_membership:2 classes	0	1	32
0073b751	FUN_0073b751	operand_parser__slot_018_shared	virtual_method	0.820	empty;operand_parser	operand_parser@0x00b0c7cc	operand_parser.slot_018	vtable_membership:2 classes	0	2	91
0073b7ac	FUN_0073b7ac	operand_parser__slot_019_shared	virtual_method	0.820	empty;operand_parser	operand_parser@0x00b0c7cc	operand_parser.slot_019	vtable_membership:2 classes	0	1	79
0073b7fb	FUN_0073b7fb	operand_parser__slot_020_shared	virtual_method	0.820	empty;immediate_implicit;operand_parser	operand_parser@0x00b0c7cc	operand_parser.slot_020	vtable_membership:3 classes	0	1	88
0073b853	FUN_0073b853	operand_parser__slot_021_shared	virtual_method	0.820	empty;operand_parser	operand_parser@0x00b0c7cc	operand_parser.slot_021	vtable_membership:2 classes	0	1	33
0073b874	FUN_0073b874	operand_parser__slot_022_shared	virtual_method	0.820	empty;operand_parser	operand_parser@0x00b0c7cc	operand_parser.slot_022	vtable_membership:2 classes	0	1	28
0073bd67	FUN_0073bd67	backend_dataflow__slot_149_shared	virtual_method	0.820	backend_basetype;backend_basetype2;backend_t	backend_dataflow@0x00b0e82c	backend_dataflow.slot_149	vtable_membership:3 classes	0	0	10
0073befc	FUN_0073befc	backend_dataflow__slot_150_shared	virtual_method	0.820	backend_basetype;backend_basetype2;backend_t	backend_dataflow@0x00b0e82c	backend_dataflow.slot_150	vtable_membership:3 classes	0	0	10
0073c694	FUN_0073c694	backend_dataflow__slot_151_shared	virtual_method	0.820	backend_basetype;backend_basetype2;backend_t	backend_dataflow@0x00b0e82c	backend_dataflow.slot_151	vtable_membership:3 classes	0	0	9
0073e08f	FUN_0073e08f	backend_dataflow__slot_155_shared	virtual_method	0.820	backend_basetype;backend_basetype2;backend_t	backend_dataflow@0x00b0e82c	backend_dataflow.slot_155	vtable_membership:3 classes	0	3	402
0073ea02	FUN_0073ea02	backend_dataflow__slot_158_shared	virtual_method	0.820	backend_basetype;backend_basetype2;backend_t	backend_dataflow@0x00b0e82c	backend_dataflow.slot_158	vtable_membership:3 classes	0	2	64
0073ef61	FUN_0073ef61	backend_dataflow__slot_156_shared	virtual_method	0.820	backend_basetype;backend_basetype2;backend_t	backend_dataflow@0x00b0e82c	backend_dataflow.slot_156	vtable_membership:3 classes	0	1	15
0073f585	FUN_0073f585	backend_dataflow__slot_157_shared	virtual_method	0.820	backend_basetype;backend_basetype2;backend_t	backend_dataflow@0x00b0e82c	backend_dataflow.slot_157	vtable_membership:3 classes	0	0	10
0074249b	FUN_0074249b	backend_dataflow__slot_229_shared	virtual_method	0.820	backend_basetype;backend_basetype2;backend_t	backend_dataflow@0x00b0e82c	backend_dataflow.slot_229	vtable_membership:3 classes	0	1	91
00742622	FUN_00742622	operand_parser__slot_006_shared	virtual_method	0.820	empty;hardcode;ignore;immediate;immediate_implicit;join;mnemonic_placeholder;operand_parser;register_implicit;register_list;register_range;register_set;sameas;split_fields;statictext;suffix;textset	operand_parser@0x00b0c7cc	operand_parser.slot_006	vtable_membership:17 classes	0	8	505
0074281b	FUN_0074281b	operand_parser__slot_009_shared	virtual_method	0.820	empty;hardcode;ignore;join;mnemonic_placeholder;operand_parser;register_list;register_range;register_set;sameas;split_fields;statictext;suffix;textset	operand_parser@0x00b0c7cc	operand_parser.slot_009	vtable_membership:14 classes	2	7	438
00743723	FUN_00743723	operand_parser__slot_008_shared	virtual_method	0.820	immediate;immediate_implicit	operand_parser@0x00b0c7cc	operand_parser.slot_008	vtable_membership:2 classes	0	2	201
00746f50	FUN_00746f50	Exp__slot_002_shared	virtual_method	0.820	Alu;Bop;Bot;Cmm;Exp;Mem;Ncm;Num;Unk;Uop;Val	Exp@0x00b0d2d4	Exp.slot_002	vtable_membership:11 classes	0	0	35
00746f73	FUN_00746f73	Exp__slot_003_shared	virtual_method	0.820	Alu;Bop;Bot;Cmm;Exp;Mem;Ncm;Num;Unk;Uop;Val	Exp@0x00b0d2d4	Exp.slot_003	vtable_membership:11 classes	0	0	35
00746f96	FUN_00746f96	Exp__slot_004_shared	virtual_method	0.820	Alu;Bop;Bot;Cmm;Exp;Mem;Ncm;Num;Unk;Uop;Val	Exp@0x00b0d2d4	Exp.slot_004	vtable_membership:11 classes	0	0	35
00746fb9	FUN_00746fb9	Exp__slot_005_shared	virtual_method	0.820	Alu;Bop;Bot;Cmm;Exp;Mem;Ncm;Num;Unk;Uop;Val	Exp@0x00b0d2d4	Exp.slot_005	vtable_membership:11 classes	0	0	35
00746fdc	FUN_00746fdc	Exp__slot_006_shared	virtual_method	0.820	Alu;Bop;Bot;Cmm;Exp;Mem;Ncm;Num;Unk;Uop;Val	Exp@0x00b0d2d4	Exp.slot_006	vtable_membership:11 classes	0	0	35
00746fff	FUN_00746fff	Exp__slot_007_shared	virtual_method	0.820	Alu;Bop;Bot;Cmm;Exp;Mem;Ncm;Num;Unk;Uop;Val	Exp@0x00b0d2d4	Exp.slot_007	vtable_membership:11 classes	0	1	21
00747014	FUN_00747014	Exp__slot_008_shared	virtual_method	0.820	Alu;Bop;Bot;Cmm;Exp;Mem;Ncm;Num;Unk;Uop;Val	Exp@0x00b0d2d4	Exp.slot_008	vtable_membership:11 classes	0	1	21
00747029	FUN_00747029	Exp__slot_009_shared	virtual_method	0.820	Alu;Bop;Bot;Cmm;Exp;Mem;Ncm;Num;Unk;Uop;Val	Exp@0x00b0d2d4	Exp.slot_009	vtable_membership:11 classes	0	1	21
0074703e	FUN_0074703e	Exp__slot_010_shared	virtual_method	0.820	Alu;Bop;Bot;Cmm;Exp;Mem;Ncm;Num;Unk;Uop;Val	Exp@0x00b0d2d4	Exp.slot_010	vtable_membership:11 classes	0	1	21
00747053	FUN_00747053	Exp__slot_011_shared	virtual_method	0.820	Alu;Bop;Bot;Cmm;Exp;Mem;Ncm;Num;Unk;Uop;Val	Exp@0x00b0d2d4	Exp.slot_011	vtable_membership:11 classes	0	1	18
00747065	FUN_00747065	Exp__slot_012_shared	virtual_method	0.820	Alu;Bop;Bot;Cmm;Exp;Mem;Ncm;Num;Unk;Uop;Val	Exp@0x00b0d2d4	Exp.slot_012	vtable_membership:11 classes	0	1	18
00747077	FUN_00747077	Exp__slot_013_shared	virtual_method	0.820	Alu;Bop;Bot;Cmm;Exp;Mem;Ncm;Num;Unk;Uop;Val	Exp@0x00b0d2d4	Exp.slot_013	vtable_membership:11 classes	0	1	335
00747246	FUN_00747246	Exp__slot_014_shared	virtual_method	0.820	Alu;Bop;Cmm;Exp;Ncm;Uop	Exp@0x00b0d2d4	Exp.slot_014	vtable_membership:6 classes	0	0	9
0074724f	FUN_0074724f	Exp__slot_015_shared	virtual_method	0.820	Bot;Exp;Mem;Num;Unk;Val	Exp@0x00b0d2d4	Exp.slot_015	vtable_membership:6 classes	0	0	9
00747258	FUN_00747258	Exp__slot_016_shared	virtual_method	0.820	Alu;Bop;Bot;Cmm;Exp;Mem;Ncm;Unk;Uop;Val	Exp@0x00b0d2d4	Exp.slot_016	vtable_membership:10 classes	0	0	9
00747261	FUN_00747261	Exp__slot_017_shared	virtual_method	0.820	Alu;Bop;Cmm;Exp;Ncm;Num;Uop;Val	Exp@0x00b0d2d4	Exp.slot_017	vtable_membership:8 classes	0	0	9
0074726a	FUN_0074726a	Exp__slot_018_shared	virtual_method	0.820	Alu;Bop;Cmm;Exp;Mem;Ncm;Num;Unk;Uop;Val	Exp@0x00b0d2d4	Exp.slot_018	vtable_membership:10 classes	0	0	9
00747273	FUN_00747273	Exp__slot_019_shared	virtual_method	0.820	Alu;Bop;Bot;Cmm;Exp;Ncm;Num;Unk;Uop;Val	Exp@0x00b0d2d4	Exp.slot_019	vtable_membership:10 classes	0	0	9
0074727c	FUN_0074727c	Exp__slot_020_shared	virtual_method	0.820	Alu;Bot;Exp;Mem;Num;Unk;Uop;Val	Exp@0x00b0d2d4	Exp.slot_020	vtable_membership:8 classes	0	0	9
00747285	FUN_00747285	Exp__slot_021_shared	virtual_method	0.820	Alu;Bop;Bot;Exp;Mem;Ncm;Num;Unk;Uop;Val	Exp@0x00b0d2d4	Exp.slot_021	vtable_membership:10 classes	0	0	9
0074728e	FUN_0074728e	Exp__slot_022_shared	virtual_method	0.820	Alu;Bop;Bot;Cmm;Exp;Mem;Num;Unk;Uop;Val	Exp@0x00b0d2d4	Exp.slot_022	vtable_membership:10 classes	0	0	9
00747297	FUN_00747297	Exp__slot_023_shared	virtual_method	0.820	Alu;Bop;Bot;Cmm;Exp;Mem;Ncm;Num;Unk;Val	Exp@0x00b0d2d4	Exp.slot_023	vtable_membership:10 classes	0	0	9
00747c38	FUN_00747c38	Exp__slot_014_shared	virtual_method	0.820	Bot;Mem;Num;Unk;Val	Exp@0x00b0d2d4	Exp.slot_014	vtable_membership:5 classes	0	0	9
00747c41	FUN_00747c41	Exp__slot_000_shared	virtual_method	0.820	Bot;Mem;Num;Unk;Val	Exp@0x00b0d2d4	Exp.slot_000	vtable_membership:5 classes	0	1	145
00747d4a	FUN_00747d4a	Exp__slot_017_shared	virtual_method	0.820	Bot;Mem;Unk	Exp@0x00b0d2d4	Exp.slot_017	vtable_membership:3 classes	0	0	9
00747d53	FUN_00747d53	Exp__slot_024_shared	virtual_method	0.820	Bot;Mem;Unk	Exp@0x00b0d2d4	Exp.slot_024	vtable_membership:3 classes	0	1	130
00748125	FUN_00748125	Exp__slot_015_shared	virtual_method	0.820	Alu;Bop;Cmm;Ncm;Uop	Exp@0x00b0d2d4	Exp.slot_015	vtable_membership:5 classes	0	0	9
0074812e	FUN_0074812e	Exp__slot_000_shared	virtual_method	0.820	Alu;Bop;Cmm;Ncm;Uop	Exp@0x00b0d2d4	Exp.slot_000	vtable_membership:5 classes	0	1	173
007481db	FUN_007481db	Exp__slot_020_shared	virtual_method	0.820	Bop;Cmm;Ncm	Exp@0x00b0d2d4	Exp.slot_020	vtable_membership:3 classes	0	0	9
007481e4	FUN_007481e4	Exp__slot_024_shared	virtual_method	0.820	Bop;Cmm;Ncm	Exp@0x00b0d2d4	Exp.slot_024	vtable_membership:3 classes	0	1	130
0074dd47	FUN_0074dd47	InterblockDf__slot_002_shared	virtual_method	0.820	IndDataFlow;RegReNameBkwdDataFlow	InterblockDf@0x00b0d908	InterblockDf.slot_002	vtable_membership:2 classes	0	0	5
0074dd4c	FUN_0074dd4c	InterblockDf__slot_003_shared	virtual_method	0.820	IndDataFlow;RBBkwdDataFlow;RegReNameBkwdDataFlow	InterblockDf@0x00b0d908	InterblockDf.slot_003	vtable_membership:3 classes	0	1	29
0074dd69	FUN_0074dd69	InterblockDf__slot_004_shared	virtual_method	0.820	IndDataFlow;RBFwdDataFlow	InterblockDf@0x00b0d908	InterblockDf.slot_004	vtable_membership:2 classes	0	1	29
0074dd86	FUN_0074dd86	InterblockDf__slot_005_shared	virtual_method	0.820	IndDataFlow;RBBkwdDataFlow;RegReNameBkwdDataFlow	InterblockDf@0x00b0d908	InterblockDf.slot_005	vtable_membership:3 classes	0	1	25
0074dd9f	FUN_0074dd9f	InterblockDf__slot_006_shared	virtual_method	0.820	IndDataFlow;RBFwdDataFlow	InterblockDf@0x00b0d908	InterblockDf.slot_006	vtable_membership:2 classes	0	1	25
0074ddb8	FUN_0074ddb8	InterblockDf__slot_008_shared	virtual_method	0.820	IndDataFlow;RegReNameBkwdDataFlow	InterblockDf@0x00b0d908	InterblockDf.slot_008	vtable_membership:2 classes	0	0	5
0074ddbd	FUN_0074ddbd	InterblockDf__slot_009_shared	virtual_method	0.820	IndDataFlow;RBFwdDataFlow	InterblockDf@0x00b0d908	InterblockDf.slot_009	vtable_membership:2 classes	0	1	10
0074ddc7	FUN_0074ddc7	InterblockDf__slot_010_shared	virtual_method	0.820	IndDataFlow;RBBkwdDataFlow;RegReNameBkwdDataFlow	InterblockDf@0x00b0d908	InterblockDf.slot_010	vtable_membership:3 classes	0	0	5
0074ddcc	FUN_0074ddcc	InterblockDf__slot_014_shared	virtual_method	0.820	IndDataFlow;RBBkwdDataFlow;RBFwdDataFlow;RegReNameBkwdDataFlow	InterblockDf@0x00b0d908	InterblockDf.slot_014	vtable_membership:4 classes	0	0	9
00766cae	FUN_00766cae	backend_dataflow__slot_008_shared	virtual_method	0.820	backend_basetype;backend_basetype2;backend_dataflow	backend_dataflow@0x00b0e82c	backend_dataflow.slot_008	vtable_membership:3 classes	1	18	1066
007692da	FUN_007692da	backend_dataflow__slot_006_shared	virtual_method	0.820	backend_basetype;backend_basetype2;backend_dataflow	backend_dataflow@0x00b0e82c	backend_dataflow.slot_006	vtable_membership:3 classes	1	17	1022
0076da5c	FUN_0076da5c	InterblockDf__slot_012_shared	virtual_method	0.820	IndDataFlow;RBBkwdDataFlow;RBFwdDataFlow;RegReNameBkwdDataFlow	InterblockDf@0x00b0d908	InterblockDf.slot_012	vtable_membership:4 classes	0	1	16
0076da6c	FUN_0076da6c	InterblockDf__slot_013_shared	virtual_method	0.820	IndDataFlow;RBBkwdDataFlow;RBFwdDataFlow;RegReNameBkwdDataFlow	InterblockDf@0x00b0d908	InterblockDf.slot_013	vtable_membership:4 classes	0	1	16
0076fd2e	FUN_0076fd2e	backend_dataflow__slot_012_shared	virtual_method	0.820	backend_basetype;backend_basetype2;backend_dataflow	backend_dataflow@0x00b0e82c	backend_dataflow.slot_012	vtable_membership:3 classes	0	0	22
0076fd44	FUN_0076fd44	backend_dataflow__slot_007_shared	virtual_method	0.820	backend_basetype;backend_basetype2;backend_dataflow	backend_dataflow@0x00b0e82c	backend_dataflow.slot_007	vtable_membership:3 classes	0	3	72
0076fd8c	FUN_0076fd8c	backend_dataflow__slot_005_shared	virtual_method	0.820	backend_basetype;backend_basetype2;backend_dataflow	backend_dataflow@0x00b0e82c	backend_dataflow.slot_005	vtable_membership:3 classes	0	2	67
0076fdcf	FUN_0076fdcf	backend_dataflow__slot_001_shared	virtual_method	0.820	backend_basetype;backend_basetype2;backend_dataflow;backend_t	backend_dataflow@0x00b0e82c	backend_dataflow.slot_001	vtable_membership:4 classes	0	6	727
007700a6	FUN_007700a6	backend_dataflow__slot_010_shared	virtual_method	0.820	backend_basetype;backend_basetype2;backend_dataflow;backend_t	backend_dataflow@0x00b0e82c	backend_dataflow.slot_010	vtable_membership:4 classes	0	1	141
0077017f	FUN_0077017f	backend_dataflow__slot_024_shared	virtual_method	0.820	backend_basetype;backend_basetype2;backend_dataflow;backend_t	backend_dataflow@0x00b0e82c	backend_dataflow.slot_024	vtable_membership:4 classes	0	15	4204
007711eb	FUN_007711eb	backend_dataflow__slot_025_shared	virtual_method	0.820	backend_basetype;backend_basetype2;backend_dataflow;backend_t	backend_dataflow@0x00b0e82c	backend_dataflow.slot_025	vtable_membership:4 classes	0	10	4403
0077f001	FUN_0077f001	backend_dataflow__slot_085_shared	virtual_method	0.820	backend_basetype;backend_basetype2;backend_t	backend_dataflow@0x00b0e82c	backend_dataflow.slot_085	vtable_membership:3 classes	0	0	92
0077f05d	FUN_0077f05d	backend_dataflow__slot_086_shared	virtual_method	0.820	backend_basetype;backend_basetype2;backend_t	backend_dataflow@0x00b0e82c	backend_dataflow.slot_086	vtable_membership:3 classes	0	0	37
0077f082	FUN_0077f082	backend_dataflow__slot_258_shared	virtual_method	0.820	backend_basetype;backend_basetype2;backend_t	backend_dataflow@0x00b0e82c	backend_dataflow.slot_258	vtable_membership:3 classes	0	0	10
00785937	FUN_00785937	std_exception__slot_001_shared	virtual_method	0.820	std::bad_alloc;std::exception	std_exception@0x00b0f1ec	std_exception.slot_001	vtable_membership:2 classes	0	0	12
007860ba	FUN_007860ba	std_exception__slot_001_shared	virtual_method	0.820	std::length_error;std::logic_error	std_exception@0x00b0f1ec	std_exception.slot_001	vtable_membership:2 classes	0	0	29
00787827	FUN_00787827	std_exception__slot_001_shared	virtual_method	0.820	std::bad_alloc;std::exception	std_exception@0x00b0f5dc	std_exception.slot_001	vtable_membership:2 classes	0	0	12
00788235	FUN_00788235	std_exception__slot_001_shared	virtual_method	0.820	std::length_error;std::logic_error;std::out_of_range	std_exception@0x00b0f5dc	std_exception.slot_001	vtable_membership:3 classes	0	0	29
0078a5b3	FUN_0078a5b3	operand_parser__slot_000_shared	virtual_method	0.820	hardcode;register_implicit	operand_parser@0x00b0c7cc	operand_parser.slot_000	vtable_membership:2 classes	0	0	9
0078a5bc	FUN_0078a5bc	operand_parser__slot_001_shared	virtual_method	0.820	hardcode;ignore;mnemonic_placeholder;register_implicit	operand_parser@0x00b0c7cc	operand_parser.slot_001	vtable_membership:4 classes	0	0	5
0078a5c1	FUN_0078a5c1	operand_parser__slot_002_shared	virtual_method	0.820	ignore;mnemonic_placeholder;register_implicit;register_list;sameas;statictext;textset	operand_parser@0x00b0c7cc	operand_parser.slot_002	vtable_membership:7 classes	0	1	73
0078a60a	FUN_0078a60a	operand_parser__slot_003_shared	virtual_method	0.820	ignore;mnemonic_placeholder;register_implicit;register_list;sameas;statictext	operand_parser@0x00b0c7cc	operand_parser.slot_003	vtable_membership:6 classes	0	1	53
0078a63f	FUN_0078a63f	operand_parser__slot_004_shared	virtual_method	0.820	hardcode;ignore;immediate;join;mnemonic_placeholder;register_list;sameas;split_fields;statictext;suffix;textset	operand_parser@0x00b0c7cc	operand_parser.slot_004	vtable_membership:11 classes	0	0	5
0078a644	FUN_0078a644	operand_parser__slot_005_shared	virtual_method	0.820	hardcode;ignore;join;mnemonic_placeholder;register_list;sameas;split_fields;statictext;suffix	operand_parser@0x00b0c7cc	operand_parser.slot_005	vtable_membership:9 classes	0	1	33
0078a665	FUN_0078a665	operand_parser__slot_007_shared	virtual_method	0.820	choose;compose;hardcode;ignore;immediate;join;mnemonic_placeholder;multiple_fields;register_list;register_range;sameas;split_fields;statictext;suffix;textset	operand_parser@0x00b0c7cc	operand_parser.slot_007	vtable_membership:15 classes	0	0	10
0078a66f	FUN_0078a66f	operand_parser__slot_008_shared	virtual_method	0.820	choose;compose;hardcode;ignore;join;mnemonic_placeholder;multiple_fields;register_implicit;register_list;sameas;split_fields;suffix;textset	operand_parser@0x00b0c7cc	operand_parser.slot_008	vtable_membership:13 classes	0	0	9
0078a678	FUN_0078a678	operand_parser__slot_010_shared	virtual_method	0.820	compose;hardcode;ignore;immediate;join;mnemonic_placeholder;multiple_fields;register_implicit;register_list;register_set;sameas;split_fields;statictext;suffix;textset	operand_parser@0x00b0c7cc	operand_parser.slot_010	vtable_membership:15 classes	0	1	33
0078a699	FUN_0078a699	operand_parser__slot_011_shared	virtual_method	0.820	hardcode;ignore;join;mnemonic_placeholder;register_list;sameas;split_fields;statictext;suffix	operand_parser@0x00b0c7cc	operand_parser.slot_011	vtable_membership:9 classes	0	0	22
0078a6af	FUN_0078a6af	operand_parser__slot_012_shared	virtual_method	0.820	hardcode;ignore;join;mnemonic_placeholder;register_list;sameas;split_fields;statictext;suffix	operand_parser@0x00b0c7cc	operand_parser.slot_012	vtable_membership:9 classes	0	0	20
0078a6c3	FUN_0078a6c3	operand_parser__slot_014_shared	virtual_method	0.820	hardcode;ignore;join;mnemonic_placeholder;register_list;sameas;split_fields;statictext;suffix	operand_parser@0x00b0c7cc	operand_parser.slot_014	vtable_membership:9 classes	0	0	26
0078a6dd	FUN_0078a6dd	operand_parser__slot_015_shared	virtual_method	0.820	hardcode;ignore;join;mnemonic_placeholder;register_list;sameas;split_fields;statictext;suffix	operand_parser@0x00b0c7cc	operand_parser.slot_015	vtable_membership:9 classes	0	0	20
0078a6f1	FUN_0078a6f1	operand_parser__slot_016_shared	virtual_method	0.820	hardcode;ignore;join;mnemonic_placeholder;register_list;sameas;split_fields;statictext;suffix	operand_parser@0x00b0c7cc	operand_parser.slot_016	vtable_membership:9 classes	0	1	33
0078a712	FUN_0078a712	operand_parser__slot_017_shared	virtual_method	0.820	hardcode;ignore;join;mnemonic_placeholder;register_list;sameas;split_fields;statictext;suffix	operand_parser@0x00b0c7cc	operand_parser.slot_017	vtable_membership:9 classes	0	1	32
0078a732	FUN_0078a732	operand_parser__slot_018_shared	virtual_method	0.820	hardcode;ignore;join;mnemonic_placeholder;multiple_fields;register_implicit;register_list;sameas;split_fields;statictext;suffix;textset	operand_parser@0x00b0c7cc	operand_parser.slot_018	vtable_membership:12 classes	0	2	91
0078a78d	FUN_0078a78d	operand_parser__slot_019_shared	virtual_method	0.820	ignore;mnemonic_placeholder;register_list;sameas;split_fields;suffix;textset	operand_parser@0x00b0c7cc	operand_parser.slot_019	vtable_membership:7 classes	0	1	79
0078a7dc	FUN_0078a7dc	operand_parser__slot_020_shared	virtual_method	0.820	choose;hardcode;ignore;immediate;mnemonic_placeholder;multiple_fields;register_implicit;register_list;register_range;register_set;sameas;split_fields;statictext;suffix;textset	operand_parser@0x00b0c7cc	operand_parser.slot_020	vtable_membership:15 classes	0	1	88
0078a834	FUN_0078a834	operand_parser__slot_021_shared	virtual_method	0.820	ignore;join;mnemonic_placeholder;register_implicit;register_list;sameas;split_fields;suffix	operand_parser@0x00b0c7cc	operand_parser.slot_021	vtable_membership:8 classes	0	1	33
0078a855	FUN_0078a855	operand_parser__slot_022_shared	virtual_method	0.820	hardcode;ignore;join;mnemonic_placeholder;multiple_fields;register_implicit;register_list;sameas;split_fields;statictext;suffix;textset	operand_parser@0x00b0c7cc	operand_parser.slot_022	vtable_membership:12 classes	0	1	28
0078d31f	FUN_0078d31f	operand_parser__slot_002_shared	virtual_method	0.820	immediate;immediate_implicit	operand_parser@0x00b0c7cc	operand_parser.slot_002	vtable_membership:2 classes	0	3	424
0078d4c7	FUN_0078d4c7	operand_parser__slot_003_shared	virtual_method	0.820	immediate;immediate_implicit	operand_parser@0x00b0c7cc	operand_parser.slot_003	vtable_membership:2 classes	0	4	1378
0078da29	FUN_0078da29	operand_parser__slot_018_shared	virtual_method	0.820	immediate;immediate_implicit	operand_parser@0x00b0c7cc	operand_parser.slot_018	vtable_membership:2 classes	0	1	78
0078da77	FUN_0078da77	operand_parser__slot_019_shared	virtual_method	0.820	immediate;immediate_implicit	operand_parser@0x00b0c7cc	operand_parser.slot_019	vtable_membership:2 classes	0	0	12
0078da83	FUN_0078da83	operand_parser__slot_021_shared	virtual_method	0.820	immediate;immediate_implicit	operand_parser@0x00b0c7cc	operand_parser.slot_021	vtable_membership:2 classes	0	0	12
0078da8f	FUN_0078da8f	operand_parser__slot_022_shared	virtual_method	0.820	immediate;immediate_implicit	operand_parser@0x00b0c7cc	operand_parser.slot_022	vtable_membership:2 classes	0	1	20
007918e7	FUN_007918e7	std_exception__slot_001_shared	virtual_method	0.820	std::bad_alloc;std::exception	std_exception@0x00b10f10	std_exception.slot_001	vtable_membership:2 classes	0	0	12
00792312	FUN_00792312	std_exception__slot_001_shared	virtual_method	0.820	std::length_error;std::logic_error;std::out_of_range	std_exception@0x00b10f10	std_exception.slot_001	vtable_membership:3 classes	0	0	29
0079b5b0	FUN_0079b5b0	operand_parser__slot_013_shared	virtual_method	0.820	choose;empty;hardcode;ignore;immediate;immediate_implicit;join;mnemonic_placeholder;multiple_fields;operand_parser;register_implicit;register_list;register_range;register_set;sameas;split_fields;statictext;suffix;textset	operand_parser@0x00b0c7cc	operand_parser.slot_013	vtable_membership:19 classes	1	0	18
0079b922	FUN_0079b922	operand_parser__slot_011_shared	virtual_method	0.820	immediate;immediate_implicit	operand_parser@0x00b0c7cc	operand_parser.slot_011	vtable_membership:2 classes	0	3	832
0079ca67	FUN_0079ca67	std_exception__slot_001_shared	virtual_method	0.820	std::bad_alloc;std::exception	std_exception@0x00b11aa8	std_exception.slot_001	vtable_membership:2 classes	0	0	12
0079d35e	FUN_0079d35e	std_exception__slot_001_shared	virtual_method	0.820	std::length_error;std::logic_error	std_exception@0x00b11aa8	std_exception.slot_001	vtable_membership:2 classes	0	0	29
0079ea37	FUN_0079ea37	std_exception__slot_001_shared	virtual_method	0.820	std::bad_alloc;std::exception	std_exception@0x00b12008	std_exception.slot_001	vtable_membership:2 classes	0	0	12
0079f4c2	FUN_0079f4c2	std_exception__slot_001_shared	virtual_method	0.820	std::length_error;std::logic_error	std_exception@0x00b12008	std_exception.slot_001	vtable_membership:2 classes	0	0	29
007a0e16	FUN_007a0e16	OutputGen__slot_002_shared	virtual_method	0.820	BufferOutputGen;DebugOutputGen;OutputGen	OutputGen@0x00b12800	OutputGen.slot_002	vtable_membership:3 classes	1	2	62
007a0e54	FUN_007a0e54	OutputGen__slot_003_shared	virtual_method	0.820	BufferOutputGen;DebugOutputGen;FileOutputGen;OutputGen;SimpleOutputGen	OutputGen@0x00b12800	OutputGen.slot_003	vtable_membership:5 classes	0	0	69
007a1480	FUN_007a1480	operand_parser__slot_014_shared	virtual_method	0.820	immediate;immediate_implicit	operand_parser@0x00b0c7cc	operand_parser.slot_014	vtable_membership:2 classes	0	1	32
007a14a0	FUN_007a14a0	operand_parser__slot_015_shared	virtual_method	0.820	immediate;immediate_implicit	operand_parser@0x00b0c7cc	operand_parser.slot_015	vtable_membership:2 classes	0	1	32
007a14c0	FUN_007a14c0	operand_parser__slot_016_shared	virtual_method	0.820	immediate;immediate_implicit	operand_parser@0x00b0c7cc	operand_parser.slot_016	vtable_membership:2 classes	0	1	33
007a14e1	FUN_007a14e1	operand_parser__slot_017_shared	virtual_method	0.820	immediate;immediate_implicit	operand_parser@0x00b0c7cc	operand_parser.slot_017	vtable_membership:2 classes	0	1	32
007a1637	FUN_007a1637	std_exception__slot_001_shared	virtual_method	0.820	std::bad_alloc;std::exception	std_exception@0x00b12cf4	std_exception.slot_001	vtable_membership:2 classes	0	0	12
009947c2	FUN_009947c2	backend_dataflow__slot_246_shared	virtual_method	0.820	backend_basetype;backend_basetype2;backend_t	backend_dataflow@0x00b0e82c	backend_dataflow.slot_246	vtable_membership:3 classes	0	1	310
00a91fc6	FUN_00a91fc6	std_exception__slot_001_shared	virtual_method	0.820	std::bad_alloc;std::exception	std_exception@0x00bd48a0	std_exception.slot_001	vtable_membership:2 classes	0	0	10
00a927a7	FUN_00a927a7	std_exception__slot_001_shared	virtual_method	0.820	std::length_error;std::logic_error;std::out_of_range	std_exception@0x00bd48a0	std_exception.slot_001	vtable_membership:3 classes	0	0	29
005cf1dd	FUN_005cf1dd	AliasAnalyzer__vtable_initializer_candidate	constructor_or_destructor_like	0.800	AliasAnalyzer	AliasAnalyzer@0x00aff0cc		direct_vtable_header_or_vptr_refs:1;write_order:AliasAnalyzer	4	5	547
005d6287	FUN_005d6287	AliasAnalyzer__vtable_initializer_candidate	constructor_or_destructor_like	0.800	AliasAnalyzer	AliasAnalyzer@0x00aff0cc		direct_vtable_header_or_vptr_refs:1;write_order:AliasAnalyzer	1	18	1388
00736142	FUN_00736142	list_scheduler__vtable_initializer_candidate	constructor_or_destructor_like	0.800	list_scheduler	list_scheduler@0x00b0c0e4		direct_vtable_header_or_vptr_refs:1;write_order:list_scheduler	2	2	124
00781c4e	FUN_00781c4e	ScavengingFixup__vtable_initializer_candidate	constructor_or_destructor_like	0.800	ScavengingFixup	ScavengingFixup@0x00b0edf0		direct_vtable_header_or_vptr_refs:1;write_order:ScavengingFixup	0	4	252
0078abd5	FUN_0078abd5	operand_parser__vtable_initializer_candidate	constructor_or_destructor_like	0.800	operand_parser	operand_parser@0x00b0c7cc		direct_vtable_header_or_vptr_refs:1;write_order:operand_parser	18	2	150
00796899	FUN_00796899	Disassembler__vtable_initializer_candidate	constructor_or_destructor_like	0.800	Disassembler	Disassembler@0x00b1155c		direct_vtable_header_or_vptr_refs:1;write_order:Disassembler	1	5	319
0079d894	FUN_0079d894	IndInst_instop__vtable_initializer_candidate	constructor_or_destructor_like	0.800	IndInst::instop	IndInst_instop@0x00b11f18		direct_vtable_header_or_vptr_refs:1;write_order:IndInst::instop	0	1	131
007a1191	FUN_007a1191	DebugOutputGen__vtable_initializer_candidate	constructor_or_destructor_like	0.800	DebugOutputGen	OutputGen@0x00b12800		direct_vtable_header_or_vptr_refs:1;write_order:DebugOutputGen	2	2	62
00401640	FUN_00401640	backend_dataflow__helper_00401640	class_associated_helper	0.760		backend_dataflow@0x00b0e82c		callgraph_vote:8/8;typed_sources:5;called_by_typed_method	1	1	167
00401dbe	FUN_00401dbe	backend_dataflow__helper_00401dbe	class_associated_helper	0.760		backend_dataflow@0x00b0e82c		callgraph_vote:10/10;typed_sources:4;called_by_typed_method	2	0	47
00404e48	FUN_00404e48	backend_dataflow__helper_00404e48	class_associated_helper	0.760		backend_dataflow@0x00b0e82c		callgraph_vote:9/9;typed_sources:3;called_by_typed_method	2	1	132
0040578f	FUN_0040578f	std_exception__helper_0040578f	class_associated_helper	0.760		std_exception@0x00abf270		callgraph_vote:23/29;typed_sources:11;called_by_typed_method	7	0	55
004057c6	FUN_004057c6	std_exception__helper_004057c6	class_associated_helper	0.760		std_exception@0x00abf270		callgraph_vote:5/8;typed_sources:5;caller_or_callee	1	0	87
00406c4b	FUN_00406c4b	backend_dataflow__helper_00406c4b	class_associated_helper	0.760		backend_dataflow@0x00b0e82c		callgraph_vote:5/6;typed_sources:5;caller_or_callee	8	7	596
004082a5	FUN_004082a5	operand_parser__helper_004082a5	class_associated_helper	0.760		operand_parser@0x00b0c7cc		callgraph_vote:5/7;typed_sources:5;caller_or_callee	9	5	133
0040873b	FUN_0040873b	backend_dataflow__helper_0040873b	class_associated_helper	0.760		backend_dataflow@0x00b0e82c		callgraph_vote:7/8;typed_sources:7;caller_or_callee	3	2	41
0040895a	FUN_0040895a	backend_dataflow__helper_0040895a	class_associated_helper	0.760		backend_dataflow@0x00b0e82c		callgraph_vote:8/13;typed_sources:8;caller_or_callee	3	1	75
0040cf0e	FUN_0040cf0e	backend_dataflow__helper_0040cf0e	class_associated_helper	0.760		backend_dataflow@0x00b0e82c		callgraph_vote:10/13;typed_sources:10;caller_or_callee	5	4	481
0040d114	FUN_0040d114	backend_dataflow__helper_0040d114	class_associated_helper	0.760		backend_dataflow@0x00b0e82c		callgraph_vote:26/31;typed_sources:8;called_by_typed_method	67	1	27
00411988	FUN_00411988	backend_dataflow__helper_00411988	class_associated_helper	0.760		backend_dataflow@0x00b0e82c		callgraph_vote:5/6;typed_sources:5;caller_or_callee	1	8	957
0041da13	FUN_0041da13	backend_dataflow__helper_0041da13	class_associated_helper	0.760		backend_dataflow@0x00b0e82c		callgraph_vote:6/7;typed_sources:6;caller_or_callee	5	9	644
0041dc97	FUN_0041dc97	backend_dataflow__helper_0041dc97	class_associated_helper	0.760		backend_dataflow@0x00b0e82c		callgraph_vote:8/13;typed_sources:8;caller_or_callee	3	6	498
00421aeb	FUN_00421aeb	backend_dataflow__helper_00421aeb	class_associated_helper	0.760		backend_dataflow@0x00b0e82c		callgraph_vote:20/26;typed_sources:8;called_by_typed_method	14	0	29
004220f7	FUN_004220f7	Checker__helper_004220f7	class_associated_helper	0.760		Checker@0x00aff4ec		callgraph_vote:5/5;typed_sources:5;caller_or_callee	2	2	103
0042218d	FUN_0042218d	backend_dataflow__helper_0042218d	class_associated_helper	0.760		backend_dataflow@0x00b0e82c		callgraph_vote:6/7;typed_sources:6;caller_or_callee	21	0	91
0042547f	FUN_0042547f	std_exception__helper_0042547f	class_associated_helper	0.760		std_exception@0x00abff98		callgraph_vote:15/17;typed_sources:9;called_by_typed_method	5	0	55
00425f07	FUN_00425f07	std_exception__helper_00425f07	class_associated_helper	0.760		std_exception@0x00abff98		callgraph_vote:6/8;typed_sources:3;called_by_typed_method	1	0	42
00426d39	FUN_00426d39	backend_dataflow__helper_00426d39	class_associated_helper	0.760		backend_dataflow@0x00b0e82c		callgraph_vote:13/17;typed_sources:13;caller_or_callee	2	12	696
00427bc4	FUN_00427bc4	backend_dataflow__helper_00427bc4	class_associated_helper	0.760		backend_dataflow@0x00b0e82c		callgraph_vote:7/10;typed_sources:7;caller_or_callee	1	5	157
0043286e	FUN_0043286e	backend_dataflow__helper_0043286e	class_associated_helper	0.760		backend_dataflow@0x00b0e82c		callgraph_vote:8/12;typed_sources:5;called_by_typed_method	3	1	180
00432b4d	FUN_00432b4d	backend_dataflow__helper_00432b4d	class_associated_helper	0.760		backend_dataflow@0x00b0e82c		callgraph_vote:9/10;typed_sources:3;called_by_typed_method	3	1	216
00432c25	FUN_00432c25	backend_dataflow__helper_00432c25	class_associated_helper	0.760		backend_dataflow@0x00b0e82c		callgraph_vote:8/8;typed_sources:2;called_by_typed_method	2	3	67
00432ce3	FUN_00432ce3	objectdata__helper_00432ce3	class_associated_helper	0.760		objectdata@0x00ace1d0		callgraph_vote:6/8;typed_sources:3;calls_typed_method	7	5	256
0043ac5f	FUN_0043ac5f	std_exception__helper_0043ac5f	class_associated_helper	0.760		std_exception@0x00ac0a18		callgraph_vote:8/10;typed_sources:5;called_by_typed_method	4	0	55
0043b1e0	FUN_0043b1e0	std_exception__helper_0043b1e0	class_associated_helper	0.760		std_exception@0x00ac0a18		callgraph_vote:6/8;typed_sources:3;called_by_typed_method	1	0	42
0043dee2	FUN_0043dee2	backend_dataflow__helper_0043dee2	class_associated_helper	0.760		backend_dataflow@0x00b0e82c		callgraph_vote:7/8;typed_sources:7;caller_or_callee	1	3	373
00442b4c	FUN_00442b4c	backend_dataflow__helper_00442b4c	class_associated_helper	0.760		backend_dataflow@0x00b0e82c		callgraph_vote:12/18;typed_sources:12;caller_or_callee	1	10	585
00445104	FUN_00445104	std_exception__helper_00445104	class_associated_helper	0.760		std_exception@0x00ac0a18		callgraph_vote:6/8;typed_sources:3;calls_typed_method	3	3	173
00452ff5	FUN_00452ff5	backend_dataflow__helper_00452ff5	class_associated_helper	0.760		backend_dataflow@0x00b0e82c		callgraph_vote:6/8;typed_sources:6;caller_or_callee	1	4	154
00453c80	FUN_00453c80	backend_dataflow__helper_00453c80	class_associated_helper	0.760		backend_dataflow@0x00b0e82c		callgraph_vote:14/17;typed_sources:14;caller_or_callee	16	6	2218
0045452a	FUN_0045452a	backend_dataflow__helper_0045452a	class_associated_helper	0.760		backend_dataflow@0x00b0e82c		callgraph_vote:5/5;typed_sources:5;caller_or_callee	2	2	72
00454aff	FUN_00454aff	backend_dataflow__helper_00454aff	class_associated_helper	0.760		backend_dataflow@0x00b0e82c		callgraph_vote:11/13;typed_sources:11;caller_or_callee	1	8	334
0045af70	FUN_0045af70	backend_dataflow__helper_0045af70	class_associated_helper	0.760		backend_dataflow@0x00b0e82c		callgraph_vote:6/9;typed_sources:3;called_by_typed_method	6	1	139
0045d812	FUN_0045d812	backend_dataflow__helper_0045d812	class_associated_helper	0.760		backend_dataflow@0x00b0e82c		callgraph_vote:11/17;typed_sources:11;caller_or_callee	1	8	868
0045e0b3	FUN_0045e0b3	backend_dataflow__helper_0045e0b3	class_associated_helper	0.760		backend_dataflow@0x00b0e82c		callgraph_vote:15/23;typed_sources:15;caller_or_callee	3	6	337
0045e204	FUN_0045e204	backend_dataflow__helper_0045e204	class_associated_helper	0.760		backend_dataflow@0x00b0e82c		callgraph_vote:10/12;typed_sources:10;caller_or_callee	3	6	1376
0045ea8d	FUN_0045ea8d	backend_dataflow__helper_0045ea8d	class_associated_helper	0.760		backend_dataflow@0x00b0e82c		callgraph_vote:11/18;typed_sources:11;caller_or_callee	1	9	445
0045f976	FUN_0045f976	backend_dataflow__helper_0045f976	class_associated_helper	0.760		backend_dataflow@0x00b0e82c		callgraph_vote:11/17;typed_sources:11;caller_or_callee	1	8	775
0046523b	FUN_0046523b	backend_dataflow__helper_0046523b	class_associated_helper	0.760		backend_dataflow@0x00b0e82c		callgraph_vote:6/10;typed_sources:6;caller_or_callee	3	2	101
00465663	FUN_00465663	backend_dataflow__helper_00465663	class_associated_helper	0.760		backend_dataflow@0x00b0e82c		callgraph_vote:21/28;typed_sources:21;caller_or_callee	2	21	2363
004689de	FUN_004689de	backend_dataflow__helper_004689de	class_associated_helper	0.760		backend_dataflow@0x00b0e82c		callgraph_vote:18/25;typed_sources:18;caller_or_callee	4	11	1831
0046c7f5	FUN_0046c7f5	backend_dataflow__helper_0046c7f5	class_associated_helper	0.760		backend_dataflow@0x00b0e82c		callgraph_vote:8/8;typed_sources:2;called_by_typed_method	6	0	67
0046c838	FUN_0046c838	backend_dataflow__helper_0046c838	class_associated_helper	0.760		backend_dataflow@0x00b0e82c		callgraph_vote:9/14;typed_sources:6;called_by_typed_method	20	0	9
0046fddd	FUN_0046fddd	backend_dataflow__helper_0046fddd	class_associated_helper	0.760		backend_dataflow@0x00b0e82c		callgraph_vote:5/7;typed_sources:5;caller_or_callee	1	3	258
00470103	FUN_00470103	backend_dataflow__helper_00470103	class_associated_helper	0.760		backend_dataflow@0x00b0e82c		callgraph_vote:8/10;typed_sources:5;called_by_typed_method	1	2	355
00470266	FUN_00470266	backend_dataflow__helper_00470266	class_associated_helper	0.760		backend_dataflow@0x00b0e82c		callgraph_vote:8/10;typed_sources:5;called_by_typed_method	2	2	191
00471f00	FUN_00471f00	backend_dataflow__helper_00471f00	class_associated_helper	0.760		backend_dataflow@0x00b0e82c		callgraph_vote:9/15;typed_sources:6;called_by_typed_method	38	5	146
0047259d	FUN_0047259d	backend_dataflow__helper_0047259d	class_associated_helper	0.760		backend_dataflow@0x00b0e82c		callgraph_vote:14/16;typed_sources:5;called_by_typed_method	37	2	576
00472811	FUN_00472811	InterblockDf__helper_00472811	class_associated_helper	0.760		InterblockDf@0x00b0d908		callgraph_vote:6/8;typed_sources:6;caller_or_callee	39	0	142
0047291d	FUN_0047291d	std_exception__helper_0047291d	class_associated_helper	0.760		std_exception@0x00abf270		callgraph_vote:6/10;typed_sources:3;called_by_typed_method	12	1	180
00473ab8	FUN_00473ab8	Checker__helper_00473ab8	class_associated_helper	0.760		Checker@0x00aff4ec		callgraph_vote:7/10;typed_sources:7;caller_or_callee	1	1	155
0047c0f3	FUN_0047c0f3	backend_dataflow__helper_0047c0f3	class_associated_helper	0.760		backend_dataflow@0x00b0e82c		callgraph_vote:7/11;typed_sources:7;caller_or_callee	2	2	90
0047dd8b	FUN_0047dd8b	backend_dataflow__helper_0047dd8b	class_associated_helper	0.760		backend_dataflow@0x00b0e82c		callgraph_vote:6/7;typed_sources:3;called_by_typed_method	12	1	18
0048597e	FUN_0048597e	backend_dataflow__helper_0048597e	class_associated_helper	0.760		backend_dataflow@0x00b0e82c		callgraph_vote:10/13;typed_sources:10;caller_or_callee	2	8	2021
0048afa0	FUN_0048afa0	list_scheduler__helper_0048afa0	class_associated_helper	0.760		list_scheduler@0x00b0c0e4		callgraph_vote:13/13;typed_sources:4;calls_typed_method	1	3	92
0048bce5	FUN_0048bce5	backend_dataflow__helper_0048bce5	class_associated_helper	0.760		backend_dataflow@0x00b0e82c		callgraph_vote:8/9;typed_sources:8;caller_or_callee	1	3	101
0048bd4a	FUN_0048bd4a	backend_dataflow__helper_0048bd4a	class_associated_helper	0.760		backend_dataflow@0x00b0e82c		callgraph_vote:8/10;typed_sources:8;caller_or_callee	1	8	387
0048c0b7	FUN_0048c0b7	backend_dataflow__helper_0048c0b7	class_associated_helper	0.760		backend_dataflow@0x00b0e82c		callgraph_vote:7/7;typed_sources:7;caller_or_callee	1	4	164
0048c71a	FUN_0048c71a	backend_dataflow__helper_0048c71a	class_associated_helper	0.760		backend_dataflow@0x00b0e82c		callgraph_vote:23/36;typed_sources:23;caller_or_callee	1	6	153
0048e3b2	FUN_0048e3b2	vn_advisor__helper_0048e3b2	class_associated_helper	0.760		vn_advisor@0x00b053a8		callgraph_vote:9/15;typed_sources:9;caller_or_callee	1	7	281
0049b4d2	FUN_0049b4d2	backend_dataflow__helper_0049b4d2	class_associated_helper	0.760		backend_dataflow@0x00b0e82c		callgraph_vote:30/41;typed_sources:12;called_by_typed_method	20	0	92
004a40df	FUN_004a40df	backend_dataflow__helper_004a40df	class_associated_helper	0.760		backend_dataflow@0x00b0e82c		callgraph_vote:8/12;typed_sources:8;caller_or_callee	3	3	250
004a631e	FUN_004a631e	backend_dataflow__helper_004a631e	class_associated_helper	0.760		backend_dataflow@0x00b0e82c		callgraph_vote:14/15;typed_sources:8;called_by_typed_method	44	0	21
004a6333	FUN_004a6333	backend_dataflow__helper_004a6333	class_associated_helper	0.760		backend_dataflow@0x00b0e82c		callgraph_vote:14/21;typed_sources:8;called_by_typed_method	49	0	21
004a7d6b	FUN_004a7d6b	backend_dataflow__helper_004a7d6b	class_associated_helper	0.760		backend_dataflow@0x00b0e82c		callgraph_vote:9/10;typed_sources:3;called_by_typed_method	63	0	83
004aa49b	FUN_004aa49b	objectdata__helper_004aa49b	class_associated_helper	0.760		objectdata@0x00ace1d0		callgraph_vote:8/9;typed_sources:2;called_by_typed_method	2	0	362
004ac7a4	FUN_004ac7a4	objectdata__helper_004ac7a4	class_associated_helper	0.760		objectdata@0x00ace1d0		callgraph_vote:6/8;typed_sources:3;calls_typed_method	5	2	227
004acb4d	FUN_004acb4d	backend_dataflow__helper_004acb4d	class_associated_helper	0.760		backend_dataflow@0x00b0e82c		callgraph_vote:9/9;typed_sources:3;called_by_typed_method	6	0	543
004ad2ab	FUN_004ad2ab	objectdata__helper_004ad2ab	class_associated_helper	0.760		objectdata@0x00ace1d0		callgraph_vote:6/7;typed_sources:3;calls_typed_method	28	2	53
004adeaf	FUN_004adeaf	objectdata__helper_004adeaf	class_associated_helper	0.760		objectdata@0x00ace1d0		callgraph_vote:6/8;typed_sources:3;calls_typed_method	13	3	93
004ae69c	FUN_004ae69c	Checker__helper_004ae69c	class_associated_helper	0.760		Checker@0x00aff4ec		callgraph_vote:7/11;typed_sources:7;caller_or_callee	3	3	192
004ae75c	FUN_004ae75c	Checker__helper_004ae75c	class_associated_helper	0.760		Checker@0x00aff4ec		callgraph_vote:7/11;typed_sources:7;caller_or_callee	1	2	108
004ae7c8	FUN_004ae7c8	Checker__helper_004ae7c8	class_associated_helper	0.760		Checker@0x00aff4ec		callgraph_vote:7/11;typed_sources:7;caller_or_callee	1	2	76
004ae814	FUN_004ae814	Checker__helper_004ae814	class_associated_helper	0.760		Checker@0x00aff4ec		callgraph_vote:7/10;typed_sources:7;caller_or_callee	1	2	76
004af7cd	FUN_004af7cd	objectdata__helper_004af7cd	class_associated_helper	0.760		objectdata@0x00ace1d0		callgraph_vote:6/8;typed_sources:3;calls_typed_method	44	2	54
004b1503	FUN_004b1503	Checker__helper_004b1503	class_associated_helper	0.760		Checker@0x00aff4ec		callgraph_vote:17/23;typed_sources:5;called_by_typed_method	29	0	157
004b2b52	FUN_004b2b52	Checker__helper_004b2b52	class_associated_helper	0.760		Checker@0x00aff4ec		callgraph_vote:18/22;typed_sources:18;caller_or_callee	3	6	606
004b4fa0	FUN_004b4fa0	backend_dataflow__helper_004b4fa0	class_associated_helper	0.760		backend_dataflow@0x00b0e82c		callgraph_vote:7/10;typed_sources:7;caller_or_callee	33	2	219
004b53be	FUN_004b53be	operand_parser__helper_004b53be	class_associated_helper	0.760		operand_parser@0x00b0c7cc		callgraph_vote:22/31;typed_sources:7;called_by_typed_method	21	1	162
004bad8a	FUN_004bad8a	Checker__helper_004bad8a	class_associated_helper	0.760		Checker@0x00aff4ec		callgraph_vote:13/13;typed_sources:13;caller_or_callee	2	3	381
004c781b	FUN_004c781b	objectdata__helper_004c781b	class_associated_helper	0.760		objectdata@0x00ace1d0		callgraph_vote:6/9;typed_sources:3;calls_typed_method	39	1	105
004c79da	FUN_004c79da	Checker__helper_004c79da	class_associated_helper	0.760		Checker@0x00aff4ec		callgraph_vote:7/10;typed_sources:7;caller_or_callee	4	0	19
004cc0fa	FUN_004cc0fa	Checker__helper_004cc0fa	class_associated_helper	0.760		Checker@0x00aff4ec		callgraph_vote:7/10;typed_sources:7;caller_or_callee	12	2	69
004cc166	FUN_004cc166	Checker__helper_004cc166	class_associated_helper	0.760		Checker@0x00aff4ec		callgraph_vote:24/30;typed_sources:12;called_by_typed_method	28	1	56
004cc9cf	FUN_004cc9cf	Checker__helper_004cc9cf	class_associated_helper	0.760		Checker@0x00aff4ec		callgraph_vote:7/10;typed_sources:7;caller_or_callee	0	1	84
004d1b3f	FUN_004d1b3f	Checker__helper_004d1b3f	class_associated_helper	0.760		Checker@0x00aff4ec		callgraph_vote:7/10;typed_sources:7;caller_or_callee	2	3	545
004d29a6	FUN_004d29a6	Checker__helper_004d29a6	class_associated_helper	0.760		Checker@0x00aff4ec		callgraph_vote:16/24;typed_sources:16;caller_or_callee	1	3	225
004d2d69	FUN_004d2d69	Checker__helper_004d2d69	class_associated_helper	0.760		Checker@0x00aff4ec		callgraph_vote:20/32;typed_sources:20;caller_or_callee	1	10	326
004d623f	FUN_004d623f	backend_dataflow__helper_004d623f	class_associated_helper	0.760		backend_dataflow@0x00b0e82c		callgraph_vote:20/31;typed_sources:14;called_by_typed_method	2	2	30
004d63ec	FUN_004d63ec	Checker__helper_004d63ec	class_associated_helper	0.760		Checker@0x00aff4ec		callgraph_vote:16/20;typed_sources:16;caller_or_callee	2	4	288
004d84d1	FUN_004d84d1	Checker__helper_004d84d1	class_associated_helper	0.760		Checker@0x00aff4ec		callgraph_vote:7/10;typed_sources:7;caller_or_callee	2	0	173
004d8859	FUN_004d8859	Checker__helper_004d8859	class_associated_helper	0.760		Checker@0x00aff4ec		callgraph_vote:7/10;typed_sources:7;caller_or_callee	2	3	275
004d896c	FUN_004d896c	Checker__helper_004d896c	class_associated_helper	0.760		Checker@0x00aff4ec		callgraph_vote:7/10;typed_sources:7;caller_or_callee	2	3	377
004d9aeb	FUN_004d9aeb	backend_dataflow__helper_004d9aeb	class_associated_helper	0.760		backend_dataflow@0x00b0e82c		callgraph_vote:11/13;typed_sources:5;called_by_typed_method	27	0	41
004da693	FUN_004da693	backend_dataflow__helper_004da693	class_associated_helper	0.760		backend_dataflow@0x00b0e82c		callgraph_vote:5/8;typed_sources:5;caller_or_callee	7	0	10
004da6f3	FUN_004da6f3	peep_transformer__helper_004da6f3	class_associated_helper	0.760		peep_transformer@0x00b01e58		callgraph_vote:8/8;typed_sources:2;called_by_typed_method	9	1	49
004da755	FUN_004da755	Checker__helper_004da755	class_associated_helper	0.760		Checker@0x00aff4ec		callgraph_vote:10/10;typed_sources:10;caller_or_callee	1	2	220
004deca0	FUN_004deca0	AliasAnalyzer__helper_004deca0	class_associated_helper	0.760		AliasAnalyzer@0x00aff0cc		callgraph_vote:10/13;typed_sources:4;called_by_typed_method	18	2	98
004dee10	FUN_004dee10	AliasAnalyzer__helper_004dee10	class_associated_helper	0.760		AliasAnalyzer@0x00aff0cc		callgraph_vote:10/13;typed_sources:4;called_by_typed_method	19	2	88
004e159e	FUN_004e159e	std_exception__helper_004e159e	class_associated_helper	0.760		std_exception@0x00ace628		callgraph_vote:15/17;typed_sources:9;called_by_typed_method	5	0	55
004e2026	FUN_004e2026	std_exception__helper_004e2026	class_associated_helper	0.760		std_exception@0x00ace628		callgraph_vote:6/8;typed_sources:3;called_by_typed_method	1	0	42
004f4e44	FUN_004f4e44	list_scheduler__helper_004f4e44	class_associated_helper	0.760		list_scheduler@0x00b0c0e4		callgraph_vote:8/13;typed_sources:8;caller_or_callee	1	3	102
004ffb76	FUN_004ffb76	objectdata__helper_004ffb76	class_associated_helper	0.760		objectdata@0x00ace1d0		callgraph_vote:10/15;typed_sources:4;called_by_typed_method	72	0	53
0050687d	FUN_0050687d	Checker__helper_0050687d	class_associated_helper	0.760		Checker@0x00aff4ec		callgraph_vote:7/11;typed_sources:7;caller_or_callee	1	2	312
00508308	FUN_00508308	Checker__helper_00508308	class_associated_helper	0.760		Checker@0x00aff4ec		callgraph_vote:16/25;typed_sources:16;caller_or_callee	2	6	632
0050bc9e	FUN_0050bc9e	Checker__helper_0050bc9e	class_associated_helper	0.760		Checker@0x00aff4ec		callgraph_vote:7/10;typed_sources:7;caller_or_callee	1	1	120
0050bd16	FUN_0050bd16	Checker__helper_0050bd16	class_associated_helper	0.760		Checker@0x00aff4ec		callgraph_vote:7/10;typed_sources:7;caller_or_callee	1	2	251
0050f276	FUN_0050f276	Checker__helper_0050f276	class_associated_helper	0.760		Checker@0x00aff4ec		callgraph_vote:7/10;typed_sources:7;caller_or_callee	2	1	397
00513c5d	FUN_00513c5d	Checker__helper_00513c5d	class_associated_helper	0.760		Checker@0x00aff4ec		callgraph_vote:7/11;typed_sources:7;caller_or_callee	1	4	566
00517b4f	FUN_00517b4f	Checker__helper_00517b4f	class_associated_helper	0.760		Checker@0x00aff4ec		callgraph_vote:7/11;typed_sources:7;caller_or_callee	1	3	539
005183ee	FUN_005183ee	Checker__helper_005183ee	class_associated_helper	0.760		Checker@0x00aff4ec		callgraph_vote:7/10;typed_sources:7;caller_or_callee	1	2	241
00528d3f	FUN_00528d3f	operand_parser__helper_00528d3f	class_associated_helper	0.760		operand_parser@0x00b0c7cc		callgraph_vote:5/8;typed_sources:5;caller_or_callee	1	5	92
0052a9b9	FUN_0052a9b9	Checker__helper_0052a9b9	class_associated_helper	0.760		Checker@0x00aff4ec		callgraph_vote:10/10;typed_sources:10;caller_or_callee	3	1	70
0052a9ff	FUN_0052a9ff	Checker__helper_0052a9ff	class_associated_helper	0.760		Checker@0x00aff4ec		callgraph_vote:7/10;typed_sources:7;caller_or_callee	2	3	454
0052abc5	FUN_0052abc5	Checker__helper_0052abc5	class_associated_helper	0.760		Checker@0x00aff4ec		callgraph_vote:7/10;typed_sources:7;caller_or_callee	2	4	529
00538443	FUN_00538443	objectdata__helper_00538443	class_associated_helper	0.760		objectdata@0x00ace1d0		callgraph_vote:6/8;typed_sources:3;calls_typed_method	1	4	406
00539f35	FUN_00539f35	Checker__helper_00539f35	class_associated_helper	0.760		Checker@0x00aff4ec		callgraph_vote:7/11;typed_sources:7;caller_or_callee	4	1	44
0053c5d4	FUN_0053c5d4	Checker__helper_0053c5d4	class_associated_helper	0.760		Checker@0x00aff4ec		callgraph_vote:7/11;typed_sources:7;caller_or_callee	1	2	176
0053ddc3	FUN_0053ddc3	Checker__helper_0053ddc3	class_associated_helper	0.760		Checker@0x00aff4ec		callgraph_vote:7/11;typed_sources:7;caller_or_callee	2	2	515
005461a0	FUN_005461a0	Checker__helper_005461a0	class_associated_helper	0.760		Checker@0x00aff4ec		callgraph_vote:7/10;typed_sources:7;caller_or_callee	2	5	464
00548207	FUN_00548207	backend_dataflow__helper_00548207	class_associated_helper	0.760		backend_dataflow@0x00b0e82c		callgraph_vote:8/8;typed_sources:2;called_by_typed_method	10	0	48
0054830c	FUN_0054830c	backend_dataflow__helper_0054830c	class_associated_helper	0.760		backend_dataflow@0x00b0e82c		callgraph_vote:8/8;typed_sources:2;called_by_typed_method	10	0	49
0054874d	FUN_0054874d	Checker__helper_0054874d	class_associated_helper	0.760		Checker@0x00aff4ec		callgraph_vote:7/11;typed_sources:7;caller_or_callee	11	4	598
005503c0	FUN_005503c0	objectdata__helper_005503c0	class_associated_helper	0.760		objectdata@0x00ace1d0		callgraph_vote:6/9;typed_sources:3;called_by_typed_method	8	3	56
0055143f	FUN_0055143f	Checker__helper_0055143f	class_associated_helper	0.760		Checker@0x00aff4ec		callgraph_vote:7/10;typed_sources:7;caller_or_callee	1	3	172
005517e2	FUN_005517e2	Checker__helper_005517e2	class_associated_helper	0.760		Checker@0x00aff4ec		callgraph_vote:7/11;typed_sources:7;caller_or_callee	1	3	186
00552435	FUN_00552435	Checker__helper_00552435	class_associated_helper	0.760		Checker@0x00aff4ec		callgraph_vote:7/10;typed_sources:7;caller_or_callee	0	5	464
0055d563	FUN_0055d563	Checker__helper_0055d563	class_associated_helper	0.760		Checker@0x00aff4ec		callgraph_vote:9/14;typed_sources:9;caller_or_callee	2	3	122
00561a79	FUN_00561a79	Checker__helper_00561a79	class_associated_helper	0.760		Checker@0x00aff4ec		callgraph_vote:7/10;typed_sources:7;caller_or_callee	1	5	402
00561d96	FUN_00561d96	Checker__helper_00561d96	class_associated_helper	0.760		Checker@0x00aff4ec		callgraph_vote:16/19;typed_sources:16;caller_or_callee	1	3	521
00562649	FUN_00562649	Checker__helper_00562649	class_associated_helper	0.760		Checker@0x00aff4ec		callgraph_vote:7/10;typed_sources:7;caller_or_callee	1	2	242
0056273b	FUN_0056273b	Checker__helper_0056273b	class_associated_helper	0.760		Checker@0x00aff4ec		callgraph_vote:7/10;typed_sources:7;caller_or_callee	1	1	116
005627af	FUN_005627af	Checker__helper_005627af	class_associated_helper	0.760		Checker@0x00aff4ec		callgraph_vote:5/8;typed_sources:5;caller_or_callee	1	3	88
0056541e	FUN_0056541e	Checker__helper_0056541e	class_associated_helper	0.760		Checker@0x00aff4ec		callgraph_vote:11/16;typed_sources:11;caller_or_callee	2	7	232
00565539	FUN_00565539	Checker__helper_00565539	class_associated_helper	0.760		Checker@0x00aff4ec		callgraph_vote:23/35;typed_sources:23;caller_or_callee	1	10	483
00565ab5	FUN_00565ab5	Checker__helper_00565ab5	class_associated_helper	0.760		Checker@0x00aff4ec		callgraph_vote:7/10;typed_sources:7;caller_or_callee	1	2	144
00565b45	FUN_00565b45	Checker__helper_00565b45	class_associated_helper	0.760		Checker@0x00aff4ec		callgraph_vote:7/10;typed_sources:7;caller_or_callee	1	2	195
0056609d	FUN_0056609d	Checker__helper_0056609d	class_associated_helper	0.760		Checker@0x00aff4ec		callgraph_vote:11/17;typed_sources:11;caller_or_callee	2	11	1189
00568b02	FUN_00568b02	backend_dataflow__helper_00568b02	class_associated_helper	0.760		backend_dataflow@0x00b0e82c		callgraph_vote:9/15;typed_sources:6;called_by_typed_method	98	1	25
005758f8	FUN_005758f8	Checker__helper_005758f8	class_associated_helper	0.760		Checker@0x00aff4ec		callgraph_vote:7/11;typed_sources:7;caller_or_callee	2	1	235
00576a52	FUN_00576a52	Checker__helper_00576a52	class_associated_helper	0.760		Checker@0x00aff4ec		callgraph_vote:10/10;typed_sources:10;caller_or_callee	4	1	79
00576aa1	FUN_00576aa1	Checker__helper_00576aa1	class_associated_helper	0.760		Checker@0x00aff4ec		callgraph_vote:10/15;typed_sources:10;caller_or_callee	3	2	167
0057ad6b	FUN_0057ad6b	Checker__helper_0057ad6b	class_associated_helper	0.760		Checker@0x00aff4ec		callgraph_vote:5/8;typed_sources:5;caller_or_callee	1	6	234
0057af31	FUN_0057af31	Checker__helper_0057af31	class_associated_helper	0.760		Checker@0x00aff4ec		callgraph_vote:8/11;typed_sources:5;called_by_typed_method	2	4	200
0057c266	FUN_0057c266	Checker__helper_0057c266	class_associated_helper	0.760		Checker@0x00aff4ec		callgraph_vote:7/10;typed_sources:7;caller_or_callee	1	1	342
0057f118	FUN_0057f118	Checker__helper_0057f118	class_associated_helper	0.760		Checker@0x00aff4ec		callgraph_vote:10/10;typed_sources:10;caller_or_callee	1	2	309
0057f793	FUN_0057f793	Checker__helper_0057f793	class_associated_helper	0.760		Checker@0x00aff4ec		callgraph_vote:10/10;typed_sources:10;caller_or_callee	1	2	140
00586d8e	FUN_00586d8e	Checker__helper_00586d8e	class_associated_helper	0.760		Checker@0x00aff4ec		callgraph_vote:7/10;typed_sources:7;caller_or_callee	1	6	399
00587980	FUN_00587980	Checker__helper_00587980	class_associated_helper	0.760		Checker@0x00aff4ec		callgraph_vote:20/24;typed_sources:17;called_by_typed_method	2	2	337
0058cd8b	FUN_0058cd8b	Checker__helper_0058cd8b	class_associated_helper	0.760		Checker@0x00aff4ec		callgraph_vote:7/10;typed_sources:7;caller_or_callee	2	5	600
0058d1f3	FUN_0058d1f3	Checker__helper_0058d1f3	class_associated_helper	0.760		Checker@0x00aff4ec		callgraph_vote:10/11;typed_sources:10;caller_or_callee	1	1	76
0058fe04	FUN_0058fe04	Checker__helper_0058fe04	class_associated_helper	0.760		Checker@0x00aff4ec		callgraph_vote:7/10;typed_sources:7;caller_or_callee	1	0	18
0058fe38	FUN_0058fe38	Checker__helper_0058fe38	class_associated_helper	0.760		Checker@0x00aff4ec		callgraph_vote:7/10;typed_sources:7;caller_or_callee	1	0	20
00590070	FUN_00590070	InterblockDf__helper_00590070	class_associated_helper	0.760		InterblockDf@0x00acf300		callgraph_vote:8/9;typed_sources:2;called_by_typed_method	7	0	90
005900ca	FUN_005900ca	InterblockDf__helper_005900ca	class_associated_helper	0.760		InterblockDf@0x00acf300		callgraph_vote:12/12;typed_sources:3;called_by_typed_method	4	0	65
0059010b	FUN_0059010b	InterblockDf__helper_0059010b	class_associated_helper	0.760		InterblockDf@0x00acf300		callgraph_vote:8/9;typed_sources:2;called_by_typed_method	6	0	100
0059077e	FUN_0059077e	objectdata__helper_0059077e	class_associated_helper	0.760		objectdata@0x00ace1d0		callgraph_vote:8/9;typed_sources:2;called_by_typed_method	117	0	21
0059b278	FUN_0059b278	Checker__helper_0059b278	class_associated_helper	0.760		Checker@0x00aff4ec		callgraph_vote:20/29;typed_sources:5;called_by_typed_method	14	0	80
0059e9d0	FUN_0059e9d0	operand_parser__helper_0059e9d0	class_associated_helper	0.760		operand_parser@0x00b0c7cc		callgraph_vote:65/80;typed_sources:65;caller_or_callee	4	0	10
0059f0bb	FUN_0059f0bb	operand_parser__helper_0059f0bb	class_associated_helper	0.760		operand_parser@0x00b0c7cc		callgraph_vote:203/247;typed_sources:53;called_by_typed_method	68	5	107
0059f410	FUN_0059f410	operand_parser__helper_0059f410	class_associated_helper	0.760		operand_parser@0x00b0c7cc		callgraph_vote:12/12;typed_sources:3;called_by_typed_method	21	0	132
0059f821	FUN_0059f821	Checker__helper_0059f821	class_associated_helper	0.760		Checker@0x00aff4ec		callgraph_vote:13/15;typed_sources:10;called_by_typed_method	32	0	81
005a58d5	FUN_005a58d5	operand_parser__helper_005a58d5	class_associated_helper	0.760		operand_parser@0x00b0c7cc		callgraph_vote:65/83;typed_sources:65;caller_or_callee	19	2	52
005b464d	FUN_005b464d	Checker__helper_005b464d	class_associated_helper	0.760		Checker@0x00aff4ec		callgraph_vote:7/10;typed_sources:7;caller_or_callee	4	0	265
005b4756	FUN_005b4756	Checker__helper_005b4756	class_associated_helper	0.760		Checker@0x00aff4ec		callgraph_vote:7/10;typed_sources:7;caller_or_callee	3	1	85
005b8590	FUN_005b8590	Checker__helper_005b8590	class_associated_helper	0.760		Checker@0x00aff4ec		callgraph_vote:7/10;typed_sources:7;caller_or_callee	3	1	18
005b85a2	FUN_005b85a2	Checker__helper_005b85a2	class_associated_helper	0.760		Checker@0x00aff4ec		callgraph_vote:7/11;typed_sources:7;caller_or_callee	4	1	18
005b85b4	FUN_005b85b4	Checker__helper_005b85b4	class_associated_helper	0.760		Checker@0x00aff4ec		callgraph_vote:7/10;typed_sources:7;caller_or_callee	2	1	18
005b85c6	FUN_005b85c6	Checker__helper_005b85c6	class_associated_helper	0.760		Checker@0x00aff4ec		callgraph_vote:7/10;typed_sources:7;caller_or_callee	2	1	18
005c27d2	FUN_005c27d2	Checker__helper_005c27d2	class_associated_helper	0.760		Checker@0x00aff4ec		callgraph_vote:16/20;typed_sources:16;caller_or_callee	2	4	357
005c8742	FUN_005c8742	Checker__helper_005c8742	class_associated_helper	0.760		Checker@0x00aff4ec		callgraph_vote:10/10;typed_sources:10;caller_or_callee	2	2	155
005ccef3	FUN_005ccef3	AliasAnalyzer__helper_005ccef3	class_associated_helper	0.760		AliasAnalyzer@0x00aff0cc		callgraph_vote:10/12;typed_sources:10;caller_or_callee	1	2	88
005ccfa3	FUN_005ccfa3	AliasAnalyzer__helper_005ccfa3	class_associated_helper	0.760		AliasAnalyzer@0x00aff0cc		callgraph_vote:10/14;typed_sources:10;caller_or_callee	2	2	88
005cd1aa	FUN_005cd1aa	AliasAnalyzer__helper_005cd1aa	class_associated_helper	0.760		AliasAnalyzer@0x00aff0cc		callgraph_vote:41/55;typed_sources:11;called_by_typed_method	13	2	85
005cd2a9	FUN_005cd2a9	AliasAnalyzer__helper_005cd2a9	class_associated_helper	0.760		AliasAnalyzer@0x00aff0cc		callgraph_vote:41/55;typed_sources:11;called_by_typed_method	12	2	85
005cd5c7	FUN_005cd5c7	AliasAnalyzer__helper_005cd5c7	class_associated_helper	0.760		AliasAnalyzer@0x00aff0cc		callgraph_vote:6/6;typed_sources:3;called_by_typed_method	1	2	242
005cd6b9	FUN_005cd6b9	AliasAnalyzer__helper_005cd6b9	class_associated_helper	0.760		AliasAnalyzer@0x00aff0cc		callgraph_vote:6/6;typed_sources:3;called_by_typed_method	1	2	240
005cf5e0	FUN_005cf5e0	AliasAnalyzer__helper_005cf5e0	class_associated_helper	0.760		AliasAnalyzer@0x00aff0cc		callgraph_vote:6/6;typed_sources:3;called_by_typed_method	1	0	40
005d199f	FUN_005d199f	Checker__helper_005d199f	class_associated_helper	0.760		Checker@0x00aff4ec		callgraph_vote:7/11;typed_sources:7;caller_or_callee	2	4	304
005d46b7	FUN_005d46b7	AliasAnalyzer__helper_005d46b7	class_associated_helper	0.760		AliasAnalyzer@0x00aff0cc		callgraph_vote:12/17;typed_sources:6;called_by_typed_method	15	0	58
005d6d30	FUN_005d6d30	Checker__helper_005d6d30	class_associated_helper	0.760		Checker@0x00aff4ec		callgraph_vote:7/11;typed_sources:7;caller_or_callee	3	4	299
005d8375	FUN_005d8375	AliasAnalyzer__helper_005d8375	class_associated_helper	0.760		AliasAnalyzer@0x00aff0cc		callgraph_vote:8/12;typed_sources:5;called_by_typed_method	1	9	679
005d8b78	FUN_005d8b78	InterblockDf__helper_005d8b78	class_associated_helper	0.760		InterblockDf@0x00afd5b8		callgraph_vote:57/79;typed_sources:15;called_by_typed_method	16	1	30
005e919b	FUN_005e919b	AliasAnalyzer__helper_005e919b	class_associated_helper	0.760		AliasAnalyzer@0x00aff0cc		callgraph_vote:6/8;typed_sources:3;called_by_typed_method	3	1	23
005e921b	FUN_005e921b	AliasAnalyzer__helper_005e921b	class_associated_helper	0.760		AliasAnalyzer@0x00aff0cc		callgraph_vote:15/21;typed_sources:6;called_by_typed_method	4	1	41
005eddc2	FUN_005eddc2	Checker__helper_005eddc2	class_associated_helper	0.760		Checker@0x00aff4ec		callgraph_vote:7/11;typed_sources:7;caller_or_callee	1	1	194
005f2b67	FUN_005f2b67	AliasAnalyzer__helper_005f2b67	class_associated_helper	0.760		AliasAnalyzer@0x00aff0cc		callgraph_vote:11/15;typed_sources:5;called_by_typed_method	2	1	112
005f4045	FUN_005f4045	AliasAnalyzer__helper_005f4045	class_associated_helper	0.760		AliasAnalyzer@0x00aff0cc		callgraph_vote:13/21;typed_sources:4;called_by_typed_method	4	0	14
005f98b1	FUN_005f98b1	InterblockDf__helper_005f98b1	class_associated_helper	0.760		InterblockDf@0x00afd5b8		callgraph_vote:16/21;typed_sources:4;called_by_typed_method	4	3	466
005fbb92	FUN_005fbb92	AliasAnalyzer__helper_005fbb92	class_associated_helper	0.760		AliasAnalyzer@0x00aff0cc		callgraph_vote:5/5;typed_sources:5;caller_or_callee	0	2	91
005fbd11	FUN_005fbd11	AliasAnalyzer__helper_005fbd11	class_associated_helper	0.760		AliasAnalyzer@0x00aff0cc		callgraph_vote:5/7;typed_sources:5;caller_or_callee	2	2	80
005fc02a	FUN_005fc02a	AliasAnalyzer__helper_005fc02a	class_associated_helper	0.760		AliasAnalyzer@0x00aff0cc		callgraph_vote:8/13;typed_sources:5;calls_typed_method	1	3	585
005fdd5d	FUN_005fdd5d	Checker__helper_005fdd5d	class_associated_helper	0.760		Checker@0x00aff4ec		callgraph_vote:7/10;typed_sources:7;caller_or_callee	2	1	82
005fe5f9	FUN_005fe5f9	Checker__helper_005fe5f9	class_associated_helper	0.760		Checker@0x00aff4ec		callgraph_vote:10/10;typed_sources:10;caller_or_callee	1	1	67
005ff052	FUN_005ff052	operand_parser__helper_005ff052	class_associated_helper	0.760		operand_parser@0x00b0c7cc		callgraph_vote:12/16;typed_sources:3;called_by_typed_method	25	0	134
005ff0d8	FUN_005ff0d8	operand_parser__helper_005ff0d8	class_associated_helper	0.760		operand_parser@0x00b0c7cc		callgraph_vote:12/14;typed_sources:3;called_by_typed_method	28	0	91
006002c7	FUN_006002c7	operand_parser__helper_006002c7	class_associated_helper	0.760		operand_parser@0x00b0c7cc		callgraph_vote:5/5;typed_sources:5;caller_or_callee	5	5	459
00600492	FUN_00600492	operand_parser__helper_00600492	class_associated_helper	0.760		operand_parser@0x00b0c7cc		callgraph_vote:6/6;typed_sources:6;caller_or_callee	5	6	229
00601097	FUN_00601097	Checker__helper_00601097	class_associated_helper	0.760		Checker@0x00aff4ec		callgraph_vote:14/18;typed_sources:14;caller_or_callee	5	0	133
00601625	FUN_00601625	Checker__helper_00601625	class_associated_helper	0.760		Checker@0x00aff4ec		callgraph_vote:14/18;typed_sources:14;caller_or_callee	3	2	88
00603069	FUN_00603069	Checker__helper_00603069	class_associated_helper	0.760		Checker@0x00aff4ec		callgraph_vote:100/107;typed_sources:58;called_by_typed_method	42	2	64
0060311f	FUN_0060311f	Checker__helper_0060311f	class_associated_helper	0.760		Checker@0x00aff4ec		callgraph_vote:42/42;typed_sources:18;called_by_typed_method	8	1	69
00603164	FUN_00603164	Checker__helper_00603164	class_associated_helper	0.760		Checker@0x00aff4ec		callgraph_vote:18/18;typed_sources:12;called_by_typed_method	2	1	56
006033a8	FUN_006033a8	Checker__helper_006033a8	class_associated_helper	0.760		Checker@0x00aff4ec		callgraph_vote:9/12;typed_sources:6;called_by_typed_method	2	2	112
00603418	FUN_00603418	Checker__helper_00603418	class_associated_helper	0.760		Checker@0x00aff4ec		callgraph_vote:25/27;typed_sources:7;called_by_typed_method	7	1	88
00603650	FUN_00603650	Checker__helper_00603650	class_associated_helper	0.760		Checker@0x00aff4ec		callgraph_vote:23/29;typed_sources:14;called_by_typed_method	17	2	64
00603e0c	FUN_00603e0c	Checker__helper_00603e0c	class_associated_helper	0.760		Checker@0x00aff4ec		callgraph_vote:14/17;typed_sources:14;caller_or_callee	1	7	600
006041be	FUN_006041be	Checker__helper_006041be	class_associated_helper	0.760		Checker@0x00aff4ec		callgraph_vote:42/46;typed_sources:21;called_by_typed_method	9	3	207
0060518a	FUN_0060518a	Checker__helper_0060518a	class_associated_helper	0.760		Checker@0x00aff4ec		callgraph_vote:30/30;typed_sources:30;caller_or_callee	2	1	65
00605214	FUN_00605214	Checker__helper_00605214	class_associated_helper	0.760		Checker@0x00aff4ec		callgraph_vote:45/71;typed_sources:39;called_by_typed_method	2	9	1955
006069c8	FUN_006069c8	Checker__helper_006069c8	class_associated_helper	0.760		Checker@0x00aff4ec		callgraph_vote:12/12;typed_sources:3;called_by_typed_method	3	0	130
00606d35	FUN_00606d35	Checker__helper_00606d35	class_associated_helper	0.760		Checker@0x00aff4ec		callgraph_vote:33/40;typed_sources:30;called_by_typed_method	3	6	266
006070fd	FUN_006070fd	Checker__helper_006070fd	class_associated_helper	0.760		Checker@0x00aff4ec		callgraph_vote:34/36;typed_sources:31;called_by_typed_method	2	7	343
00607254	FUN_00607254	Checker__helper_00607254	class_associated_helper	0.760		Checker@0x00aff4ec		callgraph_vote:25/28;typed_sources:22;called_by_typed_method	2	6	658
006075e4	FUN_006075e4	Checker__helper_006075e4	class_associated_helper	0.760		Checker@0x00aff4ec		callgraph_vote:8/8;typed_sources:2;called_by_typed_method	2	0	40
00608539	FUN_00608539	Checker__helper_00608539	class_associated_helper	0.760		Checker@0x00aff4ec		callgraph_vote:14/18;typed_sources:14;caller_or_callee	1	2	100
00608a2e	FUN_00608a2e	Checker__helper_00608a2e	class_associated_helper	0.760		Checker@0x00aff4ec		callgraph_vote:32/36;typed_sources:32;caller_or_callee	1	7	613
00608c93	FUN_00608c93	Checker__helper_00608c93	class_associated_helper	0.760		Checker@0x00aff4ec		callgraph_vote:21/21;typed_sources:21;caller_or_callee	1	3	159
00609333	FUN_00609333	Checker__helper_00609333	class_associated_helper	0.760		Checker@0x00aff4ec		callgraph_vote:24/27;typed_sources:21;called_by_typed_method	14	1	83
0060ab84	FUN_0060ab84	Checker__helper_0060ab84	class_associated_helper	0.760		Checker@0x00aff4ec		callgraph_vote:17/21;typed_sources:14;called_by_typed_method	1	8	273
0060ac95	FUN_0060ac95	Checker__helper_0060ac95	class_associated_helper	0.760		Checker@0x00aff4ec		callgraph_vote:33/33;typed_sources:30;called_by_typed_method	2	1	95
0060bea0	FUN_0060bea0	Checker__helper_0060bea0	class_associated_helper	0.760		Checker@0x00aff4ec		callgraph_vote:19/23;typed_sources:13;called_by_typed_method	3	3	274
0060c833	FUN_0060c833	Checker__helper_0060c833	class_associated_helper	0.760		Checker@0x00aff4ec		callgraph_vote:14/22;typed_sources:14;caller_or_callee	2	4	195
0060cd54	FUN_0060cd54	Checker__helper_0060cd54	class_associated_helper	0.760		Checker@0x00aff4ec		callgraph_vote:83/88;typed_sources:26;called_by_typed_method	32	3	171
0060d354	FUN_0060d354	Checker__helper_0060d354	class_associated_helper	0.760		Checker@0x00aff4ec		callgraph_vote:81/86;typed_sources:21;called_by_typed_method	20	3	173
0060d401	FUN_0060d401	Checker__helper_0060d401	class_associated_helper	0.760		Checker@0x00aff4ec		callgraph_vote:57/62;typed_sources:15;called_by_typed_method	14	3	173
0060d4ae	FUN_0060d4ae	Checker__helper_0060d4ae	class_associated_helper	0.760		Checker@0x00aff4ec		callgraph_vote:151/152;typed_sources:49;called_by_typed_method	34	2	113
0060d51f	FUN_0060d51f	Checker__helper_0060d51f	class_associated_helper	0.760		Checker@0x00aff4ec		callgraph_vote:18/19;typed_sources:15;called_by_typed_method	1	2	113
0060d590	FUN_0060d590	Checker__helper_0060d590	class_associated_helper	0.760		Checker@0x00aff4ec		callgraph_vote:10/10;typed_sources:4;called_by_typed_method	2	1	46
0060d5be	FUN_0060d5be	Checker__helper_0060d5be	class_associated_helper	0.760		Checker@0x00aff4ec		callgraph_vote:61/62;typed_sources:40;called_by_typed_method	7	5	162
0060d660	FUN_0060d660	Checker__helper_0060d660	class_associated_helper	0.760		Checker@0x00aff4ec		callgraph_vote:6/6;typed_sources:3;called_by_typed_method	1	1	47
0060d68f	FUN_0060d68f	Checker__helper_0060d68f	class_associated_helper	0.760		Checker@0x00aff4ec		callgraph_vote:27/29;typed_sources:27;caller_or_callee	2	2	471
0060d866	FUN_0060d866	Checker__helper_0060d866	class_associated_helper	0.760		Checker@0x00aff4ec		callgraph_vote:40/40;typed_sources:31;called_by_typed_method	8	6	344
0060f61d	FUN_0060f61d	Checker__helper_0060f61d	class_associated_helper	0.760		Checker@0x00aff4ec		callgraph_vote:37/37;typed_sources:25;called_by_typed_method	5	2	180
0060f6d1	FUN_0060f6d1	Checker__helper_0060f6d1	class_associated_helper	0.760		Checker@0x00aff4ec		callgraph_vote:31/31;typed_sources:28;called_by_typed_method	2	3	93
0060f72e	FUN_0060f72e	Checker__helper_0060f72e	class_associated_helper	0.760		Checker@0x00aff4ec		callgraph_vote:23/23;typed_sources:23;caller_or_callee	3	3	155
0060f7c9	FUN_0060f7c9	Checker__helper_0060f7c9	class_associated_helper	0.760		Checker@0x00aff4ec		callgraph_vote:22/22;typed_sources:22;caller_or_callee	2	3	138
006102a6	FUN_006102a6	Checker__helper_006102a6	class_associated_helper	0.760		Checker@0x00aff4ec		callgraph_vote:9/10;typed_sources:3;called_by_typed_method	2	1	101
00610f9f	FUN_00610f9f	Checker__helper_00610f9f	class_associated_helper	0.760		Checker@0x00aff4ec		callgraph_vote:18/23;typed_sources:15;calls_typed_method	3	7	337
00612776	FUN_00612776	Checker__helper_00612776	class_associated_helper	0.760		Checker@0x00aff4ec		callgraph_vote:15/19;typed_sources:15;caller_or_callee	1	2	148
00618202	FUN_00618202	Checker__helper_00618202	class_associated_helper	0.760		Checker@0x00aff4ec		callgraph_vote:13/19;typed_sources:10;called_by_typed_method	1	4	440
0061c13d	FUN_0061c13d	peep_transformer__helper_0061c13d	class_associated_helper	0.760		peep_transformer@0x00b01e58		callgraph_vote:13/13;typed_sources:4;called_by_typed_method	13	0	39
0064c103	FUN_0064c103	Checker__helper_0064c103	class_associated_helper	0.760		Checker@0x00aff4ec		callgraph_vote:5/5;typed_sources:5;caller_or_callee	3	1	132
0064c622	FUN_0064c622	Checker__helper_0064c622	class_associated_helper	0.760		Checker@0x00aff4ec		callgraph_vote:7/10;typed_sources:7;caller_or_callee	1	1	149
0064e048	FUN_0064e048	Checker__helper_0064e048	class_associated_helper	0.760		Checker@0x00aff4ec		callgraph_vote:7/10;typed_sources:7;caller_or_callee	1	2	399
0066906d	FUN_0066906d	backend_dataflow__helper_0066906d	class_associated_helper	0.760		backend_dataflow@0x00b0e82c		callgraph_vote:6/9;typed_sources:6;caller_or_callee	0	8	623
006695d3	FUN_006695d3	vn_advisor__helper_006695d3	class_associated_helper	0.760		vn_advisor@0x00b053a8		callgraph_vote:9/10;typed_sources:9;caller_or_callee	0	1	273
006696e4	FUN_006696e4	vn_advisor__helper_006696e4	class_associated_helper	0.760		vn_advisor@0x00b053a8		callgraph_vote:9/10;typed_sources:9;caller_or_callee	0	1	202
006697ae	FUN_006697ae	vn_advisor__helper_006697ae	class_associated_helper	0.760		vn_advisor@0x00b053a8		callgraph_vote:9/10;typed_sources:9;caller_or_callee	0	1	239
00669977	FUN_00669977	vn_advisor__helper_00669977	class_associated_helper	0.760		vn_advisor@0x00b053a8		callgraph_vote:12/13;typed_sources:12;caller_or_callee	0	5	255
006721a9	FUN_006721a9	InterblockDf__helper_006721a9	class_associated_helper	0.760		InterblockDf@0x00b0d908		callgraph_vote:8/11;typed_sources:5;called_by_typed_method	24	1	24
0067786c	FUN_0067786c	backend_dataflow__helper_0067786c	class_associated_helper	0.760		backend_dataflow@0x00b0e82c		callgraph_vote:5/7;typed_sources:5;caller_or_callee	2	3	106
0067c863	FUN_0067c863	Checker__helper_0067c863	class_associated_helper	0.760		Checker@0x00aff4ec		callgraph_vote:7/10;typed_sources:7;caller_or_callee	1	2	254
0067d0cb	FUN_0067d0cb	backend_dataflow__helper_0067d0cb	class_associated_helper	0.760		backend_dataflow@0x00b0e82c		callgraph_vote:5/8;typed_sources:5;caller_or_callee	2	5	171
0067d2da	FUN_0067d2da	backend_dataflow__helper_0067d2da	class_associated_helper	0.760		backend_dataflow@0x00b0e82c		callgraph_vote:15/24;typed_sources:9;called_by_typed_method	17	8	340
0067d42e	FUN_0067d42e	backend_dataflow__helper_0067d42e	class_associated_helper	0.760		backend_dataflow@0x00b0e82c		callgraph_vote:19/31;typed_sources:13;called_by_typed_method	14	9	365
0067d8ca	FUN_0067d8ca	backend_dataflow__helper_0067d8ca	class_associated_helper	0.760		backend_dataflow@0x00b0e82c		callgraph_vote:6/8;typed_sources:6;caller_or_callee	10	1	22
0068b41f	FUN_0068b41f	backend_dataflow__helper_0068b41f	class_associated_helper	0.760		backend_dataflow@0x00b0e82c		callgraph_vote:6/7;typed_sources:6;caller_or_callee	4	2	34
0068bb8b	FUN_0068bb8b	backend_dataflow__helper_0068bb8b	class_associated_helper	0.760		backend_dataflow@0x00b0e82c		callgraph_vote:5/7;typed_sources:5;caller_or_callee	15	5	242
0068fac3	FUN_0068fac3	Checker__helper_0068fac3	class_associated_helper	0.760		Checker@0x00aff4ec		callgraph_vote:16/24;typed_sources:16;caller_or_callee	2	8	589
0068fd10	FUN_0068fd10	Checker__helper_0068fd10	class_associated_helper	0.760		Checker@0x00aff4ec		callgraph_vote:10/10;typed_sources:10;caller_or_callee	2	4	411
006918ff	FUN_006918ff	operand_parser__helper_006918ff	class_associated_helper	0.760		operand_parser@0x00b0c7cc		callgraph_vote:6/7;typed_sources:3;called_by_typed_method	12	2	65
006919a9	FUN_006919a9	Checker__helper_006919a9	class_associated_helper	0.760		Checker@0x00aff4ec		callgraph_vote:16/23;typed_sources:16;caller_or_callee	2	5	159
00694dd0	FUN_00694dd0	var_disjointsets__helper_00694dd0	class_associated_helper	0.760		var_disjointsets@0x00b0d3e8		callgraph_vote:9/10;typed_sources:3;called_by_typed_method	7	0	99
00696003	FUN_00696003	std_exception__helper_00696003	class_associated_helper	0.760		std_exception@0x00b06c6c		callgraph_vote:16/18;typed_sources:7;called_by_typed_method	6	0	55
00696659	FUN_00696659	std_exception__helper_00696659	class_associated_helper	0.760		std_exception@0x00b06c6c		callgraph_vote:6/8;typed_sources:3;called_by_typed_method	2	0	42
0069991e	FUN_0069991e	backend_dataflow__helper_0069991e	class_associated_helper	0.760		backend_dataflow@0x00b0e82c		callgraph_vote:5/8;typed_sources:5;caller_or_callee	2	5	468
0069e1a6	FUN_0069e1a6	Checker__helper_0069e1a6	class_associated_helper	0.760		Checker@0x00aff4ec		callgraph_vote:10/15;typed_sources:10;caller_or_callee	1	12	845
006a46d3	FUN_006a46d3	backend_dataflow__helper_006a46d3	class_associated_helper	0.760		backend_dataflow@0x00b0e82c		callgraph_vote:6/10;typed_sources:6;caller_or_callee	2	2	166
006ac044	FUN_006ac044	backend_dataflow__helper_006ac044	class_associated_helper	0.760		backend_dataflow@0x00b0e82c		callgraph_vote:5/8;typed_sources:5;caller_or_callee	1	3	170
006acfa5	FUN_006acfa5	objectdata__helper_006acfa5	class_associated_helper	0.760		objectdata@0x00ace1d0		callgraph_vote:6/8;typed_sources:3;calls_typed_method	1	5	273
006afbbe	FUN_006afbbe	backend_dataflow__helper_006afbbe	class_associated_helper	0.760		backend_dataflow@0x00b0e82c		callgraph_vote:11/13;typed_sources:5;called_by_typed_method	9	1	235
006b023d	FUN_006b023d	backend_dataflow__helper_006b023d	class_associated_helper	0.760		backend_dataflow@0x00b0e82c		callgraph_vote:19/30;typed_sources:7;called_by_typed_method	103	2	41
006b02bf	FUN_006b02bf	backend_dataflow__helper_006b02bf	class_associated_helper	0.760		backend_dataflow@0x00b0e82c		callgraph_vote:7/9;typed_sources:7;caller_or_callee	7	1	81
006b0dd1	FUN_006b0dd1	operand_parser__helper_006b0dd1	class_associated_helper	0.760		operand_parser@0x00b0c7cc		callgraph_vote:12/13;typed_sources:3;called_by_typed_method	13	4	305
006b102a	FUN_006b102a	backend_dataflow__helper_006b102a	class_associated_helper	0.760		backend_dataflow@0x00b0e82c		callgraph_vote:6/9;typed_sources:6;caller_or_callee	4	2	69
006b10d6	FUN_006b10d6	vn_advisor__helper_006b10d6	class_associated_helper	0.760		vn_advisor@0x00b053a8		callgraph_vote:36/46;typed_sources:9;called_by_typed_method	23	1	66
006b1118	FUN_006b1118	vn_advisor__helper_006b1118	class_associated_helper	0.760		vn_advisor@0x00b053a8		callgraph_vote:9/10;typed_sources:9;caller_or_callee	1	1	64
006b132b	FUN_006b132b	backend_dataflow__helper_006b132b	class_associated_helper	0.760		backend_dataflow@0x00b0e82c		callgraph_vote:8/10;typed_sources:5;called_by_typed_method	26	1	48
006b230a	FUN_006b230a	Checker__helper_006b230a	class_associated_helper	0.760		Checker@0x00aff4ec		callgraph_vote:7/11;typed_sources:7;caller_or_callee	3	2	58
006b2344	FUN_006b2344	Checker__helper_006b2344	class_associated_helper	0.760		Checker@0x00aff4ec		callgraph_vote:7/10;typed_sources:7;caller_or_callee	0	1	86
006b239a	FUN_006b239a	Checker__helper_006b239a	class_associated_helper	0.760		Checker@0x00aff4ec		callgraph_vote:7/10;typed_sources:7;caller_or_callee	2	2	103
006b2979	FUN_006b2979	backend_dataflow__helper_006b2979	class_associated_helper	0.760		backend_dataflow@0x00b0e82c		callgraph_vote:6/9;typed_sources:6;caller_or_callee	5	1	142
006b9714	FUN_006b9714	backend_dataflow__helper_006b9714	class_associated_helper	0.760		backend_dataflow@0x00b0e82c		callgraph_vote:8/10;typed_sources:8;caller_or_callee	7	1	43
006b9884	FUN_006b9884	backend_dataflow__helper_006b9884	class_associated_helper	0.760		backend_dataflow@0x00b0e82c		callgraph_vote:14/18;typed_sources:8;called_by_typed_method	61	2	129
006b99e1	FUN_006b99e1	backend_dataflow__helper_006b99e1	class_associated_helper	0.760		backend_dataflow@0x00b0e82c		callgraph_vote:7/8;typed_sources:7;caller_or_callee	13	3	71
006b9cdd	FUN_006b9cdd	backend_dataflow__helper_006b9cdd	class_associated_helper	0.760		backend_dataflow@0x00b0e82c		callgraph_vote:5/7;typed_sources:5;caller_or_callee	4	1	130
006ba304	FUN_006ba304	backend_dataflow__helper_006ba304	class_associated_helper	0.760		backend_dataflow@0x00b0e82c		callgraph_vote:6/7;typed_sources:3;called_by_typed_method	4	1	139
006bacb7	FUN_006bacb7	backend_dataflow__helper_006bacb7	class_associated_helper	0.760		backend_dataflow@0x00b0e82c		callgraph_vote:5/8;typed_sources:5;caller_or_callee	1	3	283
006bae86	FUN_006bae86	backend_dataflow__helper_006bae86	class_associated_helper	0.760		backend_dataflow@0x00b0e82c		callgraph_vote:8/11;typed_sources:8;caller_or_callee	1	9	547
006bb26b	FUN_006bb26b	backend_dataflow__helper_006bb26b	class_associated_helper	0.760		backend_dataflow@0x00b0e82c		callgraph_vote:9/13;typed_sources:9;caller_or_callee	1	10	499
006bc013	FUN_006bc013	operand_parser__helper_006bc013	class_associated_helper	0.760		operand_parser@0x00b0c7cc		callgraph_vote:5/8;typed_sources:5;caller_or_callee	1	6	197
006bc853	FUN_006bc853	backend_dataflow__helper_006bc853	class_associated_helper	0.760		backend_dataflow@0x00b0e82c		callgraph_vote:29/47;typed_sources:17;called_by_typed_method	211	15	3537
006bd694	FUN_006bd694	backend_dataflow__helper_006bd694	class_associated_helper	0.760		backend_dataflow@0x00b0e82c		callgraph_vote:5/8;typed_sources:5;caller_or_callee	1	2	130
006bda97	FUN_006bda97	Checker__helper_006bda97	class_associated_helper	0.760		Checker@0x00aff4ec		callgraph_vote:7/11;typed_sources:7;caller_or_callee	2	2	110
006bdb05	FUN_006bdb05	Checker__helper_006bdb05	class_associated_helper	0.760		Checker@0x00aff4ec		callgraph_vote:16/25;typed_sources:16;caller_or_callee	4	8	518
006c1184	FUN_006c1184	operand_parser__helper_006c1184	class_associated_helper	0.760		operand_parser@0x00b0c7cc		callgraph_vote:11/15;typed_sources:5;called_by_typed_method	16	1	47
006c14fd	FUN_006c14fd	backend_dataflow__helper_006c14fd	class_associated_helper	0.760		backend_dataflow@0x00b0e82c		callgraph_vote:6/7;typed_sources:6;caller_or_callee	9	3	338
006c1c38	FUN_006c1c38	Checker__helper_006c1c38	class_associated_helper	0.760		Checker@0x00aff4ec		callgraph_vote:7/10;typed_sources:7;caller_or_callee	1	4	661
006c1fb5	FUN_006c1fb5	Checker__helper_006c1fb5	class_associated_helper	0.760		Checker@0x00aff4ec		callgraph_vote:20/30;typed_sources:20;caller_or_callee	3	4	529
006c21c6	FUN_006c21c6	backend_dataflow__helper_006c21c6	class_associated_helper	0.760		backend_dataflow@0x00b0e82c		callgraph_vote:9/15;typed_sources:9;caller_or_callee	1	7	270
006c22d4	FUN_006c22d4	backend_dataflow__helper_006c22d4	class_associated_helper	0.760		backend_dataflow@0x00b0e82c		callgraph_vote:9/15;typed_sources:9;caller_or_callee	1	9	457
006c2910	FUN_006c2910	backend_dataflow__helper_006c2910	class_associated_helper	0.760		backend_dataflow@0x00b0e82c		callgraph_vote:5/7;typed_sources:5;caller_or_callee	1	4	323
006c5b23	FUN_006c5b23	operand_parser__helper_006c5b23	class_associated_helper	0.760		operand_parser@0x00b0c7cc		callgraph_vote:9/13;typed_sources:3;called_by_typed_method	16	2	133
006c740c	FUN_006c740c	backend_dataflow__helper_006c740c	class_associated_helper	0.760		backend_dataflow@0x00b0e82c		callgraph_vote:12/17;typed_sources:6;called_by_typed_method	20	1	217
006c76e3	FUN_006c76e3	backend_dataflow__helper_006c76e3	class_associated_helper	0.760		backend_dataflow@0x00b0e82c		callgraph_vote:8/11;typed_sources:8;caller_or_callee	7	0	44
006c770f	FUN_006c770f	backend_dataflow__helper_006c770f	class_associated_helper	0.760		backend_dataflow@0x00b0e82c		callgraph_vote:19/31;typed_sources:10;called_by_typed_method	42	2	173
006c77bc	FUN_006c77bc	backend_dataflow__helper_006c77bc	class_associated_helper	0.760		backend_dataflow@0x00b0e82c		callgraph_vote:15/18;typed_sources:9;called_by_typed_method	11	2	126
006c7d89	FUN_006c7d89	backend_dataflow__helper_006c7d89	class_associated_helper	0.760		backend_dataflow@0x00b0e82c		callgraph_vote:9/14;typed_sources:6;called_by_typed_method	13	1	92
006cd76e	FUN_006cd76e	Checker__helper_006cd76e	class_associated_helper	0.760		Checker@0x00aff4ec		callgraph_vote:11/18;typed_sources:11;caller_or_callee	0	4	367
006cdf0c	FUN_006cdf0c	Checker__helper_006cdf0c	class_associated_helper	0.760		Checker@0x00aff4ec		callgraph_vote:7/10;typed_sources:7;caller_or_callee	1	2	85
006d03cd	FUN_006d03cd	backend_dataflow__helper_006d03cd	class_associated_helper	0.760		backend_dataflow@0x00b0e82c		callgraph_vote:5/8;typed_sources:5;caller_or_callee	17	4	137
006d06a1	FUN_006d06a1	backend_dataflow__helper_006d06a1	class_associated_helper	0.760		backend_dataflow@0x00b0e82c		callgraph_vote:6/10;typed_sources:6;caller_or_callee	3	3	86
006d2657	FUN_006d2657	backend_dataflow__helper_006d2657	class_associated_helper	0.760		backend_dataflow@0x00b0e82c		callgraph_vote:23/30;typed_sources:17;called_by_typed_method	37	4	282
006d5434	FUN_006d5434	backend_dataflow__helper_006d5434	class_associated_helper	0.760		backend_dataflow@0x00b0e82c		callgraph_vote:23/27;typed_sources:11;called_by_typed_method	102	3	64
006d68ee	FUN_006d68ee	backend_dataflow__helper_006d68ee	class_associated_helper	0.760		backend_dataflow@0x00b0e82c		callgraph_vote:5/8;typed_sources:5;caller_or_callee	1	2	79
006d769b	FUN_006d769b	InterblockDf__helper_006d769b	class_associated_helper	0.760		InterblockDf@0x00b0d908		callgraph_vote:5/6;typed_sources:5;caller_or_callee	1	1	98
006e3f56	FUN_006e3f56	backend_dataflow__helper_006e3f56	class_associated_helper	0.760		backend_dataflow@0x00b0e82c		callgraph_vote:12/20;typed_sources:12;caller_or_callee	1	9	869
006e7fee	FUN_006e7fee	backend_dataflow__helper_006e7fee	class_associated_helper	0.760		backend_dataflow@0x00b0e82c		callgraph_vote:5/7;typed_sources:5;caller_or_callee	3	4	250
006e8dc8	FUN_006e8dc8	backend_dataflow__helper_006e8dc8	class_associated_helper	0.760		backend_dataflow@0x00b0e82c		callgraph_vote:7/11;typed_sources:7;caller_or_callee	1	3	128
006e926b	FUN_006e926b	backend_dataflow__helper_006e926b	class_associated_helper	0.760		backend_dataflow@0x00b0e82c		callgraph_vote:13/20;typed_sources:13;caller_or_callee	1	6	406
006ec049	FUN_006ec049	backend_dataflow__helper_006ec049	class_associated_helper	0.760		backend_dataflow@0x00b0e82c		callgraph_vote:18/29;typed_sources:18;caller_or_callee	1	15	1343
006f219d	FUN_006f219d	InterblockDf__helper_006f219d	class_associated_helper	0.760		InterblockDf@0x00b0d908		callgraph_vote:7/9;typed_sources:7;caller_or_callee	1	4	168
006f3a71	FUN_006f3a71	backend_dataflow__helper_006f3a71	class_associated_helper	0.760		backend_dataflow@0x00b0e82c		callgraph_vote:9/11;typed_sources:9;caller_or_callee	2	2	214
006f712b	FUN_006f712b	backend_dataflow__helper_006f712b	class_associated_helper	0.760		backend_dataflow@0x00b0e82c		callgraph_vote:5/7;typed_sources:5;caller_or_callee	1	2	77
006f780d	FUN_006f780d	backend_dataflow__helper_006f780d	class_associated_helper	0.760		backend_dataflow@0x00b0e82c		callgraph_vote:5/7;typed_sources:5;caller_or_callee	1	3	84
006f7dcc	FUN_006f7dcc	operand_parser__helper_006f7dcc	class_associated_helper	0.760		operand_parser@0x00b0c7cc		callgraph_vote:5/6;typed_sources:5;caller_or_callee	3	3	332
006f8071	FUN_006f8071	operand_parser__helper_006f8071	class_associated_helper	0.760		operand_parser@0x00b0c7cc		callgraph_vote:12/14;typed_sources:3;called_by_typed_method	7	0	124
006f8a90	FUN_006f8a90	backend_dataflow__helper_006f8a90	class_associated_helper	0.760		backend_dataflow@0x00b0e82c		callgraph_vote:5/6;typed_sources:5;caller_or_callee	0	4	101
006f8af5	FUN_006f8af5	backend_dataflow__helper_006f8af5	class_associated_helper	0.760		backend_dataflow@0x00b0e82c		callgraph_vote:5/6;typed_sources:5;caller_or_callee	1	4	104
006f8b5d	FUN_006f8b5d	backend_dataflow__helper_006f8b5d	class_associated_helper	0.760		backend_dataflow@0x00b0e82c		callgraph_vote:5/6;typed_sources:5;caller_or_callee	0	4	150
006f9e4f	FUN_006f9e4f	peep_transformer__helper_006f9e4f	class_associated_helper	0.760		peep_transformer@0x00b01e58		callgraph_vote:7/11;typed_sources:4;called_by_typed_method	11	0	174
006fbe70	FUN_006fbe70	backend_dataflow__helper_006fbe70	class_associated_helper	0.760		backend_dataflow@0x00b0e82c		callgraph_vote:6/10;typed_sources:6;caller_or_callee	3	5	785
006fc32e	FUN_006fc32e	InterblockDf__helper_006fc32e	class_associated_helper	0.760		InterblockDf@0x00b0d908		callgraph_vote:12/12;typed_sources:3;called_by_typed_method	4	0	64
006fc954	FUN_006fc954	backend_dataflow__helper_006fc954	class_associated_helper	0.760		backend_dataflow@0x00b0e82c		callgraph_vote:9/11;typed_sources:9;caller_or_callee	5	3	72
006fcca7	FUN_006fcca7	backend_dataflow__helper_006fcca7	class_associated_helper	0.760		backend_dataflow@0x00b0e82c		callgraph_vote:38/49;typed_sources:11;called_by_typed_method	120	3	332
006fe490	FUN_006fe490	InterblockDf__helper_006fe490	class_associated_helper	0.760		InterblockDf@0x00b0d908		callgraph_vote:5/6;typed_sources:5;caller_or_callee	3	1	53
00700494	FUN_00700494	MachopVisitor__helper_00700494	class_associated_helper	0.760		MachopVisitor@0x00b09ac8		callgraph_vote:9/9;typed_sources:3;called_by_typed_method	5	1	18
0070056c	FUN_0070056c	MachopVisitor__helper_0070056c	class_associated_helper	0.760		MachopVisitor@0x00b09ac8		callgraph_vote:6/6;typed_sources:3;called_by_typed_method	1	1	68
00701487	FUN_00701487	InterblockDf__helper_00701487	class_associated_helper	0.760		InterblockDf@0x00b0d908		callgraph_vote:5/7;typed_sources:5;caller_or_callee	1	1	132
00703653	FUN_00703653	backend_dataflow__helper_00703653	class_associated_helper	0.760		backend_dataflow@0x00b0e82c		callgraph_vote:6/7;typed_sources:6;caller_or_callee	20	1	162
00707fa6	FUN_00707fa6	backend_dataflow__helper_00707fa6	class_associated_helper	0.760		backend_dataflow@0x00b0e82c		callgraph_vote:18/30;typed_sources:18;caller_or_callee	1	11	812
0070fc90	FUN_0070fc90	backend_dataflow__helper_0070fc90	class_associated_helper	0.760		backend_dataflow@0x00b0e82c		callgraph_vote:13/21;typed_sources:13;caller_or_callee	1	7	263
00719473	FUN_00719473	Checker__helper_00719473	class_associated_helper	0.760		Checker@0x00aff4ec		callgraph_vote:7/10;typed_sources:7;caller_or_callee	2	2	142
0071dc54	FUN_0071dc54	alloc_table__helper_0071dc54	class_associated_helper	0.760		alloc_table@0x00b0a500		callgraph_vote:8/8;typed_sources:2;called_by_typed_method	2	0	43
0071e55d	FUN_0071e55d	alloc_table__helper_0071e55d	class_associated_helper	0.760		alloc_table@0x00b0a500		callgraph_vote:6/6;typed_sources:3;calls_typed_method	1	2	254
0071f1bc	FUN_0071f1bc	alloc_table__helper_0071f1bc	class_associated_helper	0.760		alloc_table@0x00b0a500		callgraph_vote:8/8;typed_sources:2;called_by_typed_method	2	0	387
0072fa68	FUN_0072fa68	backend_dataflow__helper_0072fa68	class_associated_helper	0.760		backend_dataflow@0x00b0e82c		callgraph_vote:9/11;typed_sources:9;caller_or_callee	3	3	230
0072fe59	FUN_0072fe59	operand_parser__helper_0072fe59	class_associated_helper	0.760		operand_parser@0x00b0c7cc		callgraph_vote:5/8;typed_sources:5;caller_or_callee	5	9	959
00731899	FUN_00731899	backend_dataflow__helper_00731899	class_associated_helper	0.760		backend_dataflow@0x00b0e82c		callgraph_vote:20/33;typed_sources:20;caller_or_callee	1	20	1537
007330cb	FUN_007330cb	backend_dataflow__helper_007330cb	class_associated_helper	0.760		backend_dataflow@0x00b0e82c		callgraph_vote:6/9;typed_sources:6;caller_or_callee	1	8	962
00733ade	FUN_00733ade	backend_dataflow__helper_00733ade	class_associated_helper	0.760		backend_dataflow@0x00b0e82c		callgraph_vote:11/17;typed_sources:11;caller_or_callee	1	18	1722
00735cc2	FUN_00735cc2	list_scheduler__helper_00735cc2	class_associated_helper	0.760		list_scheduler@0x00b0c0e4		callgraph_vote:6/10;typed_sources:3;called_by_typed_method	4	0	378
00735e98	FUN_00735e98	list_scheduler__helper_00735e98	class_associated_helper	0.760		list_scheduler@0x00b0c0e4		callgraph_vote:12/12;typed_sources:6;called_by_typed_method	4	0	97
00735f92	FUN_00735f92	list_scheduler__helper_00735f92	class_associated_helper	0.760		list_scheduler@0x00b0c0e4		callgraph_vote:14/14;typed_sources:5;called_by_typed_method	7	0	87
00735fe9	FUN_00735fe9	list_scheduler__helper_00735fe9	class_associated_helper	0.760		list_scheduler@0x00b0c0e4		callgraph_vote:12/12;typed_sources:6;called_by_typed_method	2	1	31
00736008	FUN_00736008	list_scheduler__helper_00736008	class_associated_helper	0.760		list_scheduler@0x00b0c0e4		callgraph_vote:6/6;typed_sources:3;called_by_typed_method	2	0	70
0073650c	FUN_0073650c	list_scheduler__helper_0073650c	class_associated_helper	0.760		list_scheduler@0x00b0c0e4		callgraph_vote:5/5;typed_sources:5;caller_or_callee	2	2	78
0073667e	FUN_0073667e	ws_interface__helper_0073667e	class_associated_helper	0.760		ws_interface@0x00b0b7b8		callgraph_vote:8/8;typed_sources:2;called_by_typed_method	3	0	79
00737bba	FUN_00737bba	list_scheduler__helper_00737bba	class_associated_helper	0.760		list_scheduler@0x00b0c0e4		callgraph_vote:7/7;typed_sources:4;called_by_typed_method	2	2	216
00738e1f	FUN_00738e1f	list_scheduler__helper_00738e1f	class_associated_helper	0.760		list_scheduler@0x00b0c0e4		callgraph_vote:14/14;typed_sources:5;called_by_typed_method	3	0	266
0073c0a8	FUN_0073c0a8	backend_dataflow__helper_0073c0a8	class_associated_helper	0.760		backend_dataflow@0x00b0e82c		callgraph_vote:8/9;typed_sources:5;called_by_typed_method	2	1	218
0073e221	FUN_0073e221	backend_dataflow__helper_0073e221	class_associated_helper	0.760		backend_dataflow@0x00b0e82c		callgraph_vote:6/8;typed_sources:6;caller_or_callee	1	4	324
007429d1	FUN_007429d1	operand_parser__helper_007429d1	class_associated_helper	0.760		operand_parser@0x00b0c7cc		callgraph_vote:20/27;typed_sources:5;called_by_typed_method	5	2	106
007454bd	FUN_007454bd	operand_parser__helper_007454bd	class_associated_helper	0.760		operand_parser@0x00b0c7cc		callgraph_vote:12/12;typed_sources:3;called_by_typed_method	3	0	382
007475f5	FUN_007475f5	Exp__helper_007475f5	class_associated_helper	0.760		Exp@0x00b0d2d4		callgraph_vote:14/22;typed_sources:8;called_by_typed_method	2	2	315
0074784c	FUN_0074784c	Exp__helper_0074784c	class_associated_helper	0.760		Exp@0x00b0d2d4		callgraph_vote:6/6;typed_sources:3;called_by_typed_method	1	0	29
00747b34	FUN_00747b34	Exp__helper_00747b34	class_associated_helper	0.760		Exp@0x00b0d2d4		callgraph_vote:6/6;typed_sources:3;called_by_typed_method	2	3	260
00748488	FUN_00748488	Exp__helper_00748488	class_associated_helper	0.760		Exp@0x00b0d2d4		callgraph_vote:6/6;typed_sources:3;called_by_typed_method	1	0	215
00748f80	FUN_00748f80	Exp__helper_00748f80	class_associated_helper	0.760		Exp@0x00b0d2d4		callgraph_vote:6/6;typed_sources:3;calls_typed_method	2	3	115
007492d3	FUN_007492d3	backend_dataflow__helper_007492d3	class_associated_helper	0.760		backend_dataflow@0x00b0e82c		callgraph_vote:16/24;typed_sources:16;caller_or_callee	1	7	359
0074aa90	FUN_0074aa90	var_multimap__helper_0074aa90	class_associated_helper	0.760		var_multimap@0x00b0d3d8		callgraph_vote:24/25;typed_sources:6;called_by_typed_method	6	0	99
0074ab00	FUN_0074ab00	var_multimap__helper_0074ab00	class_associated_helper	0.760		var_multimap@0x00b0d3d8		callgraph_vote:12/12;typed_sources:3;called_by_typed_method	3	1	26
0074ab20	FUN_0074ab20	var_multimap__helper_0074ab20	class_associated_helper	0.760		var_multimap@0x00b0d3d8		callgraph_vote:32/33;typed_sources:8;called_by_typed_method	8	1	21
0074e124	FUN_0074e124	InterblockDf__helper_0074e124	class_associated_helper	0.760		InterblockDf@0x00b0d908		callgraph_vote:10/14;typed_sources:4;called_by_typed_method	5	2	148
0074e272	FUN_0074e272	InterblockDf__helper_0074e272	class_associated_helper	0.760		InterblockDf@0x00b0d908		callgraph_vote:6/7;typed_sources:3;called_by_typed_method	1	3	142
00751d02	FUN_00751d02	backend_dataflow__helper_00751d02	class_associated_helper	0.760		backend_dataflow@0x00b0e82c		callgraph_vote:41/45;typed_sources:14;called_by_typed_method	32	1	53
00751d37	FUN_00751d37	backend_dataflow__helper_00751d37	class_associated_helper	0.760		backend_dataflow@0x00b0e82c		callgraph_vote:8/9;typed_sources:5;called_by_typed_method	8	1	27
007520bf	FUN_007520bf	backend_dataflow__helper_007520bf	class_associated_helper	0.760		backend_dataflow@0x00b0e82c		callgraph_vote:6/6;typed_sources:6;caller_or_callee	1	3	339
0075226c	FUN_0075226c	backend_dataflow__helper_0075226c	class_associated_helper	0.760		backend_dataflow@0x00b0e82c		callgraph_vote:6/6;typed_sources:6;caller_or_callee	1	3	220
007523a2	FUN_007523a2	backend_dataflow__helper_007523a2	class_associated_helper	0.760		backend_dataflow@0x00b0e82c		callgraph_vote:6/6;typed_sources:6;caller_or_callee	1	3	220
0075247e	FUN_0075247e	backend_dataflow__helper_0075247e	class_associated_helper	0.760		backend_dataflow@0x00b0e82c		callgraph_vote:12/16;typed_sources:6;called_by_typed_method	8	1	454
00752644	FUN_00752644	backend_dataflow__helper_00752644	class_associated_helper	0.760		backend_dataflow@0x00b0e82c		callgraph_vote:26/30;typed_sources:14;called_by_typed_method	12	4	192
00752ab8	FUN_00752ab8	InterblockDf__helper_00752ab8	class_associated_helper	0.760		InterblockDf@0x00b0d908		callgraph_vote:6/6;typed_sources:3;called_by_typed_method	3	3	146
0075501b	FUN_0075501b	backend_dataflow__helper_0075501b	class_associated_helper	0.760		backend_dataflow@0x00b0e82c		callgraph_vote:6/7;typed_sources:6;caller_or_callee	13	3	508
007553a5	FUN_007553a5	backend_dataflow__helper_007553a5	class_associated_helper	0.760		backend_dataflow@0x00b0e82c		callgraph_vote:5/5;typed_sources:5;caller_or_callee	12	1	87
00755760	FUN_00755760	backend_dataflow__helper_00755760	class_associated_helper	0.760		backend_dataflow@0x00b0e82c		callgraph_vote:7/7;typed_sources:4;called_by_typed_method	4	2	184
007558f7	FUN_007558f7	backend_dataflow__helper_007558f7	class_associated_helper	0.760		backend_dataflow@0x00b0e82c		callgraph_vote:15/16;typed_sources:9;called_by_typed_method	17	3	630
00757a1e	FUN_00757a1e	backend_dataflow__helper_00757a1e	class_associated_helper	0.760		backend_dataflow@0x00b0e82c		callgraph_vote:22/32;typed_sources:22;caller_or_callee	1	6	374
0075976d	FUN_0075976d	backend_dataflow__helper_0075976d	class_associated_helper	0.760		backend_dataflow@0x00b0e82c		callgraph_vote:10/14;typed_sources:7;called_by_typed_method	1	5	389
0075a026	FUN_0075a026	backend_dataflow__helper_0075a026	class_associated_helper	0.760		backend_dataflow@0x00b0e82c		callgraph_vote:22/29;typed_sources:19;called_by_typed_method	2	9	1617
0075a88e	FUN_0075a88e	backend_dataflow__helper_0075a88e	class_associated_helper	0.760		backend_dataflow@0x00b0e82c		callgraph_vote:9/11;typed_sources:9;caller_or_callee	1	2	104
0075b040	FUN_0075b040	backend_dataflow__helper_0075b040	class_associated_helper	0.760		backend_dataflow@0x00b0e82c		callgraph_vote:22/28;typed_sources:19;called_by_typed_method	1	6	1114
0075b671	FUN_0075b671	backend_dataflow__helper_0075b671	class_associated_helper	0.760		backend_dataflow@0x00b0e82c		callgraph_vote:11/14;typed_sources:8;called_by_typed_method	5	1	93
0075db11	FUN_0075db11	backend_dataflow__helper_0075db11	class_associated_helper	0.760		backend_dataflow@0x00b0e82c		callgraph_vote:5/5;typed_sources:5;caller_or_callee	2	1	422
0075dcb7	FUN_0075dcb7	backend_dataflow__helper_0075dcb7	class_associated_helper	0.760		backend_dataflow@0x00b0e82c		callgraph_vote:5/6;typed_sources:5;caller_or_callee	1	3	391
0075de52	FUN_0075de52	backend_dataflow__helper_0075de52	class_associated_helper	0.760		backend_dataflow@0x00b0e82c		callgraph_vote:6/6;typed_sources:3;called_by_typed_method	3	1	89
0075e9bf	FUN_0075e9bf	backend_dataflow__helper_0075e9bf	class_associated_helper	0.760		backend_dataflow@0x00b0e82c		callgraph_vote:5/6;typed_sources:5;caller_or_callee	1	9	913
00765577	FUN_00765577	backend_dataflow__helper_00765577	class_associated_helper	0.760		backend_dataflow@0x00b0e82c		callgraph_vote:10/11;typed_sources:7;called_by_typed_method	1	3	53
00765960	FUN_00765960	backend_dataflow__helper_00765960	class_associated_helper	0.760		backend_dataflow@0x00b0e82c		callgraph_vote:17/22;typed_sources:14;called_by_typed_method	2	6	399
00765b87	FUN_00765b87	backend_dataflow__helper_00765b87	class_associated_helper	0.760		backend_dataflow@0x00b0e82c		callgraph_vote:26/40;typed_sources:26;caller_or_callee	2	16	1184
00766815	FUN_00766815	backend_dataflow__helper_00766815	class_associated_helper	0.760		backend_dataflow@0x00b0e82c		callgraph_vote:17/27;typed_sources:17;caller_or_callee	1	6	223
007668f4	FUN_007668f4	InterblockDf__helper_007668f4	class_associated_helper	0.760		InterblockDf@0x00b0d908		callgraph_vote:11/18;typed_sources:11;caller_or_callee	1	5	148
0076a678	FUN_0076a678	InterblockDf__helper_0076a678	class_associated_helper	0.760		InterblockDf@0x00b0d908		callgraph_vote:11/16;typed_sources:5;called_by_typed_method	2	4	283
0076aeb9	FUN_0076aeb9	backend_dataflow__helper_0076aeb9	class_associated_helper	0.760		backend_dataflow@0x00b0e82c		callgraph_vote:7/9;typed_sources:7;caller_or_callee	2	4	193
0076b092	FUN_0076b092	backend_dataflow__helper_0076b092	class_associated_helper	0.760		backend_dataflow@0x00b0e82c		callgraph_vote:6/7;typed_sources:6;caller_or_callee	2	1	69
0076c9c0	FUN_0076c9c0	backend_dataflow__helper_0076c9c0	class_associated_helper	0.760		backend_dataflow@0x00b0e82c		callgraph_vote:8/10;typed_sources:5;called_by_typed_method	2	2	46
0076d111	FUN_0076d111	InterblockDf__helper_0076d111	class_associated_helper	0.760		InterblockDf@0x00b0d908		callgraph_vote:5/7;typed_sources:5;caller_or_callee	3	2	117
0076d186	FUN_0076d186	backend_dataflow__helper_0076d186	class_associated_helper	0.760		backend_dataflow@0x00b0e82c		callgraph_vote:6/7;typed_sources:6;caller_or_callee	1	4	164
0076d31c	FUN_0076d31c	InterblockDf__helper_0076d31c	class_associated_helper	0.760		InterblockDf@0x00b0d908		callgraph_vote:5/7;typed_sources:5;caller_or_callee	1	1	309
0076d929	FUN_0076d929	InterblockDf__helper_0076d929	class_associated_helper	0.760		InterblockDf@0x00b0d908		callgraph_vote:10/14;typed_sources:10;caller_or_callee	1	3	307
00773830	FUN_00773830	InterblockDf__helper_00773830	class_associated_helper	0.760		InterblockDf@0x00b0d908		callgraph_vote:9/9;typed_sources:3;called_by_typed_method	4	1	95
00774c21	FUN_00774c21	InterblockDf__helper_00774c21	class_associated_helper	0.760		InterblockDf@0x00b0d908		callgraph_vote:12/12;typed_sources:3;called_by_typed_method	4	1	39
0077563b	FUN_0077563b	InterblockDf__helper_0077563b	class_associated_helper	0.760		InterblockDf@0x00b0d908		callgraph_vote:8/8;typed_sources:2;called_by_typed_method	2	0	43
0077d70f	FUN_0077d70f	backend_dataflow__helper_0077d70f	class_associated_helper	0.760		backend_dataflow@0x00b0e82c		callgraph_vote:7/7;typed_sources:4;called_by_typed_method	1	2	42
0077fb13	FUN_0077fb13	backend_dataflow__helper_0077fb13	class_associated_helper	0.760		backend_dataflow@0x00b0e82c		callgraph_vote:9/13;typed_sources:3;called_by_typed_method	28	1	46
0078056c	FUN_0078056c	InterblockDf__helper_0078056c	class_associated_helper	0.760		InterblockDf@0x00b0d908		callgraph_vote:8/12;typed_sources:2;called_by_typed_method	5	1	21
007810fc	FUN_007810fc	backend_dataflow__helper_007810fc	class_associated_helper	0.760		backend_dataflow@0x00b0e82c		callgraph_vote:6/10;typed_sources:6;caller_or_callee	2	7	443
00785f9a	FUN_00785f9a	std_exception__helper_00785f9a	class_associated_helper	0.760		std_exception@0x00b0f1ec		callgraph_vote:8/10;typed_sources:5;called_by_typed_method	4	0	55
00786515	FUN_00786515	operand_parser__helper_00786515	class_associated_helper	0.760		operand_parser@0x00b0c7cc		callgraph_vote:74/88;typed_sources:32;called_by_typed_method	18	1	116
00786589	FUN_00786589	operand_parser__helper_00786589	class_associated_helper	0.760		operand_parser@0x00b0c7cc		callgraph_vote:45/58;typed_sources:45;caller_or_callee	8	3	83
0078660b	FUN_0078660b	operand_parser__helper_0078660b	class_associated_helper	0.760		operand_parser@0x00b0c7cc		callgraph_vote:14/14;typed_sources:14;caller_or_callee	1	3	151
007866a2	FUN_007866a2	operand_parser__helper_007866a2	class_associated_helper	0.760		operand_parser@0x00b0c7cc		callgraph_vote:14/14;typed_sources:14;caller_or_callee	1	3	405
00786a31	FUN_00786a31	operand_parser__helper_00786a31	class_associated_helper	0.760		operand_parser@0x00b0c7cc		callgraph_vote:34/51;typed_sources:34;caller_or_callee	0	4	353
00786c7b	FUN_00786c7b	operand_parser__helper_00786c7b	class_associated_helper	0.760		operand_parser@0x00b0c7cc		callgraph_vote:7/7;typed_sources:7;caller_or_callee	5	0	564
00787081	FUN_00787081	operand_parser__helper_00787081	class_associated_helper	0.760		operand_parser@0x00b0c7cc		callgraph_vote:28/28;typed_sources:7;called_by_typed_method	7	2	169
007874c6	FUN_007874c6	operand_parser__helper_007874c6	class_associated_helper	0.760		operand_parser@0x00b0c7cc		callgraph_vote:51/71;typed_sources:27;called_by_typed_method	10	3	240
00788115	FUN_00788115	std_exception__helper_00788115	class_associated_helper	0.760		std_exception@0x00b0f5dc		callgraph_vote:49/70;typed_sources:19;called_by_typed_method	13	0	55
0078814c	FUN_0078814c	std_exception__helper_0078814c	class_associated_helper	0.760		std_exception@0x00b0f5dc		callgraph_vote:11/16;typed_sources:11;caller_or_callee	1	0	87
007921f2	FUN_007921f2	std_exception__helper_007921f2	class_associated_helper	0.760		std_exception@0x00b10f10		callgraph_vote:51/62;typed_sources:21;called_by_typed_method	13	0	55
00792229	FUN_00792229	std_exception__helper_00792229	class_associated_helper	0.760		std_exception@0x00b10f10		callgraph_vote:11/15;typed_sources:11;caller_or_callee	1	0	87
007924aa	FUN_007924aa	std_exception__helper_007924aa	class_associated_helper	0.760		std_exception@0x00b10f10		callgraph_vote:8/12;typed_sources:5;called_by_typed_method	4	1	88
0079255a	FUN_0079255a	std_exception__helper_0079255a	class_associated_helper	0.760		std_exception@0x00b10f10		callgraph_vote:7/9;typed_sources:4;calls_typed_method	1	2	250
00792654	FUN_00792654	std_exception__helper_00792654	class_associated_helper	0.760		std_exception@0x00b10f10		callgraph_vote:9/13;typed_sources:6;calls_typed_method	2	2	250
0079274e	FUN_0079274e	std_exception__helper_0079274e	class_associated_helper	0.760		std_exception@0x00b10f10		callgraph_vote:7/9;typed_sources:4;calls_typed_method	1	4	421
0079316a	FUN_0079316a	std_exception__helper_0079316a	class_associated_helper	0.760		std_exception@0x00b10f10		callgraph_vote:8/12;typed_sources:5;calls_typed_method	2	3	137
0079405c	FUN_0079405c	std_exception__helper_0079405c	class_associated_helper	0.760		std_exception@0x00b10f10		callgraph_vote:6/8;typed_sources:3;called_by_typed_method	2	0	25
0079408e	FUN_0079408e	std_exception__helper_0079408e	class_associated_helper	0.760		std_exception@0x00b10f10		callgraph_vote:6/8;typed_sources:3;called_by_typed_method	2	0	23
007940f6	FUN_007940f6	std_exception__helper_007940f6	class_associated_helper	0.760		std_exception@0x00b10f10		callgraph_vote:7/11;typed_sources:4;calls_typed_method	1	1	103
0079415d	FUN_0079415d	std_exception__helper_0079415d	class_associated_helper	0.760		std_exception@0x00b10f10		callgraph_vote:6/10;typed_sources:3;calls_typed_method	1	1	103
007941c4	FUN_007941c4	std_exception__helper_007941c4	class_associated_helper	0.760		std_exception@0x00b10f10		callgraph_vote:5/7;typed_sources:5;caller_or_callee	1	2	97
00794225	FUN_00794225	std_exception__helper_00794225	class_associated_helper	0.760		std_exception@0x00b10f10		callgraph_vote:7/10;typed_sources:4;calls_typed_method	2	2	175
0079505b	FUN_0079505b	std_exception__helper_0079505b	class_associated_helper	0.760		std_exception@0x00b10f10		callgraph_vote:7/9;typed_sources:4;called_by_typed_method	1	0	51
007951dd	FUN_007951dd	std_exception__helper_007951dd	class_associated_helper	0.760		std_exception@0x00b10f10		callgraph_vote:11/13;typed_sources:5;calls_typed_method	2	2	130
00795a3f	FUN_00795a3f	std_exception__helper_00795a3f	class_associated_helper	0.760		std_exception@0x00b10f10		callgraph_vote:15/25;typed_sources:9;called_by_typed_method	3	0	203
00796833	FUN_00796833	operand_parser__helper_00796833	class_associated_helper	0.760		operand_parser@0x00b0c7cc		callgraph_vote:58/82;typed_sources:58;caller_or_callee	3	3	102
00796ed4	FUN_00796ed4	operand_parser__helper_00796ed4	class_associated_helper	0.760		operand_parser@0x00b0c7cc		callgraph_vote:8/9;typed_sources:2;called_by_typed_method	4	0	29
00797352	FUN_00797352	operand_parser__helper_00797352	class_associated_helper	0.760		operand_parser@0x00b0c7cc		callgraph_vote:8/8;typed_sources:2;called_by_typed_method	2	0	213
0079750c	FUN_0079750c	operand_parser__helper_0079750c	class_associated_helper	0.760		operand_parser@0x00b0c7cc		callgraph_vote:8/8;typed_sources:2;called_by_typed_method	2	0	52
00797576	FUN_00797576	operand_parser__helper_00797576	class_associated_helper	0.760		operand_parser@0x00b0c7cc		callgraph_vote:50/56;typed_sources:50;caller_or_callee	0	2	248
0079b0eb	FUN_0079b0eb	operand_parser__helper_0079b0eb	class_associated_helper	0.760		operand_parser@0x00b0c7cc		callgraph_vote:50/59;typed_sources:50;caller_or_callee	1	2	274
0079b1fd	FUN_0079b1fd	operand_parser__helper_0079b1fd	class_associated_helper	0.760		operand_parser@0x00b0c7cc		callgraph_vote:50/55;typed_sources:50;caller_or_callee	0	2	229
0079d23e	FUN_0079d23e	std_exception__helper_0079d23e	class_associated_helper	0.760		std_exception@0x00b11aa8		callgraph_vote:8/11;typed_sources:5;called_by_typed_method	4	0	55
0079e220	FUN_0079e220	operand_parser__helper_0079e220	class_associated_helper	0.760		operand_parser@0x00b0c7cc		callgraph_vote:66/102;typed_sources:66;caller_or_callee	2	7	581
0079f3a2	FUN_0079f3a2	std_exception__helper_0079f3a2	class_associated_helper	0.760		std_exception@0x00b12008		callgraph_vote:8/11;typed_sources:5;called_by_typed_method	4	0	55
0079fc75	FUN_0079fc75	operand_parser__helper_0079fc75	class_associated_helper	0.760		operand_parser@0x00b0c7cc		callgraph_vote:65/83;typed_sources:65;caller_or_callee	1	2	343
007a0d80	FUN_007a0d80	OutputGen__helper_007a0d80	class_associated_helper	0.760		OutputGen@0x00b12800		callgraph_vote:9/12;typed_sources:3;called_by_typed_method	2	1	92
007a0e99	FUN_007a0e99	OutputGen__helper_007a0e99	class_associated_helper	0.760		OutputGen@0x00b12800		callgraph_vote:9/9;typed_sources:3;called_by_typed_method	4	0	55
007a1260	FUN_007a1260	operand_parser__helper_007a1260	class_associated_helper	0.760		operand_parser@0x00b0c7cc		callgraph_vote:50/54;typed_sources:50;caller_or_callee	0	1	28
007a1cf6	FUN_007a1cf6	operand_parser__helper_007a1cf6	class_associated_helper	0.760		operand_parser@0x00b0c7cc		callgraph_vote:50/54;typed_sources:50;caller_or_callee	0	2	109
007a1d63	FUN_007a1d63	operand_parser__helper_007a1d63	class_associated_helper	0.760		operand_parser@0x00b0c7cc		callgraph_vote:50/54;typed_sources:50;caller_or_callee	0	2	49
007a2369	FUN_007a2369	operand_parser__helper_007a2369	class_associated_helper	0.760		operand_parser@0x00b0c7cc		callgraph_vote:17/27;typed_sources:17;caller_or_callee	2	8	172
007a2415	FUN_007a2415	operand_parser__helper_007a2415	class_associated_helper	0.760		operand_parser@0x00b0c7cc		callgraph_vote:69/69;typed_sources:18;called_by_typed_method	17	1	49
007a26d0	FUN_007a26d0	operand_parser__helper_007a26d0	class_associated_helper	0.760		operand_parser@0x00b0c7cc		callgraph_vote:13/13;typed_sources:4;called_by_typed_method	6	0	273
009920f0	FUN_009920f0	list_scheduler__helper_009920f0	class_associated_helper	0.760		list_scheduler@0x00b0c0e4		callgraph_vote:10/10;typed_sources:4;called_by_typed_method	5	0	22
0099c230	FUN_0099c230	list_scheduler__helper_0099c230	class_associated_helper	0.760		list_scheduler@0x00b0c0e4		callgraph_vote:8/11;typed_sources:8;caller_or_callee	1	1	10
009b1d00	FUN_009b1d00	Checker__helper_009b1d00	class_associated_helper	0.760		Checker@0x00aff4ec		callgraph_vote:7/11;typed_sources:7;caller_or_callee	1	13	393
009ebbae	FUN_009ebbae	operand_parser__helper_009ebbae	class_associated_helper	0.760		operand_parser@0x00b0c7cc		callgraph_vote:50/54;typed_sources:50;caller_or_callee	0	26	2100
009ed3a5	FUN_009ed3a5	operand_parser__helper_009ed3a5	class_associated_helper	0.760		operand_parser@0x00b0c7cc		callgraph_vote:50/54;typed_sources:50;caller_or_callee	0	5	465
00a447d0	FUN_00a447d0	operand_parser__helper_00a447d0	class_associated_helper	0.760		operand_parser@0x00b0c7cc		callgraph_vote:51/57;typed_sources:51;caller_or_callee	1	5	342
00a92cbc	FUN_00a92cbc	InterblockDf__helper_00a92cbc	class_associated_helper	0.760		InterblockDf@0x00b0d908		callgraph_vote:8/9;typed_sources:2;called_by_typed_method	11	1	54
00a92ea1	FUN_00a92ea1	InterblockDf__helper_00a92ea1	class_associated_helper	0.760		InterblockDf@0x00b0d908		callgraph_vote:8/8;typed_sources:2;called_by_typed_method	9	1	53
00a93020	FUN_00a93020	backend_dataflow__helper_00a93020	class_associated_helper	0.760		backend_dataflow@0x00b0e82c		callgraph_vote:6/10;typed_sources:3;called_by_typed_method	20	0	323
00a93690	FUN_00a93690	operand_parser__helper_00a93690	class_associated_helper	0.760		operand_parser@0x00b0c7cc		callgraph_vote:8/8;typed_sources:2;called_by_typed_method	3	1	241
0042783a	FUN_0042783a	backend_dataflow__helper_0042783a	class_associated_helper	0.730		backend_dataflow@0x00b0e82c		callgraph_vote:4/4;typed_sources:4;caller_or_callee	1	3	155
0043116c	FUN_0043116c	backend_dataflow__helper_0043116c	class_associated_helper	0.730		backend_dataflow@0x00b0e82c		callgraph_vote:4/4;typed_sources:4;caller_or_callee	2	1	700
00441cb3	FUN_00441cb3	backend_dataflow__helper_00441cb3	class_associated_helper	0.730		backend_dataflow@0x00b0e82c		callgraph_vote:4/5;typed_sources:4;caller_or_callee	1	5	237
00441da0	FUN_00441da0	backend_dataflow__helper_00441da0	class_associated_helper	0.730		backend_dataflow@0x00b0e82c		callgraph_vote:4/5;typed_sources:4;caller_or_callee	1	5	237
004423b6	FUN_004423b6	backend_dataflow__helper_004423b6	class_associated_helper	0.730		backend_dataflow@0x00b0e82c		callgraph_vote:4/4;typed_sources:4;caller_or_callee	1	11	407
004653d8	FUN_004653d8	operand_parser__helper_004653d8	class_associated_helper	0.730		operand_parser@0x00b0c7cc		callgraph_vote:4/6;typed_sources:4;caller_or_callee	1	3	86
0047289f	FUN_0047289f	backend_dataflow__helper_0047289f	class_associated_helper	0.730		backend_dataflow@0x00b0e82c		callgraph_vote:4/4;typed_sources:4;caller_or_callee	3	0	126
0047c1bc	FUN_0047c1bc	backend_dataflow__helper_0047c1bc	class_associated_helper	0.730		backend_dataflow@0x00b0e82c		callgraph_vote:4/6;typed_sources:4;caller_or_callee	1	2	312
0049fda9	FUN_0049fda9	backend_dataflow__helper_0049fda9	class_associated_helper	0.730		backend_dataflow@0x00b0e82c		callgraph_vote:4/4;typed_sources:4;caller_or_callee	1	2	70
004b14a0	FUN_004b14a0	Checker__helper_004b14a0	class_associated_helper	0.730		Checker@0x00aff4ec		callgraph_vote:4/6;typed_sources:4;caller_or_callee	9	1	99
004b3637	FUN_004b3637	Checker__helper_004b3637	class_associated_helper	0.730		Checker@0x00aff4ec		callgraph_vote:4/6;typed_sources:4;caller_or_callee	4	1	149
004b598c	FUN_004b598c	Checker__helper_004b598c	class_associated_helper	0.730		Checker@0x00aff4ec		callgraph_vote:4/5;typed_sources:4;caller_or_callee	1	5	347
004e547a	FUN_004e547a	operand_parser__helper_004e547a	class_associated_helper	0.730		operand_parser@0x00b0c7cc		callgraph_vote:4/6;typed_sources:4;caller_or_callee	5	2	47
004f1fb9	FUN_004f1fb9	operand_parser__helper_004f1fb9	class_associated_helper	0.730		operand_parser@0x00b0c7cc		callgraph_vote:4/6;typed_sources:4;caller_or_callee	1	5	421
00501a73	FUN_00501a73	InterblockDf__helper_00501a73	class_associated_helper	0.730		InterblockDf@0x00acf300		callgraph_vote:4/6;typed_sources:4;caller_or_callee	4	1	38
0050f12a	FUN_0050f12a	Checker__helper_0050f12a	class_associated_helper	0.730		Checker@0x00aff4ec		callgraph_vote:4/6;typed_sources:4;caller_or_callee	1	2	132
0051068b	FUN_0051068b	Checker__helper_0051068b	class_associated_helper	0.730		Checker@0x00aff4ec		callgraph_vote:4/6;typed_sources:4;caller_or_callee	1	4	182
005168c6	FUN_005168c6	Checker__helper_005168c6	class_associated_helper	0.730		Checker@0x00aff4ec		callgraph_vote:4/6;typed_sources:4;caller_or_callee	2	5	1116
00516fa4	FUN_00516fa4	Checker__helper_00516fa4	class_associated_helper	0.730		Checker@0x00aff4ec		callgraph_vote:4/6;typed_sources:4;caller_or_callee	1	3	196
00519198	FUN_00519198	operand_parser__helper_00519198	class_associated_helper	0.730		operand_parser@0x00b0c7cc		callgraph_vote:4/5;typed_sources:4;caller_or_callee	1	3	228
0051ac1c	FUN_0051ac1c	Checker__helper_0051ac1c	class_associated_helper	0.730		Checker@0x00aff4ec		callgraph_vote:4/6;typed_sources:4;caller_or_callee	1	2	432
0051f5a5	FUN_0051f5a5	operand_parser__helper_0051f5a5	class_associated_helper	0.730		operand_parser@0x00b0c7cc		callgraph_vote:4/6;typed_sources:4;caller_or_callee	3	5	91
0053da55	FUN_0053da55	Checker__helper_0053da55	class_associated_helper	0.730		Checker@0x00aff4ec		callgraph_vote:4/6;typed_sources:4;caller_or_callee	2	2	359
0055a91c	FUN_0055a91c	objectdata__helper_0055a91c	class_associated_helper	0.730		objectdata@0x00ace1d0		callgraph_vote:4/4;typed_sources:4;caller_or_callee	1	2	396
0055d772	FUN_0055d772	Checker__helper_0055d772	class_associated_helper	0.730		Checker@0x00aff4ec		callgraph_vote:4/5;typed_sources:4;caller_or_callee	1	1	24
00564d30	FUN_00564d30	Checker__helper_00564d30	class_associated_helper	0.730		Checker@0x00aff4ec		callgraph_vote:4/5;typed_sources:4;caller_or_callee	5	5	427
00590235	FUN_00590235	InterblockDf__helper_00590235	class_associated_helper	0.730		InterblockDf@0x00acf300		callgraph_vote:4/5;typed_sources:4;caller_or_callee	14	2	37
0059928d	FUN_0059928d	backend_dataflow__helper_0059928d	class_associated_helper	0.730		backend_dataflow@0x00b0e82c		callgraph_vote:4/6;typed_sources:4;caller_or_callee	5	0	80
005aebcf	FUN_005aebcf	AliasAnalyzer__helper_005aebcf	class_associated_helper	0.730		AliasAnalyzer@0x00aff0cc		callgraph_vote:4/6;typed_sources:4;caller_or_callee	1	1	60
005aec46	FUN_005aec46	AliasAnalyzer__helper_005aec46	class_associated_helper	0.730		AliasAnalyzer@0x00aff0cc		callgraph_vote:4/6;typed_sources:4;caller_or_callee	1	1	73
005aeced	FUN_005aeced	AliasAnalyzer__helper_005aeced	class_associated_helper	0.730		AliasAnalyzer@0x00aff0cc		callgraph_vote:4/6;typed_sources:4;caller_or_callee	1	0	76
005b41ba	FUN_005b41ba	AliasAnalyzer__helper_005b41ba	class_associated_helper	0.730		AliasAnalyzer@0x00aff0cc		callgraph_vote:4/6;typed_sources:4;caller_or_callee	20	1	44
005b99a2	FUN_005b99a2	AliasAnalyzer__helper_005b99a2	class_associated_helper	0.730		AliasAnalyzer@0x00aff0cc		callgraph_vote:4/6;typed_sources:4;caller_or_callee	1	5	93
005b9a88	FUN_005b9a88	operand_parser__helper_005b9a88	class_associated_helper	0.730		operand_parser@0x00b0c7cc		callgraph_vote:4/5;typed_sources:4;caller_or_callee	0	2	21
005c729a	FUN_005c729a	Checker__helper_005c729a	class_associated_helper	0.730		Checker@0x00aff4ec		callgraph_vote:4/6;typed_sources:4;caller_or_callee	2	6	192
005d5bba	FUN_005d5bba	AliasAnalyzer__helper_005d5bba	class_associated_helper	0.730		AliasAnalyzer@0x00aff0cc		callgraph_vote:4/6;typed_sources:4;caller_or_callee	2	1	121
005d8bb2	FUN_005d8bb2	AliasAnalyzer__helper_005d8bb2	class_associated_helper	0.730		AliasAnalyzer@0x00aff0cc		callgraph_vote:4/5;typed_sources:4;caller_or_callee	0	1	321
005dbfcb	FUN_005dbfcb	AliasAnalyzer__helper_005dbfcb	class_associated_helper	0.730		AliasAnalyzer@0x00aff0cc		callgraph_vote:4/6;typed_sources:4;caller_or_callee	2	2	142
005dcb8c	FUN_005dcb8c	AliasAnalyzer__helper_005dcb8c	class_associated_helper	0.730		AliasAnalyzer@0x00aff0cc		callgraph_vote:4/5;typed_sources:4;caller_or_callee	3	1	237
005e7797	FUN_005e7797	AliasAnalyzer__helper_005e7797	class_associated_helper	0.730		AliasAnalyzer@0x00aff0cc		callgraph_vote:4/5;typed_sources:4;caller_or_callee	0	1	370
005ea22f	FUN_005ea22f	backend_dataflow__helper_005ea22f	class_associated_helper	0.730		backend_dataflow@0x00b0e82c		callgraph_vote:4/4;typed_sources:4;caller_or_callee	1	5	353
005f57e6	FUN_005f57e6	Checker__helper_005f57e6	class_associated_helper	0.730		Checker@0x00aff4ec		callgraph_vote:4/6;typed_sources:4;caller_or_callee	0	1	167
005f8b3c	FUN_005f8b3c	AliasAnalyzer__helper_005f8b3c	class_associated_helper	0.730		AliasAnalyzer@0x00aff0cc		callgraph_vote:4/5;typed_sources:4;caller_or_callee	1	6	260
005ffd22	FUN_005ffd22	operand_parser__helper_005ffd22	class_associated_helper	0.730		operand_parser@0x00b0c7cc		callgraph_vote:4/4;typed_sources:4;caller_or_callee	4	4	1445
00600577	FUN_00600577	operand_parser__helper_00600577	class_associated_helper	0.730		operand_parser@0x00b0c7cc		callgraph_vote:4/4;typed_sources:4;caller_or_callee	2	6	322
00623fef	FUN_00623fef	AliasAnalyzer__helper_00623fef	class_associated_helper	0.730		AliasAnalyzer@0x00aff0cc		callgraph_vote:4/6;typed_sources:4;caller_or_callee	1	6	371
00668f87	FUN_00668f87	backend_dataflow__helper_00668f87	class_associated_helper	0.730		backend_dataflow@0x00b0e82c		callgraph_vote:4/6;typed_sources:4;caller_or_callee	0	3	230
00670109	FUN_00670109	backend_dataflow__helper_00670109	class_associated_helper	0.730		backend_dataflow@0x00b0e82c		callgraph_vote:4/6;typed_sources:4;caller_or_callee	1	4	277
0067d59b	FUN_0067d59b	operand_parser__helper_0067d59b	class_associated_helper	0.730		operand_parser@0x00b0c7cc		callgraph_vote:4/5;typed_sources:4;caller_or_callee	0	4	250
0067d695	FUN_0067d695	operand_parser__helper_0067d695	class_associated_helper	0.730		operand_parser@0x00b0c7cc		callgraph_vote:4/5;typed_sources:4;caller_or_callee	0	4	236
00688451	FUN_00688451	operand_parser__helper_00688451	class_associated_helper	0.730		operand_parser@0x00b0c7cc		callgraph_vote:4/5;typed_sources:4;caller_or_callee	5	1	93
0068855d	FUN_0068855d	operand_parser__helper_0068855d	class_associated_helper	0.730		operand_parser@0x00b0c7cc		callgraph_vote:4/5;typed_sources:4;caller_or_callee	1	2	331
0069603a	FUN_0069603a	std_exception__helper_0069603a	class_associated_helper	0.730		std_exception@0x00b06c6c		callgraph_vote:4/6;typed_sources:4;caller_or_callee	1	0	87
006a1f4e	FUN_006a1f4e	backend_dataflow__helper_006a1f4e	class_associated_helper	0.730		backend_dataflow@0x00b0e82c		callgraph_vote:4/5;typed_sources:4;caller_or_callee	1	1	27
006a1ff6	FUN_006a1ff6	backend_dataflow__helper_006a1ff6	class_associated_helper	0.730		backend_dataflow@0x00b0e82c		callgraph_vote:4/5;typed_sources:4;caller_or_callee	0	1	33
006a55da	FUN_006a55da	backend_dataflow__helper_006a55da	class_associated_helper	0.730		backend_dataflow@0x00b0e82c		callgraph_vote:4/5;typed_sources:4;caller_or_callee	1	3	143
006a859a	FUN_006a859a	backend_dataflow__helper_006a859a	class_associated_helper	0.730		backend_dataflow@0x00b0e82c		callgraph_vote:4/5;typed_sources:4;caller_or_callee	1	3	122
006a8720	FUN_006a8720	backend_dataflow__helper_006a8720	class_associated_helper	0.730		backend_dataflow@0x00b0e82c		callgraph_vote:4/5;typed_sources:4;caller_or_callee	1	3	326
006afcc2	FUN_006afcc2	operand_parser__helper_006afcc2	class_associated_helper	0.730		operand_parser@0x00b0c7cc		callgraph_vote:4/5;typed_sources:4;caller_or_callee	2	1	138
006b0159	FUN_006b0159	backend_dataflow__helper_006b0159	class_associated_helper	0.730		backend_dataflow@0x00b0e82c		callgraph_vote:4/5;typed_sources:4;caller_or_callee	2	0	163
006b3b60	FUN_006b3b60	backend_dataflow__helper_006b3b60	class_associated_helper	0.730		backend_dataflow@0x00b0e82c		callgraph_vote:4/5;typed_sources:4;caller_or_callee	1	3	295
006bc582	FUN_006bc582	backend_dataflow__helper_006bc582	class_associated_helper	0.730		backend_dataflow@0x00b0e82c		callgraph_vote:4/6;typed_sources:4;caller_or_callee	1	1	167
006bc710	FUN_006bc710	backend_dataflow__helper_006bc710	class_associated_helper	0.730		backend_dataflow@0x00b0e82c		callgraph_vote:4/6;typed_sources:4;caller_or_callee	1	2	323
006bd716	FUN_006bd716	backend_dataflow__helper_006bd716	class_associated_helper	0.730		backend_dataflow@0x00b0e82c		callgraph_vote:4/6;typed_sources:4;caller_or_callee	1	2	79
006bda2c	FUN_006bda2c	backend_dataflow__helper_006bda2c	class_associated_helper	0.730		backend_dataflow@0x00b0e82c		callgraph_vote:4/5;typed_sources:4;caller_or_callee	7	1	107
006c725d	FUN_006c725d	backend_dataflow__helper_006c725d	class_associated_helper	0.730		backend_dataflow@0x00b0e82c		callgraph_vote:4/5;typed_sources:4;caller_or_callee	8	1	63
006c783a	FUN_006c783a	backend_dataflow__helper_006c783a	class_associated_helper	0.730		backend_dataflow@0x00b0e82c		callgraph_vote:4/5;typed_sources:4;caller_or_callee	2	2	141
006c8a79	FUN_006c8a79	operand_parser__helper_006c8a79	class_associated_helper	0.730		operand_parser@0x00b0c7cc		callgraph_vote:4/6;typed_sources:4;caller_or_callee	1	1	118
006c8aef	FUN_006c8aef	operand_parser__helper_006c8aef	class_associated_helper	0.730		operand_parser@0x00b0c7cc		callgraph_vote:4/6;typed_sources:4;caller_or_callee	1	1	241
006cddb1	FUN_006cddb1	Checker__helper_006cddb1	class_associated_helper	0.730		Checker@0x00aff4ec		callgraph_vote:4/4;typed_sources:4;caller_or_callee	0	3	347
006d14f9	FUN_006d14f9	operand_parser__helper_006d14f9	class_associated_helper	0.730		operand_parser@0x00b0c7cc		callgraph_vote:4/6;typed_sources:4;caller_or_callee	1	2	204
006d6314	FUN_006d6314	operand_parser__helper_006d6314	class_associated_helper	0.730		operand_parser@0x00b0c7cc		callgraph_vote:4/6;typed_sources:4;caller_or_callee	1	2	120
006d8ee6	FUN_006d8ee6	operand_parser__helper_006d8ee6	class_associated_helper	0.730		operand_parser@0x00b0c7cc		callgraph_vote:4/5;typed_sources:4;caller_or_callee	4	1	156
006e29a8	FUN_006e29a8	operand_parser__helper_006e29a8	class_associated_helper	0.730		operand_parser@0x00b0c7cc		callgraph_vote:4/6;typed_sources:4;caller_or_callee	1	1	115
006f9057	FUN_006f9057	operand_parser__helper_006f9057	class_associated_helper	0.730		operand_parser@0x00b0c7cc		callgraph_vote:4/6;typed_sources:4;caller_or_callee	2	1	460
006f92f8	FUN_006f92f8	backend_dataflow__helper_006f92f8	class_associated_helper	0.730		backend_dataflow@0x00b0e82c		callgraph_vote:4/6;typed_sources:4;caller_or_callee	1	1	450
0070860b	FUN_0070860b	backend_dataflow__helper_0070860b	class_associated_helper	0.730		backend_dataflow@0x00b0e82c		callgraph_vote:4/6;typed_sources:4;caller_or_callee	1	1	127
0072cb68	FUN_0072cb68	backend_dataflow__helper_0072cb68	class_associated_helper	0.730		backend_dataflow@0x00b0e82c		callgraph_vote:4/6;typed_sources:4;caller_or_callee	1	5	516
0072f6c0	FUN_0072f6c0	operand_parser__helper_0072f6c0	class_associated_helper	0.730		operand_parser@0x00b0c7cc		callgraph_vote:4/6;typed_sources:4;caller_or_callee	1	1	56
00730218	FUN_00730218	backend_dataflow__helper_00730218	class_associated_helper	0.730		backend_dataflow@0x00b0e82c		callgraph_vote:4/6;typed_sources:4;caller_or_callee	1	1	130
00731fc7	FUN_00731fc7	operand_parser__helper_00731fc7	class_associated_helper	0.730		operand_parser@0x00b0c7cc		callgraph_vote:4/5;typed_sources:4;caller_or_callee	1	2	444
007324e7	FUN_007324e7	backend_dataflow__helper_007324e7	class_associated_helper	0.730		backend_dataflow@0x00b0e82c		callgraph_vote:4/5;typed_sources:4;caller_or_callee	1	4	235
00733082	FUN_00733082	operand_parser__helper_00733082	class_associated_helper	0.730		operand_parser@0x00b0c7cc		callgraph_vote:4/5;typed_sources:4;caller_or_callee	1	1	73
0074b387	FUN_0074b387	backend_dataflow__helper_0074b387	class_associated_helper	0.730		backend_dataflow@0x00b0e82c		callgraph_vote:4/5;typed_sources:4;caller_or_callee	4	5	342
0074dd0d	FUN_0074dd0d	InterblockDf__helper_0074dd0d	class_associated_helper	0.730		InterblockDf@0x00b0d908		callgraph_vote:4/5;typed_sources:4;caller_or_callee	6	1	58
00751c3c	FUN_00751c3c	backend_dataflow__helper_00751c3c	class_associated_helper	0.730		backend_dataflow@0x00b0e82c		callgraph_vote:4/4;typed_sources:4;caller_or_callee	2	0	35
00751c5f	FUN_00751c5f	backend_dataflow__helper_00751c5f	class_associated_helper	0.730		backend_dataflow@0x00b0e82c		callgraph_vote:4/4;typed_sources:4;caller_or_callee	2	1	74
0075a677	FUN_0075a677	backend_dataflow__helper_0075a677	class_associated_helper	0.730		backend_dataflow@0x00b0e82c		callgraph_vote:4/6;typed_sources:4;caller_or_callee	3	4	535
0075deab	FUN_0075deab	backend_dataflow__helper_0075deab	class_associated_helper	0.730		backend_dataflow@0x00b0e82c		callgraph_vote:4/4;typed_sources:4;caller_or_callee	2	3	285
0076d22a	FUN_0076d22a	backend_dataflow__helper_0076d22a	class_associated_helper	0.730		backend_dataflow@0x00b0e82c		callgraph_vote:4/6;typed_sources:4;caller_or_callee	1	1	182
0076d2e0	FUN_0076d2e0	InterblockDf__helper_0076d2e0	class_associated_helper	0.730		InterblockDf@0x00b0d908		callgraph_vote:4/4;typed_sources:4;caller_or_callee	1	2	60
007740e8	FUN_007740e8	backend_dataflow__helper_007740e8	class_associated_helper	0.730		backend_dataflow@0x00b0e82c		callgraph_vote:4/6;typed_sources:4;caller_or_callee	1	1	84
00776964	FUN_00776964	InterblockDf__helper_00776964	class_associated_helper	0.730		InterblockDf@0x00b0d908		callgraph_vote:4/4;typed_sources:4;caller_or_callee	2	1	44
007845c0	FUN_007845c0	backend_dataflow__helper_007845c0	class_associated_helper	0.730		backend_dataflow@0x00b0e82c		callgraph_vote:4/6;typed_sources:4;caller_or_callee	6	2	510
00796178	FUN_00796178	std_exception__helper_00796178	class_associated_helper	0.730		std_exception@0x00b10f10		callgraph_vote:4/6;typed_sources:4;caller_or_callee	2	1	88
008dca14	FUN_008dca14	AliasAnalyzer__helper_008dca14	class_associated_helper	0.730		AliasAnalyzer@0x00aff0cc		callgraph_vote:4/6;typed_sources:4;caller_or_callee	2	30	1072
009b7c05	FUN_009b7c05	AliasAnalyzer__helper_009b7c05	class_associated_helper	0.730		AliasAnalyzer@0x00aff0cc		callgraph_vote:4/6;typed_sources:4;caller_or_callee	2	9	342
00424e30	FUN_00424e30	backend_dataflow__helper_00424e30	class_associated_helper	0.720		backend_dataflow@0x00b0e82c		callgraph_vote:5/5;typed_sources:2;called_by_typed_method	1	1	76
00432de3	FUN_00432de3	objectdata__helper_00432de3	class_associated_helper	0.720		objectdata@0x00ace1d0		callgraph_vote:5/7;typed_sources:2;calls_typed_method	1	5	324
004359a9	FUN_004359a9	backend_dataflow__helper_004359a9	class_associated_helper	0.720		backend_dataflow@0x00b0e82c		callgraph_vote:5/8;typed_sources:2;called_by_typed_method	1	15	1489
0043672c	FUN_0043672c	backend_dataflow__helper_0043672c	class_associated_helper	0.720		backend_dataflow@0x00b0e82c		callgraph_vote:5/5;typed_sources:2;called_by_typed_method	1	3	238
0043ef78	FUN_0043ef78	backend_dataflow__helper_0043ef78	class_associated_helper	0.720		backend_dataflow@0x00b0e82c		callgraph_vote:5/6;typed_sources:2;called_by_typed_method	3	1	150
0047dd67	FUN_0047dd67	backend_dataflow__helper_0047dd67	class_associated_helper	0.720		backend_dataflow@0x00b0e82c		callgraph_vote:5/5;typed_sources:2;called_by_typed_method	5	1	18
004a5cdb	FUN_004a5cdb	objectdata__helper_004a5cdb	class_associated_helper	0.720		objectdata@0x00ace1d0		callgraph_vote:5/6;typed_sources:2;called_by_typed_method	2	0	42
004a76a8	FUN_004a76a8	objectdata__helper_004a76a8	class_associated_helper	0.720		objectdata@0x00ace1d0		callgraph_vote:5/6;typed_sources:2;calls_typed_method	1	7	1162
004a7dbe	FUN_004a7dbe	backend_dataflow__helper_004a7dbe	class_associated_helper	0.720		backend_dataflow@0x00b0e82c		callgraph_vote:5/6;typed_sources:2;called_by_typed_method	27	1	217
004a8d16	FUN_004a8d16	objectdata__helper_004a8d16	class_associated_helper	0.720		objectdata@0x00ace1d0		callgraph_vote:5/6;typed_sources:2;calls_typed_method	4	2	99
004acb21	FUN_004acb21	objectdata__helper_004acb21	class_associated_helper	0.720		objectdata@0x00ace1d0		callgraph_vote:5/6;typed_sources:2;calls_typed_method	5	1	44
004ad4a6	FUN_004ad4a6	objectdata__helper_004ad4a6	class_associated_helper	0.720		objectdata@0x00ace1d0		callgraph_vote:5/6;typed_sources:2;calls_typed_method	17	2	68
004ad550	FUN_004ad550	objectdata__helper_004ad550	class_associated_helper	0.720		objectdata@0x00ace1d0		callgraph_vote:5/8;typed_sources:2;calls_typed_method	7	1	47
004ad57f	FUN_004ad57f	objectdata__helper_004ad57f	class_associated_helper	0.720		objectdata@0x00ace1d0		callgraph_vote:5/6;typed_sources:2;calls_typed_method	10	1	61
004ad5bc	FUN_004ad5bc	objectdata__helper_004ad5bc	class_associated_helper	0.720		objectdata@0x00ace1d0		callgraph_vote:5/7;typed_sources:2;calls_typed_method	3	6	327
004add9d	FUN_004add9d	objectdata__helper_004add9d	class_associated_helper	0.720		objectdata@0x00ace1d0		callgraph_vote:5/6;typed_sources:2;calls_typed_method	4	1	56
004ade65	FUN_004ade65	objectdata__helper_004ade65	class_associated_helper	0.720		objectdata@0x00ace1d0		callgraph_vote:5/7;typed_sources:2;calls_typed_method	1	2	74
004adf44	FUN_004adf44	objectdata__helper_004adf44	class_associated_helper	0.720		objectdata@0x00ace1d0		callgraph_vote:5/6;typed_sources:2;calls_typed_method	5	4	129
004ae86a	FUN_004ae86a	objectdata__helper_004ae86a	class_associated_helper	0.720		objectdata@0x00ace1d0		callgraph_vote:5/6;typed_sources:2;calls_typed_method	0	3	233
004af916	FUN_004af916	objectdata__helper_004af916	class_associated_helper	0.720		objectdata@0x00ace1d0		callgraph_vote:5/7;typed_sources:2;called_by_typed_method	24	2	35
004b6981	FUN_004b6981	backend_dataflow__helper_004b6981	class_associated_helper	0.720		backend_dataflow@0x00b0e82c		callgraph_vote:5/6;typed_sources:2;called_by_typed_method	19	0	140
004c7665	FUN_004c7665	objectdata__helper_004c7665	class_associated_helper	0.720		objectdata@0x00ace1d0		callgraph_vote:5/6;typed_sources:2;calls_typed_method	3	1	96
004c7735	FUN_004c7735	objectdata__helper_004c7735	class_associated_helper	0.720		objectdata@0x00ace1d0		callgraph_vote:5/6;typed_sources:2;calls_typed_method	30	1	119
004c77ac	FUN_004c77ac	objectdata__helper_004c77ac	class_associated_helper	0.720		objectdata@0x00ace1d0		callgraph_vote:5/6;typed_sources:2;calls_typed_method	11	1	111
004d9b7d	FUN_004d9b7d	objectdata__helper_004d9b7d	class_associated_helper	0.720		objectdata@0x00ace1d0		callgraph_vote:5/6;typed_sources:2;called_by_typed_method	19	0	67
004f4c5d	FUN_004f4c5d	operand_parser__helper_004f4c5d	class_associated_helper	0.720		operand_parser@0x00b0c7cc		callgraph_vote:5/5;typed_sources:2;called_by_typed_method	5	0	395
004fb7c4	FUN_004fb7c4	objectdata__helper_004fb7c4	class_associated_helper	0.720		objectdata@0x00ace1d0		callgraph_vote:5/6;typed_sources:2;calls_typed_method	1	2	101
004ffbf5	FUN_004ffbf5	objectdata__helper_004ffbf5	class_associated_helper	0.720		objectdata@0x00ace1d0		callgraph_vote:5/5;typed_sources:2;called_by_typed_method	39	0	28
0050043a	FUN_0050043a	objectdata__helper_0050043a	class_associated_helper	0.720		objectdata@0x00ace1d0		callgraph_vote:5/5;typed_sources:2;called_by_typed_method	4	0	96
00501c94	FUN_00501c94	backend_dataflow__helper_00501c94	class_associated_helper	0.720		backend_dataflow@0x00b0e82c		callgraph_vote:5/7;typed_sources:2;called_by_typed_method	13	1	97
0050d0b0	FUN_0050d0b0	objectdata__helper_0050d0b0	class_associated_helper	0.720		objectdata@0x00ace1d0		callgraph_vote:5/6;typed_sources:2;calls_typed_method	1	1	127
00510f36	FUN_00510f36	objectdata__helper_00510f36	class_associated_helper	0.720		objectdata@0x00ace1d0		callgraph_vote:5/6;typed_sources:2;calls_typed_method	1	3	664
00525a40	FUN_00525a40	objectdata__helper_00525a40	class_associated_helper	0.720		objectdata@0x00ace1d0		callgraph_vote:5/5;typed_sources:2;called_by_typed_method	1	0	42
00525a72	FUN_00525a72	objectdata__helper_00525a72	class_associated_helper	0.720		objectdata@0x00ace1d0		callgraph_vote:5/5;typed_sources:2;called_by_typed_method	2	0	124
00525d36	FUN_00525d36	objectdata__helper_00525d36	class_associated_helper	0.720		objectdata@0x00ace1d0		callgraph_vote:5/5;typed_sources:2;called_by_typed_method	1	2	88
0052b7e7	FUN_0052b7e7	objectdata__helper_0052b7e7	class_associated_helper	0.720		objectdata@0x00ace1d0		callgraph_vote:5/5;typed_sources:2;calls_typed_method	5	8	736
0052cf32	FUN_0052cf32	objectdata__helper_0052cf32	class_associated_helper	0.720		objectdata@0x00ace1d0		callgraph_vote:5/6;typed_sources:2;calls_typed_method	1	7	181
005326ea	FUN_005326ea	objectdata__helper_005326ea	class_associated_helper	0.720		objectdata@0x00ace1d0		callgraph_vote:5/5;typed_sources:2;calls_typed_method	3	10	500
005769c3	FUN_005769c3	objectdata__helper_005769c3	class_associated_helper	0.720		objectdata@0x00ace1d0		callgraph_vote:5/5;typed_sources:2;called_by_typed_method	12	0	51
00599352	FUN_00599352	objectdata__helper_00599352	class_associated_helper	0.720		objectdata@0x00ace1d0		callgraph_vote:5/5;typed_sources:2;called_by_typed_method	21	1	54
0059a8f9	FUN_0059a8f9	objectdata__helper_0059a8f9	class_associated_helper	0.720		objectdata@0x00ace1d0		callgraph_vote:5/6;typed_sources:2;calls_typed_method	1	1	44
0059b35b	FUN_0059b35b	backend_dataflow__helper_0059b35b	class_associated_helper	0.720		backend_dataflow@0x00b0e82c		callgraph_vote:5/7;typed_sources:2;called_by_typed_method	8	1	27
0059cc53	FUN_0059cc53	OutputGen__helper_0059cc53	class_associated_helper	0.720		OutputGen@0x00b12800		callgraph_vote:5/5;typed_sources:2;called_by_typed_method	8	2	80
005a6986	FUN_005a6986	objectdata__helper_005a6986	class_associated_helper	0.720		objectdata@0x00ace1d0		callgraph_vote:5/6;typed_sources:2;called_by_typed_method	19	4	115
005cf049	FUN_005cf049	AliasAnalyzer__helper_005cf049	class_associated_helper	0.720		AliasAnalyzer@0x00aff0cc		callgraph_vote:5/5;typed_sources:2;called_by_typed_method	4	3	89
005e5f2f	FUN_005e5f2f	AliasAnalyzer__helper_005e5f2f	class_associated_helper	0.720		AliasAnalyzer@0x00aff0cc		callgraph_vote:5/6;typed_sources:2;called_by_typed_method	2	1	195
00603561	FUN_00603561	Checker__helper_00603561	class_associated_helper	0.720		Checker@0x00aff4ec		callgraph_vote:5/6;typed_sources:2;called_by_typed_method	2	2	137
00606ee6	FUN_00606ee6	Checker__helper_00606ee6	class_associated_helper	0.720		Checker@0x00aff4ec		callgraph_vote:5/5;typed_sources:2;called_by_typed_method	4	0	55
0062114c	FUN_0062114c	objectdata__helper_0062114c	class_associated_helper	0.720		objectdata@0x00ace1d0		callgraph_vote:5/5;typed_sources:2;called_by_typed_method	2	3	268
0063f414	FUN_0063f414	objectdata__helper_0063f414	class_associated_helper	0.720		objectdata@0x00ace1d0		callgraph_vote:5/5;typed_sources:2;called_by_typed_method	3	1	71
0063f88b	FUN_0063f88b	objectdata__helper_0063f88b	class_associated_helper	0.720		objectdata@0x00ace1d0		callgraph_vote:5/5;typed_sources:2;called_by_typed_method	2	2	62
0064bedc	FUN_0064bedc	objectdata__helper_0064bedc	class_associated_helper	0.720		objectdata@0x00ace1d0		callgraph_vote:5/5;typed_sources:2;calls_typed_method	11	3	64
0064e51d	FUN_0064e51d	AliasAnalyzer__helper_0064e51d	class_associated_helper	0.720		AliasAnalyzer@0x00aff0cc		callgraph_vote:5/7;typed_sources:2;calls_typed_method	2	3	404
00650d7f	FUN_00650d7f	objectdata__helper_00650d7f	class_associated_helper	0.720		objectdata@0x00ace1d0		callgraph_vote:5/5;typed_sources:2;calls_typed_method	2	16	264
00652455	FUN_00652455	objectdata__helper_00652455	class_associated_helper	0.720		objectdata@0x00ace1d0		callgraph_vote:5/5;typed_sources:2;calls_typed_method	1	2	113
006524c6	FUN_006524c6	objectdata__helper_006524c6	class_associated_helper	0.720		objectdata@0x00ace1d0		callgraph_vote:5/5;typed_sources:2;calls_typed_method	2	2	187
00652927	FUN_00652927	objectdata__helper_00652927	class_associated_helper	0.720		objectdata@0x00ace1d0		callgraph_vote:5/6;typed_sources:2;calls_typed_method	1	6	428
006559e0	FUN_006559e0	objectdata__helper_006559e0	class_associated_helper	0.720		objectdata@0x00ace1d0		callgraph_vote:5/5;typed_sources:2;calls_typed_method	5	3	64
00659b4e	FUN_00659b4e	objectdata__helper_00659b4e	class_associated_helper	0.720		objectdata@0x00ace1d0		callgraph_vote:5/5;typed_sources:2;calls_typed_method	1	2	47
00665601	FUN_00665601	backend_dataflow__helper_00665601	class_associated_helper	0.720		backend_dataflow@0x00b0e82c		callgraph_vote:5/5;typed_sources:2;called_by_typed_method	2	0	150
0066bc8e	FUN_0066bc8e	backend_dataflow__helper_0066bc8e	class_associated_helper	0.720		backend_dataflow@0x00b0e82c		callgraph_vote:5/5;typed_sources:2;called_by_typed_method	1	3	88
00680bd8	FUN_00680bd8	objectdata__helper_00680bd8	class_associated_helper	0.720		objectdata@0x00ace1d0		callgraph_vote:5/6;typed_sources:2;calls_typed_method	1	3	124
00694e60	FUN_00694e60	var_disjointsets__helper_00694e60	class_associated_helper	0.720		var_disjointsets@0x00b0d3e8		callgraph_vote:5/5;typed_sources:2;called_by_typed_method	4	1	21
006a1aee	FUN_006a1aee	backend_dataflow__helper_006a1aee	class_associated_helper	0.720		backend_dataflow@0x00b0e82c		callgraph_vote:5/6;typed_sources:2;called_by_typed_method	6	1	158
006ac548	FUN_006ac548	MachopVisitor__helper_006ac548	class_associated_helper	0.720		MachopVisitor@0x00b06c2c		callgraph_vote:5/5;typed_sources:2;calls_typed_method	1	2	133
006b746b	FUN_006b746b	objectdata__helper_006b746b	class_associated_helper	0.720		objectdata@0x00ace1d0		callgraph_vote:5/6;typed_sources:2;calls_typed_method	1	4	383
006c5a22	FUN_006c5a22	operand_parser__helper_006c5a22	class_associated_helper	0.720		operand_parser@0x00b0c7cc		callgraph_vote:5/5;typed_sources:2;called_by_typed_method	2	1	23
006c5a39	FUN_006c5a39	operand_parser__helper_006c5a39	class_associated_helper	0.720		operand_parser@0x00b0c7cc		callgraph_vote:5/5;typed_sources:2;called_by_typed_method	7	1	23
006c5a50	FUN_006c5a50	operand_parser__helper_006c5a50	class_associated_helper	0.720		operand_parser@0x00b0c7cc		callgraph_vote:5/5;typed_sources:2;called_by_typed_method	5	1	23
006c5ae5	FUN_006c5ae5	operand_parser__helper_006c5ae5	class_associated_helper	0.720		operand_parser@0x00b0c7cc		callgraph_vote:5/5;typed_sources:2;called_by_typed_method	4	1	62
007012c7	FUN_007012c7	MachopVisitor__helper_007012c7	class_associated_helper	0.720		MachopVisitor@0x00b09ac8		callgraph_vote:5/6;typed_sources:2;calls_typed_method	1	6	166
00749569	FUN_00749569	Exp__helper_00749569	class_associated_helper	0.720		Exp@0x00b0d2d4		callgraph_vote:5/5;typed_sources:2;called_by_typed_method	5	0	51
0075450c	FUN_0075450c	InterblockDf__helper_0075450c	class_associated_helper	0.720		InterblockDf@0x00b0d908		callgraph_vote:5/6;typed_sources:2;called_by_typed_method	2	1	106
00755f93	FUN_00755f93	InterblockDf__helper_00755f93	class_associated_helper	0.720		InterblockDf@0x00b0d908		callgraph_vote:5/5;typed_sources:2;called_by_typed_method	2	0	93
00770133	FUN_00770133	backend_dataflow__helper_00770133	class_associated_helper	0.720		backend_dataflow@0x00b0e82c		callgraph_vote:5/6;typed_sources:2;called_by_typed_method	2	1	76
0079e180	FUN_0079e180	operand_parser__helper_0079e180	class_associated_helper	0.720		operand_parser@0x00b0c7cc		callgraph_vote:5/5;typed_sources:2;called_by_typed_method	3	0	48
00993d64	FUN_00993d64	objectdata__helper_00993d64	class_associated_helper	0.720		objectdata@0x00ace1d0		callgraph_vote:5/6;typed_sources:2;calls_typed_method	5	3	99
0099425c	FUN_0099425c	objectdata__helper_0099425c	class_associated_helper	0.720		objectdata@0x00ace1d0		callgraph_vote:5/6;typed_sources:2;calls_typed_method	0	2	95
00995fac	FUN_00995fac	ObjectVisitor__helper_00995fac	class_associated_helper	0.720		ObjectVisitor@0x00b01ed0		callgraph_vote:5/8;typed_sources:2;called_by_typed_method	37	1	24
009997d0	FUN_009997d0	objectdata__helper_009997d0	class_associated_helper	0.720		objectdata@0x00ace1d0		callgraph_vote:5/6;typed_sources:2;calls_typed_method	3	3	168
0099d850	FUN_0099d850	objectdata__helper_0099d850	class_associated_helper	0.720		objectdata@0x00ace1d0		callgraph_vote:5/6;typed_sources:2;calls_typed_method	6	3	120
0099ed04	FUN_0099ed04	objectdata__helper_0099ed04	class_associated_helper	0.720		objectdata@0x00ace1d0		callgraph_vote:5/6;typed_sources:2;calls_typed_method	1	2	77
0099eeb1	FUN_0099eeb1	objectdata__helper_0099eeb1	class_associated_helper	0.720		objectdata@0x00ace1d0		callgraph_vote:5/6;typed_sources:2;calls_typed_method	1	9	360
0099f6d7	FUN_0099f6d7	objectdata__helper_0099f6d7	class_associated_helper	0.720		objectdata@0x00ace1d0		callgraph_vote:5/6;typed_sources:2;calls_typed_method	8	1	43
009a33a9	FUN_009a33a9	objectdata__helper_009a33a9	class_associated_helper	0.720		objectdata@0x00ace1d0		callgraph_vote:5/6;typed_sources:2;calls_typed_method	1	3	307
009a6857	FUN_009a6857	objectdata__helper_009a6857	class_associated_helper	0.720		objectdata@0x00ace1d0		callgraph_vote:5/6;typed_sources:2;calls_typed_method	3	17	885
00a93380	FUN_00a93380	operand_parser__helper_00a93380	class_associated_helper	0.720		operand_parser@0x00b0c7cc		callgraph_vote:5/5;typed_sources:2;called_by_typed_method	14	1	444
004254b6	FUN_004254b6	std_exception__helper_004254b6	class_associated_helper	0.690		std_exception@0x00abff98		callgraph_vote:3/5;typed_sources:3;caller_or_callee	1	0	87
00464cfc	FUN_00464cfc	backend_dataflow__helper_00464cfc	class_associated_helper	0.690		backend_dataflow@0x00b0e82c		callgraph_vote:3/3;typed_sources:3;caller_or_callee	5	4	921
004652a0	FUN_004652a0	backend_dataflow__helper_004652a0	class_associated_helper	0.690		backend_dataflow@0x00b0e82c		callgraph_vote:3/4;typed_sources:3;caller_or_callee	1	4	312
0046560c	FUN_0046560c	backend_dataflow__helper_0046560c	class_associated_helper	0.690		backend_dataflow@0x00b0e82c		callgraph_vote:3/3;typed_sources:3;caller_or_callee	2	2	87
00469a1c	FUN_00469a1c	backend_dataflow__helper_00469a1c	class_associated_helper	0.690		backend_dataflow@0x00b0e82c		callgraph_vote:3/4;typed_sources:3;caller_or_callee	1	2	58
0046ffe0	FUN_0046ffe0	backend_dataflow__helper_0046ffe0	class_associated_helper	0.690		backend_dataflow@0x00b0e82c		callgraph_vote:3/5;typed_sources:3;caller_or_callee	1	3	257
0047076e	FUN_0047076e	backend_dataflow__helper_0047076e	class_associated_helper	0.690		backend_dataflow@0x00b0e82c		callgraph_vote:3/5;typed_sources:3;caller_or_callee	1	4	322
0048c05d	FUN_0048c05d	backend_dataflow__helper_0048c05d	class_associated_helper	0.690		backend_dataflow@0x00b0e82c		callgraph_vote:3/3;typed_sources:3;caller_or_callee	1	1	90
0049f559	FUN_0049f559	backend_dataflow__helper_0049f559	class_associated_helper	0.690		backend_dataflow@0x00b0e82c		callgraph_vote:3/3;typed_sources:3;caller_or_callee	1	2	103
0049f9f7	FUN_0049f9f7	backend_dataflow__helper_0049f9f7	class_associated_helper	0.690		backend_dataflow@0x00b0e82c		callgraph_vote:3/3;typed_sources:3;caller_or_callee	1	1	62
0049fa35	FUN_0049fa35	backend_dataflow__helper_0049fa35	class_associated_helper	0.690		backend_dataflow@0x00b0e82c		callgraph_vote:3/3;typed_sources:3;caller_or_callee	1	1	62
0049fa73	FUN_0049fa73	backend_dataflow__helper_0049fa73	class_associated_helper	0.690		backend_dataflow@0x00b0e82c		callgraph_vote:3/3;typed_sources:3;caller_or_callee	2	1	62
0049fab1	FUN_0049fab1	backend_dataflow__helper_0049fab1	class_associated_helper	0.690		backend_dataflow@0x00b0e82c		callgraph_vote:3/3;typed_sources:3;caller_or_callee	2	1	69
0049faf6	FUN_0049faf6	backend_dataflow__helper_0049faf6	class_associated_helper	0.690		backend_dataflow@0x00b0e82c		callgraph_vote:3/3;typed_sources:3;caller_or_callee	2	1	92
0049fb52	FUN_0049fb52	backend_dataflow__helper_0049fb52	class_associated_helper	0.690		backend_dataflow@0x00b0e82c		callgraph_vote:3/3;typed_sources:3;caller_or_callee	1	1	69
0049fb97	FUN_0049fb97	backend_dataflow__helper_0049fb97	class_associated_helper	0.690		backend_dataflow@0x00b0e82c		callgraph_vote:3/3;typed_sources:3;caller_or_callee	1	1	73
0049fbe0	FUN_0049fbe0	backend_dataflow__helper_0049fbe0	class_associated_helper	0.690		backend_dataflow@0x00b0e82c		callgraph_vote:3/3;typed_sources:3;caller_or_callee	1	1	86
0049fc36	FUN_0049fc36	backend_dataflow__helper_0049fc36	class_associated_helper	0.690		backend_dataflow@0x00b0e82c		callgraph_vote:3/3;typed_sources:3;caller_or_callee	1	2	104
0049fc9e	FUN_0049fc9e	backend_dataflow__helper_0049fc9e	class_associated_helper	0.690		backend_dataflow@0x00b0e82c		callgraph_vote:3/3;typed_sources:3;caller_or_callee	1	2	101
0049fd03	FUN_0049fd03	backend_dataflow__helper_0049fd03	class_associated_helper	0.690		backend_dataflow@0x00b0e82c		callgraph_vote:3/3;typed_sources:3;caller_or_callee	1	2	104
0049fd6b	FUN_0049fd6b	backend_dataflow__helper_0049fd6b	class_associated_helper	0.690		backend_dataflow@0x00b0e82c		callgraph_vote:3/3;typed_sources:3;caller_or_callee	1	1	62
004a5ea3	FUN_004a5ea3	operand_parser__helper_004a5ea3	class_associated_helper	0.690		operand_parser@0x00b0c7cc		callgraph_vote:3/3;typed_sources:3;caller_or_callee	1	3	113
004a5f89	FUN_004a5f89	operand_parser__helper_004a5f89	class_associated_helper	0.690		operand_parser@0x00b0c7cc		callgraph_vote:3/3;typed_sources:3;caller_or_callee	1	3	176
004ac887	FUN_004ac887	operand_parser__helper_004ac887	class_associated_helper	0.690		operand_parser@0x00b0c7cc		callgraph_vote:3/5;typed_sources:3;caller_or_callee	6	2	84
004c88e3	FUN_004c88e3	Checker__helper_004c88e3	class_associated_helper	0.690		Checker@0x00aff4ec		callgraph_vote:3/3;typed_sources:3;caller_or_callee	4	0	103
004d3338	FUN_004d3338	backend_dataflow__helper_004d3338	class_associated_helper	0.690		backend_dataflow@0x00b0e82c		callgraph_vote:3/3;typed_sources:3;caller_or_callee	1	1	30
004d6025	FUN_004d6025	Checker__helper_004d6025	class_associated_helper	0.690		Checker@0x00aff4ec		callgraph_vote:3/4;typed_sources:3;caller_or_callee	7	1	91
004d86f0	FUN_004d86f0	operand_parser__helper_004d86f0	class_associated_helper	0.690		operand_parser@0x00b0c7cc		callgraph_vote:3/4;typed_sources:3;caller_or_callee	1	1	64
004da8ab	FUN_004da8ab	objectdata__helper_004da8ab	class_associated_helper	0.690		objectdata@0x00ace1d0		callgraph_vote:3/5;typed_sources:3;caller_or_callee	11	0	93
004dc7c6	FUN_004dc7c6	operand_parser__helper_004dc7c6	class_associated_helper	0.690		operand_parser@0x00b0c7cc		callgraph_vote:3/5;typed_sources:3;caller_or_callee	3	3	210
004e15d5	FUN_004e15d5	std_exception__helper_004e15d5	class_associated_helper	0.690		std_exception@0x00ace628		callgraph_vote:3/5;typed_sources:3;caller_or_callee	1	0	87
004e55cc	FUN_004e55cc	operand_parser__helper_004e55cc	class_associated_helper	0.690		operand_parser@0x00b0c7cc		callgraph_vote:3/5;typed_sources:3;caller_or_callee	62	2	164
004f6adc	FUN_004f6adc	Checker__helper_004f6adc	class_associated_helper	0.690		Checker@0x00aff4ec		callgraph_vote:3/3;typed_sources:3;caller_or_callee	5	2	106
00511ab9	FUN_00511ab9	Checker__helper_00511ab9	class_associated_helper	0.690		Checker@0x00aff4ec		callgraph_vote:3/3;typed_sources:3;caller_or_callee	1	1	150
00520f10	FUN_00520f10	list_scheduler__helper_00520f10	class_associated_helper	0.690		list_scheduler@0x00b0c0e4		callgraph_vote:3/4;typed_sources:3;caller_or_callee	17	0	230
005339c3	FUN_005339c3	InterblockDf__helper_005339c3	class_associated_helper	0.690		InterblockDf@0x00acf300		callgraph_vote:3/3;typed_sources:3;caller_or_callee	1	2	80
005392b1	FUN_005392b1	AliasAnalyzer__helper_005392b1	class_associated_helper	0.690		AliasAnalyzer@0x00aff0cc		callgraph_vote:3/5;typed_sources:3;caller_or_callee	6	2	87
00544b22	FUN_00544b22	AliasAnalyzer__helper_00544b22	class_associated_helper	0.690		AliasAnalyzer@0x00aff0cc		callgraph_vote:3/3;typed_sources:3;caller_or_callee	1	2	100
0055dd9b	FUN_0055dd9b	backend_dataflow__helper_0055dd9b	class_associated_helper	0.690		backend_dataflow@0x00b0e82c		callgraph_vote:3/5;typed_sources:3;caller_or_callee	1	5	458
00574096	FUN_00574096	operand_parser__helper_00574096	class_associated_helper	0.690		operand_parser@0x00b0c7cc		callgraph_vote:3/4;typed_sources:3;caller_or_callee	1	3	176
0057ee68	FUN_0057ee68	Checker__helper_0057ee68	class_associated_helper	0.690		Checker@0x00aff4ec		callgraph_vote:3/3;typed_sources:3;caller_or_callee	1	2	220
0057f048	FUN_0057f048	Checker__helper_0057f048	class_associated_helper	0.690		Checker@0x00aff4ec		callgraph_vote:3/3;typed_sources:3;caller_or_callee	1	3	208
00589b13	FUN_00589b13	AliasAnalyzer__helper_00589b13	class_associated_helper	0.690		AliasAnalyzer@0x00aff0cc		callgraph_vote:3/4;typed_sources:3;caller_or_callee	1	2	126
0058f5ec	FUN_0058f5ec	AliasAnalyzer__helper_0058f5ec	class_associated_helper	0.690		AliasAnalyzer@0x00aff0cc		callgraph_vote:3/4;typed_sources:3;caller_or_callee	1	5	891
0059cca3	FUN_0059cca3	OutputGen__helper_0059cca3	class_associated_helper	0.690		OutputGen@0x00b12800		callgraph_vote:3/4;typed_sources:3;caller_or_callee	19	1	38
0059e8d5	FUN_0059e8d5	std_exception__helper_0059e8d5	class_associated_helper	0.690		std_exception@0x00b10f10		callgraph_vote:3/5;typed_sources:3;caller_or_callee	5	1	93
005a3078	FUN_005a3078	operand_parser__helper_005a3078	class_associated_helper	0.690		operand_parser@0x00b0c7cc		callgraph_vote:3/3;typed_sources:3;caller_or_callee	0	1	19
005a371e	FUN_005a371e	operand_parser__helper_005a371e	class_associated_helper	0.690		operand_parser@0x00b0c7cc		callgraph_vote:3/3;typed_sources:3;caller_or_callee	0	2	87
005a3775	FUN_005a3775	operand_parser__helper_005a3775	class_associated_helper	0.690		operand_parser@0x00b0c7cc		callgraph_vote:3/3;typed_sources:3;caller_or_callee	5	2	87
005b0f16	FUN_005b0f16	operand_parser__helper_005b0f16	class_associated_helper	0.690		operand_parser@0x00b0c7cc		callgraph_vote:3/3;typed_sources:3;caller_or_callee	0	2	375
005c25b1	FUN_005c25b1	objectdata__helper_005c25b1	class_associated_helper	0.690		objectdata@0x00ace1d0		callgraph_vote:3/4;typed_sources:3;caller_or_callee	1	7	457
005cc660	FUN_005cc660	AliasAnalyzer__helper_005cc660	class_associated_helper	0.690		AliasAnalyzer@0x00aff0cc		callgraph_vote:3/5;typed_sources:3;caller_or_callee	4	1	132
005d10a5	FUN_005d10a5	AliasAnalyzer__helper_005d10a5	class_associated_helper	0.690		AliasAnalyzer@0x00aff0cc		callgraph_vote:3/3;typed_sources:3;caller_or_callee	3	0	68
005d10e9	FUN_005d10e9	AliasAnalyzer__helper_005d10e9	class_associated_helper	0.690		AliasAnalyzer@0x00aff0cc		callgraph_vote:3/4;typed_sources:3;caller_or_callee	1	1	43
005da218	FUN_005da218	AliasAnalyzer__helper_005da218	class_associated_helper	0.690		AliasAnalyzer@0x00aff0cc		callgraph_vote:3/5;typed_sources:3;caller_or_callee	1	3	122
005f3c11	FUN_005f3c11	AliasAnalyzer__helper_005f3c11	class_associated_helper	0.690		AliasAnalyzer@0x00aff0cc		callgraph_vote:3/5;typed_sources:3;caller_or_callee	1	1	39
005f8880	FUN_005f8880	AliasAnalyzer__helper_005f8880	class_associated_helper	0.690		AliasAnalyzer@0x00aff0cc		callgraph_vote:3/3;typed_sources:3;caller_or_callee	1	2	127
006007e7	FUN_006007e7	operand_parser__helper_006007e7	class_associated_helper	0.690		operand_parser@0x00b0c7cc		callgraph_vote:3/3;typed_sources:3;caller_or_callee	10	2	338
00600f28	FUN_00600f28	operand_parser__helper_00600f28	class_associated_helper	0.690		operand_parser@0x00b0c7cc		callgraph_vote:3/3;typed_sources:3;caller_or_callee	1	2	209
0066557f	FUN_0066557f	backend_dataflow__helper_0066557f	class_associated_helper	0.690		backend_dataflow@0x00b0e82c		callgraph_vote:3/4;typed_sources:3;caller_or_callee	3	2	130
0066d351	FUN_0066d351	backend_dataflow__helper_0066d351	class_associated_helper	0.690		backend_dataflow@0x00b0e82c		callgraph_vote:3/4;typed_sources:3;caller_or_callee	1	4	171
0066efc1	FUN_0066efc1	backend_dataflow__helper_0066efc1	class_associated_helper	0.690		backend_dataflow@0x00b0e82c		callgraph_vote:3/4;typed_sources:3;caller_or_callee	2	4	346
0067997d	FUN_0067997d	var_disjointsets__helper_0067997d	class_associated_helper	0.690		var_disjointsets@0x00b0d3e8		callgraph_vote:3/3;typed_sources:3;caller_or_callee	1	4	161
0067c59c	FUN_0067c59c	backend_dataflow__helper_0067c59c	class_associated_helper	0.690		backend_dataflow@0x00b0e82c		callgraph_vote:3/5;typed_sources:3;caller_or_callee	7	1	58
0067c5d6	FUN_0067c5d6	backend_dataflow__helper_0067c5d6	class_associated_helper	0.690		backend_dataflow@0x00b0e82c		callgraph_vote:3/5;typed_sources:3;caller_or_callee	9	1	58
00687ce9	FUN_00687ce9	backend_dataflow__helper_00687ce9	class_associated_helper	0.690		backend_dataflow@0x00b0e82c		callgraph_vote:3/3;typed_sources:3;caller_or_callee	1	2	101
00699814	FUN_00699814	backend_dataflow__helper_00699814	class_associated_helper	0.690		backend_dataflow@0x00b0e82c		callgraph_vote:3/4;typed_sources:3;caller_or_callee	2	3	247
0069b760	FUN_0069b760	backend_dataflow__helper_0069b760	class_associated_helper	0.690		backend_dataflow@0x00b0e82c		callgraph_vote:3/5;typed_sources:3;caller_or_callee	1	4	756
006a2c0e	FUN_006a2c0e	backend_dataflow__helper_006a2c0e	class_associated_helper	0.690		backend_dataflow@0x00b0e82c		callgraph_vote:3/5;typed_sources:3;caller_or_callee	1	1	186
006a6ebc	FUN_006a6ebc	Checker__helper_006a6ebc	class_associated_helper	0.690		Checker@0x00aff4ec		callgraph_vote:3/3;typed_sources:3;caller_or_callee	4	2	93
006a7ca7	FUN_006a7ca7	backend_dataflow__helper_006a7ca7	class_associated_helper	0.690		backend_dataflow@0x00b0e82c		callgraph_vote:3/3;typed_sources:3;caller_or_callee	1	1	147
006a8166	FUN_006a8166	backend_dataflow__helper_006a8166	class_associated_helper	0.690		backend_dataflow@0x00b0e82c		callgraph_vote:3/3;typed_sources:3;caller_or_callee	3	1	89
006a9b74	FUN_006a9b74	objectdata__helper_006a9b74	class_associated_helper	0.690		objectdata@0x00ace1d0		callgraph_vote:3/3;typed_sources:3;caller_or_callee	1	2	953
006b049e	FUN_006b049e	backend_dataflow__helper_006b049e	class_associated_helper	0.690		backend_dataflow@0x00b0e82c		callgraph_vote:3/4;typed_sources:3;caller_or_callee	8	3	182
006b0554	FUN_006b0554	operand_parser__helper_006b0554	class_associated_helper	0.690		operand_parser@0x00b0c7cc		callgraph_vote:3/3;typed_sources:3;caller_or_callee	7	2	176
006b1096	FUN_006b1096	backend_dataflow__helper_006b1096	class_associated_helper	0.690		backend_dataflow@0x00b0e82c		callgraph_vote:3/3;typed_sources:3;caller_or_callee	2	1	64
006b13d6	FUN_006b13d6	backend_dataflow__helper_006b13d6	class_associated_helper	0.690		backend_dataflow@0x00b0e82c		callgraph_vote:3/5;typed_sources:3;caller_or_callee	1	3	245
006b21d1	FUN_006b21d1	backend_dataflow__helper_006b21d1	class_associated_helper	0.690		backend_dataflow@0x00b0e82c		callgraph_vote:3/4;typed_sources:3;caller_or_callee	9	1	157
006b2a7f	FUN_006b2a7f	backend_dataflow__helper_006b2a7f	class_associated_helper	0.690		backend_dataflow@0x00b0e82c		callgraph_vote:3/3;typed_sources:3;caller_or_callee	2	0	104
006b3053	FUN_006b3053	backend_dataflow__helper_006b3053	class_associated_helper	0.690		backend_dataflow@0x00b0e82c		callgraph_vote:3/5;typed_sources:3;caller_or_callee	2	1	112
006b30c3	FUN_006b30c3	backend_dataflow__helper_006b30c3	class_associated_helper	0.690		backend_dataflow@0x00b0e82c		callgraph_vote:3/5;typed_sources:3;caller_or_callee	1	2	63
006b3102	FUN_006b3102	backend_dataflow__helper_006b3102	class_associated_helper	0.690		backend_dataflow@0x00b0e82c		callgraph_vote:3/5;typed_sources:3;caller_or_callee	1	1	21
006b313d	FUN_006b313d	backend_dataflow__helper_006b313d	class_associated_helper	0.690		backend_dataflow@0x00b0e82c		callgraph_vote:3/5;typed_sources:3;caller_or_callee	4	2	63
006b317c	FUN_006b317c	backend_dataflow__helper_006b317c	class_associated_helper	0.690		backend_dataflow@0x00b0e82c		callgraph_vote:3/5;typed_sources:3;caller_or_callee	3	4	131
006b8174	FUN_006b8174	backend_dataflow__helper_006b8174	class_associated_helper	0.690		backend_dataflow@0x00b0e82c		callgraph_vote:3/4;typed_sources:3;caller_or_callee	1	4	264
006b8aed	FUN_006b8aed	backend_dataflow__helper_006b8aed	class_associated_helper	0.690		backend_dataflow@0x00b0e82c		callgraph_vote:3/5;typed_sources:3;caller_or_callee	0	1	29
006b9bdb	FUN_006b9bdb	backend_dataflow__helper_006b9bdb	class_associated_helper	0.690		backend_dataflow@0x00b0e82c		callgraph_vote:3/4;typed_sources:3;caller_or_callee	3	2	168
006ba171	FUN_006ba171	backend_dataflow__helper_006ba171	class_associated_helper	0.690		backend_dataflow@0x00b0e82c		callgraph_vote:3/5;typed_sources:3;caller_or_callee	7	2	88
006ba38f	FUN_006ba38f	operand_parser__helper_006ba38f	class_associated_helper	0.690		operand_parser@0x00b0c7cc		callgraph_vote:3/4;typed_sources:3;caller_or_callee	19	2	261
006bfe8d	FUN_006bfe8d	operand_parser__helper_006bfe8d	class_associated_helper	0.690		operand_parser@0x00b0c7cc		callgraph_vote:3/3;typed_sources:3;caller_or_callee	1	1	24
006c08e8	FUN_006c08e8	backend_dataflow__helper_006c08e8	class_associated_helper	0.690		backend_dataflow@0x00b0e82c		callgraph_vote:3/5;typed_sources:3;caller_or_callee	0	2	108
006c5c7a	FUN_006c5c7a	Checker__helper_006c5c7a	class_associated_helper	0.690		Checker@0x00aff4ec		callgraph_vote:3/3;typed_sources:3;caller_or_callee	1	2	92
006cb007	FUN_006cb007	backend_dataflow__helper_006cb007	class_associated_helper	0.690		backend_dataflow@0x00b0e82c		callgraph_vote:3/3;typed_sources:3;caller_or_callee	3	1	58
006cbc86	FUN_006cbc86	Checker__helper_006cbc86	class_associated_helper	0.690		Checker@0x00aff4ec		callgraph_vote:3/3;typed_sources:3;caller_or_callee	2	3	227
006ce9b0	FUN_006ce9b0	backend_dataflow__helper_006ce9b0	class_associated_helper	0.690		backend_dataflow@0x00b0e82c		callgraph_vote:3/5;typed_sources:3;caller_or_callee	1	3	276
006cf546	FUN_006cf546	backend_dataflow__helper_006cf546	class_associated_helper	0.690		backend_dataflow@0x00b0e82c		callgraph_vote:3/4;typed_sources:3;caller_or_callee	4	4	89
006dba62	FUN_006dba62	backend_dataflow__helper_006dba62	class_associated_helper	0.690		backend_dataflow@0x00b0e82c		callgraph_vote:3/4;typed_sources:3;caller_or_callee	2	1	278
006dbb78	FUN_006dbb78	backend_dataflow__helper_006dbb78	class_associated_helper	0.690		backend_dataflow@0x00b0e82c		callgraph_vote:3/4;typed_sources:3;caller_or_callee	0	2	340
006f8c48	FUN_006f8c48	backend_dataflow__helper_006f8c48	class_associated_helper	0.690		backend_dataflow@0x00b0e82c		callgraph_vote:3/3;typed_sources:3;caller_or_callee	7	2	88
006fc2ae	FUN_006fc2ae	InterblockDf__helper_006fc2ae	class_associated_helper	0.690		InterblockDf@0x00b0d908		callgraph_vote:3/5;typed_sources:3;caller_or_callee	19	2	68
00702029	FUN_00702029	operand_parser__helper_00702029	class_associated_helper	0.690		operand_parser@0x00b0c7cc		callgraph_vote:3/3;typed_sources:3;caller_or_callee	1	3	176
00707051	FUN_00707051	backend_dataflow__helper_00707051	class_associated_helper	0.690		backend_dataflow@0x00b0e82c		callgraph_vote:3/3;typed_sources:3;caller_or_callee	1	3	206
0070ffdf	FUN_0070ffdf	operand_parser__helper_0070ffdf	class_associated_helper	0.690		operand_parser@0x00b0c7cc		callgraph_vote:3/3;typed_sources:3;caller_or_callee	1	2	366
00716d40	FUN_00716d40	alloc_table__helper_00716d40	class_associated_helper	0.690		alloc_table@0x00b0a500		callgraph_vote:3/3;typed_sources:3;caller_or_callee	1	1	109
0071e90a	FUN_0071e90a	alloc_table__helper_0071e90a	class_associated_helper	0.690		alloc_table@0x00b0a500		callgraph_vote:3/3;typed_sources:3;caller_or_callee	2	0	147
0071e99d	FUN_0071e99d	alloc_table__helper_0071e99d	class_associated_helper	0.690		alloc_table@0x00b0a500		callgraph_vote:3/3;typed_sources:3;caller_or_callee	2	0	57
0073c1a1	FUN_0073c1a1	backend_dataflow__helper_0073c1a1	class_associated_helper	0.690		backend_dataflow@0x00b0e82c		callgraph_vote:3/5;typed_sources:3;caller_or_callee	2	3	152
0074ee9a	FUN_0074ee9a	backend_dataflow__helper_0074ee9a	class_associated_helper	0.690		backend_dataflow@0x00b0e82c		callgraph_vote:3/4;typed_sources:3;caller_or_callee	7	0	133
0074ef1f	FUN_0074ef1f	backend_dataflow__helper_0074ef1f	class_associated_helper	0.690		backend_dataflow@0x00b0e82c		callgraph_vote:3/4;typed_sources:3;caller_or_callee	1	0	134
0074f4d2	FUN_0074f4d2	backend_dataflow__helper_0074f4d2	class_associated_helper	0.690		backend_dataflow@0x00b0e82c		callgraph_vote:3/4;typed_sources:3;caller_or_callee	6	1	254
00764942	FUN_00764942	backend_dataflow__helper_00764942	class_associated_helper	0.690		backend_dataflow@0x00b0e82c		callgraph_vote:3/3;typed_sources:3;caller_or_callee	1	1	122
00772670	FUN_00772670	backend_dataflow__helper_00772670	class_associated_helper	0.690		backend_dataflow@0x00b0e82c		callgraph_vote:3/3;typed_sources:3;caller_or_callee	1	2	92
00773890	FUN_00773890	InterblockDf__helper_00773890	class_associated_helper	0.690		InterblockDf@0x00b0d908		callgraph_vote:3/3;typed_sources:3;caller_or_callee	4	1	70
007759f5	FUN_007759f5	InterblockDf__helper_007759f5	class_associated_helper	0.690		InterblockDf@0x00b0d908		callgraph_vote:3/3;typed_sources:3;caller_or_callee	1	0	36
007942d4	FUN_007942d4	std_exception__helper_007942d4	class_associated_helper	0.690		std_exception@0x00b0f5dc		callgraph_vote:3/5;typed_sources:3;caller_or_callee	1	1	75
007959e3	FUN_007959e3	std_exception__helper_007959e3	class_associated_helper	0.690		std_exception@0x00b10f10		callgraph_vote:3/3;typed_sources:3;caller_or_callee	1	0	92
009942bb	FUN_009942bb	objectdata__helper_009942bb	class_associated_helper	0.690		objectdata@0x00ace1d0		callgraph_vote:3/5;typed_sources:3;caller_or_callee	28	2	58
0099c226	FUN_0099c226	objectdata__helper_0099c226	class_associated_helper	0.690		objectdata@0x00ace1d0		callgraph_vote:3/4;typed_sources:3;caller_or_callee	1	1	10
0099ed51	FUN_0099ed51	objectdata__helper_0099ed51	class_associated_helper	0.690		objectdata@0x00ace1d0		callgraph_vote:3/5;typed_sources:3;caller_or_callee	1	10	352
009a040b	FUN_009a040b	backend_dataflow__helper_009a040b	class_associated_helper	0.690		backend_dataflow@0x00b0e82c		callgraph_vote:3/4;typed_sources:3;caller_or_callee	1	7	1145
00a07f8a	FUN_00a07f8a	std_exception__helper_00a07f8a	class_associated_helper	0.690		std_exception@0x00b0f5dc		callgraph_vote:3/5;typed_sources:3;caller_or_callee	1	3	773
00a10822	FUN_00a10822	operand_parser__helper_00a10822	class_associated_helper	0.690		operand_parser@0x00b0c7cc		callgraph_vote:3/4;typed_sources:3;caller_or_callee	1	6	341
00a2d62d	FUN_00a2d62d	operand_parser__helper_00a2d62d	class_associated_helper	0.690		operand_parser@0x00b0c7cc		callgraph_vote:3/3;typed_sources:3;caller_or_callee	0	6	235
00a3a8eb	FUN_00a3a8eb	std_exception__helper_00a3a8eb	class_associated_helper	0.690		std_exception@0x00b0f5dc		callgraph_vote:3/5;typed_sources:3;caller_or_callee	0	4	171
00a3a996	FUN_00a3a996	std_exception__helper_00a3a996	class_associated_helper	0.690		std_exception@0x00b0f5dc		callgraph_vote:3/5;typed_sources:3;caller_or_callee	2	4	171
00a3aaca	FUN_00a3aaca	std_exception__helper_00a3aaca	class_associated_helper	0.690		std_exception@0x00b0f5dc		callgraph_vote:3/5;typed_sources:3;caller_or_callee	1	4	194
00a4b63f	FUN_00a4b63f	operand_parser__helper_00a4b63f	class_associated_helper	0.690		operand_parser@0x00b0c7cc		callgraph_vote:3/3;typed_sources:3;caller_or_callee	0	2	44
00a4bb78	FUN_00a4bb78	std_exception__helper_00a4bb78	class_associated_helper	0.690		std_exception@0x00b0f5dc		callgraph_vote:3/5;typed_sources:3;caller_or_callee	3	3	139
00a503e4	FUN_00a503e4	operand_parser__helper_00a503e4	class_associated_helper	0.690		operand_parser@0x00b0c7cc		callgraph_vote:3/3;typed_sources:3;caller_or_callee	0	1	82
00a50436	FUN_00a50436	operand_parser__helper_00a50436	class_associated_helper	0.690		operand_parser@0x00b0c7cc		callgraph_vote:3/3;typed_sources:3;caller_or_callee	0	1	129
00a504b7	FUN_00a504b7	operand_parser__helper_00a504b7	class_associated_helper	0.690		operand_parser@0x00b0c7cc		callgraph_vote:3/3;typed_sources:3;caller_or_callee	4	2	205
00a505d6	FUN_00a505d6	operand_parser__helper_00a505d6	class_associated_helper	0.690		operand_parser@0x00b0c7cc		callgraph_vote:3/3;typed_sources:3;caller_or_callee	0	1	84
00a7e730	FUN_00a7e730	std_exception__helper_00a7e730	class_associated_helper	0.690		std_exception@0x00b0f5dc		callgraph_vote:3/5;typed_sources:3;caller_or_callee	1	1	312
0042226d	FUN_0042226d	typed_init_site_0042226d	typed_object_initialization_site	0.680	std::exception;std::logic_error;std::out_of_range	std_exception@0x00abf270		direct_vtable_header_or_vptr_refs:3;write_order:std::exception>std::logic_error>std::out_of_range	1	14	3008
004aad62	FUN_004aad62	typed_init_site_004aad62	typed_object_initialization_site	0.680	objectdata;objectdata_arithifi;objectdata_arrayop;objectdata_block;objectdata_call;objectdata_casm;objectdata_commentop;objectdata_complexop;objectdata_compoundop;objectdata_data;objectdata_dot;objectdata_entryop;objectdata_floatconst;objectdata_fourop;objectdata_generic;objectdata_ifop;objectdata_leavescope;objectdata_lineop;objectdata_magictype;objectdata_predcode;objectdata_qaddrs;objectdata_qindex;objectdata_qjcond;objectdata_qjmp;objectdata_qjtab;objectdata_recordtyp;objectdata_rouconstr;objectdata_scalconst;objectdata_startscope;objectdata_statexpr;objectdata_statfunc;objectdata_strconst;objectdata_subrangeop;objectdata_twoop;objectdata_varfield;objectdata_variable;objectdata_vectorop	objectdata@0x00ace1d0		direct_vtable_header_or_vptr_refs:37;write_order:objectdata>objectdata_twoop>objectdata_variable>objectdata_rouconstr>objectdata_subrangeop>objectdata_varfield>objectdata_recordtyp>objectdata_floatconst>objectdata_strconst>objectdata_data>objectdata_block>objectdata_lineop>objectdata_commentop>objectdata_startscope>objectdata_leavescope>objectdata_casm>objectdata_arrayop>objectdata_vectorop>objectdata_qindex>objectdata_dot>objectdata_call>objectdata_qaddrs>objectdata_generic>objectdata_scalconst>objectdata_qjcond>objectdata_qjmp>objectdata_qjtab>objectdata_arithifi>objectdata_ifop>objectdata_complexop>objectdata_entryop>objectdata_statfunc>objectdata_fourop>objectdata_magictype>objectdata_compoundop>objectdata_predcode>objectdata_statexpr	118	11	6422
004f31ef	FUN_004f31ef	typed_init_site_004f31ef	typed_object_initialization_site	0.680	objectdata;objectdata_rouconstr	objectdata@0x00ace1d0		direct_vtable_header_or_vptr_refs:2;write_order:objectdata>objectdata_rouconstr	1	8	3404
00500fbc	run_liveness_dataflow	typed_init_site_00500fbc	typed_object_initialization_site	0.680	InterblockDf;LivenessDf;PostLivenessDf;TouchesDf	InterblockDf@0x00acf300		direct_vtable_header_or_vptr_refs:4;write_order:InterblockDf>TouchesDf>LivenessDf>PostLivenessDf	2	5	431
00526df0	FUN_00526df0	typed_init_site_00526df0	typed_object_initialization_site	0.680	objectdata;objectdata_rouconstr;objectdata_variable	objectdata@0x00ace1d0		direct_vtable_header_or_vptr_refs:3;write_order:objectdata>objectdata_variable>objectdata_rouconstr	27	38	4197
005592d9	FUN_005592d9	typed_init_site_005592d9	typed_object_initialization_site	0.680	objectdata;objectdata_twoop	objectdata@0x00ace1d0		direct_vtable_header_or_vptr_refs:2;write_order:objectdata>objectdata_twoop	2	33	4856
00576bbe	FUN_00576bbe	typed_init_site_00576bbe	typed_object_initialization_site	0.680	objectdata;objectdata_twoop	objectdata@0x00ace1d0		direct_vtable_header_or_vptr_refs:2;write_order:objectdata>objectdata_twoop	2	12	2210
005bac03	FUN_005bac03	typed_init_site_005bac03	typed_object_initialization_site	0.680	backend_basetype;backend_dataflow	backend_dataflow@0x00b0e82c		direct_vtable_header_or_vptr_refs:2;write_order:backend_dataflow>backend_basetype	1	3	6455
005da342	FUN_005da342	typed_init_site_005da342	typed_object_initialization_site	0.680	DelayedDf;DownSafetyDf;EarliestDf;FinalDf;GcseFinalDf;GcseLiveDf;GcseSelectDf;InterblockDf;IsolatedDf;LatestDf;UpSafetyDf	InterblockDf@0x00afd5b8		direct_vtable_header_or_vptr_refs:11;write_order:InterblockDf>UpSafetyDf>GcseSelectDf>GcseLiveDf>GcseFinalDf>DownSafetyDf>EarliestDf>DelayedDf>IsolatedDf>LatestDf>FinalDf	2	15	4271
005e7ea4	FUN_005e7ea4	typed_init_site_005e7ea4	typed_object_initialization_site	0.680	AliasAnalyzer	AliasAnalyzer@0x00aff0cc		direct_vtable_header_or_vptr_refs:1;write_order:AliasAnalyzer	1	33	2588
005f4329	FUN_005f4329	typed_init_site_005f4329	typed_object_initialization_site	0.680	AliasAnalyzer;TimeAccurateAliasAnalyzer	AliasAnalyzer@0x00aff0cc		direct_vtable_header_or_vptr_refs:2;write_order:AliasAnalyzer>TimeAccurateAliasAnalyzer	2	39	2452
005f6efe	FUN_005f6efe	typed_init_site_005f6efe	typed_object_initialization_site	0.680	AliasAnalyzer;FCEReachingWriteDf;InterblockDf	AliasAnalyzer@0x00aff0cc;InterblockDf@0x00afd5b8		direct_vtable_header_or_vptr_refs:3;write_order:AliasAnalyzer>InterblockDf>FCEReachingWriteDf	1	21	2514
005f7add	FUN_005f7add	typed_init_site_005f7add	typed_object_initialization_site	0.680	AliasAnalyzer	AliasAnalyzer@0x00aff0cc		direct_vtable_header_or_vptr_refs:1;write_order:AliasAnalyzer	2	39	3315
005f8f9f	FUN_005f8f9f	typed_init_site_005f8f9f	typed_object_initialization_site	0.680	AliasAnalyzer	AliasAnalyzer@0x00aff0cc		direct_vtable_header_or_vptr_refs:1;write_order:AliasAnalyzer	1	21	2322
005faf93	FUN_005faf93	typed_init_site_005faf93	typed_object_initialization_site	0.680	AliasAnalyzer	AliasAnalyzer@0x00aff0cc		direct_vtable_header_or_vptr_refs:1;write_order:AliasAnalyzer	1	30	2030
005fc5a6	FUN_005fc5a6	typed_init_site_005fc5a6	typed_object_initialization_site	0.680	AliasAnalyzer;CopyPropDf;InterblockDf;TimeAccurateAliasAnalyzer	AliasAnalyzer@0x00aff0cc;InterblockDf@0x00afd5b8		direct_vtable_header_or_vptr_refs:4;write_order:InterblockDf>CopyPropDf>AliasAnalyzer>TimeAccurateAliasAnalyzer	0	25	2277
005fce8b	FUN_005fce8b	typed_init_site_005fce8b	typed_object_initialization_site	0.680	HoistAvailDf;HoistDelayDf;HoistFinal2Df;HoistFinal3Df;HoistFinalDf;HoistHelpfulDf;HoistRedundantDf;HoistUsableDf;InterblockDf	InterblockDf@0x00afd5b8		direct_vtable_header_or_vptr_refs:9;write_order:InterblockDf>HoistAvailDf>HoistHelpfulDf>HoistRedundantDf>HoistFinalDf>HoistDelayDf>HoistFinal2Df>HoistUsableDf>HoistFinal3Df	0	3	2261
006137ae	FUN_006137ae	typed_init_site_006137ae	typed_object_initialization_site	0.680	objectdata;objectdata_twoop	objectdata@0x00ace1d0		direct_vtable_header_or_vptr_refs:2;write_order:objectdata>objectdata_twoop	1	15	4363
00618c72	FUN_00618c72	typed_init_site_00618c72	typed_object_initialization_site	0.680	Checker;CheckerIntState;CheckerIntStateAll;NoReturnChecker	Checker@0x00aff4ec		direct_vtable_header_or_vptr_refs:4;write_order:Checker>CheckerIntState>CheckerIntStateAll>NoReturnChecker	3	77	8029
0061b062	FUN_0061b062	typed_init_site_0061b062	typed_object_initialization_site	0.680	AliasAnalyzer;Checker;CheckerFlow;CheckerIntState;CheckerIntStateAll;CheckerIntStateLValue;CheckerIntStateSafevar;CheckerLValue;ConstChecker;DerefNULLChecker;EquivChecker;FreeChecker;FreeCheckerBackwards;InterblockDf;LocalScopeChecker;MemLeakChecker;MemLeakCheckerBackwards;NULLCheckChecker;NULLCheckCheckerBackwards;NULLCheckDerefChecker;NewArrayChecker;NewSingleChecker;NoFlowChecker;RangeChecker;ReadOnlyWriteChecker;StrictUninitChecker;UninitMemChecker;UninitReadChecker;UninitReadCheckerBackwards;UnreadChecker;UnreadCheckerBackwards	AliasAnalyzer@0x00aff0cc;Checker@0x00aff4ec;InterblockDf@0x00aff4ac		direct_vtable_header_or_vptr_refs:31;write_order:AliasAnalyzer>InterblockDf>CheckerFlow>Checker>CheckerLValue>ConstChecker>EquivChecker>UninitMemChecker>RangeChecker>CheckerIntState>CheckerIntStateSafevar>MemLeakChecker>MemLeakCheckerBackwards>CheckerIntStateLValue>NULLCheckChecker>NULLCheckCheckerBackwards>CheckerIntStateAll>FreeChecker>FreeCheckerBackwards>DerefNULLChecker>LocalScopeChecker>ReadOnlyWriteChecker>NewSingleChecker>NewArrayChecker>UnreadChecker>UnreadCheckerBackwards>NULLCheckDerefChecker>UninitReadChecker>UninitReadCheckerBackwards>NoFlowChecker>StrictUninitChecker	0	5	3775
0061e640	FUN_0061e640	typed_init_site_0061e640	typed_object_initialization_site	0.680	peep_transformer;pt_alias;pt_condcodes;pt_const;pt_dead	peep_transformer@0x00b01e58		direct_vtable_header_or_vptr_refs:5;write_order:peep_transformer>pt_condcodes>pt_dead>pt_alias>pt_const	2	1	470
0066a370	FUN_0066a370	typed_init_site_0066a370	typed_object_initialization_site	0.680	vn_advisor_consol;vn_advisor_consoladd;vn_advisor_consolshift	vn_advisor@0x00b053a8		direct_vtable_header_or_vptr_refs:3;write_order:vn_advisor_consol>vn_advisor_consoladd>vn_advisor_consolshift	0	1	1270
006c6104	FUN_006c6104	typed_init_site_006c6104	typed_object_initialization_site	0.680	std::exception;std::logic_error;std::out_of_range	std_exception@0x00b06c6c		direct_vtable_header_or_vptr_refs:3;write_order:std::exception>std::logic_error>std::out_of_range	1	14	2148
0077233a	FUN_0077233a	typed_init_site_0077233a	typed_object_initialization_site	0.680	IndDataFlow;InterblockDf;RBBkwdDataFlow;RBFwdDataFlow;RegReNameBkwdDataFlow	InterblockDf@0x00b0d908		direct_vtable_header_or_vptr_refs:5;write_order:InterblockDf>IndDataFlow>RBFwdDataFlow>RBBkwdDataFlow>RegReNameBkwdDataFlow	0	3	750
00779d93	FUN_00779d93	typed_init_site_00779d93	typed_object_initialization_site	0.680	IndDataFlow;InterblockDf;VNFwdDataFlow	InterblockDf@0x00b0d908;InterblockDf@0x00b0e91c		direct_vtable_header_or_vptr_refs:3;write_order:InterblockDf>IndDataFlow>VNFwdDataFlow	1	4	206
00788e7a	FUN_00788e7a	typed_init_site_00788e7a	typed_object_initialization_site	0.680	std::exception;std::length_error;std::logic_error	std_exception@0x00b0f5dc		direct_vtable_header_or_vptr_refs:3;write_order:std::exception>std::logic_error>std::length_error	2	15	1579
007894a5	FUN_007894a5	typed_init_site_007894a5	typed_object_initialization_site	0.680	std::exception;std::length_error;std::logic_error	std_exception@0x00b0f5dc		direct_vtable_header_or_vptr_refs:3;write_order:std::exception>std::logic_error>std::length_error	1	15	1579
00789ad0	FUN_00789ad0	typed_init_site_00789ad0	typed_object_initialization_site	0.680	std::exception;std::length_error;std::logic_error	std_exception@0x00b0f5dc		direct_vtable_header_or_vptr_refs:3;write_order:std::exception>std::logic_error>std::length_error	3	15	1579
007928f3	FUN_007928f3	typed_init_site_007928f3	typed_object_initialization_site	0.680	std::exception;std::logic_error;std::out_of_range	std_exception@0x00b10f10		direct_vtable_header_or_vptr_refs:3;write_order:std::exception>std::logic_error>std::out_of_range	1	15	2167
007932a3	FUN_007932a3	typed_init_site_007932a3	typed_object_initialization_site	0.680	std::exception;std::length_error;std::logic_error	std_exception@0x00b10f10		direct_vtable_header_or_vptr_refs:3;write_order:std::exception>std::logic_error>std::length_error	2	13	1673
0079392c	FUN_0079392c	typed_init_site_0079392c	typed_object_initialization_site	0.680	std::exception;std::length_error;std::logic_error	std_exception@0x00b10f10		direct_vtable_header_or_vptr_refs:3;write_order:std::exception>std::logic_error>std::length_error	1	13	1666
00794a30	FUN_00794a30	typed_init_site_00794a30	typed_object_initialization_site	0.680	std::exception;std::length_error;std::logic_error	std_exception@0x00b10f10		direct_vtable_header_or_vptr_refs:3;write_order:std::exception>std::logic_error>std::length_error	1	15	1579
0042215e	FUN_0042215e	backend_dataflow__helper_0042215e	class_associated_helper	0.630		backend_dataflow@0x00b0e82c		callgraph_vote:4/4;typed_sources:1;called_by_typed_method	1	0	9
0042774e	FUN_0042774e	backend_dataflow__helper_0042774e	class_associated_helper	0.630		backend_dataflow@0x00b0e82c		callgraph_vote:4/4;typed_sources:1;called_by_typed_method	3	1	236
0043463a	FUN_0043463a	backend_dataflow__helper_0043463a	class_associated_helper	0.630		backend_dataflow@0x00b0e82c		callgraph_vote:4/4;typed_sources:1;called_by_typed_method	1	0	97
00436941	FUN_00436941	backend_dataflow__helper_00436941	class_associated_helper	0.630		backend_dataflow@0x00b0e82c		callgraph_vote:4/4;typed_sources:1;called_by_typed_method	1	1	44
004377f2	FUN_004377f2	backend_dataflow__helper_004377f2	class_associated_helper	0.630		backend_dataflow@0x00b0e82c		callgraph_vote:4/4;typed_sources:1;called_by_typed_method	1	2	76
0043a180	FUN_0043a180	backend_dataflow__helper_0043a180	class_associated_helper	0.630		backend_dataflow@0x00b0e82c		callgraph_vote:4/4;typed_sources:1;called_by_typed_method	1	0	55
0045affb	FUN_0045affb	backend_dataflow__helper_0045affb	class_associated_helper	0.630		backend_dataflow@0x00b0e82c		callgraph_vote:4/4;typed_sources:1;called_by_typed_method	2	0	32
0046928f	FUN_0046928f	list_scheduler__helper_0046928f	class_associated_helper	0.630		list_scheduler@0x00b0c0e4		callgraph_vote:4/4;typed_sources:1;called_by_typed_method	6	0	190
004694eb	FUN_004694eb	InterblockDf__helper_004694eb	class_associated_helper	0.630		InterblockDf@0x00b0d908		callgraph_vote:4/5;typed_sources:1;called_by_typed_method	27	0	144
00469752	FUN_00469752	InterblockDf__helper_00469752	class_associated_helper	0.630		InterblockDf@0x00b0d908		callgraph_vote:4/6;typed_sources:1;called_by_typed_method	2	1	50
0046c73e	FUN_0046c73e	backend_dataflow__helper_0046c73e	class_associated_helper	0.630		backend_dataflow@0x00b0e82c		callgraph_vote:4/5;typed_sources:1;called_by_typed_method	2	1	46
0046fd7a	FUN_0046fd7a	backend_dataflow__helper_0046fd7a	class_associated_helper	0.630		backend_dataflow@0x00b0e82c		callgraph_vote:4/4;typed_sources:1;called_by_typed_method	3	0	29
00470325	FUN_00470325	backend_dataflow__helper_00470325	class_associated_helper	0.630		backend_dataflow@0x00b0e82c		callgraph_vote:4/4;typed_sources:1;called_by_typed_method	1	3	93
004727dd	FUN_004727dd	backend_dataflow__helper_004727dd	class_associated_helper	0.630		backend_dataflow@0x00b0e82c		callgraph_vote:4/4;typed_sources:1;called_by_typed_method	12	0	47
0048577a	FUN_0048577a	list_scheduler__helper_0048577a	class_associated_helper	0.630		list_scheduler@0x00b0c0e4		callgraph_vote:4/4;typed_sources:1;called_by_typed_method	4	3	166
00485829	FUN_00485829	list_scheduler__helper_00485829	class_associated_helper	0.630		list_scheduler@0x00b0c0e4		callgraph_vote:4/4;typed_sources:1;called_by_typed_method	3	2	202
0048617a	FUN_0048617a	ws_interface__helper_0048617a	class_associated_helper	0.630		ws_interface@0x00b0b7b8		callgraph_vote:4/4;typed_sources:1;called_by_typed_method	2	0	9
0048a890	FUN_0048a890	list_scheduler__helper_0048a890	class_associated_helper	0.630		list_scheduler@0x00b0c0e4		callgraph_vote:4/4;typed_sources:1;called_by_typed_method	1	0	140
0049ef8c	FUN_0049ef8c	backend_dataflow__helper_0049ef8c	class_associated_helper	0.630		backend_dataflow@0x00b0e82c		callgraph_vote:4/4;typed_sources:1;called_by_typed_method	1	0	41
004a23fc	FUN_004a23fc	backend_dataflow__helper_004a23fc	class_associated_helper	0.630		backend_dataflow@0x00b0e82c		callgraph_vote:4/5;typed_sources:1;called_by_typed_method	11	0	148
004b15d0	FUN_004b15d0	objectdata__helper_004b15d0	class_associated_helper	0.630		objectdata@0x00ace1d0		callgraph_vote:4/6;typed_sources:1;called_by_typed_method	20	0	157
004b169d	FUN_004b169d	objectdata__helper_004b169d	class_associated_helper	0.630		objectdata@0x00ace1d0		callgraph_vote:4/4;typed_sources:1;called_by_typed_method	16	0	190
004d7546	FUN_004d7546	ScavengingFixup__helper_004d7546	class_associated_helper	0.630		ScavengingFixup@0x00b0edf0		callgraph_vote:4/4;typed_sources:1;called_by_typed_method	3	1	151
004dc754	FUN_004dc754	operand_parser__helper_004dc754	class_associated_helper	0.630		operand_parser@0x00b0c7cc		callgraph_vote:4/4;typed_sources:1;called_by_typed_method	53	1	43
004dee70	FUN_004dee70	OutputGen__helper_004dee70	class_associated_helper	0.630		OutputGen@0x00b12800		callgraph_vote:4/4;typed_sources:1;called_by_typed_method	16	1	75
004e69f2	FUN_004e69f2	backend_dataflow__helper_004e69f2	class_associated_helper	0.630		backend_dataflow@0x00b0e82c		callgraph_vote:4/4;typed_sources:1;called_by_typed_method	26	1	95
004f3f3b	FUN_004f3f3b	objectdata__helper_004f3f3b	class_associated_helper	0.630		objectdata@0x00ace1d0		callgraph_vote:4/4;typed_sources:1;calls_typed_method	1	2	118
004ff61e	FUN_004ff61e	Checker__helper_004ff61e	class_associated_helper	0.630		Checker@0x00aff4ec		callgraph_vote:4/4;typed_sources:1;called_by_typed_method	2	0	66
004ff910	FUN_004ff910	var_multimap__helper_004ff910	class_associated_helper	0.630		var_multimap@0x00b0d3d8		callgraph_vote:4/4;typed_sources:1;called_by_typed_method	2	0	44
005000c7	FUN_005000c7	objectdata__helper_005000c7	class_associated_helper	0.630		objectdata@0x00ace1d0		callgraph_vote:4/4;typed_sources:1;called_by_typed_method	2	0	35
005000ea	FUN_005000ea	objectdata__helper_005000ea	class_associated_helper	0.630		objectdata@0x00ace1d0		callgraph_vote:4/4;typed_sources:1;called_by_typed_method	3	0	28
005007d3	FUN_005007d3	InterblockDf__helper_005007d3	class_associated_helper	0.630		InterblockDf@0x00acf300		callgraph_vote:4/5;typed_sources:1;called_by_typed_method	1	2	110
0050116b	FUN_0050116b	InterblockDf__helper_0050116b	class_associated_helper	0.630		InterblockDf@0x00b0d908		callgraph_vote:4/5;typed_sources:1;called_by_typed_method	35	1	94
00519c1f	FUN_00519c1f	AliasAnalyzer__helper_00519c1f	class_associated_helper	0.630		AliasAnalyzer@0x00aff0cc		callgraph_vote:4/6;typed_sources:1;called_by_typed_method	2	2	584
0051c181	FUN_0051c181	AliasAnalyzer__helper_0051c181	class_associated_helper	0.630		AliasAnalyzer@0x00aff0cc		callgraph_vote:4/5;typed_sources:1;called_by_typed_method	2	0	135
00521159	FUN_00521159	ws_interface__helper_00521159	class_associated_helper	0.630		ws_interface@0x00b0b7b8		callgraph_vote:4/5;typed_sources:1;called_by_typed_method	2	4	105
005334fd	FUN_005334fd	Checker__helper_005334fd	class_associated_helper	0.630		Checker@0x00aff4ec		callgraph_vote:4/6;typed_sources:1;called_by_typed_method	5	0	17
00549597	FUN_00549597	backend_dataflow__helper_00549597	class_associated_helper	0.630		backend_dataflow@0x00b0e82c		callgraph_vote:4/4;typed_sources:1;called_by_typed_method	3	2	76
005495e3	FUN_005495e3	backend_dataflow__helper_005495e3	class_associated_helper	0.630		backend_dataflow@0x00b0e82c		callgraph_vote:4/6;typed_sources:1;called_by_typed_method	15	2	125
0054a742	FUN_0054a742	objectdata__helper_0054a742	class_associated_helper	0.630		objectdata@0x00ace1d0		callgraph_vote:4/4;typed_sources:1;called_by_typed_method	2	0	15
0054a76e	FUN_0054a76e	objectdata__helper_0054a76e	class_associated_helper	0.630		objectdata@0x00ace1d0		callgraph_vote:4/4;typed_sources:1;called_by_typed_method	2	0	33
0054c18a	FUN_0054c18a	backend_dataflow__helper_0054c18a	class_associated_helper	0.630		backend_dataflow@0x00b0e82c		callgraph_vote:4/4;typed_sources:1;called_by_typed_method	10	0	154
0054cdc8	FUN_0054cdc8	backend_dataflow__helper_0054cdc8	class_associated_helper	0.630		backend_dataflow@0x00b0e82c		callgraph_vote:4/4;typed_sources:1;called_by_typed_method	3	1	263
0054f9ee	FUN_0054f9ee	backend_dataflow__helper_0054f9ee	class_associated_helper	0.630		backend_dataflow@0x00b0e82c		callgraph_vote:4/5;typed_sources:1;called_by_typed_method	16	1	24
0054fa85	FUN_0054fa85	backend_dataflow__helper_0054fa85	class_associated_helper	0.630		backend_dataflow@0x00b0e82c		callgraph_vote:4/4;typed_sources:1;called_by_typed_method	8	0	23
0054fa9c	FUN_0054fa9c	backend_dataflow__helper_0054fa9c	class_associated_helper	0.630		backend_dataflow@0x00b0e82c		callgraph_vote:4/4;typed_sources:1;called_by_typed_method	8	0	26
0054fc8a	FUN_0054fc8a	backend_dataflow__helper_0054fc8a	class_associated_helper	0.630		backend_dataflow@0x00b0e82c		callgraph_vote:4/4;typed_sources:1;called_by_typed_method	3	1	24
0054fd12	FUN_0054fd12	backend_dataflow__helper_0054fd12	class_associated_helper	0.630		backend_dataflow@0x00b0e82c		callgraph_vote:4/4;typed_sources:1;called_by_typed_method	4	1	26
0055294d	FUN_0055294d	objectdata__helper_0055294d	class_associated_helper	0.630		objectdata@0x00ace1d0		callgraph_vote:4/4;typed_sources:1;called_by_typed_method	1	0	115
005529c0	FUN_005529c0	objectdata__helper_005529c0	class_associated_helper	0.630		objectdata@0x00ace1d0		callgraph_vote:4/4;typed_sources:1;called_by_typed_method	1	0	124
0055912a	FUN_0055912a	objectdata__helper_0055912a	class_associated_helper	0.630		objectdata@0x00ace1d0		callgraph_vote:4/4;typed_sources:1;called_by_typed_method	1	1	107
005759e3	FUN_005759e3	AliasAnalyzer__helper_005759e3	class_associated_helper	0.630		AliasAnalyzer@0x00aff0cc		callgraph_vote:4/5;typed_sources:1;called_by_typed_method	7	6	783
0058febc	FUN_0058febc	InterblockDf__helper_0058febc	class_associated_helper	0.630		InterblockDf@0x00acf300		callgraph_vote:4/4;typed_sources:1;called_by_typed_method	2	0	48
0058ff73	FUN_0058ff73	Checker__helper_0058ff73	class_associated_helper	0.630		Checker@0x00aff4ec		callgraph_vote:4/6;typed_sources:1;called_by_typed_method	16	0	61
00599aa1	FUN_00599aa1	ObjectVisitor__helper_00599aa1	class_associated_helper	0.630		ObjectVisitor@0x00b01ed0		callgraph_vote:4/6;typed_sources:1;called_by_typed_method	44	1	44
0059ca3f	FUN_0059ca3f	Checker__helper_0059ca3f	class_associated_helper	0.630		Checker@0x00aff4ec		callgraph_vote:4/5;typed_sources:1;called_by_typed_method	23	1	39
0059fa6b	FUN_0059fa6b	operand_parser__helper_0059fa6b	class_associated_helper	0.630		operand_parser@0x00b0c7cc		callgraph_vote:4/4;typed_sources:1;called_by_typed_method	13	0	150
005a4ce8	FUN_005a4ce8	operand_parser__helper_005a4ce8	class_associated_helper	0.630		operand_parser@0x00b0c7cc		callgraph_vote:4/4;typed_sources:1;called_by_typed_method	1	1	48
005a7c99	FUN_005a7c99	Checker__helper_005a7c99	class_associated_helper	0.630		Checker@0x00aff4ec		callgraph_vote:4/6;typed_sources:1;called_by_typed_method	20	6	247
005cf608	FUN_005cf608	objectdata__helper_005cf608	class_associated_helper	0.630		objectdata@0x00ace1d0		callgraph_vote:4/4;typed_sources:1;called_by_typed_method	6	0	17
005d4506	FUN_005d4506	AliasAnalyzer__helper_005d4506	class_associated_helper	0.630		AliasAnalyzer@0x00aff0cc		callgraph_vote:4/4;typed_sources:1;called_by_typed_method	2	1	35
005d4db4	FUN_005d4db4	AliasAnalyzer__helper_005d4db4	class_associated_helper	0.630		AliasAnalyzer@0x00aff0cc		callgraph_vote:4/4;typed_sources:1;called_by_typed_method	1	0	22
005d9fbf	FUN_005d9fbf	InterblockDf__helper_005d9fbf	class_associated_helper	0.630		InterblockDf@0x00afd5b8		callgraph_vote:4/5;typed_sources:1;called_by_typed_method	2	1	189
005da292	FUN_005da292	InterblockDf__helper_005da292	class_associated_helper	0.630		InterblockDf@0x00afd5b8		callgraph_vote:4/5;typed_sources:1;called_by_typed_method	1	0	120
005db58b	FUN_005db58b	Checker__helper_005db58b	class_associated_helper	0.630		Checker@0x00aff4ec		callgraph_vote:4/6;typed_sources:1;called_by_typed_method	3	0	74
005de785	FUN_005de785	objectdata__helper_005de785	class_associated_helper	0.630		objectdata@0x00ace1d0		callgraph_vote:4/5;typed_sources:1;called_by_typed_method	2	1	92
005e3b54	FUN_005e3b54	AliasAnalyzer__helper_005e3b54	class_associated_helper	0.630		AliasAnalyzer@0x00aff0cc		callgraph_vote:4/4;typed_sources:1;called_by_typed_method	4	1	46
005e447c	FUN_005e447c	AliasAnalyzer__helper_005e447c	class_associated_helper	0.630		AliasAnalyzer@0x00aff0cc		callgraph_vote:4/4;typed_sources:1;called_by_typed_method	2	1	149
005ef745	FUN_005ef745	objectdata__helper_005ef745	class_associated_helper	0.630		objectdata@0x00ace1d0		callgraph_vote:4/4;typed_sources:1;called_by_typed_method	1	2	204
005f296d	FUN_005f296d	AliasAnalyzer__helper_005f296d	class_associated_helper	0.630		AliasAnalyzer@0x00aff0cc		callgraph_vote:4/6;typed_sources:1;called_by_typed_method	1	1	95
005f42ac	FUN_005f42ac	AliasAnalyzer__helper_005f42ac	class_associated_helper	0.630		AliasAnalyzer@0x00aff0cc		callgraph_vote:4/5;typed_sources:1;called_by_typed_method	1	2	125
005f4cbd	FUN_005f4cbd	objectdata__helper_005f4cbd	class_associated_helper	0.630		objectdata@0x00ace1d0		callgraph_vote:4/6;typed_sources:1;called_by_typed_method	2	1	344
005f527e	FUN_005f527e	objectdata__helper_005f527e	class_associated_helper	0.630		objectdata@0x00ace1d0		callgraph_vote:4/5;typed_sources:1;called_by_typed_method	1	0	242
005fae87	FUN_005fae87	AliasAnalyzer__helper_005fae87	class_associated_helper	0.630		AliasAnalyzer@0x00aff0cc		callgraph_vote:4/4;typed_sources:1;called_by_typed_method	1	0	35
005faeaa	FUN_005faeaa	AliasAnalyzer__helper_005faeaa	class_associated_helper	0.630		AliasAnalyzer@0x00aff0cc		callgraph_vote:4/4;typed_sources:1;called_by_typed_method	1	1	119
005faf21	FUN_005faf21	AliasAnalyzer__helper_005faf21	class_associated_helper	0.630		AliasAnalyzer@0x00aff0cc		callgraph_vote:4/4;typed_sources:1;called_by_typed_method	2	1	114
005fecb0	FUN_005fecb0	operand_parser__helper_005fecb0	class_associated_helper	0.630		operand_parser@0x00b0c7cc		callgraph_vote:4/6;typed_sources:1;called_by_typed_method	8	0	930
006076a5	FUN_006076a5	Checker__helper_006076a5	class_associated_helper	0.630		Checker@0x00aff4ec		callgraph_vote:4/4;typed_sources:1;called_by_typed_method	1	0	35
00609386	FUN_00609386	Checker__helper_00609386	class_associated_helper	0.630		Checker@0x00aff4ec		callgraph_vote:4/5;typed_sources:1;called_by_typed_method	4	1	43
0060d9be	FUN_0060d9be	Checker__helper_0060d9be	class_associated_helper	0.630		Checker@0x00aff4ec		callgraph_vote:4/6;typed_sources:1;called_by_typed_method	1	2	57
00612c98	FUN_00612c98	InterblockDf__helper_00612c98	class_associated_helper	0.630		InterblockDf@0x00aff4ac		callgraph_vote:4/4;typed_sources:1;called_by_typed_method	1	1	49
00617c8b	FUN_00617c8b	Checker__helper_00617c8b	class_associated_helper	0.630		Checker@0x00aff4ec		callgraph_vote:4/5;typed_sources:1;called_by_typed_method	1	2	493
00618198	FUN_00618198	Checker__helper_00618198	class_associated_helper	0.630		Checker@0x00aff4ec		callgraph_vote:4/5;typed_sources:1;called_by_typed_method	2	1	53
006181cd	FUN_006181cd	Checker__helper_006181cd	class_associated_helper	0.630		Checker@0x00aff4ec		callgraph_vote:4/5;typed_sources:1;called_by_typed_method	2	1	53
00618b4f	FUN_00618b4f	Checker__helper_00618b4f	class_associated_helper	0.630		Checker@0x00aff4ec		callgraph_vote:4/5;typed_sources:1;called_by_typed_method	1	0	56
00618bc1	FUN_00618bc1	Checker__helper_00618bc1	class_associated_helper	0.630		Checker@0x00aff4ec		callgraph_vote:4/5;typed_sources:1;called_by_typed_method	1	1	177
0061e816	FUN_0061e816	peep_transformer__helper_0061e816	class_associated_helper	0.630		peep_transformer@0x00b01e58		callgraph_vote:4/5;typed_sources:1;calls_typed_method	6	1	148
00620396	FUN_00620396	ObjectVisitor__helper_00620396	class_associated_helper	0.630		ObjectVisitor@0x00b01ed0		callgraph_vote:4/4;typed_sources:1;called_by_typed_method	2	0	134
006649b3	FUN_006649b3	vn_advisor__helper_006649b3	class_associated_helper	0.630		vn_advisor@0x00b053a8		callgraph_vote:4/4;typed_sources:1;called_by_typed_method	6	1	93
00664a73	FUN_00664a73	vn_advisor__helper_00664a73	class_associated_helper	0.630		vn_advisor@0x00b053a8		callgraph_vote:4/4;typed_sources:1;called_by_typed_method	8	0	50
00664d0f	FUN_00664d0f	vn_advisor__helper_00664d0f	class_associated_helper	0.630		vn_advisor@0x00b053a8		callgraph_vote:4/4;typed_sources:1;called_by_typed_method	2	1	40
00665e0a	FUN_00665e0a	vn_advisor__helper_00665e0a	class_associated_helper	0.630		vn_advisor@0x00b053a8		callgraph_vote:4/4;typed_sources:1;called_by_typed_method	1	0	49
00694e40	FUN_00694e40	var_disjointsets__helper_00694e40	class_associated_helper	0.630		var_disjointsets@0x00b0d3e8		callgraph_vote:4/4;typed_sources:1;called_by_typed_method	4	1	26
006c60dc	FUN_006c60dc	ScavengingFixup__helper_006c60dc	class_associated_helper	0.630		ScavengingFixup@0x00b0edf0		callgraph_vote:4/5;typed_sources:1;called_by_typed_method	9	0	40
006cf60a	FUN_006cf60a	ws_interface__helper_006cf60a	class_associated_helper	0.630		ws_interface@0x00b0b7b8		callgraph_vote:4/5;typed_sources:1;called_by_typed_method	1	9	1156
006d1434	FUN_006d1434	peep_transformer__helper_006d1434	class_associated_helper	0.630		peep_transformer@0x00b01e58		callgraph_vote:4/6;typed_sources:1;called_by_typed_method	2	3	197
006d6575	FUN_006d6575	backend_dataflow__helper_006d6575	class_associated_helper	0.630		backend_dataflow@0x00b0e82c		callgraph_vote:4/4;typed_sources:1;called_by_typed_method	14	2	151
00701471	FUN_00701471	MachopVisitor__helper_00701471	class_associated_helper	0.630		MachopVisitor@0x00b09ac8		callgraph_vote:4/4;typed_sources:1;calls_typed_method	1	1	22
00713065	FUN_00713065	MachopVisitor__helper_00713065	class_associated_helper	0.630		MachopVisitor@0x00b080a0		callgraph_vote:4/4;typed_sources:1;called_by_typed_method	7	2	367
0071ded6	FUN_0071ded6	alloc_table__helper_0071ded6	class_associated_helper	0.630		alloc_table@0x00b0a500		callgraph_vote:4/4;typed_sources:1;called_by_typed_method	2	0	22
0071e051	FUN_0071e051	alloc_table__helper_0071e051	class_associated_helper	0.630		alloc_table@0x00b0a500		callgraph_vote:4/4;typed_sources:1;called_by_typed_method	2	2	83
0071f161	FUN_0071f161	alloc_table__helper_0071f161	class_associated_helper	0.630		alloc_table@0x00b0a500		callgraph_vote:4/4;typed_sources:1;called_by_typed_method	3	0	64
0072f852	FUN_0072f852	ws_interface__helper_0072f852	class_associated_helper	0.630		ws_interface@0x00b0b7b8		callgraph_vote:4/4;typed_sources:1;called_by_typed_method	5	1	25
00735624	FUN_00735624	backend_dataflow__helper_00735624	class_associated_helper	0.630		backend_dataflow@0x00b0e82c		callgraph_vote:4/4;typed_sources:1;called_by_typed_method	1	0	79
00735e3c	FUN_00735e3c	ws_interface__helper_00735e3c	class_associated_helper	0.630		ws_interface@0x00b0b7b8		callgraph_vote:4/4;typed_sources:1;called_by_typed_method	1	0	92
007364f3	FUN_007364f3	ws_interface__helper_007364f3	class_associated_helper	0.630		ws_interface@0x00b0b7b8		callgraph_vote:4/4;typed_sources:1;called_by_typed_method	2	0	25
00738f29	FUN_00738f29	list_scheduler__helper_00738f29	class_associated_helper	0.630		list_scheduler@0x00b0c0e4		callgraph_vote:4/4;typed_sources:1;called_by_typed_method	2	0	76
00747730	FUN_00747730	Exp__helper_00747730	class_associated_helper	0.630		Exp@0x00b0d2d4		callgraph_vote:4/4;typed_sources:1;called_by_typed_method	2	2	284
00747e69	FUN_00747e69	Exp__helper_00747e69	class_associated_helper	0.630		Exp@0x00b0d2d4		callgraph_vote:4/4;typed_sources:1;called_by_typed_method	1	0	111
007482f1	FUN_007482f1	Exp__helper_007482f1	class_associated_helper	0.630		Exp@0x00b0d2d4		callgraph_vote:4/4;typed_sources:1;called_by_typed_method	1	0	151
0074aa10	FUN_0074aa10	var_multimap__helper_0074aa10	class_associated_helper	0.630		var_multimap@0x00b0d3d8		callgraph_vote:4/4;typed_sources:1;called_by_typed_method	1	0	121
0074d324	FUN_0074d324	obj_iter__helper_0074d324	class_associated_helper	0.630		obj_iter@0x00b0d680		callgraph_vote:4/4;typed_sources:1;calls_typed_method	1	1	31
0074f67a	FUN_0074f67a	backend_dataflow__helper_0074f67a	class_associated_helper	0.630		backend_dataflow@0x00b0e82c		callgraph_vote:4/4;typed_sources:1;called_by_typed_method	1	0	113
00752b9e	FUN_00752b9e	InterblockDf__helper_00752b9e	class_associated_helper	0.630		InterblockDf@0x00b0d908		callgraph_vote:4/4;typed_sources:1;called_by_typed_method	2	1	35
00752c91	FUN_00752c91	backend_dataflow__helper_00752c91	class_associated_helper	0.630		backend_dataflow@0x00b0e82c		callgraph_vote:4/5;typed_sources:1;called_by_typed_method	1	2	256
00752d91	FUN_00752d91	backend_dataflow__helper_00752d91	class_associated_helper	0.630		backend_dataflow@0x00b0e82c		callgraph_vote:4/5;typed_sources:1;called_by_typed_method	2	1	154
00754fed	FUN_00754fed	InterblockDf__helper_00754fed	class_associated_helper	0.630		InterblockDf@0x00b0d908		callgraph_vote:4/4;typed_sources:1;called_by_typed_method	1	1	46
00769ee8	FUN_00769ee8	InterblockDf__helper_00769ee8	class_associated_helper	0.630		InterblockDf@0x00b0d908		callgraph_vote:4/5;typed_sources:1;called_by_typed_method	1	4	544
007798ea	FUN_007798ea	InterblockDf__helper_007798ea	class_associated_helper	0.630		InterblockDf@0x00b0d908		callgraph_vote:4/4;typed_sources:1;called_by_typed_method	1	4	499
00790575	FUN_00790575	operand_parser__helper_00790575	class_associated_helper	0.630		operand_parser@0x00b0c7cc		callgraph_vote:4/4;typed_sources:1;called_by_typed_method	1	0	21
0079058a	FUN_0079058a	operand_parser__helper_0079058a	class_associated_helper	0.630		operand_parser@0x00b0c7cc		callgraph_vote:4/4;typed_sources:1;called_by_typed_method	1	0	21
0079150f	FUN_0079150f	operand_parser__helper_0079150f	class_associated_helper	0.630		operand_parser@0x00b0c7cc		callgraph_vote:4/4;typed_sources:1;called_by_typed_method	1	0	14
007969d8	FUN_007969d8	Disassembler__helper_007969d8	class_associated_helper	0.630		Disassembler@0x00b1155c		callgraph_vote:4/5;typed_sources:1;called_by_typed_method	1	0	191
00796f44	FUN_00796f44	Disassembler__helper_00796f44	class_associated_helper	0.630		Disassembler@0x00b1155c		callgraph_vote:4/4;typed_sources:1;called_by_typed_method	1	0	28
00797185	FUN_00797185	operand_parser__helper_00797185	class_associated_helper	0.630		operand_parser@0x00b0c7cc		callgraph_vote:4/4;typed_sources:1;called_by_typed_method	1	0	81
007971d6	FUN_007971d6	operand_parser__helper_007971d6	class_associated_helper	0.630		operand_parser@0x00b0c7cc		callgraph_vote:4/4;typed_sources:1;called_by_typed_method	1	0	81
00797227	FUN_00797227	operand_parser__helper_00797227	class_associated_helper	0.630		operand_parser@0x00b0c7cc		callgraph_vote:4/4;typed_sources:1;called_by_typed_method	1	0	86
0079c764	FUN_0079c764	operand_parser__helper_0079c764	class_associated_helper	0.630		operand_parser@0x00b0c7cc		callgraph_vote:4/4;typed_sources:1;called_by_typed_method	1	0	356
00946499	FUN_00946499	backend_dataflow__helper_00946499	class_associated_helper	0.630		backend_dataflow@0x00b0e82c		callgraph_vote:4/4;typed_sources:1;called_by_typed_method	3	3	146
00992055	FUN_00992055	backend_dataflow__helper_00992055	class_associated_helper	0.630		backend_dataflow@0x00b0e82c		callgraph_vote:4/4;typed_sources:1;called_by_typed_method	1	0	76
009920c1	FUN_009920c1	backend_dataflow__helper_009920c1	class_associated_helper	0.630		backend_dataflow@0x00b0e82c		callgraph_vote:4/4;typed_sources:1;called_by_typed_method	1	0	47
009a6c2a	FUN_009a6c2a	objectdata__helper_009a6c2a	class_associated_helper	0.630		objectdata@0x00ace1d0		callgraph_vote:4/4;typed_sources:1;called_by_typed_method	3	2	78
00a92a01	FUN_00a92a01	vn_advisor__helper_00a92a01	class_associated_helper	0.630		vn_advisor@0x00b053a8		callgraph_vote:4/4;typed_sources:1;calls_typed_method	1	2	60
00a941a0	FUN_00a941a0	backend_dataflow__helper_00a941a0	class_associated_helper	0.630		backend_dataflow@0x00b0e82c		callgraph_vote:4/5;typed_sources:1;called_by_typed_method	14	0	232
0040832a	FUN_0040832a	backend_dataflow__helper_0040832a	class_associated_helper	0.600		backend_dataflow@0x00b0e82c		callgraph_vote:2/2;typed_sources:2;caller_or_callee	3	3	96
004120ef	FUN_004120ef	backend_dataflow__helper_004120ef	class_associated_helper	0.600		backend_dataflow@0x00b0e82c		callgraph_vote:2/2;typed_sources:2;caller_or_callee	1	6	122
00425a7a	FUN_00425a7a	std_exception__helper_00425a7a	class_associated_helper	0.600		std_exception@0x00abff98		callgraph_vote:2/2;typed_sources:2;caller_or_callee	1	0	55
00425ab1	FUN_00425ab1	std_exception__helper_00425ab1	class_associated_helper	0.600		std_exception@0x00abff98		callgraph_vote:2/2;typed_sources:2;caller_or_callee	1	0	225
004263ec	FUN_004263ec	std_exception__helper_004263ec	class_associated_helper	0.600		std_exception@0x00abff98		callgraph_vote:2/2;typed_sources:2;caller_or_callee	4	0	71
004279cf	FUN_004279cf	std_exception__helper_004279cf	class_associated_helper	0.600		std_exception@0x00abff98		callgraph_vote:2/2;typed_sources:2;caller_or_callee	3	1	72
00431428	FUN_00431428	backend_dataflow__helper_00431428	class_associated_helper	0.600		backend_dataflow@0x00b0e82c		callgraph_vote:2/2;typed_sources:2;caller_or_callee	1	1	138
004416dc	FUN_004416dc	backend_dataflow__helper_004416dc	class_associated_helper	0.600		backend_dataflow@0x00b0e82c		callgraph_vote:2/3;typed_sources:2;caller_or_callee	1	3	133
00441761	FUN_00441761	backend_dataflow__helper_00441761	class_associated_helper	0.600		backend_dataflow@0x00b0e82c		callgraph_vote:2/3;typed_sources:2;caller_or_callee	1	3	133
00441982	FUN_00441982	backend_dataflow__helper_00441982	class_associated_helper	0.600		backend_dataflow@0x00b0e82c		callgraph_vote:2/3;typed_sources:2;caller_or_callee	1	3	95
00454ad6	FUN_00454ad6	backend_dataflow__helper_00454ad6	class_associated_helper	0.600		backend_dataflow@0x00b0e82c		callgraph_vote:2/3;typed_sources:2;caller_or_callee	8	1	41
0047dd79	FUN_0047dd79	backend_dataflow__helper_0047dd79	class_associated_helper	0.600		backend_dataflow@0x00b0e82c		callgraph_vote:2/3;typed_sources:2;caller_or_callee	5	1	18
0047efe5	FUN_0047efe5	backend_dataflow__helper_0047efe5	class_associated_helper	0.600		backend_dataflow@0x00b0e82c		callgraph_vote:2/3;typed_sources:2;caller_or_callee	4	1	117
004a639a	FUN_004a639a	backend_dataflow__helper_004a639a	class_associated_helper	0.600		backend_dataflow@0x00b0e82c		callgraph_vote:2/2;typed_sources:2;caller_or_callee	2	1	138
004a65ae	FUN_004a65ae	objectdata__helper_004a65ae	class_associated_helper	0.600		objectdata@0x00ace1d0		callgraph_vote:2/3;typed_sources:2;caller_or_callee	8	1	35
004a7e97	FUN_004a7e97	backend_dataflow__helper_004a7e97	class_associated_helper	0.600		backend_dataflow@0x00b0e82c		callgraph_vote:2/2;typed_sources:2;caller_or_callee	11	2	95
004ad3f6	FUN_004ad3f6	objectdata__helper_004ad3f6	class_associated_helper	0.600		objectdata@0x00ace1d0		callgraph_vote:2/2;typed_sources:2;caller_or_callee	17	1	117
004ad867	FUN_004ad867	objectdata__helper_004ad867	class_associated_helper	0.600		objectdata@0x00ace1d0		callgraph_vote:2/2;typed_sources:2;caller_or_callee	2	4	229
004ae0d4	FUN_004ae0d4	objectdata__helper_004ae0d4	class_associated_helper	0.600		objectdata@0x00ace1d0		callgraph_vote:2/3;typed_sources:2;caller_or_callee	52	2	124
004ae860	FUN_004ae860	objectdata__helper_004ae860	class_associated_helper	0.600		objectdata@0x00ace1d0		callgraph_vote:2/2;typed_sources:2;caller_or_callee	2	0	10
004af29d	FUN_004af29d	objectdata__helper_004af29d	class_associated_helper	0.600		objectdata@0x00ace1d0		callgraph_vote:2/2;typed_sources:2;caller_or_callee	26	0	93
004af803	FUN_004af803	objectdata__helper_004af803	class_associated_helper	0.600		objectdata@0x00ace1d0		callgraph_vote:2/2;typed_sources:2;caller_or_callee	13	0	84
004af857	FUN_004af857	objectdata__helper_004af857	class_associated_helper	0.600		objectdata@0x00ace1d0		callgraph_vote:2/2;typed_sources:2;caller_or_callee	11	0	74
004b0dee	FUN_004b0dee	objectdata__helper_004b0dee	class_associated_helper	0.600		objectdata@0x00ace1d0		callgraph_vote:2/3;typed_sources:2;caller_or_callee	1	4	130
004b5244	FUN_004b5244	objectdata__helper_004b5244	class_associated_helper	0.600		objectdata@0x00ace1d0		callgraph_vote:2/2;typed_sources:2;caller_or_callee	28	1	162
004bc740	FUN_004bc740	objectdata__helper_004bc740	class_associated_helper	0.600		objectdata@0x00ace1d0		callgraph_vote:2/3;typed_sources:2;caller_or_callee	1	5	549
004d8db4	FUN_004d8db4	std_exception__helper_004d8db4	class_associated_helper	0.600		std_exception@0x00abff98		callgraph_vote:2/3;typed_sources:2;caller_or_callee	5	0	51
004da69d	FUN_004da69d	peep_transformer__helper_004da69d	class_associated_helper	0.600		peep_transformer@0x00b01e58		callgraph_vote:2/2;typed_sources:2;caller_or_callee	2	0	86
004db1cb	FUN_004db1cb	backend_dataflow__helper_004db1cb	class_associated_helper	0.600		backend_dataflow@0x00b0e82c		callgraph_vote:2/2;typed_sources:2;caller_or_callee	3	0	114
004e071b	FUN_004e071b	objectdata__helper_004e071b	class_associated_helper	0.600		objectdata@0x00ace1d0		callgraph_vote:2/2;typed_sources:2;caller_or_callee	0	5	352
004e1b99	FUN_004e1b99	std_exception__helper_004e1b99	class_associated_helper	0.600		std_exception@0x00ace628		callgraph_vote:2/2;typed_sources:2;caller_or_callee	1	0	55
004e1bd0	FUN_004e1bd0	std_exception__helper_004e1bd0	class_associated_helper	0.600		std_exception@0x00ace628		callgraph_vote:2/2;typed_sources:2;caller_or_callee	1	0	225
004e289e	FUN_004e289e	std_exception__helper_004e289e	class_associated_helper	0.600		std_exception@0x00ace628		callgraph_vote:2/2;typed_sources:2;caller_or_callee	5	1	42
004e4897	FUN_004e4897	objectdata__helper_004e4897	class_associated_helper	0.600		objectdata@0x00ace1d0		callgraph_vote:2/2;typed_sources:2;caller_or_callee	1	3	121
004e4910	FUN_004e4910	objectdata__helper_004e4910	class_associated_helper	0.600		objectdata@0x00ace1d0		callgraph_vote:2/2;typed_sources:2;caller_or_callee	1	3	121
004e4b4f	FUN_004e4b4f	objectdata__helper_004e4b4f	class_associated_helper	0.600		objectdata@0x00ace1d0		callgraph_vote:2/2;typed_sources:2;caller_or_callee	1	6	156
004e9804	FUN_004e9804	objectdata__helper_004e9804	class_associated_helper	0.600		objectdata@0x00ace1d0		callgraph_vote:2/2;typed_sources:2;caller_or_callee	1	8	190
004e98c2	FUN_004e98c2	objectdata__helper_004e98c2	class_associated_helper	0.600		objectdata@0x00ace1d0		callgraph_vote:2/2;typed_sources:2;caller_or_callee	1	7	186
004f1369	FUN_004f1369	objectdata__helper_004f1369	class_associated_helper	0.600		objectdata@0x00ace1d0		callgraph_vote:2/3;typed_sources:2;caller_or_callee	3	3	53
004f224b	FUN_004f224b	objectdata__helper_004f224b	class_associated_helper	0.600		objectdata@0x00ace1d0		callgraph_vote:2/3;typed_sources:2;caller_or_callee	1	2	65
004f4650	FUN_004f4650	objectdata__helper_004f4650	class_associated_helper	0.600		objectdata@0x00ace1d0		callgraph_vote:2/3;typed_sources:2;caller_or_callee	1	2	132
004f59b7	FUN_004f59b7	objectdata__helper_004f59b7	class_associated_helper	0.600		objectdata@0x00ace1d0		callgraph_vote:2/3;typed_sources:2;caller_or_callee	0	2	22
004f5a33	FUN_004f5a33	objectdata__helper_004f5a33	class_associated_helper	0.600		objectdata@0x00ace1d0		callgraph_vote:2/2;typed_sources:2;caller_or_callee	1	1	48
004ff660	FUN_004ff660	Checker__helper_004ff660	class_associated_helper	0.600		Checker@0x00aff4ec		callgraph_vote:2/3;typed_sources:2;caller_or_callee	2	1	295
004ffc65	FUN_004ffc65	objectdata__helper_004ffc65	class_associated_helper	0.600		objectdata@0x00ace1d0		callgraph_vote:2/3;typed_sources:2;caller_or_callee	5	0	35
0050057c	FUN_0050057c	objectdata__helper_0050057c	class_associated_helper	0.600		objectdata@0x00ace1d0		callgraph_vote:2/2;typed_sources:2;caller_or_callee	8	0	45
00500744	FUN_00500744	InterblockDf__helper_00500744	class_associated_helper	0.600		InterblockDf@0x00acf300		callgraph_vote:2/3;typed_sources:2;caller_or_callee	1	2	143
0050127e	FUN_0050127e	InterblockDf__helper_0050127e	class_associated_helper	0.600		InterblockDf@0x00acf300		callgraph_vote:2/2;typed_sources:2;caller_or_callee	1	2	486
00503779	FUN_00503779	objectdata__helper_00503779	class_associated_helper	0.600		objectdata@0x00ace1d0		callgraph_vote:2/2;typed_sources:2;caller_or_callee	1	4	341
005038ce	FUN_005038ce	objectdata__helper_005038ce	class_associated_helper	0.600		objectdata@0x00ace1d0		callgraph_vote:2/3;typed_sources:2;caller_or_callee	1	3	194
00505698	FUN_00505698	objectdata__helper_00505698	class_associated_helper	0.600		objectdata@0x00ace1d0		callgraph_vote:2/2;typed_sources:2;caller_or_callee	1	6	230
0050dc91	FUN_0050dc91	backend_dataflow__helper_0050dc91	class_associated_helper	0.600		backend_dataflow@0x00b0e82c		callgraph_vote:2/2;typed_sources:2;caller_or_callee	2	1	144
0050df12	FUN_0050df12	operand_parser__helper_0050df12	class_associated_helper	0.600		operand_parser@0x00b0c7cc		callgraph_vote:2/2;typed_sources:2;caller_or_callee	2	1	98
00511a54	FUN_00511a54	objectdata__helper_00511a54	class_associated_helper	0.600		objectdata@0x00ace1d0		callgraph_vote:2/2;typed_sources:2;caller_or_callee	1	2	101
00526be6	FUN_00526be6	objectdata__helper_00526be6	class_associated_helper	0.600		objectdata@0x00ace1d0		callgraph_vote:2/2;typed_sources:2;caller_or_callee	1	2	127
0052bbc9	FUN_0052bbc9	objectdata__helper_0052bbc9	class_associated_helper	0.600		objectdata@0x00ace1d0		callgraph_vote:2/2;typed_sources:2;caller_or_callee	7	2	80
0052bc19	FUN_0052bc19	objectdata__helper_0052bc19	class_associated_helper	0.600		objectdata@0x00ace1d0		callgraph_vote:2/2;typed_sources:2;caller_or_callee	11	1	29
0052bc61	FUN_0052bc61	objectdata__helper_0052bc61	class_associated_helper	0.600		objectdata@0x00ace1d0		callgraph_vote:2/2;typed_sources:2;caller_or_callee	1	3	138
0052bceb	FUN_0052bceb	objectdata__helper_0052bceb	class_associated_helper	0.600		objectdata@0x00ace1d0		callgraph_vote:2/2;typed_sources:2;caller_or_callee	2	10	737
005337c7	FUN_005337c7	objectdata__helper_005337c7	class_associated_helper	0.600		objectdata@0x00ace1d0		callgraph_vote:2/3;typed_sources:2;caller_or_callee	1	2	86
0053659f	FUN_0053659f	backend_dataflow__helper_0053659f	class_associated_helper	0.600		backend_dataflow@0x00b0e82c		callgraph_vote:2/2;typed_sources:2;caller_or_callee	2	2	174
0053664d	FUN_0053664d	backend_dataflow__helper_0053664d	class_associated_helper	0.600		backend_dataflow@0x00b0e82c		callgraph_vote:2/2;typed_sources:2;caller_or_callee	1	1	260
00536871	FUN_00536871	backend_dataflow__helper_00536871	class_associated_helper	0.600		backend_dataflow@0x00b0e82c		callgraph_vote:2/3;typed_sources:2;caller_or_callee	1	2	94
0053707f	FUN_0053707f	objectdata__helper_0053707f	class_associated_helper	0.600		objectdata@0x00ace1d0		callgraph_vote:2/2;typed_sources:2;caller_or_callee	1	5	414
0053aa8c	FUN_0053aa8c	objectdata__helper_0053aa8c	class_associated_helper	0.600		objectdata@0x00ace1d0		callgraph_vote:2/2;typed_sources:2;caller_or_callee	2	1	33
0053dbbc	FUN_0053dbbc	objectdata__helper_0053dbbc	class_associated_helper	0.600		objectdata@0x00ace1d0		callgraph_vote:2/2;typed_sources:2;caller_or_callee	2	5	283
0053dcd7	FUN_0053dcd7	objectdata__helper_0053dcd7	class_associated_helper	0.600		objectdata@0x00ace1d0		callgraph_vote:2/2;typed_sources:2;caller_or_callee	1	2	236
00543f04	FUN_00543f04	objectdata__helper_00543f04	class_associated_helper	0.600		objectdata@0x00ace1d0		callgraph_vote:2/2;typed_sources:2;caller_or_callee	1	1	65
00547a0c	FUN_00547a0c	backend_dataflow__helper_00547a0c	class_associated_helper	0.600		backend_dataflow@0x00b0e82c		callgraph_vote:2/2;typed_sources:2;caller_or_callee	1	1	615
005494e7	FUN_005494e7	objectdata__helper_005494e7	class_associated_helper	0.600		objectdata@0x00ace1d0		callgraph_vote:2/3;typed_sources:2;caller_or_callee	9	2	76
00549873	FUN_00549873	backend_dataflow__helper_00549873	class_associated_helper	0.600		backend_dataflow@0x00b0e82c		callgraph_vote:2/3;typed_sources:2;caller_or_callee	2	9	516
0054a751	FUN_0054a751	objectdata__helper_0054a751	class_associated_helper	0.600		objectdata@0x00ace1d0		callgraph_vote:2/2;typed_sources:2;caller_or_callee	17	0	29
0054afcd	FUN_0054afcd	backend_dataflow__helper_0054afcd	class_associated_helper	0.600		backend_dataflow@0x00b0e82c		callgraph_vote:2/2;typed_sources:2;caller_or_callee	0	4	324
00550443	FUN_00550443	objectdata__helper_00550443	class_associated_helper	0.600		objectdata@0x00ace1d0		callgraph_vote:2/2;typed_sources:2;caller_or_callee	1	1	62
00552777	FUN_00552777	objectdata__helper_00552777	class_associated_helper	0.600		objectdata@0x00ace1d0		callgraph_vote:2/2;typed_sources:2;caller_or_callee	7	0	47
00552c12	FUN_00552c12	backend_dataflow__helper_00552c12	class_associated_helper	0.600		backend_dataflow@0x00b0e82c		callgraph_vote:2/2;typed_sources:2;caller_or_callee	1	1	48
0055d883	FUN_0055d883	objectdata__helper_0055d883	class_associated_helper	0.600		objectdata@0x00ace1d0		callgraph_vote:2/3;typed_sources:2;caller_or_callee	4	11	1304
0055e3e3	FUN_0055e3e3	AliasAnalyzer__helper_0055e3e3	class_associated_helper	0.600		AliasAnalyzer@0x00aff0cc		callgraph_vote:2/3;typed_sources:2;caller_or_callee	3	4	95
00561c30	FUN_00561c30	objectdata__helper_00561c30	class_associated_helper	0.600		objectdata@0x00ace1d0		callgraph_vote:2/2;typed_sources:2;caller_or_callee	2	3	262
00573f44	FUN_00573f44	InterblockDf__helper_00573f44	class_associated_helper	0.600		InterblockDf@0x00b0d908		callgraph_vote:2/2;typed_sources:2;caller_or_callee	0	2	122
005750b0	FUN_005750b0	AliasAnalyzer__helper_005750b0	class_associated_helper	0.600		AliasAnalyzer@0x00aff0cc		callgraph_vote:2/2;typed_sources:2;caller_or_callee	2	3	126
0057a45c	FUN_0057a45c	objectdata__helper_0057a45c	class_associated_helper	0.600		objectdata@0x00ace1d0		callgraph_vote:2/3;typed_sources:2;caller_or_callee	40	1	47
0057a4b3	FUN_0057a4b3	objectdata__helper_0057a4b3	class_associated_helper	0.600		objectdata@0x00ace1d0		callgraph_vote:2/2;typed_sources:2;caller_or_callee	5	1	57
00582aea	FUN_00582aea	objectdata__helper_00582aea	class_associated_helper	0.600		objectdata@0x00ace1d0		callgraph_vote:2/2;typed_sources:2;caller_or_callee	1	2	104
00585804	FUN_00585804	AliasAnalyzer__helper_00585804	class_associated_helper	0.600		AliasAnalyzer@0x00aff0cc		callgraph_vote:2/2;typed_sources:2;caller_or_callee	1	5	585
005872bd	FUN_005872bd	objectdata__helper_005872bd	class_associated_helper	0.600		objectdata@0x00ace1d0		callgraph_vote:2/2;typed_sources:2;caller_or_callee	2	3	264
005890b7	FUN_005890b7	objectdata__helper_005890b7	class_associated_helper	0.600		objectdata@0x00ace1d0		callgraph_vote:2/3;typed_sources:2;caller_or_callee	1	6	167
00589b91	FUN_00589b91	objectdata__helper_00589b91	class_associated_helper	0.600		objectdata@0x00ace1d0		callgraph_vote:2/2;typed_sources:2;caller_or_callee	1	5	507
0058f046	FUN_0058f046	objectdata__helper_0058f046	class_associated_helper	0.600		objectdata@0x00ace1d0		callgraph_vote:2/2;typed_sources:2;caller_or_callee	4	1	255
0059a8a5	FUN_0059a8a5	objectdata__helper_0059a8a5	class_associated_helper	0.600		objectdata@0x00ace1d0		callgraph_vote:2/2;typed_sources:2;caller_or_callee	23	3	84
0059ae8a	FUN_0059ae8a	objectdata__helper_0059ae8a	class_associated_helper	0.600		objectdata@0x00ace1d0		callgraph_vote:2/2;typed_sources:2;caller_or_callee	0	4	209
0059c656	FUN_0059c656	objectdata__helper_0059c656	class_associated_helper	0.600		objectdata@0x00ace1d0		callgraph_vote:2/3;typed_sources:2;caller_or_callee	9	5	89
0059e072	FUN_0059e072	operand_parser__helper_0059e072	class_associated_helper	0.600		operand_parser@0x00b0c7cc		callgraph_vote:2/2;typed_sources:2;caller_or_callee	1	4	1020
0059f266	FUN_0059f266	OutputGen__helper_0059f266	class_associated_helper	0.600		OutputGen@0x00b12800		callgraph_vote:2/3;typed_sources:2;caller_or_callee	5	0	65
005a0139	FUN_005a0139	operand_parser__helper_005a0139	class_associated_helper	0.600		operand_parser@0x00b0c7cc		callgraph_vote:2/2;typed_sources:2;caller_or_callee	1	2	254
005a2d65	FUN_005a2d65	operand_parser__helper_005a2d65	class_associated_helper	0.600		operand_parser@0x00b0c7cc		callgraph_vote:2/3;typed_sources:2;caller_or_callee	30	1	139
005a6478	FUN_005a6478	operand_parser__helper_005a6478	class_associated_helper	0.600		operand_parser@0x00b0c7cc		callgraph_vote:2/2;typed_sources:2;caller_or_callee	3	1	286
005a8eb6	FUN_005a8eb6	operand_parser__helper_005a8eb6	class_associated_helper	0.600		operand_parser@0x00b0c7cc		callgraph_vote:2/2;typed_sources:2;caller_or_callee	0	7	444
005ccdeb	FUN_005ccdeb	AliasAnalyzer__helper_005ccdeb	class_associated_helper	0.600		AliasAnalyzer@0x00aff0cc		callgraph_vote:2/3;typed_sources:2;caller_or_callee	1	2	88
005e396a	FUN_005e396a	AliasAnalyzer__helper_005e396a	class_associated_helper	0.600		AliasAnalyzer@0x00aff0cc		callgraph_vote:2/3;typed_sources:2;caller_or_callee	6	0	49
005e6e63	FUN_005e6e63	AliasAnalyzer__helper_005e6e63	class_associated_helper	0.600		AliasAnalyzer@0x00aff0cc		callgraph_vote:2/3;typed_sources:2;caller_or_callee	1	3	236
005e995e	FUN_005e995e	objectdata__helper_005e995e	class_associated_helper	0.600		objectdata@0x00ace1d0		callgraph_vote:2/2;typed_sources:2;caller_or_callee	1	1	370
005ea0fe	FUN_005ea0fe	objectdata__helper_005ea0fe	class_associated_helper	0.600		objectdata@0x00ace1d0		callgraph_vote:2/2;typed_sources:2;caller_or_callee	3	0	171
005ea1a9	FUN_005ea1a9	objectdata__helper_005ea1a9	class_associated_helper	0.600		objectdata@0x00ace1d0		callgraph_vote:2/2;typed_sources:2;caller_or_callee	2	0	134
005ec1f2	FUN_005ec1f2	objectdata__helper_005ec1f2	class_associated_helper	0.600		objectdata@0x00ace1d0		callgraph_vote:2/3;typed_sources:2;caller_or_callee	2	5	157
005f2bd7	FUN_005f2bd7	AliasAnalyzer__helper_005f2bd7	class_associated_helper	0.600		AliasAnalyzer@0x00aff0cc		callgraph_vote:2/3;typed_sources:2;caller_or_callee	2	2	186
005f58d5	FUN_005f58d5	AliasAnalyzer__helper_005f58d5	class_associated_helper	0.600		AliasAnalyzer@0x00aff0cc		callgraph_vote:2/3;typed_sources:2;caller_or_callee	2	1	59
005f78d0	FUN_005f78d0	AliasAnalyzer__helper_005f78d0	class_associated_helper	0.600		AliasAnalyzer@0x00aff0cc		callgraph_vote:2/3;typed_sources:2;caller_or_callee	0	4	525
005f8ca9	FUN_005f8ca9	AliasAnalyzer__helper_005f8ca9	class_associated_helper	0.600		AliasAnalyzer@0x00aff0cc		callgraph_vote:2/2;typed_sources:2;caller_or_callee	1	3	268
005fa305	FUN_005fa305	AliasAnalyzer__helper_005fa305	class_associated_helper	0.600		AliasAnalyzer@0x00aff0cc		callgraph_vote:2/3;typed_sources:2;caller_or_callee	1	4	208
006009c9	FUN_006009c9	backend_dataflow__helper_006009c9	class_associated_helper	0.600		backend_dataflow@0x00b0e82c		callgraph_vote:2/2;typed_sources:2;caller_or_callee	3	0	113
00600eb7	FUN_00600eb7	backend_dataflow__helper_00600eb7	class_associated_helper	0.600		backend_dataflow@0x00b0e82c		callgraph_vote:2/2;typed_sources:2;caller_or_callee	1	0	60
006104a2	FUN_006104a2	objectdata__helper_006104a2	class_associated_helper	0.600		objectdata@0x00ace1d0		callgraph_vote:2/3;typed_sources:2;caller_or_callee	1	2	158
0061715c	FUN_0061715c	objectdata__helper_0061715c	class_associated_helper	0.600		objectdata@0x00ace1d0		callgraph_vote:2/3;typed_sources:2;caller_or_callee	1	3	283
006220a7	FUN_006220a7	objectdata__helper_006220a7	class_associated_helper	0.600		objectdata@0x00ace1d0		callgraph_vote:2/3;typed_sources:2;caller_or_callee	2	12	367
00622e9e	FUN_00622e9e	objectdata__helper_00622e9e	class_associated_helper	0.600		objectdata@0x00ace1d0		callgraph_vote:2/3;typed_sources:2;caller_or_callee	4	5	204
00622fc6	FUN_00622fc6	objectdata__helper_00622fc6	class_associated_helper	0.600		objectdata@0x00ace1d0		callgraph_vote:2/3;typed_sources:2;caller_or_callee	1	6	269
00625388	FUN_00625388	backend_dataflow__helper_00625388	class_associated_helper	0.600		backend_dataflow@0x00b0e82c		callgraph_vote:2/3;typed_sources:2;caller_or_callee	2	3	81
006253d9	FUN_006253d9	backend_dataflow__helper_006253d9	class_associated_helper	0.600		backend_dataflow@0x00b0e82c		callgraph_vote:2/3;typed_sources:2;caller_or_callee	0	8	144
006262ae	FUN_006262ae	objectdata__helper_006262ae	class_associated_helper	0.600		objectdata@0x00ace1d0		callgraph_vote:2/2;typed_sources:2;caller_or_callee	1	7	230
006264eb	FUN_006264eb	objectdata__helper_006264eb	class_associated_helper	0.600		objectdata@0x00ace1d0		callgraph_vote:2/2;typed_sources:2;caller_or_callee	4	8	456
0063be9c	FUN_0063be9c	operand_parser__helper_0063be9c	class_associated_helper	0.600		operand_parser@0x00b0c7cc		callgraph_vote:2/2;typed_sources:2;caller_or_callee	1	3	192
0063bf5c	FUN_0063bf5c	operand_parser__helper_0063bf5c	class_associated_helper	0.600		operand_parser@0x00b0c7cc		callgraph_vote:2/2;typed_sources:2;caller_or_callee	1	5	261
0065238d	FUN_0065238d	objectdata__helper_0065238d	class_associated_helper	0.600		objectdata@0x00ace1d0		callgraph_vote:2/3;typed_sources:2;caller_or_callee	1	3	200
006567b6	FUN_006567b6	objectdata__helper_006567b6	class_associated_helper	0.600		objectdata@0x00ace1d0		callgraph_vote:2/3;typed_sources:2;caller_or_callee	3	3	36
006676b5	FUN_006676b5	backend_dataflow__helper_006676b5	class_associated_helper	0.600		backend_dataflow@0x00b0e82c		callgraph_vote:2/3;typed_sources:2;caller_or_callee	0	6	428
0067301f	FUN_0067301f	backend_dataflow__helper_0067301f	class_associated_helper	0.600		backend_dataflow@0x00b0e82c		callgraph_vote:2/3;typed_sources:2;caller_or_callee	10	1	52
00678dd3	FUN_00678dd3	InterblockDf__helper_00678dd3	class_associated_helper	0.600		InterblockDf@0x00acf300		callgraph_vote:2/2;typed_sources:2;caller_or_callee	1	2	90
00679a1e	FUN_00679a1e	var_disjointsets__helper_00679a1e	class_associated_helper	0.600		var_disjointsets@0x00b0d3e8		callgraph_vote:2/2;typed_sources:2;caller_or_callee	2	3	274
0067c540	FUN_0067c540	backend_dataflow__helper_0067c540	class_associated_helper	0.600		backend_dataflow@0x00b0e82c		callgraph_vote:2/2;typed_sources:2;caller_or_callee	0	3	92
0067cfcd	FUN_0067cfcd	backend_dataflow__helper_0067cfcd	class_associated_helper	0.600		backend_dataflow@0x00b0e82c		callgraph_vote:2/2;typed_sources:2;caller_or_callee	7	2	106
0067f88f	FUN_0067f88f	objectdata__helper_0067f88f	class_associated_helper	0.600		objectdata@0x00ace1d0		callgraph_vote:2/3;typed_sources:2;caller_or_callee	1	6	381
006884ae	FUN_006884ae	backend_dataflow__helper_006884ae	class_associated_helper	0.600		backend_dataflow@0x00b0e82c		callgraph_vote:2/2;typed_sources:2;caller_or_callee	1	1	175
0068f728	FUN_0068f728	backend_dataflow__helper_0068f728	class_associated_helper	0.600		backend_dataflow@0x00b0e82c		callgraph_vote:2/2;typed_sources:2;caller_or_callee	1	2	70
00690df0	FUN_00690df0	backend_dataflow__helper_00690df0	class_associated_helper	0.600		backend_dataflow@0x00b0e82c		callgraph_vote:2/2;typed_sources:2;caller_or_callee	3	1	110
0069c297	FUN_0069c297	objectdata__helper_0069c297	class_associated_helper	0.600		objectdata@0x00ace1d0		callgraph_vote:2/3;typed_sources:2;caller_or_callee	3	5	565
0069f6c9	FUN_0069f6c9	backend_dataflow__helper_0069f6c9	class_associated_helper	0.600		backend_dataflow@0x00b0e82c		callgraph_vote:2/3;typed_sources:2;caller_or_callee	1	1	65
006a20fd	FUN_006a20fd	objectdata__helper_006a20fd	class_associated_helper	0.600		objectdata@0x00ace1d0		callgraph_vote:2/3;typed_sources:2;caller_or_callee	5	5	183
006a6973	FUN_006a6973	objectdata__helper_006a6973	class_associated_helper	0.600		objectdata@0x00ace1d0		callgraph_vote:2/3;typed_sources:2;caller_or_callee	4	4	176
006aa12b	FUN_006aa12b	operand_parser__helper_006aa12b	class_associated_helper	0.600		operand_parser@0x00b0c7cc		callgraph_vote:2/3;typed_sources:2;caller_or_callee	2	5	294
006aa705	FUN_006aa705	backend_dataflow__helper_006aa705	class_associated_helper	0.600		backend_dataflow@0x00b0e82c		callgraph_vote:2/2;typed_sources:2;caller_or_callee	1	1	117
006aa948	FUN_006aa948	objectdata__helper_006aa948	class_associated_helper	0.600		objectdata@0x00ace1d0		callgraph_vote:2/2;typed_sources:2;caller_or_callee	2	5	268
006b8ea7	FUN_006b8ea7	backend_dataflow__helper_006b8ea7	class_associated_helper	0.600		backend_dataflow@0x00b0e82c		callgraph_vote:2/3;typed_sources:2;caller_or_callee	2	1	315
006b9905	FUN_006b9905	backend_dataflow__helper_006b9905	class_associated_helper	0.600		backend_dataflow@0x00b0e82c		callgraph_vote:2/2;typed_sources:2;caller_or_callee	1	1	26
006bfe75	FUN_006bfe75	backend_dataflow__helper_006bfe75	class_associated_helper	0.600		backend_dataflow@0x00b0e82c		callgraph_vote:2/2;typed_sources:2;caller_or_callee	9	1	24
006bfebd	FUN_006bfebd	backend_dataflow__helper_006bfebd	class_associated_helper	0.600		backend_dataflow@0x00b0e82c		callgraph_vote:2/2;typed_sources:2;caller_or_callee	4	1	24
006bff4d	FUN_006bff4d	backend_dataflow__helper_006bff4d	class_associated_helper	0.600		backend_dataflow@0x00b0e82c		callgraph_vote:2/3;typed_sources:2;caller_or_callee	5	1	24
006c034a	FUN_006c034a	backend_dataflow__helper_006c034a	class_associated_helper	0.600		backend_dataflow@0x00b0e82c		callgraph_vote:2/2;typed_sources:2;caller_or_callee	7	2	58
006c2624	FUN_006c2624	std_exception__helper_006c2624	class_associated_helper	0.600		std_exception@0x00abff98		callgraph_vote:2/3;typed_sources:2;caller_or_callee	6	0	504
006c5474	FUN_006c5474	std_exception__helper_006c5474	class_associated_helper	0.600		std_exception@0x00abff98		callgraph_vote:2/2;typed_sources:2;caller_or_callee	4	0	99
006c5a01	FUN_006c5a01	operand_parser__helper_006c5a01	class_associated_helper	0.600		operand_parser@0x00b0c7cc		callgraph_vote:2/2;typed_sources:2;caller_or_callee	3	2	33
006c607f	FUN_006c607f	backend_dataflow__helper_006c607f	class_associated_helper	0.600		backend_dataflow@0x00b0e82c		callgraph_vote:2/3;typed_sources:2;caller_or_callee	0	2	25
006c6098	FUN_006c6098	backend_dataflow__helper_006c6098	class_associated_helper	0.600		backend_dataflow@0x00b0e82c		callgraph_vote:2/3;typed_sources:2;caller_or_callee	2	3	68
006c729c	FUN_006c729c	backend_dataflow__helper_006c729c	class_associated_helper	0.600		backend_dataflow@0x00b0e82c		callgraph_vote:2/2;typed_sources:2;caller_or_callee	0	2	83
006c74e5	FUN_006c74e5	backend_dataflow__helper_006c74e5	class_associated_helper	0.600		backend_dataflow@0x00b0e82c		callgraph_vote:2/3;typed_sources:2;caller_or_callee	3	1	100
006ca754	FUN_006ca754	objectdata__helper_006ca754	class_associated_helper	0.600		objectdata@0x00ace1d0		callgraph_vote:2/3;typed_sources:2;caller_or_callee	1	7	191
006d0727	FUN_006d0727	peep_transformer__helper_006d0727	class_associated_helper	0.600		peep_transformer@0x00b01e58		callgraph_vote:2/3;typed_sources:2;caller_or_callee	1	6	192
006d0875	FUN_006d0875	InterblockDf__helper_006d0875	class_associated_helper	0.600		InterblockDf@0x00acf300		callgraph_vote:2/2;typed_sources:2;caller_or_callee	1	4	125
006d5aa9	FUN_006d5aa9	backend_dataflow__helper_006d5aa9	class_associated_helper	0.600		backend_dataflow@0x00b0e82c		callgraph_vote:2/3;typed_sources:2;caller_or_callee	64	1	28
006d6401	FUN_006d6401	backend_dataflow__helper_006d6401	class_associated_helper	0.600		backend_dataflow@0x00b0e82c		callgraph_vote:2/3;typed_sources:2;caller_or_callee	2	1	191
006da3e2	FUN_006da3e2	peep_transformer__helper_006da3e2	class_associated_helper	0.600		peep_transformer@0x00b01e58		callgraph_vote:2/3;typed_sources:2;caller_or_callee	1	5	379
006dbd17	FUN_006dbd17	operand_parser__helper_006dbd17	class_associated_helper	0.600		operand_parser@0x00b0c7cc		callgraph_vote:2/2;typed_sources:2;caller_or_callee	8	3	63
006f8bf3	FUN_006f8bf3	backend_dataflow__helper_006f8bf3	class_associated_helper	0.600		backend_dataflow@0x00b0e82c		callgraph_vote:2/2;typed_sources:2;caller_or_callee	3	2	85
006f8ca0	FUN_006f8ca0	backend_dataflow__helper_006f8ca0	class_associated_helper	0.600		backend_dataflow@0x00b0e82c		callgraph_vote:2/2;typed_sources:2;caller_or_callee	1	2	130
006f8da8	FUN_006f8da8	backend_dataflow__helper_006f8da8	class_associated_helper	0.600		backend_dataflow@0x00b0e82c		callgraph_vote:2/3;typed_sources:2;caller_or_callee	1	2	181
006fc99c	FUN_006fc99c	backend_dataflow__helper_006fc99c	class_associated_helper	0.600		backend_dataflow@0x00b0e82c		callgraph_vote:2/2;typed_sources:2;caller_or_callee	3	1	69
006fc9e1	FUN_006fc9e1	backend_dataflow__helper_006fc9e1	class_associated_helper	0.600		backend_dataflow@0x00b0e82c		callgraph_vote:2/2;typed_sources:2;caller_or_callee	0	1	73
00700b78	FUN_00700b78	operand_parser__helper_00700b78	class_associated_helper	0.600		operand_parser@0x00b0c7cc		callgraph_vote:2/3;typed_sources:2;caller_or_callee	2	2	278
00707a98	FUN_00707a98	vn_advisor__helper_00707a98	class_associated_helper	0.600		vn_advisor@0x00b053a8		callgraph_vote:2/2;typed_sources:2;caller_or_callee	14	1	23
00707aaf	FUN_00707aaf	operand_parser__helper_00707aaf	class_associated_helper	0.600		operand_parser@0x00b0c7cc		callgraph_vote:2/3;typed_sources:2;caller_or_callee	3	2	204
007160c8	FUN_007160c8	std_exception__helper_007160c8	class_associated_helper	0.600		std_exception@0x00abff98		callgraph_vote:2/2;typed_sources:2;caller_or_callee	4	1	43
007253cc	FUN_007253cc	InterblockDf__helper_007253cc	class_associated_helper	0.600		InterblockDf@0x00b0d908		callgraph_vote:2/3;typed_sources:2;caller_or_callee	1	9	2896
007267b2	FUN_007267b2	objectdata__helper_007267b2	class_associated_helper	0.600		objectdata@0x00ace1d0		callgraph_vote:2/2;typed_sources:2;caller_or_callee	2	9	858
00726f2e	FUN_00726f2e	objectdata__helper_00726f2e	class_associated_helper	0.600		objectdata@0x00ace1d0		callgraph_vote:2/3;typed_sources:2;caller_or_callee	2	4	120
0072ea26	FUN_0072ea26	backend_dataflow__helper_0072ea26	class_associated_helper	0.600		backend_dataflow@0x00b0e82c		callgraph_vote:2/2;typed_sources:2;caller_or_callee	1	13	848
007361be	FUN_007361be	list_scheduler__helper_007361be	class_associated_helper	0.600		list_scheduler@0x00b0c0e4		callgraph_vote:2/2;typed_sources:2;caller_or_callee	2	0	347
0073748b	FUN_0073748b	ws_interface__helper_0073748b	class_associated_helper	0.600		ws_interface@0x00b0b7b8		callgraph_vote:2/2;typed_sources:2;caller_or_callee	1	1	33
007374ac	FUN_007374ac	ws_interface__helper_007374ac	class_associated_helper	0.600		ws_interface@0x00b0b7b8		callgraph_vote:2/2;typed_sources:2;caller_or_callee	1	1	47
0073a9f0	FUN_0073a9f0	list_scheduler__helper_0073a9f0	class_associated_helper	0.600		list_scheduler@0x00b0c0e4		callgraph_vote:2/2;typed_sources:2;caller_or_callee	0	4	86
007474a0	FUN_007474a0	Exp__helper_007474a0	class_associated_helper	0.600		Exp@0x00b0d2d4		callgraph_vote:2/2;typed_sources:2;caller_or_callee	4	0	62
00748cda	FUN_00748cda	Exp__helper_00748cda	class_associated_helper	0.600		Exp@0x00b0d2d4		callgraph_vote:2/2;typed_sources:2;caller_or_callee	5	8	129
0074908b	FUN_0074908b	Exp__helper_0074908b	class_associated_helper	0.600		Exp@0x00b0d2d4		callgraph_vote:2/2;typed_sources:2;caller_or_callee	1	1	76
0074dcc4	FUN_0074dcc4	InterblockDf__helper_0074dcc4	class_associated_helper	0.600		InterblockDf@0x00b0d908		callgraph_vote:2/3;typed_sources:2;caller_or_callee	1	1	34
0074e0d1	FUN_0074e0d1	InterblockDf__helper_0074e0d1	class_associated_helper	0.600		InterblockDf@0x00b0d908		callgraph_vote:2/2;typed_sources:2;caller_or_callee	1	1	31
0074e1cd	FUN_0074e1cd	InterblockDf__helper_0074e1cd	class_associated_helper	0.600		InterblockDf@0x00b0d908		callgraph_vote:2/2;typed_sources:2;caller_or_callee	2	1	24
00751928	FUN_00751928	backend_dataflow__helper_00751928	class_associated_helper	0.600		backend_dataflow@0x00b0e82c		callgraph_vote:2/2;typed_sources:2;caller_or_callee	1	0	49
00754910	FUN_00754910	InterblockDf__helper_00754910	class_associated_helper	0.600		InterblockDf@0x00b0d908		callgraph_vote:2/3;typed_sources:2;caller_or_callee	2	0	586
00754b5a	FUN_00754b5a	InterblockDf__helper_00754b5a	class_associated_helper	0.600		InterblockDf@0x00b0d908		callgraph_vote:2/2;typed_sources:2;caller_or_callee	1	0	162
00756722	FUN_00756722	backend_dataflow__helper_00756722	class_associated_helper	0.600		backend_dataflow@0x00b0e82c		callgraph_vote:2/2;typed_sources:2;caller_or_callee	3	1	234
00758cb9	FUN_00758cb9	backend_dataflow__helper_00758cb9	class_associated_helper	0.600		backend_dataflow@0x00b0e82c		callgraph_vote:2/3;typed_sources:2;caller_or_callee	2	2	191
0075de3e	FUN_0075de3e	backend_dataflow__helper_0075de3e	class_associated_helper	0.600		backend_dataflow@0x00b0e82c		callgraph_vote:2/2;typed_sources:2;caller_or_callee	1	0	20
0076a8bf	FUN_0076a8bf	backend_dataflow__helper_0076a8bf	class_associated_helper	0.600		backend_dataflow@0x00b0e82c		callgraph_vote:2/2;typed_sources:2;caller_or_callee	1	0	48
0076ae3d	FUN_0076ae3d	backend_dataflow__helper_0076ae3d	class_associated_helper	0.600		backend_dataflow@0x00b0e82c		callgraph_vote:2/2;typed_sources:2;caller_or_callee	2	0	124
00772630	FUN_00772630	backend_dataflow__helper_00772630	class_associated_helper	0.600		backend_dataflow@0x00b0e82c		callgraph_vote:2/2;typed_sources:2;caller_or_callee	1	1	53
0077458f	FUN_0077458f	InterblockDf__helper_0077458f	class_associated_helper	0.600		InterblockDf@0x00b0d908		callgraph_vote:2/2;typed_sources:2;caller_or_callee	7	0	18
00774cbc	FUN_00774cbc	InterblockDf__helper_00774cbc	class_associated_helper	0.600		InterblockDf@0x00b0d908		callgraph_vote:2/2;typed_sources:2;caller_or_callee	2	3	136
00774dc1	FUN_00774dc1	InterblockDf__helper_00774dc1	class_associated_helper	0.600		InterblockDf@0x00b0d908		callgraph_vote:2/2;typed_sources:2;caller_or_callee	7	1	40
00774de9	FUN_00774de9	InterblockDf__helper_00774de9	class_associated_helper	0.600		InterblockDf@0x00b0d908		callgraph_vote:2/2;typed_sources:2;caller_or_callee	3	0	16
007772f2	FUN_007772f2	InterblockDf__helper_007772f2	class_associated_helper	0.600		InterblockDf@0x00b0d908		callgraph_vote:2/2;typed_sources:2;caller_or_callee	5	1	36
0077b890	FUN_0077b890	backend_dataflow__helper_0077b890	class_associated_helper	0.600		backend_dataflow@0x00b0e82c		callgraph_vote:2/2;typed_sources:2;caller_or_callee	3	1	39
0077ed82	FUN_0077ed82	backend_dataflow__helper_0077ed82	class_associated_helper	0.600		backend_dataflow@0x00b0e82c		callgraph_vote:2/2;typed_sources:2;caller_or_callee	1	5	272
0077ee92	FUN_0077ee92	backend_dataflow__helper_0077ee92	class_associated_helper	0.600		backend_dataflow@0x00b0e82c		callgraph_vote:2/2;typed_sources:2;caller_or_callee	1	5	220
0077fb41	FUN_0077fb41	backend_dataflow__helper_0077fb41	class_associated_helper	0.600		backend_dataflow@0x00b0e82c		callgraph_vote:2/3;typed_sources:2;caller_or_callee	1	1	28
007847f9	FUN_007847f9	backend_dataflow__helper_007847f9	class_associated_helper	0.600		backend_dataflow@0x00b0e82c		callgraph_vote:2/2;typed_sources:2;caller_or_callee	1	1	65
0078569f	FUN_0078569f	backend_dataflow__helper_0078569f	class_associated_helper	0.600		backend_dataflow@0x00b0e82c		callgraph_vote:2/2;typed_sources:2;caller_or_callee	1	1	107
007923d4	FUN_007923d4	std_exception__helper_007923d4	class_associated_helper	0.600		std_exception@0x00b10f10		callgraph_vote:2/2;typed_sources:2;caller_or_callee	1	1	107
00796f60	FUN_00796f60	operand_parser__helper_00796f60	class_associated_helper	0.600		operand_parser@0x00b0c7cc		callgraph_vote:2/2;typed_sources:2;caller_or_callee	0	1	128
007a0d5e	FUN_007a0d5e	InterblockDf__helper_007a0d5e	class_associated_helper	0.600		InterblockDf@0x00b0d908		callgraph_vote:2/2;typed_sources:2;caller_or_callee	0	1	34
007a1c0f	FUN_007a1c0f	std_exception__helper_007a1c0f	class_associated_helper	0.600		std_exception@0x00bd48a0		callgraph_vote:2/3;typed_sources:2;caller_or_callee	4	0	55
007a1c46	FUN_007a1c46	std_exception__helper_007a1c46	class_associated_helper	0.600		std_exception@0x00bd48a0		callgraph_vote:2/3;typed_sources:2;caller_or_callee	1	0	87
007a9335	FUN_007a9335	OutputGen__helper_007a9335	class_associated_helper	0.600		OutputGen@0x00b12800		callgraph_vote:2/2;typed_sources:2;caller_or_callee	4	5	164
007a94b5	FUN_007a94b5	OutputGen__helper_007a94b5	class_associated_helper	0.600		OutputGen@0x00b12800		callgraph_vote:2/3;typed_sources:2;caller_or_callee	1	7	492
007a9965	FUN_007a9965	OutputGen__helper_007a9965	class_associated_helper	0.600		OutputGen@0x00b12800		callgraph_vote:2/2;typed_sources:2;caller_or_callee	2	6	239
007aad8f	FUN_007aad8f	OutputGen__helper_007aad8f	class_associated_helper	0.600		OutputGen@0x00b12800		callgraph_vote:2/2;typed_sources:2;caller_or_callee	1	3	93
007aadec	FUN_007aadec	OutputGen__helper_007aadec	class_associated_helper	0.600		OutputGen@0x00b12800		callgraph_vote:2/3;typed_sources:2;caller_or_callee	9	6	728
007ab944	FUN_007ab944	OutputGen__helper_007ab944	class_associated_helper	0.600		OutputGen@0x00b12800		callgraph_vote:2/2;typed_sources:2;caller_or_callee	2	12	975
007ac385	FUN_007ac385	OutputGen__helper_007ac385	class_associated_helper	0.600		OutputGen@0x00b12800		callgraph_vote:2/2;typed_sources:2;caller_or_callee	1	42	3147
007b6e36	FUN_007b6e36	OutputGen__helper_007b6e36	class_associated_helper	0.600		OutputGen@0x00b12800		callgraph_vote:2/2;typed_sources:2;caller_or_callee	1	9	604
007bbaef	FUN_007bbaef	OutputGen__helper_007bbaef	class_associated_helper	0.600		OutputGen@0x00b12800		callgraph_vote:2/2;typed_sources:2;caller_or_callee	2	11	702
007c62bf	FUN_007c62bf	operand_parser__helper_007c62bf	class_associated_helper	0.600		operand_parser@0x00b0c7cc		callgraph_vote:2/2;typed_sources:2;caller_or_callee	4	3	158
007cfcd8	FUN_007cfcd8	OutputGen__helper_007cfcd8	class_associated_helper	0.600		OutputGen@0x00b12800		callgraph_vote:2/3;typed_sources:2;caller_or_callee	3	54	4554
007d1061	FUN_007d1061	OutputGen__helper_007d1061	class_associated_helper	0.600		OutputGen@0x00b12800		callgraph_vote:2/2;typed_sources:2;caller_or_callee	1	17	780
007d6020	FUN_007d6020	operand_parser__helper_007d6020	class_associated_helper	0.600		operand_parser@0x00b0c7cc		callgraph_vote:2/2;typed_sources:2;caller_or_callee	2	8	324
007dfce5	FUN_007dfce5	OutputGen__helper_007dfce5	class_associated_helper	0.600		OutputGen@0x00b12800		callgraph_vote:2/2;typed_sources:2;caller_or_callee	15	75	16640
007e912a	FUN_007e912a	OutputGen__helper_007e912a	class_associated_helper	0.600		OutputGen@0x00b12800		callgraph_vote:2/2;typed_sources:2;caller_or_callee	3	37	2851
007eab9d	FUN_007eab9d	OutputGen__helper_007eab9d	class_associated_helper	0.600		OutputGen@0x00b12800		callgraph_vote:2/2;typed_sources:2;caller_or_callee	2	49	5980
00808dc9	FUN_00808dc9	OutputGen__helper_00808dc9	class_associated_helper	0.600		OutputGen@0x00b12800		callgraph_vote:2/3;typed_sources:2;caller_or_callee	1	7	343
00848401	FUN_00848401	operand_parser__helper_00848401	class_associated_helper	0.600		operand_parser@0x00b0c7cc		callgraph_vote:2/2;typed_sources:2;caller_or_callee	1	3	142
0084a34d	FUN_0084a34d	operand_parser__helper_0084a34d	class_associated_helper	0.600		operand_parser@0x00b0c7cc		callgraph_vote:2/2;typed_sources:2;caller_or_callee	1	1	34
00858814	FUN_00858814	operand_parser__helper_00858814	class_associated_helper	0.600		operand_parser@0x00b0c7cc		callgraph_vote:2/2;typed_sources:2;caller_or_callee	3	1	84
0085b8b0	FUN_0085b8b0	OutputGen__helper_0085b8b0	class_associated_helper	0.600		OutputGen@0x00b12800		callgraph_vote:2/3;typed_sources:2;caller_or_callee	3	6	325
0085bd4f	FUN_0085bd4f	OutputGen__helper_0085bd4f	class_associated_helper	0.600		OutputGen@0x00b12800		callgraph_vote:2/3;typed_sources:2;caller_or_callee	3	8	505
0085c0e7	FUN_0085c0e7	OutputGen__helper_0085c0e7	class_associated_helper	0.600		OutputGen@0x00b12800		callgraph_vote:2/3;typed_sources:2;caller_or_callee	1	6	296
0085c20f	FUN_0085c20f	OutputGen__helper_0085c20f	class_associated_helper	0.600		OutputGen@0x00b12800		callgraph_vote:2/3;typed_sources:2;caller_or_callee	1	8	594
0085c7a8	FUN_0085c7a8	OutputGen__helper_0085c7a8	class_associated_helper	0.600		OutputGen@0x00b12800		callgraph_vote:2/3;typed_sources:2;caller_or_callee	21	28	3760
0085d6be	FUN_0085d6be	OutputGen__helper_0085d6be	class_associated_helper	0.600		OutputGen@0x00b12800		callgraph_vote:2/3;typed_sources:2;caller_or_callee	33	7	243
0085d816	FUN_0085d816	OutputGen__helper_0085d816	class_associated_helper	0.600		OutputGen@0x00b12800		callgraph_vote:2/3;typed_sources:2;caller_or_callee	4	11	2266
0085e4fd	FUN_0085e4fd	OutputGen__helper_0085e4fd	class_associated_helper	0.600		OutputGen@0x00b12800		callgraph_vote:2/3;typed_sources:2;caller_or_callee	2	8	365
0085e66a	FUN_0085e66a	OutputGen__helper_0085e66a	class_associated_helper	0.600		OutputGen@0x00b12800		callgraph_vote:2/2;typed_sources:2;caller_or_callee	12	8	517
0085e88f	FUN_0085e88f	OutputGen__helper_0085e88f	class_associated_helper	0.600		OutputGen@0x00b12800		callgraph_vote:2/3;typed_sources:2;caller_or_callee	3	5	256
0085ec00	FUN_0085ec00	OutputGen__helper_0085ec00	class_associated_helper	0.600		OutputGen@0x00b12800		callgraph_vote:2/3;typed_sources:2;caller_or_callee	3	7	345
0085ed59	FUN_0085ed59	OutputGen__helper_0085ed59	class_associated_helper	0.600		OutputGen@0x00b12800		callgraph_vote:2/3;typed_sources:2;caller_or_callee	3	6	1292
00863be3	FUN_00863be3	operand_parser__helper_00863be3	class_associated_helper	0.600		operand_parser@0x00b0c7cc		callgraph_vote:2/3;typed_sources:2;caller_or_callee	3	19	2592
0086eaa9	FUN_0086eaa9	OutputGen__helper_0086eaa9	class_associated_helper	0.600		OutputGen@0x00b12800		callgraph_vote:2/3;typed_sources:2;caller_or_callee	5	8	582
0086ed07	FUN_0086ed07	OutputGen__helper_0086ed07	class_associated_helper	0.600		OutputGen@0x00b12800		callgraph_vote:2/3;typed_sources:2;caller_or_callee	8	5	321
0086ee48	FUN_0086ee48	OutputGen__helper_0086ee48	class_associated_helper	0.600		OutputGen@0x00b12800		callgraph_vote:2/3;typed_sources:2;caller_or_callee	4	4	114
0086eeba	FUN_0086eeba	OutputGen__helper_0086eeba	class_associated_helper	0.600		OutputGen@0x00b12800		callgraph_vote:2/2;typed_sources:2;caller_or_callee	1	4	221
0086ef97	FUN_0086ef97	OutputGen__helper_0086ef97	class_associated_helper	0.600		OutputGen@0x00b12800		callgraph_vote:2/3;typed_sources:2;caller_or_callee	3	4	162
0086fe57	FUN_0086fe57	OutputGen__helper_0086fe57	class_associated_helper	0.600		OutputGen@0x00b12800		callgraph_vote:2/3;typed_sources:2;caller_or_callee	23	7	212
00870788	FUN_00870788	OutputGen__helper_00870788	class_associated_helper	0.600		OutputGen@0x00b12800		callgraph_vote:2/3;typed_sources:2;caller_or_callee	1	12	1214
00870fde	FUN_00870fde	OutputGen__helper_00870fde	class_associated_helper	0.600		OutputGen@0x00b12800		callgraph_vote:2/3;typed_sources:2;caller_or_callee	1	11	424
008a6021	FUN_008a6021	OutputGen__helper_008a6021	class_associated_helper	0.600		OutputGen@0x00b12800		callgraph_vote:2/3;typed_sources:2;caller_or_callee	4	4	329
008dbc34	FUN_008dbc34	OutputGen__helper_008dbc34	class_associated_helper	0.600		OutputGen@0x00b12800		callgraph_vote:2/3;typed_sources:2;caller_or_callee	1	8	784
0091aeb6	FUN_0091aeb6	OutputGen__helper_0091aeb6	class_associated_helper	0.600		OutputGen@0x00b12800		callgraph_vote:2/3;typed_sources:2;caller_or_callee	5	9	1012
00920cd6	FUN_00920cd6	OutputGen__helper_00920cd6	class_associated_helper	0.600		OutputGen@0x00b12800		callgraph_vote:2/3;typed_sources:2;caller_or_callee	25	35	2710
00922762	FUN_00922762	OutputGen__helper_00922762	class_associated_helper	0.600		OutputGen@0x00b12800		callgraph_vote:2/3;typed_sources:2;caller_or_callee	11	6	1288
00922c82	FUN_00922c82	OutputGen__helper_00922c82	class_associated_helper	0.600		OutputGen@0x00b12800		callgraph_vote:2/3;typed_sources:2;caller_or_callee	1	5	319
00939cbb	FUN_00939cbb	OutputGen__helper_00939cbb	class_associated_helper	0.600		OutputGen@0x00b12800		callgraph_vote:2/2;typed_sources:2;caller_or_callee	2	18	1405
0094f67f	FUN_0094f67f	OutputGen__helper_0094f67f	class_associated_helper	0.600		OutputGen@0x00b12800		callgraph_vote:2/3;typed_sources:2;caller_or_callee	13	36	2437
0098133b	FUN_0098133b	operand_parser__helper_0098133b	class_associated_helper	0.600		operand_parser@0x00b0c7cc		callgraph_vote:2/2;typed_sources:2;caller_or_callee	1	1	170
0098248a	FUN_0098248a	operand_parser__helper_0098248a	class_associated_helper	0.600		operand_parser@0x00b0c7cc		callgraph_vote:2/2;typed_sources:2;caller_or_callee	12	8	854
00982822	FUN_00982822	operand_parser__helper_00982822	class_associated_helper	0.600		operand_parser@0x00b0c7cc		callgraph_vote:2/2;typed_sources:2;caller_or_callee	2	4	127
00988824	FUN_00988824	operand_parser__helper_00988824	class_associated_helper	0.600		operand_parser@0x00b0c7cc		callgraph_vote:2/2;typed_sources:2;caller_or_callee	1	1	78
00993be4	FUN_00993be4	objectdata__helper_00993be4	class_associated_helper	0.600		objectdata@0x00ace1d0		callgraph_vote:2/2;typed_sources:2;caller_or_callee	5	4	85
00993c39	FUN_00993c39	objectdata__helper_00993c39	class_associated_helper	0.600		objectdata@0x00ace1d0		callgraph_vote:2/2;typed_sources:2;caller_or_callee	2	1	62
00993c9c	FUN_00993c9c	objectdata__helper_00993c9c	class_associated_helper	0.600		objectdata@0x00ace1d0		callgraph_vote:2/2;typed_sources:2;caller_or_callee	33	0	10
00995080	FUN_00995080	objectdata__helper_00995080	class_associated_helper	0.600		objectdata@0x00ace1d0		callgraph_vote:2/3;typed_sources:2;caller_or_callee	1	1	33
00996000	FUN_00996000	objectdata__helper_00996000	class_associated_helper	0.600		objectdata@0x00ace1d0		callgraph_vote:2/2;typed_sources:2;caller_or_callee	1	1	46
00996b81	FUN_00996b81	objectdata__helper_00996b81	class_associated_helper	0.600		objectdata@0x00ace1d0		callgraph_vote:2/2;typed_sources:2;caller_or_callee	1	2	29
00998d36	FUN_00998d36	backend_dataflow__helper_00998d36	class_associated_helper	0.600		backend_dataflow@0x00b0e82c		callgraph_vote:2/3;typed_sources:2;caller_or_callee	2	10	2652
0099bd98	FUN_0099bd98	objectdata__helper_0099bd98	class_associated_helper	0.600		objectdata@0x00ace1d0		callgraph_vote:2/2;typed_sources:2;caller_or_callee	2	3	62
0099d1ab	FUN_0099d1ab	objectdata__helper_0099d1ab	class_associated_helper	0.600		objectdata@0x00ace1d0		callgraph_vote:2/2;typed_sources:2;caller_or_callee	1	12	626
0099f505	FUN_0099f505	objectdata__helper_0099f505	class_associated_helper	0.600		objectdata@0x00ace1d0		callgraph_vote:2/2;typed_sources:2;caller_or_callee	7	5	186
0099f5bf	FUN_0099f5bf	objectdata__helper_0099f5bf	class_associated_helper	0.600		objectdata@0x00ace1d0		callgraph_vote:2/2;typed_sources:2;caller_or_callee	3	3	135
0099f646	FUN_0099f646	objectdata__helper_0099f646	class_associated_helper	0.600		objectdata@0x00ace1d0		callgraph_vote:2/2;typed_sources:2;caller_or_callee	1	3	109
009a0884	FUN_009a0884	objectdata__helper_009a0884	class_associated_helper	0.600		objectdata@0x00ace1d0		callgraph_vote:2/2;typed_sources:2;caller_or_callee	2	4	146
009a0c25	FUN_009a0c25	objectdata__helper_009a0c25	class_associated_helper	0.600		objectdata@0x00ace1d0		callgraph_vote:2/2;typed_sources:2;caller_or_callee	1	6	233
009a0ebd	FUN_009a0ebd	objectdata__helper_009a0ebd	class_associated_helper	0.600		objectdata@0x00ace1d0		callgraph_vote:2/2;typed_sources:2;caller_or_callee	2	2	78
009aa6c6	FUN_009aa6c6	objectdata__helper_009aa6c6	class_associated_helper	0.600		objectdata@0x00ace1d0		callgraph_vote:2/2;typed_sources:2;caller_or_callee	12	4	543
009ab627	FUN_009ab627	objectdata__helper_009ab627	class_associated_helper	0.600		objectdata@0x00ace1d0		callgraph_vote:2/3;typed_sources:2;caller_or_callee	2	8	275
009b1507	FUN_009b1507	objectdata__helper_009b1507	class_associated_helper	0.600		objectdata@0x00ace1d0		callgraph_vote:2/2;typed_sources:2;caller_or_callee	1	25	1676
009b5b49	FUN_009b5b49	objectdata__helper_009b5b49	class_associated_helper	0.600		objectdata@0x00ace1d0		callgraph_vote:2/2;typed_sources:2;caller_or_callee	2	8	537
009c5877	FUN_009c5877	operand_parser__helper_009c5877	class_associated_helper	0.600		operand_parser@0x00b0c7cc		callgraph_vote:2/2;typed_sources:2;caller_or_callee	1	1	56
009c8400	FUN_009c8400	std_exception__helper_009c8400	class_associated_helper	0.600		std_exception@0x00bd48a0		callgraph_vote:2/2;typed_sources:2;caller_or_callee	1	0	46
009c842e	FUN_009c842e	std_exception__helper_009c842e	class_associated_helper	0.600		std_exception@0x00bd48a0		callgraph_vote:2/2;typed_sources:2;caller_or_callee	1	0	46
009c845c	FUN_009c845c	std_exception__helper_009c845c	class_associated_helper	0.600		std_exception@0x00bd48a0		callgraph_vote:2/2;typed_sources:2;caller_or_callee	1	0	46
009c8a19	FUN_009c8a19	std_exception__helper_009c8a19	class_associated_helper	0.600		std_exception@0x00bd48a0		callgraph_vote:2/2;typed_sources:2;caller_or_callee	26	0	55
009c8a50	FUN_009c8a50	std_exception__helper_009c8a50	class_associated_helper	0.600		std_exception@0x00bd48a0		callgraph_vote:2/2;typed_sources:2;caller_or_callee	1	0	87
009c8c25	FUN_009c8c25	std_exception__helper_009c8c25	class_associated_helper	0.600		std_exception@0x00bd48a0		callgraph_vote:2/2;typed_sources:2;caller_or_callee	1	1	116
009c8c99	FUN_009c8c99	std_exception__helper_009c8c99	class_associated_helper	0.600		std_exception@0x00bd48a0		callgraph_vote:2/2;typed_sources:2;caller_or_callee	1	1	117
009c8d0e	FUN_009c8d0e	std_exception__helper_009c8d0e	class_associated_helper	0.600		std_exception@0x00bd48a0		callgraph_vote:2/2;typed_sources:2;caller_or_callee	1	1	84
009c8d90	FUN_009c8d90	std_exception__helper_009c8d90	class_associated_helper	0.600		std_exception@0x00bd48a0		callgraph_vote:2/2;typed_sources:2;caller_or_callee	1	0	46
009c8dbe	FUN_009c8dbe	std_exception__helper_009c8dbe	class_associated_helper	0.600		std_exception@0x00bd48a0		callgraph_vote:2/2;typed_sources:2;caller_or_callee	1	0	44
009c8e18	FUN_009c8e18	std_exception__helper_009c8e18	class_associated_helper	0.600		std_exception@0x00bd48a0		callgraph_vote:2/2;typed_sources:2;caller_or_callee	1	0	46
009c8e46	FUN_009c8e46	std_exception__helper_009c8e46	class_associated_helper	0.600		std_exception@0x00bd48a0		callgraph_vote:2/2;typed_sources:2;caller_or_callee	1	0	44
009c8ecc	FUN_009c8ecc	std_exception__helper_009c8ecc	class_associated_helper	0.600		std_exception@0x00bd48a0		callgraph_vote:2/2;typed_sources:2;caller_or_callee	1	1	90
009c91aa	FUN_009c91aa	std_exception__helper_009c91aa	class_associated_helper	0.600		std_exception@0x00bd48a0		callgraph_vote:2/2;typed_sources:2;caller_or_callee	1	2	250
009c92a4	FUN_009c92a4	std_exception__helper_009c92a4	class_associated_helper	0.600		std_exception@0x00bd48a0		callgraph_vote:2/2;typed_sources:2;caller_or_callee	2	2	250
009c939e	FUN_009c939e	std_exception__helper_009c939e	class_associated_helper	0.600		std_exception@0x00bd48a0		callgraph_vote:2/2;typed_sources:2;caller_or_callee	1	3	281
009cf4f9	FUN_009cf4f9	std_exception__helper_009cf4f9	class_associated_helper	0.600		std_exception@0x00bd48a0		callgraph_vote:2/2;typed_sources:2;caller_or_callee	2	1	96
009cf624	FUN_009cf624	std_exception__helper_009cf624	class_associated_helper	0.600		std_exception@0x00bd48a0		callgraph_vote:2/2;typed_sources:2;caller_or_callee	2	1	133
009dd4df	FUN_009dd4df	std_exception__helper_009dd4df	class_associated_helper	0.600		std_exception@0x00bd48a0		callgraph_vote:2/2;typed_sources:2;caller_or_callee	8	0	55
009dd516	FUN_009dd516	std_exception__helper_009dd516	class_associated_helper	0.600		std_exception@0x00bd48a0		callgraph_vote:2/2;typed_sources:2;caller_or_callee	1	0	87
009dd677	FUN_009dd677	std_exception__helper_009dd677	class_associated_helper	0.600		std_exception@0x00bd48a0		callgraph_vote:2/2;typed_sources:2;caller_or_callee	1	0	46
009dd6d3	FUN_009dd6d3	std_exception__helper_009dd6d3	class_associated_helper	0.600		std_exception@0x00bd48a0		callgraph_vote:2/2;typed_sources:2;caller_or_callee	1	0	44
009dd872	FUN_009dd872	std_exception__helper_009dd872	class_associated_helper	0.600		std_exception@0x00bd48a0		callgraph_vote:2/2;typed_sources:2;caller_or_callee	1	2	250
009e28bf	FUN_009e28bf	std_exception__helper_009e28bf	class_associated_helper	0.600		std_exception@0x00bd48a0		callgraph_vote:2/2;typed_sources:2;caller_or_callee	7	0	55
009e28f6	FUN_009e28f6	std_exception__helper_009e28f6	class_associated_helper	0.600		std_exception@0x00bd48a0		callgraph_vote:2/2;typed_sources:2;caller_or_callee	1	0	87
009e367f	FUN_009e367f	std_exception__helper_009e367f	class_associated_helper	0.600		std_exception@0x00bd48a0		callgraph_vote:2/2;typed_sources:2;caller_or_callee	3	1	88
009e36d7	FUN_009e36d7	std_exception__helper_009e36d7	class_associated_helper	0.600		std_exception@0x00bd48a0		callgraph_vote:2/2;typed_sources:2;caller_or_callee	3	1	88
009e372f	FUN_009e372f	std_exception__helper_009e372f	class_associated_helper	0.600		std_exception@0x00bd48a0		callgraph_vote:2/2;typed_sources:2;caller_or_callee	3	1	88
009e3787	FUN_009e3787	std_exception__helper_009e3787	class_associated_helper	0.600		std_exception@0x00bd48a0		callgraph_vote:2/2;typed_sources:2;caller_or_callee	4	1	88
009e59bb	FUN_009e59bb	std_exception__helper_009e59bb	class_associated_helper	0.600		std_exception@0x00bd48a0		callgraph_vote:2/2;typed_sources:2;caller_or_callee	1	3	137
009e5a44	FUN_009e5a44	std_exception__helper_009e5a44	class_associated_helper	0.600		std_exception@0x00bd48a0		callgraph_vote:2/2;typed_sources:2;caller_or_callee	1	3	137
009e5acd	FUN_009e5acd	std_exception__helper_009e5acd	class_associated_helper	0.600		std_exception@0x00bd48a0		callgraph_vote:2/2;typed_sources:2;caller_or_callee	1	3	137
009e5b56	FUN_009e5b56	std_exception__helper_009e5b56	class_associated_helper	0.600		std_exception@0x00bd48a0		callgraph_vote:2/2;typed_sources:2;caller_or_callee	2	3	137
009e5caf	FUN_009e5caf	std_exception__helper_009e5caf	class_associated_helper	0.600		std_exception@0x00bd48a0		callgraph_vote:2/2;typed_sources:2;caller_or_callee	1	0	25
009e5cc8	FUN_009e5cc8	std_exception__helper_009e5cc8	class_associated_helper	0.600		std_exception@0x00bd48a0		callgraph_vote:2/2;typed_sources:2;caller_or_callee	1	0	25
009e5ce1	FUN_009e5ce1	std_exception__helper_009e5ce1	class_associated_helper	0.600		std_exception@0x00bd48a0		callgraph_vote:2/2;typed_sources:2;caller_or_callee	1	0	25
009e5cfa	FUN_009e5cfa	std_exception__helper_009e5cfa	class_associated_helper	0.600		std_exception@0x00bd48a0		callgraph_vote:2/2;typed_sources:2;caller_or_callee	1	0	25
009e5d13	FUN_009e5d13	std_exception__helper_009e5d13	class_associated_helper	0.600		std_exception@0x00bd48a0		callgraph_vote:2/2;typed_sources:2;caller_or_callee	2	0	23
009e5d2a	FUN_009e5d2a	std_exception__helper_009e5d2a	class_associated_helper	0.600		std_exception@0x00bd48a0		callgraph_vote:2/2;typed_sources:2;caller_or_callee	2	0	23
009e5d41	FUN_009e5d41	std_exception__helper_009e5d41	class_associated_helper	0.600		std_exception@0x00bd48a0		callgraph_vote:2/2;typed_sources:2;caller_or_callee	2	0	23
009e5d58	FUN_009e5d58	std_exception__helper_009e5d58	class_associated_helper	0.600		std_exception@0x00bd48a0		callgraph_vote:2/2;typed_sources:2;caller_or_callee	2	0	23
009feea0	FUN_009feea0	std_exception__helper_009feea0	class_associated_helper	0.600		std_exception@0x00bd48a0		callgraph_vote:2/2;typed_sources:2;caller_or_callee	1	0	46
009ff45d	FUN_009ff45d	std_exception__helper_009ff45d	class_associated_helper	0.600		std_exception@0x00bd48a0		callgraph_vote:2/2;typed_sources:2;caller_or_callee	7	0	55
009ff494	FUN_009ff494	std_exception__helper_009ff494	class_associated_helper	0.600		std_exception@0x00bd48a0		callgraph_vote:2/2;typed_sources:2;caller_or_callee	1	0	87
009ff5f5	FUN_009ff5f5	std_exception__helper_009ff5f5	class_associated_helper	0.600		std_exception@0x00bd48a0		callgraph_vote:2/2;typed_sources:2;caller_or_callee	1	1	301
009ff722	FUN_009ff722	std_exception__helper_009ff722	class_associated_helper	0.600		std_exception@0x00bd48a0		callgraph_vote:2/2;typed_sources:2;caller_or_callee	1	1	305
00a009d6	FUN_00a009d6	std_exception__helper_00a009d6	class_associated_helper	0.600		std_exception@0x00bd48a0		callgraph_vote:2/2;typed_sources:2;caller_or_callee	2	1	328
00a01e0f	FUN_00a01e0f	std_exception__helper_00a01e0f	class_associated_helper	0.600		std_exception@0x00bd48a0		callgraph_vote:2/2;typed_sources:2;caller_or_callee	7	0	55
00a01e46	FUN_00a01e46	std_exception__helper_00a01e46	class_associated_helper	0.600		std_exception@0x00bd48a0		callgraph_vote:2/2;typed_sources:2;caller_or_callee	1	0	87
00a01fd5	FUN_00a01fd5	std_exception__helper_00a01fd5	class_associated_helper	0.600		std_exception@0x00bd48a0		callgraph_vote:2/2;typed_sources:2;caller_or_callee	1	0	44
00a02001	FUN_00a02001	std_exception__helper_00a02001	class_associated_helper	0.600		std_exception@0x00bd48a0		callgraph_vote:2/2;typed_sources:2;caller_or_callee	1	0	46
00a03bc0	FUN_00a03bc0	std_exception__helper_00a03bc0	class_associated_helper	0.600		std_exception@0x00bd48a0		callgraph_vote:2/2;typed_sources:2;caller_or_callee	1	0	46
00a0417d	FUN_00a0417d	std_exception__helper_00a0417d	class_associated_helper	0.600		std_exception@0x00bd48a0		callgraph_vote:2/2;typed_sources:2;caller_or_callee	7	0	55
00a041b4	FUN_00a041b4	std_exception__helper_00a041b4	class_associated_helper	0.600		std_exception@0x00bd48a0		callgraph_vote:2/2;typed_sources:2;caller_or_callee	1	0	87
00a04389	FUN_00a04389	std_exception__helper_00a04389	class_associated_helper	0.600		std_exception@0x00bd48a0		callgraph_vote:2/2;typed_sources:2;caller_or_callee	1	1	117
00a043fe	FUN_00a043fe	std_exception__helper_00a043fe	class_associated_helper	0.600		std_exception@0x00bd48a0		callgraph_vote:2/2;typed_sources:2;caller_or_callee	1	1	116
00a0536d	FUN_00a0536d	std_exception__helper_00a0536d	class_associated_helper	0.600		std_exception@0x00bd48a0		callgraph_vote:2/2;typed_sources:2;caller_or_callee	2	1	133
00a065bf	FUN_00a065bf	std_exception__helper_00a065bf	class_associated_helper	0.600		std_exception@0x00bd48a0		callgraph_vote:2/2;typed_sources:2;caller_or_callee	7	0	55
00a065f6	FUN_00a065f6	std_exception__helper_00a065f6	class_associated_helper	0.600		std_exception@0x00bd48a0		callgraph_vote:2/2;typed_sources:2;caller_or_callee	1	0	87
00a06785	FUN_00a06785	std_exception__helper_00a06785	class_associated_helper	0.600		std_exception@0x00bd48a0		callgraph_vote:2/2;typed_sources:2;caller_or_callee	1	0	46
00a067b3	FUN_00a067b3	std_exception__helper_00a067b3	class_associated_helper	0.600		std_exception@0x00bd48a0		callgraph_vote:2/2;typed_sources:2;caller_or_callee	1	0	44
00a363c7	FUN_00a363c7	operand_parser__helper_00a363c7	class_associated_helper	0.600		operand_parser@0x00b0c7cc		callgraph_vote:2/2;typed_sources:2;caller_or_callee	2	5	469
00a52859	FUN_00a52859	backend_dataflow__helper_00a52859	class_associated_helper	0.600		backend_dataflow@0x00b0e82c		callgraph_vote:2/3;typed_sources:2;caller_or_callee	1	4	177
00a5444b	FUN_00a5444b	operand_parser__helper_00a5444b	class_associated_helper	0.600		operand_parser@0x00b0c7cc		callgraph_vote:2/2;typed_sources:2;caller_or_callee	1	4	144
00a9207f	FUN_00a9207f	std_exception__helper_00a9207f	class_associated_helper	0.600		std_exception@0x00bd48a0		callgraph_vote:2/2;typed_sources:2;caller_or_callee	1	0	78
