function_entry	current_name	proposed_name	role	confidence	tier	classes	groups	semantic_slots	evidence	caller_count	callee_count	body_size
00424ceb	FUN_00424ceb	backend_t__ctor	constructor	0.990	direct_apply_candidate	backend_t	backend_dataflow@0x00b0e82c		backend_map curated anchor; allocates target object and installs backend_t vptr	0	8	322
00405190	FUN_00405190	std_exception__scalar_deleting_dtor	destructor_like	0.950	direct_apply_candidate	std::exception	std_exception@0x00abf270		runtime_std_slot0;calls_deallocator_005b974d;verified_std_exception_pattern	0	1	39
004051c8	FUN_004051c8	std_bad_alloc__scalar_deleting_dtor	destructor_like	0.950	direct_apply_candidate	std::bad_alloc	std_exception@0x00abf270		runtime_std_slot0;calls_deallocator_005b974d;verified_std_exception_pattern	0	1	39
00405876	FUN_00405876	std_logic_error__scalar_deleting_dtor	destructor_like	0.950	direct_apply_candidate	std::logic_error	std_exception@0x00abf270		runtime_std_slot0;calls_deallocator_005b974d;verified_std_exception_pattern	0	2	57
004058dd	FUN_004058dd	std_out_of_range__scalar_deleting_dtor	destructor_like	0.950	direct_apply_candidate	std::out_of_range	std_exception@0x00abf270		runtime_std_slot0;calls_deallocator_005b974d;verified_std_exception_pattern	0	2	57
00405927	FUN_00405927	std_runtime_error__scalar_deleting_dtor	destructor_like	0.950	direct_apply_candidate	std::runtime_error	std_exception@0x00abf270		runtime_std_slot0;calls_deallocator_005b974d;verified_std_exception_pattern	0	2	57
0040598e	FUN_0040598e	std_overflow_error__scalar_deleting_dtor	destructor_like	0.950	direct_apply_candidate	std::overflow_error	std_exception@0x00abf270		runtime_std_slot0;calls_deallocator_005b974d;verified_std_exception_pattern	0	2	57
00424e80	FUN_00424e80	std_exception__scalar_deleting_dtor	destructor_like	0.950	direct_apply_candidate	std::exception	std_exception@0x00abff98		runtime_std_slot0;calls_deallocator_005b974d;verified_std_exception_pattern	0	1	39
00424eb8	FUN_00424eb8	std_bad_alloc__scalar_deleting_dtor	destructor_like	0.950	direct_apply_candidate	std::bad_alloc	std_exception@0x00abff98		runtime_std_slot0;calls_deallocator_005b974d;verified_std_exception_pattern	0	1	39
00425566	FUN_00425566	std_logic_error__scalar_deleting_dtor	destructor_like	0.950	direct_apply_candidate	std::logic_error	std_exception@0x00abff98		runtime_std_slot0;calls_deallocator_005b974d;verified_std_exception_pattern	0	2	57
004255cd	FUN_004255cd	std_out_of_range__scalar_deleting_dtor	destructor_like	0.950	direct_apply_candidate	std::out_of_range	std_exception@0x00abff98		runtime_std_slot0;calls_deallocator_005b974d;verified_std_exception_pattern	0	2	57
00425617	FUN_00425617	std_runtime_error__scalar_deleting_dtor	destructor_like	0.950	direct_apply_candidate	std::runtime_error	std_exception@0x00abff98		runtime_std_slot0;calls_deallocator_005b974d;verified_std_exception_pattern	0	2	57
0042567e	FUN_0042567e	std_overflow_error__scalar_deleting_dtor	destructor_like	0.950	direct_apply_candidate	std::overflow_error	std_exception@0x00abff98		runtime_std_slot0;calls_deallocator_005b974d;verified_std_exception_pattern	0	2	57
0043a660	FUN_0043a660	std_exception__scalar_deleting_dtor	destructor_like	0.950	direct_apply_candidate	std::exception	std_exception@0x00ac0a18		runtime_std_slot0;calls_deallocator_005b974d;verified_std_exception_pattern	0	1	39
0043a698	FUN_0043a698	std_bad_alloc__scalar_deleting_dtor	destructor_like	0.950	direct_apply_candidate	std::bad_alloc	std_exception@0x00ac0a18		runtime_std_slot0;calls_deallocator_005b974d;verified_std_exception_pattern	0	1	39
0043ad46	FUN_0043ad46	std_logic_error__scalar_deleting_dtor	destructor_like	0.950	direct_apply_candidate	std::logic_error	std_exception@0x00ac0a18		runtime_std_slot0;calls_deallocator_005b974d;verified_std_exception_pattern	0	2	57
0043adad	FUN_0043adad	std_out_of_range__scalar_deleting_dtor	destructor_like	0.950	direct_apply_candidate	std::out_of_range	std_exception@0x00ac0a18		runtime_std_slot0;calls_deallocator_005b974d;verified_std_exception_pattern	0	2	57
004e0f9f	FUN_004e0f9f	std_exception__scalar_deleting_dtor	destructor_like	0.950	direct_apply_candidate	std::exception	std_exception@0x00ace628		runtime_std_slot0;calls_deallocator_005b974d;verified_std_exception_pattern	0	1	39
004e0fd7	FUN_004e0fd7	std_bad_alloc__scalar_deleting_dtor	destructor_like	0.950	direct_apply_candidate	std::bad_alloc	std_exception@0x00ace628		runtime_std_slot0;calls_deallocator_005b974d;verified_std_exception_pattern	0	1	39
004e1685	FUN_004e1685	std_logic_error__scalar_deleting_dtor	destructor_like	0.950	direct_apply_candidate	std::logic_error	std_exception@0x00ace628		runtime_std_slot0;calls_deallocator_005b974d;verified_std_exception_pattern	0	2	57
004e16ec	FUN_004e16ec	std_out_of_range__scalar_deleting_dtor	destructor_like	0.950	direct_apply_candidate	std::out_of_range	std_exception@0x00ace628		runtime_std_slot0;calls_deallocator_005b974d;verified_std_exception_pattern	0	2	57
004e1736	FUN_004e1736	std_runtime_error__scalar_deleting_dtor	destructor_like	0.950	direct_apply_candidate	std::runtime_error	std_exception@0x00ace628		runtime_std_slot0;calls_deallocator_005b974d;verified_std_exception_pattern	0	2	57
004e179d	FUN_004e179d	std_overflow_error__scalar_deleting_dtor	destructor_like	0.950	direct_apply_candidate	std::overflow_error	std_exception@0x00ace628		runtime_std_slot0;calls_deallocator_005b974d;verified_std_exception_pattern	0	2	57
00695a04	FUN_00695a04	std_exception__scalar_deleting_dtor	destructor_like	0.950	direct_apply_candidate	std::exception	std_exception@0x00b06c6c		runtime_std_slot0;calls_deallocator_005b974d;verified_std_exception_pattern	0	1	39
00695a3c	FUN_00695a3c	std_bad_alloc__scalar_deleting_dtor	destructor_like	0.950	direct_apply_candidate	std::bad_alloc	std_exception@0x00b06c6c		runtime_std_slot0;calls_deallocator_005b974d;verified_std_exception_pattern	0	1	39
006960ea	FUN_006960ea	std_logic_error__scalar_deleting_dtor	destructor_like	0.950	direct_apply_candidate	std::logic_error	std_exception@0x00b06c6c		runtime_std_slot0;calls_deallocator_005b974d;verified_std_exception_pattern	0	2	57
00696151	FUN_00696151	std_out_of_range__scalar_deleting_dtor	destructor_like	0.950	direct_apply_candidate	std::out_of_range	std_exception@0x00b06c6c		runtime_std_slot0;calls_deallocator_005b974d;verified_std_exception_pattern	0	2	57
00785910	FUN_00785910	std_exception__scalar_deleting_dtor	destructor_like	0.950	direct_apply_candidate	std::exception	std_exception@0x00b0f1ec		runtime_std_slot0;calls_deallocator_005b974d;verified_std_exception_pattern	0	1	39
00785948	FUN_00785948	std_bad_alloc__scalar_deleting_dtor	destructor_like	0.950	direct_apply_candidate	std::bad_alloc	std_exception@0x00b0f1ec		runtime_std_slot0;calls_deallocator_005b974d;verified_std_exception_pattern	0	1	39
00786081	FUN_00786081	std_logic_error__scalar_deleting_dtor	destructor_like	0.950	direct_apply_candidate	std::logic_error	std_exception@0x00b0f1ec		runtime_std_slot0;calls_deallocator_005b974d;verified_std_exception_pattern	0	2	57
007860e8	FUN_007860e8	std_length_error__scalar_deleting_dtor	destructor_like	0.950	direct_apply_candidate	std::length_error	std_exception@0x00b0f1ec		runtime_std_slot0;calls_deallocator_005b974d;verified_std_exception_pattern	0	2	57
00787800	FUN_00787800	std_exception__scalar_deleting_dtor	destructor_like	0.950	direct_apply_candidate	std::exception	std_exception@0x00b0f5dc		runtime_std_slot0;calls_deallocator_005b974d;verified_std_exception_pattern	0	1	39
00787838	FUN_00787838	std_bad_alloc__scalar_deleting_dtor	destructor_like	0.950	direct_apply_candidate	std::bad_alloc	std_exception@0x00b0f5dc		runtime_std_slot0;calls_deallocator_005b974d;verified_std_exception_pattern	0	1	39
007881fc	FUN_007881fc	std_logic_error__scalar_deleting_dtor	destructor_like	0.950	direct_apply_candidate	std::logic_error	std_exception@0x00b0f5dc		runtime_std_slot0;calls_deallocator_005b974d;verified_std_exception_pattern	0	2	57
00788263	FUN_00788263	std_length_error__scalar_deleting_dtor	destructor_like	0.950	direct_apply_candidate	std::length_error	std_exception@0x00b0f5dc		runtime_std_slot0;calls_deallocator_005b974d;verified_std_exception_pattern	0	2	57
007882ad	FUN_007882ad	std_out_of_range__scalar_deleting_dtor	destructor_like	0.950	direct_apply_candidate	std::out_of_range	std_exception@0x00b0f5dc		runtime_std_slot0;calls_deallocator_005b974d;verified_std_exception_pattern	0	2	57
007918c0	FUN_007918c0	std_exception__scalar_deleting_dtor	destructor_like	0.950	direct_apply_candidate	std::exception	std_exception@0x00b10f10		runtime_std_slot0;calls_deallocator_005b974d;verified_std_exception_pattern	0	1	39
007918f8	FUN_007918f8	std_bad_alloc__scalar_deleting_dtor	destructor_like	0.950	direct_apply_candidate	std::bad_alloc	std_exception@0x00b10f10		runtime_std_slot0;calls_deallocator_005b974d;verified_std_exception_pattern	0	1	39
007922d9	FUN_007922d9	std_logic_error__scalar_deleting_dtor	destructor_like	0.950	direct_apply_candidate	std::logic_error	std_exception@0x00b10f10		runtime_std_slot0;calls_deallocator_005b974d;verified_std_exception_pattern	0	2	57
00792340	FUN_00792340	std_length_error__scalar_deleting_dtor	destructor_like	0.950	direct_apply_candidate	std::length_error	std_exception@0x00b10f10		runtime_std_slot0;calls_deallocator_005b974d;verified_std_exception_pattern	0	2	57
0079238a	FUN_0079238a	std_out_of_range__scalar_deleting_dtor	destructor_like	0.950	direct_apply_candidate	std::out_of_range	std_exception@0x00b10f10		runtime_std_slot0;calls_deallocator_005b974d;verified_std_exception_pattern	0	2	57
0079ca40	FUN_0079ca40	std_exception__scalar_deleting_dtor	destructor_like	0.950	direct_apply_candidate	std::exception	std_exception@0x00b11aa8		runtime_std_slot0;calls_deallocator_005b974d;verified_std_exception_pattern	0	1	39
0079ca78	FUN_0079ca78	std_bad_alloc__scalar_deleting_dtor	destructor_like	0.950	direct_apply_candidate	std::bad_alloc	std_exception@0x00b11aa8		runtime_std_slot0;calls_deallocator_005b974d;verified_std_exception_pattern	0	1	39
0079d325	FUN_0079d325	std_logic_error__scalar_deleting_dtor	destructor_like	0.950	direct_apply_candidate	std::logic_error	std_exception@0x00b11aa8		runtime_std_slot0;calls_deallocator_005b974d;verified_std_exception_pattern	0	2	57
0079d38c	FUN_0079d38c	std_length_error__scalar_deleting_dtor	destructor_like	0.950	direct_apply_candidate	std::length_error	std_exception@0x00b11aa8		runtime_std_slot0;calls_deallocator_005b974d;verified_std_exception_pattern	0	2	57
0079ea10	FUN_0079ea10	std_exception__scalar_deleting_dtor	destructor_like	0.950	direct_apply_candidate	std::exception	std_exception@0x00b12008		runtime_std_slot0;calls_deallocator_005b974d;verified_std_exception_pattern	0	1	39
0079ea48	FUN_0079ea48	std_bad_alloc__scalar_deleting_dtor	destructor_like	0.950	direct_apply_candidate	std::bad_alloc	std_exception@0x00b12008		runtime_std_slot0;calls_deallocator_005b974d;verified_std_exception_pattern	0	1	39
0079f489	FUN_0079f489	std_logic_error__scalar_deleting_dtor	destructor_like	0.950	direct_apply_candidate	std::logic_error	std_exception@0x00b12008		runtime_std_slot0;calls_deallocator_005b974d;verified_std_exception_pattern	0	2	57
0079f4f0	FUN_0079f4f0	std_length_error__scalar_deleting_dtor	destructor_like	0.950	direct_apply_candidate	std::length_error	std_exception@0x00b12008		runtime_std_slot0;calls_deallocator_005b974d;verified_std_exception_pattern	0	2	57
007a1610	FUN_007a1610	std_exception__scalar_deleting_dtor	destructor_like	0.950	direct_apply_candidate	std::exception	std_exception@0x00b12cf4		runtime_std_slot0;calls_deallocator_005b974d;verified_std_exception_pattern	0	1	39
007a1648	FUN_007a1648	std_bad_alloc__scalar_deleting_dtor	destructor_like	0.950	direct_apply_candidate	std::bad_alloc	std_exception@0x00b12cf4		runtime_std_slot0;calls_deallocator_005b974d;verified_std_exception_pattern	0	1	39
00a91fa0	FUN_00a91fa0	std_exception__scalar_deleting_dtor	destructor_like	0.950	direct_apply_candidate	std::exception	std_exception@0x00bd48a0		runtime_std_slot0;calls_deallocator_005b974d;verified_std_exception_pattern	0	1	38
00a91fd9	FUN_00a91fd9	std_bad_alloc__scalar_deleting_dtor	destructor_like	0.950	direct_apply_candidate	std::bad_alloc	std_exception@0x00bd48a0		runtime_std_slot0;calls_deallocator_005b974d;verified_std_exception_pattern	0	1	38
00a9276f	FUN_00a9276f	std_logic_error__scalar_deleting_dtor	destructor_like	0.950	direct_apply_candidate	std::logic_error	std_exception@0x00bd48a0		runtime_std_slot0;calls_deallocator_005b974d;verified_std_exception_pattern	0	2	56
00a927cd	FUN_00a927cd	std_length_error__scalar_deleting_dtor	destructor_like	0.950	direct_apply_candidate	std::length_error	std_exception@0x00bd48a0		runtime_std_slot0;calls_deallocator_005b974d;verified_std_exception_pattern	0	2	56
00a9280e	FUN_00a9280e	std_out_of_range__scalar_deleting_dtor	destructor_like	0.950	direct_apply_candidate	std::out_of_range	std_exception@0x00bd48a0		runtime_std_slot0;calls_deallocator_005b974d;verified_std_exception_pattern	0	2	56
00486b99	FUN_00486b99	g4_resource_scheduler__ctor_candidate	constructor_like	0.930	direct_apply_candidate	g4_resource_scheduler	list_scheduler@0x00b0c0e4		writes_own_vtable:0x00ac5810;calls_base_initializer:007386ff:resource_model_scheduler	1	3	291
00487f60	FUN_00487f60	ppc970_resource_scheduler__ctor_candidate	constructor_like	0.930	direct_apply_candidate	ppc970_resource_scheduler	list_scheduler@0x00b0c0e4		writes_own_vtable:0x00ac5880;calls_base_initializer:007386ff:resource_model_scheduler	1	3	146
0048a79c	FUN_0048a79c	ame_resource_scheduler__ctor_candidate	constructor_like	0.930	direct_apply_candidate	ame_resource_scheduler	list_scheduler@0x00b0c0e4		writes_own_vtable:0x00ac58f0;calls_base_initializer:007386ff:resource_model_scheduler	1	4	182
005d8667	FUN_005d8667	BooleanAccurateAliasAnalyzer__ctor_candidate	constructor_like	0.930	direct_apply_candidate	BooleanAccurateAliasAnalyzer	AliasAnalyzer@0x00aff0cc		writes_own_vtable:0x00afef8c;calls_base_initializer:005cf1dd:AliasAnalyzer	1	7	356
007386ff	FUN_007386ff	resource_model_scheduler__ctor_candidate	constructor_like	0.930	direct_apply_candidate	resource_model_scheduler	list_scheduler@0x00b0c0e4		writes_own_vtable:0x00b0bfa0;calls_base_initializer:00736142:list_scheduler	3	3	115
0073a67d	FUN_0073a67d	compat_list_scheduler__ctor_candidate	constructor_like	0.930	direct_apply_candidate	compat_list_scheduler	list_scheduler@0x00b0c0e4		writes_own_vtable:0x00b0c084;calls_base_initializer:00736142:list_scheduler	0	2	75
00745a76	FUN_00745a76	empty__ctor_candidate	constructor_like	0.930	direct_apply_candidate	empty	operand_parser@0x00b0c7cc		writes_own_vtable:0x00b0c35c;calls_base_initializer:0078abd5:operand_parser	0	4	400
0078ac6b	FUN_0078ac6b	register_range__ctor_candidate	constructor_like	0.930	direct_apply_candidate	register_range	operand_parser@0x00b0c7cc		writes_own_vtable:0x00b105b0;calls_base_initializer:0078abd5:operand_parser	0	2	77
0078b3d6	FUN_0078b3d6	register_set__ctor_candidate	constructor_like	0.930	direct_apply_candidate	register_set	operand_parser@0x00b0c7cc		writes_own_vtable:0x00b10068;calls_base_initializer:0078abd5:operand_parser	0	4	132
0078bdb0	FUN_0078bdb0	register_implicit__ctor_candidate	constructor_like	0.930	direct_apply_candidate	register_implicit	operand_parser@0x00b0c7cc		writes_own_vtable:0x00b10670;calls_base_initializer:0078abd5:operand_parser	0	2	97
0078c194	FUN_0078c194	immediate__ctor_candidate	constructor_like	0.930	direct_apply_candidate	immediate	operand_parser@0x00b0c7cc		writes_own_vtable:0x00b101e8;calls_base_initializer:0078abd5:operand_parser	1	2	247
0078daa3	FUN_0078daa3	immediate_implicit__ctor_candidate	constructor_like	0.930	direct_apply_candidate	immediate_implicit	operand_parser@0x00b0c7cc		writes_own_vtable:0x00b0c70c;calls_base_initializer:0078c194:immediate	0	2	126
0078db21	FUN_0078db21	statictext__ctor_candidate	constructor_like	0.930	direct_apply_candidate	statictext	operand_parser@0x00b0c7cc		writes_own_vtable:0x00b102a8;calls_base_initializer:0078abd5:operand_parser	0	2	95
0078dd43	FUN_0078dd43	ignore__ctor_candidate	constructor_like	0.930	direct_apply_candidate	ignore	operand_parser@0x00b0c7cc		writes_own_vtable:0x00b10730;calls_base_initializer:0078abd5:operand_parser	0	2	77
0078dda2	FUN_0078dda2	hardcode__ctor_candidate	constructor_like	0.930	direct_apply_candidate	hardcode	operand_parser@0x00b0c7cc		writes_own_vtable:0x00b10368;calls_base_initializer:0078abd5:operand_parser	0	2	78
0078de90	FUN_0078de90	textset__ctor_candidate	constructor_like	0.930	direct_apply_candidate	textset	operand_parser@0x00b0c7cc		writes_own_vtable:0x00b10128;calls_base_initializer:0078abd5:operand_parser	0	5	330
0078e2ac	FUN_0078e2ac	compose__ctor_candidate	constructor_like	0.930	direct_apply_candidate	compose	operand_parser@0x00b0c7cc		writes_own_vtable:0x00b107f0;calls_base_initializer:0078abd5:operand_parser	0	7	590
0078f45c	FUN_0078f45c	choose__ctor_candidate	constructor_like	0.930	direct_apply_candidate	choose	operand_parser@0x00b0c7cc		writes_own_vtable:0x00b10428;calls_base_initializer:0078abd5:operand_parser	0	5	531
0078feb2	FUN_0078feb2	multiple_fields__ctor_candidate	constructor_like	0.930	direct_apply_candidate	multiple_fields	operand_parser@0x00b0c7cc		writes_own_vtable:0x00b104e8;calls_base_initializer:0078abd5:operand_parser	0	2	89
007901d6	FUN_007901d6	split_fields__ctor_candidate	constructor_like	0.930	direct_apply_candidate	split_fields	operand_parser@0x00b0c7cc		writes_own_vtable:0x00b10970;calls_base_initializer:0078abd5:operand_parser	0	5	371
00790514	FUN_00790514	register_list__ctor_candidate	constructor_like	0.930	direct_apply_candidate	register_list	operand_parser@0x00b0c7cc		writes_own_vtable:0x00b10a30;calls_base_initializer:0078abd5:operand_parser	0	3	97
007909cf	FUN_007909cf	mnemonic_placeholder__ctor_candidate	constructor_like	0.930	direct_apply_candidate	mnemonic_placeholder	operand_parser@0x00b0c7cc		writes_own_vtable:0x00b10af0;calls_base_initializer:0078abd5:operand_parser	0	2	77
00790a2e	FUN_00790a2e	sameas__ctor_candidate	constructor_like	0.930	direct_apply_candidate	sameas	operand_parser@0x00b0c7cc		writes_own_vtable:0x00b108b0;calls_base_initializer:0078abd5:operand_parser	0	2	99
00790abd	FUN_00790abd	join__ctor_candidate	constructor_like	0.930	direct_apply_candidate	join	operand_parser@0x00b0c7cc		writes_own_vtable:0x00b10bb0;calls_base_initializer:0078abd5:operand_parser	0	2	113
00791273	FUN_00791273	suffix__ctor_candidate	constructor_like	0.930	direct_apply_candidate	suffix	operand_parser@0x00b0c7cc		writes_own_vtable:0x00b10c70;calls_base_initializer:0078abd5:operand_parser	0	2	95
004014f7	FUN_004014f7	vn_advisor_ppc_consolshift__ctor_candidate	constructor_like	0.920	direct_apply_candidate	vn_advisor_consol;vn_advisor_consolshift;vn_advisor_ppc_consolshift	vn_advisor@0x00b053a8		direct_vtable_header_or_vptr_refs:3;write_order:vn_advisor_consol>vn_advisor_consolshift>vn_advisor_ppc_consolshift	1	1	135
00405200	FUN_00405200	std_bad_alloc__ctor_candidate	constructor_like	0.920	direct_apply_candidate	std::bad_alloc;std::exception	std_exception@0x00abf270		direct_vtable_header_or_vptr_refs:2;write_order:std::exception>std::bad_alloc	5	3	123
004059d8	FUN_004059d8	std_out_of_range__ctor_candidate	constructor_like	0.920	direct_apply_candidate	std::exception;std::logic_error;std::out_of_range	std_exception@0x00abf270		direct_vtable_header_or_vptr_refs:3;write_order:std::exception>std::logic_error>std::out_of_range	2	13	946
00405fae	FUN_00405fae	std_overflow_error__ctor_candidate	constructor_like	0.920	direct_apply_candidate	std::exception;std::overflow_error;std::runtime_error	std_exception@0x00abf270		direct_vtable_header_or_vptr_refs:3;write_order:std::exception>std::runtime_error>std::overflow_error	1	11	885
00424ef0	FUN_00424ef0	std_bad_alloc__ctor_candidate	constructor_like	0.920	direct_apply_candidate	std::bad_alloc;std::exception	std_exception@0x00abff98		direct_vtable_header_or_vptr_refs:2;write_order:std::exception>std::bad_alloc	3	3	123
004256c8	FUN_004256c8	std_out_of_range__ctor_candidate	constructor_like	0.920	direct_apply_candidate	std::exception;std::logic_error;std::out_of_range	std_exception@0x00abff98		direct_vtable_header_or_vptr_refs:3;write_order:std::exception>std::logic_error>std::out_of_range	1	13	946
00425b92	FUN_00425b92	std_overflow_error__ctor_candidate	constructor_like	0.920	direct_apply_candidate	std::exception;std::overflow_error;std::runtime_error	std_exception@0x00abff98		direct_vtable_header_or_vptr_refs:3;write_order:std::exception>std::runtime_error>std::overflow_error	1	11	885
0043a6d0	FUN_0043a6d0	std_bad_alloc__ctor_candidate	constructor_like	0.920	direct_apply_candidate	std::bad_alloc;std::exception	std_exception@0x00ac0a18		direct_vtable_header_or_vptr_refs:2;write_order:std::exception>std::bad_alloc	2	3	123
0043adf7	FUN_0043adf7	std_out_of_range__ctor_candidate	constructor_like	0.920	direct_apply_candidate	std::exception;std::logic_error;std::out_of_range	std_exception@0x00ac0a18		direct_vtable_header_or_vptr_refs:3;write_order:std::exception>std::logic_error>std::out_of_range	1	13	946
004e100f	FUN_004e100f	std_bad_alloc__ctor_candidate	constructor_like	0.920	direct_apply_candidate	std::bad_alloc;std::exception	std_exception@0x00ace628		direct_vtable_header_or_vptr_refs:2;write_order:std::exception>std::bad_alloc	3	3	123
004e17e7	FUN_004e17e7	std_out_of_range__ctor_candidate	constructor_like	0.920	direct_apply_candidate	std::exception;std::logic_error;std::out_of_range	std_exception@0x00ace628		direct_vtable_header_or_vptr_refs:3;write_order:std::exception>std::logic_error>std::out_of_range	1	13	946
004e1cb1	FUN_004e1cb1	std_overflow_error__ctor_candidate	constructor_like	0.920	direct_apply_candidate	std::exception;std::overflow_error;std::runtime_error	std_exception@0x00ace628		direct_vtable_header_or_vptr_refs:3;write_order:std::exception>std::runtime_error>std::overflow_error	1	11	885
004e68cd	FUN_004e68cd	SimpleOutputGen__ctor_candidate	constructor_like	0.920	direct_apply_candidate	OutputGen;SimpleOutputGen	OutputGen@0x00b12800		direct_vtable_header_or_vptr_refs:2;write_order:OutputGen>SimpleOutputGen	3	1	61
00521778	FUN_00521778	SimpleOutputGen__ctor_candidate	constructor_like	0.920	direct_apply_candidate	OutputGen;SimpleOutputGen	OutputGen@0x00b12800		direct_vtable_header_or_vptr_refs:2;write_order:OutputGen>SimpleOutputGen	0	1	165
005d5e5e	FUN_005d5e5e	objectdata_twoop__ctor_candidate	constructor_like	0.920	direct_apply_candidate	objectdata;objectdata_twoop	objectdata@0x00ace1d0		direct_vtable_header_or_vptr_refs:2;write_order:objectdata>objectdata_twoop	1	8	737
005d87cb	FUN_005d87cb	TimeAccurateAliasAnalyzer__ctor_candidate	constructor_like	0.920	direct_apply_candidate	AliasAnalyzer;TimeAccurateAliasAnalyzer	AliasAnalyzer@0x00aff0cc		direct_vtable_header_or_vptr_refs:2;write_order:AliasAnalyzer>TimeAccurateAliasAnalyzer	1	17	914
005eaa4a	FUN_005eaa4a	ValueNeededDf__ctor_candidate	constructor_like	0.920	direct_apply_candidate	InterblockDf;ValueNeededDf	InterblockDf@0x00afd5b8		direct_vtable_header_or_vptr_refs:2;write_order:InterblockDf>ValueNeededDf	1	3	257
005edb5b	FUN_005edb5b	objectdata_twoop__ctor_candidate	constructor_like	0.920	direct_apply_candidate	objectdata;objectdata_twoop	objectdata@0x00ace1d0		direct_vtable_header_or_vptr_refs:2;write_order:objectdata>objectdata_twoop	2	6	250
005ef811	FUN_005ef811	objectdata_twoop__ctor_candidate	constructor_like	0.920	direct_apply_candidate	objectdata;objectdata_twoop	objectdata@0x00ace1d0		direct_vtable_header_or_vptr_refs:2;write_order:objectdata>objectdata_twoop	1	8	432
005f5370	FUN_005f5370	objectdata_block__ctor_candidate	constructor_like	0.920	direct_apply_candidate	objectdata;objectdata_block	objectdata@0x00ace1d0		direct_vtable_header_or_vptr_refs:2;write_order:objectdata>objectdata_block	1	16	1091
00620d20	FUN_00620d20	bytereverser__ctor_candidate	constructor_like	0.920	direct_apply_candidate	bytereverser;nonstandard_type_handler	ObjectVisitor@0x00b01ed0		direct_vtable_header_or_vptr_refs:2;write_order:nonstandard_type_handler>bytereverser	1	2	128
00695a74	FUN_00695a74	std_bad_alloc__ctor_candidate	constructor_like	0.920	direct_apply_candidate	std::bad_alloc;std::exception	std_exception@0x00b06c6c		direct_vtable_header_or_vptr_refs:2;write_order:std::exception>std::bad_alloc	4	3	123
0069619b	FUN_0069619b	std_out_of_range__ctor_candidate	constructor_like	0.920	direct_apply_candidate	std::exception;std::logic_error;std::out_of_range	std_exception@0x00b06c6c		direct_vtable_header_or_vptr_refs:3;write_order:std::exception>std::logic_error>std::out_of_range	1	13	946
006ac354	FUN_006ac354	Split64TestVisitor__ctor_candidate	constructor_like	0.920	direct_apply_candidate	MachopVisitor;Split64TestVisitor	MachopVisitor@0x00b06c2c		direct_vtable_header_or_vptr_refs:2;write_order:MachopVisitor>Split64TestVisitor	1	3	159
006ac5cd	FUN_006ac5cd	Split64DoVisitor__ctor_candidate	constructor_like	0.920	direct_apply_candidate	MachopVisitor;Split64DoVisitor	MachopVisitor@0x00b06c2c		direct_vtable_header_or_vptr_refs:2;write_order:MachopVisitor>Split64DoVisitor	1	6	304
006c6a0b	FUN_006c6a0b	std_out_of_range__ctor_candidate	constructor_like	0.920	direct_apply_candidate	std::exception;std::logic_error;std::out_of_range	std_exception@0x00b06c6c		direct_vtable_header_or_vptr_refs:3;write_order:std::exception>std::logic_error>std::out_of_range	0	11	912
006d7818	FUN_006d7818	MachopObjectInvalidator__ctor_candidate	constructor_like	0.920	direct_apply_candidate	MachopObjectInvalidator;MachopVisitor	MachopVisitor@0x00b080a0		direct_vtable_header_or_vptr_refs:2;write_order:MachopVisitor>MachopObjectInvalidator	0	1	61
006d7f2a	FUN_006d7f2a	MachopImmpropClearer__ctor_candidate	constructor_like	0.920	direct_apply_candidate	MachopImmpropClearer;MachopVisitor	MachopVisitor@0x00b080a0		direct_vtable_header_or_vptr_refs:2;write_order:MachopVisitor>MachopImmpropClearer	1	1	39
007006e7	FUN_007006e7	MachopChecker__ctor_candidate	constructor_like	0.920	direct_apply_candidate	MachopChecker;MachopVisitor	MachopVisitor@0x00b09ac8		direct_vtable_header_or_vptr_refs:2;write_order:MachopVisitor>MachopChecker	1	3	317
007013b3	FUN_007013b3	MachopBitoffsetClearer__ctor_candidate	constructor_like	0.920	direct_apply_candidate	MachopBitoffsetClearer;MachopVisitor	MachopVisitor@0x00b09ac8		direct_vtable_header_or_vptr_refs:2;write_order:MachopVisitor>MachopBitoffsetClearer	1	1	63
007016d6	FUN_007016d6	AddMachopVisitor__ctor_candidate	constructor_like	0.920	direct_apply_candidate	AddMachopVisitor;MachopVisitor	MachopVisitor@0x00b09ac8		direct_vtable_header_or_vptr_refs:2;write_order:MachopVisitor>AddMachopVisitor	0	0	25
0071df17	FUN_0071df17	alloc_table_hash__ctor_candidate	constructor_like	0.920	direct_apply_candidate	alloc_table;alloc_table_hash	alloc_table@0x00b0a500		direct_vtable_header_or_vptr_refs:2;write_order:alloc_table>alloc_table_hash	4	2	121
0071df90	FUN_0071df90	alloc_table_btree__ctor_candidate	constructor_like	0.920	direct_apply_candidate	alloc_table;alloc_table_btree	alloc_table@0x00b0a500		direct_vtable_header_or_vptr_refs:2;write_order:alloc_table>alloc_table_btree	2	2	77
0071e0e0	FUN_0071e0e0	alloc_table_bcl__ctor_candidate	constructor_like	0.920	direct_apply_candidate	alloc_table;alloc_table_bcl	alloc_table@0x00b0a500		direct_vtable_header_or_vptr_refs:2;write_order:alloc_table>alloc_table_bcl	2	2	191
00747f96	FUN_00747f96	Mem__ctor_candidate	constructor_like	0.920	direct_apply_candidate	Exp;Mem;Unk;Val	Exp@0x00b0d2d4		direct_vtable_header_or_vptr_refs:4;write_order:Exp>Val>Unk>Mem	1	4	399
0074857f	FUN_0074857f	Num__ctor_candidate	constructor_like	0.920	direct_apply_candidate	Exp;Num;Val	Exp@0x00b0d2d4		direct_vtable_header_or_vptr_refs:3;write_order:Exp>Val>Num	2	6	646
00748805	FUN_00748805	Cmm__ctor_candidate	constructor_like	0.920	direct_apply_candidate	Alu;Bop;Cmm;Exp	Exp@0x00b0d2d4		direct_vtable_header_or_vptr_refs:4;write_order:Exp>Alu>Bop>Cmm	0	4	300
00748931	FUN_00748931	Cmm__ctor_candidate	constructor_like	0.920	direct_apply_candidate	Alu;Bop;Cmm;Exp	Exp@0x00b0d2d4		direct_vtable_header_or_vptr_refs:4;write_order:Exp>Alu>Bop>Cmm	0	3	269
00748a3e	FUN_00748a3e	Ncm__ctor_candidate	constructor_like	0.920	direct_apply_candidate	Alu;Bop;Exp;Ncm	Exp@0x00b0d2d4		direct_vtable_header_or_vptr_refs:4;write_order:Exp>Alu>Bop>Ncm	4	2	178
00748af0	FUN_00748af0	Uop__ctor_candidate	constructor_like	0.920	direct_apply_candidate	Alu;Exp;Uop	Exp@0x00b0d2d4		direct_vtable_header_or_vptr_refs:3;write_order:Exp>Alu>Uop	2	2	164
00748b94	FUN_00748b94	Bot__ctor_candidate	constructor_like	0.920	direct_apply_candidate	Bot;Exp;Unk;Val	Exp@0x00b0d2d4		direct_vtable_header_or_vptr_refs:4;write_order:Exp>Val>Unk>Bot	6	2	181
0074959c	FUN_0074959c	Num__ctor_candidate	constructor_like	0.920	direct_apply_candidate	Exp;Num;Val	Exp@0x00b0d2d4		direct_vtable_header_or_vptr_refs:3;write_order:Exp>Val>Num	2	4	279
0074a060	FUN_0074a060	singleton_iter__ctor_candidate	constructor_like	0.920	direct_apply_candidate	obj_iter;singleton_iter	obj_iter@0x00b0d3b8		direct_vtable_header_or_vptr_refs:2;write_order:obj_iter>singleton_iter	1	3	244
0074a154	FUN_0074a154	objectlist_iter__ctor_candidate	constructor_like	0.920	direct_apply_candidate	obj_iter;objectlist_iter	obj_iter@0x00b0d3b8		direct_vtable_header_or_vptr_refs:2;write_order:obj_iter>objectlist_iter	1	3	244
0074a8cd	FUN_0074a8cd	var_disjointsets_impl__ctor_candidate	constructor_like	0.920	direct_apply_candidate	var_disjointsets;var_disjointsets_impl	var_disjointsets@0x00b0d3e8		direct_vtable_header_or_vptr_refs:2;write_order:var_disjointsets>var_disjointsets_impl	1	4	123
0074a948	FUN_0074a948	var_multimap_impl__ctor_candidate	constructor_like	0.920	direct_apply_candidate	var_multimap;var_multimap_impl	var_multimap@0x00b0d3d8		direct_vtable_header_or_vptr_refs:2;write_order:var_multimap>var_multimap_impl	2	3	108
0074ab40	FUN_0074ab40	var_map_objectlist_var_map_iter__ctor_candidate	constructor_like	0.920	direct_apply_candidate	obj_iter;var_map<objectlist>::var_map_iter	obj_iter@0x00b0d3b8		direct_vtable_header_or_vptr_refs:2;write_order:obj_iter>var_map<objectlist>::var_map_iter	1	3	244
0074aeb0	FUN_0074aeb0	objpairlist_searchiter__ctor_candidate	constructor_like	0.920	direct_apply_candidate	obj_iter;objpairlist_searchiter	obj_iter@0x00b0d680		direct_vtable_header_or_vptr_refs:2;write_order:obj_iter>objpairlist_searchiter	1	3	244
00785980	FUN_00785980	std_bad_alloc__ctor_candidate	constructor_like	0.920	direct_apply_candidate	std::bad_alloc;std::exception	std_exception@0x00b0f1ec		direct_vtable_header_or_vptr_refs:2;write_order:std::exception>std::bad_alloc	2	3	123
007859fb	FUN_007859fb	std_bad_alloc__ctor_candidate	constructor_like	0.920	direct_apply_candidate	std::bad_alloc;std::exception	std_exception@0x00b0f1ec		direct_vtable_header_or_vptr_refs:2;write_order:std::exception>std::bad_alloc	1	3	139
00786132	FUN_00786132	std_length_error__ctor_candidate	constructor_like	0.920	direct_apply_candidate	std::exception;std::length_error;std::logic_error	std_exception@0x00b0f1ec		direct_vtable_header_or_vptr_refs:3;write_order:std::exception>std::logic_error>std::length_error	1	11	833
00787870	FUN_00787870	std_bad_alloc__ctor_candidate	constructor_like	0.920	direct_apply_candidate	std::bad_alloc;std::exception	std_exception@0x00b0f5dc		direct_vtable_header_or_vptr_refs:2;write_order:std::exception>std::bad_alloc	1	3	128
007878f0	FUN_007878f0	std_bad_alloc__ctor_candidate	constructor_like	0.920	direct_apply_candidate	std::bad_alloc;std::exception	std_exception@0x00b0f5dc		direct_vtable_header_or_vptr_refs:2;write_order:std::exception>std::bad_alloc	2	3	128
00787970	FUN_00787970	std_bad_alloc__ctor_candidate	constructor_like	0.920	direct_apply_candidate	std::bad_alloc;std::exception	std_exception@0x00b0f5dc		direct_vtable_header_or_vptr_refs:2;write_order:std::exception>std::bad_alloc	1	3	139
007879fb	FUN_007879fb	std_bad_alloc__ctor_candidate	constructor_like	0.920	direct_apply_candidate	std::bad_alloc;std::exception	std_exception@0x00b0f5dc		direct_vtable_header_or_vptr_refs:2;write_order:std::exception>std::bad_alloc	2	3	128
00787a7b	FUN_00787a7b	std_bad_alloc__ctor_candidate	constructor_like	0.920	direct_apply_candidate	std::bad_alloc;std::exception	std_exception@0x00b0f5dc		direct_vtable_header_or_vptr_refs:2;write_order:std::exception>std::bad_alloc	11	3	123
00787af6	FUN_00787af6	std_bad_alloc__ctor_candidate	constructor_like	0.920	direct_apply_candidate	std::bad_alloc;std::exception	std_exception@0x00b0f5dc		direct_vtable_header_or_vptr_refs:2;write_order:std::exception>std::bad_alloc	1	3	139
00787b81	FUN_00787b81	std_bad_alloc__ctor_candidate	constructor_like	0.920	direct_apply_candidate	std::bad_alloc;std::exception	std_exception@0x00b0f5dc		direct_vtable_header_or_vptr_refs:2;write_order:std::exception>std::bad_alloc	2	3	128
007883f1	FUN_007883f1	std_length_error__ctor_candidate	constructor_like	0.920	direct_apply_candidate	std::exception;std::length_error;std::logic_error	std_exception@0x00b0f5dc		direct_vtable_header_or_vptr_refs:3;write_order:std::exception>std::logic_error>std::length_error	2	12	899
00788774	FUN_00788774	std_length_error__ctor_candidate	constructor_like	0.920	direct_apply_candidate	std::exception;std::length_error;std::logic_error	std_exception@0x00b0f5dc		direct_vtable_header_or_vptr_refs:3;write_order:std::exception>std::logic_error>std::length_error	5	12	899
00788af7	FUN_00788af7	std_length_error__ctor_candidate	constructor_like	0.920	direct_apply_candidate	std::exception;std::length_error;std::logic_error	std_exception@0x00b0f5dc		direct_vtable_header_or_vptr_refs:3;write_order:std::exception>std::logic_error>std::length_error	1	12	899
0078a272	FUN_0078a272	std_length_error__ctor_candidate	constructor_like	0.920	direct_apply_candidate	std::exception;std::length_error;std::logic_error	std_exception@0x00b0f5dc		direct_vtable_header_or_vptr_refs:3;write_order:std::exception>std::logic_error>std::length_error	1	11	833
0078af4d	FUN_0078af4d	std_out_of_range__ctor_candidate	constructor_like	0.920	direct_apply_candidate	std::exception;std::logic_error;std::out_of_range	std_exception@0x00b0f5dc		direct_vtable_header_or_vptr_refs:3;write_order:std::exception>std::logic_error>std::out_of_range	0	11	853
0078b927	FUN_0078b927	std_out_of_range__ctor_candidate	constructor_like	0.920	direct_apply_candidate	std::exception;std::logic_error;std::out_of_range	std_exception@0x00b0f5dc		direct_vtable_header_or_vptr_refs:3;write_order:std::exception>std::logic_error>std::out_of_range	0	11	853
0078be11	FUN_0078be11	std_out_of_range__ctor_candidate	constructor_like	0.920	direct_apply_candidate	std::exception;std::logic_error;std::out_of_range	std_exception@0x00b0f5dc		direct_vtable_header_or_vptr_refs:3;write_order:std::exception>std::logic_error>std::out_of_range	0	11	844
00791930	FUN_00791930	std_bad_alloc__ctor_candidate	constructor_like	0.920	direct_apply_candidate	std::bad_alloc;std::exception	std_exception@0x00b10f10		direct_vtable_header_or_vptr_refs:2;write_order:std::exception>std::bad_alloc	2	3	128
007919b0	FUN_007919b0	std_bad_alloc__ctor_candidate	constructor_like	0.920	direct_apply_candidate	std::bad_alloc;std::exception	std_exception@0x00b10f10		direct_vtable_header_or_vptr_refs:2;write_order:std::exception>std::bad_alloc	2	3	135
00791a37	FUN_00791a37	std_bad_alloc__ctor_candidate	constructor_like	0.920	direct_apply_candidate	std::bad_alloc;std::exception	std_exception@0x00b10f10		direct_vtable_header_or_vptr_refs:2;write_order:std::exception>std::bad_alloc	2	3	139
00791ac2	FUN_00791ac2	std_bad_alloc__ctor_candidate	constructor_like	0.920	direct_apply_candidate	std::bad_alloc;std::exception	std_exception@0x00b10f10		direct_vtable_header_or_vptr_refs:2;write_order:std::exception>std::bad_alloc	4	3	139
00791b4d	FUN_00791b4d	std_bad_alloc__ctor_candidate	constructor_like	0.920	direct_apply_candidate	std::bad_alloc;std::exception	std_exception@0x00b10f10		direct_vtable_header_or_vptr_refs:2;write_order:std::exception>std::bad_alloc	1	3	139
00791bd8	FUN_00791bd8	std_bad_alloc__ctor_candidate	constructor_like	0.920	direct_apply_candidate	std::bad_alloc;std::exception	std_exception@0x00b10f10		direct_vtable_header_or_vptr_refs:2;write_order:std::exception>std::bad_alloc	4	3	139
00791c63	FUN_00791c63	std_bad_alloc__ctor_candidate	constructor_like	0.920	direct_apply_candidate	std::bad_alloc;std::exception	std_exception@0x00b10f10		direct_vtable_header_or_vptr_refs:2;write_order:std::exception>std::bad_alloc	11	3	123
0079431f	FUN_0079431f	std_length_error__ctor_candidate	constructor_like	0.920	direct_apply_candidate	std::exception;std::length_error;std::logic_error	std_exception@0x00b10f10		direct_vtable_header_or_vptr_refs:3;write_order:std::exception>std::logic_error>std::length_error	1	12	910
007946ad	FUN_007946ad	std_length_error__ctor_candidate	constructor_like	0.920	direct_apply_candidate	std::exception;std::length_error;std::logic_error	std_exception@0x00b10f10		direct_vtable_header_or_vptr_refs:3;write_order:std::exception>std::logic_error>std::length_error	1	12	899
0079525f	FUN_0079525f	std_length_error__ctor_candidate	constructor_like	0.920	direct_apply_candidate	std::exception;std::length_error;std::logic_error	std_exception@0x00b10f10		direct_vtable_header_or_vptr_refs:3;write_order:std::exception>std::logic_error>std::length_error	2	11	833
007955a0	FUN_007955a0	std_length_error__ctor_candidate	constructor_like	0.920	direct_apply_candidate	std::exception;std::length_error;std::logic_error	std_exception@0x00b10f10		direct_vtable_header_or_vptr_refs:3;write_order:std::exception>std::logic_error>std::length_error	3	11	833
0079cc24	FUN_0079cc24	std_bad_alloc__ctor_candidate	constructor_like	0.920	direct_apply_candidate	std::bad_alloc;std::exception	std_exception@0x00b11aa8		direct_vtable_header_or_vptr_refs:2;write_order:std::exception>std::bad_alloc	2	3	123
0079cc9f	FUN_0079cc9f	std_bad_alloc__ctor_candidate	constructor_like	0.920	direct_apply_candidate	std::bad_alloc;std::exception	std_exception@0x00b11aa8		direct_vtable_header_or_vptr_refs:2;write_order:std::exception>std::bad_alloc	1	3	139
0079d3d6	FUN_0079d3d6	std_length_error__ctor_candidate	constructor_like	0.920	direct_apply_candidate	std::exception;std::length_error;std::logic_error	std_exception@0x00b11aa8		direct_vtable_header_or_vptr_refs:3;write_order:std::exception>std::logic_error>std::length_error	1	11	833
0079d78c	FUN_0079d78c	IndInst_instopcomp__ctor_candidate	constructor_like	0.920	direct_apply_candidate	IndInst::instop;IndInst::instopcomp	IndInst_instop@0x00b11f18		direct_vtable_header_or_vptr_refs:2;write_order:IndInst::instop>IndInst::instopcomp	1	3	264
0079d993	FUN_0079d993	IndInst_instopreg__ctor_candidate	constructor_like	0.920	direct_apply_candidate	IndInst::instop;IndInst::instopreg	IndInst_instop@0x00b11f18		direct_vtable_header_or_vptr_refs:2;write_order:IndInst::instop>IndInst::instopreg	0	1	209
0079daaf	FUN_0079daaf	IndInst_instopimm__ctor_candidate	constructor_like	0.920	direct_apply_candidate	IndInst::instop;IndInst::instopimm	IndInst_instop@0x00b11f18		direct_vtable_header_or_vptr_refs:2;write_order:IndInst::instop>IndInst::instopimm	0	1	249
0079deed	FUN_0079deed	IndInst_instopreglist__ctor_candidate	constructor_like	0.920	direct_apply_candidate	IndInst::instop;IndInst::instopreglist	IndInst_instop@0x00b11f18		direct_vtable_header_or_vptr_refs:2;write_order:IndInst::instop>IndInst::instopreglist	0	3	446
0079e5db	FUN_0079e5db	FileOutputGen__ctor_candidate	constructor_like	0.920	direct_apply_candidate	FileOutputGen;OutputGen	OutputGen@0x00b12800		direct_vtable_header_or_vptr_refs:2;write_order:OutputGen>FileOutputGen	0	1	47
0079ecfd	FUN_0079ecfd	std_bad_alloc__ctor_candidate	constructor_like	0.920	direct_apply_candidate	std::bad_alloc;std::exception	std_exception@0x00b12008		direct_vtable_header_or_vptr_refs:2;write_order:std::exception>std::bad_alloc	1	3	139
0079ed88	FUN_0079ed88	std_bad_alloc__ctor_candidate	constructor_like	0.920	direct_apply_candidate	std::bad_alloc;std::exception	std_exception@0x00b12008		direct_vtable_header_or_vptr_refs:2;write_order:std::exception>std::bad_alloc	2	3	139
0079ee13	FUN_0079ee13	std_bad_alloc__ctor_candidate	constructor_like	0.920	direct_apply_candidate	std::bad_alloc;std::exception	std_exception@0x00b12008		direct_vtable_header_or_vptr_refs:2;write_order:std::exception>std::bad_alloc	2	3	123
0079f618	FUN_0079f618	std_length_error__ctor_candidate	constructor_like	0.920	direct_apply_candidate	std::exception;std::length_error;std::logic_error	std_exception@0x00b12008		direct_vtable_header_or_vptr_refs:3;write_order:std::exception>std::logic_error>std::length_error	1	11	833
007a0ad3	FUN_007a0ad3	FileOutputGen__ctor_candidate	constructor_like	0.920	direct_apply_candidate	FileOutputGen;OutputGen	OutputGen@0x00b12800		direct_vtable_header_or_vptr_refs:2;write_order:OutputGen>FileOutputGen	0	1	47
007a1141	FUN_007a1141	DebugOutputGen__ctor_candidate	constructor_like	0.920	direct_apply_candidate	DebugOutputGen;OutputGen	OutputGen@0x00b12800		direct_vtable_header_or_vptr_refs:2;write_order:OutputGen>DebugOutputGen	2	2	80
007a1680	FUN_007a1680	std_bad_alloc__ctor_candidate	constructor_like	0.920	direct_apply_candidate	std::bad_alloc;std::exception	std_exception@0x00b12cf4		direct_vtable_header_or_vptr_refs:2;write_order:std::exception>std::bad_alloc	2	3	123
00994ada	FUN_00994ada	objectdata_call__ctor_candidate	constructor_like	0.920	direct_apply_candidate	objectdata;objectdata_call	objectdata@0x00ace1d0		direct_vtable_header_or_vptr_refs:2;write_order:objectdata>objectdata_call	1	4	732
00a9214f	FUN_00a9214f	std_out_of_range__ctor_candidate	constructor_like	0.920	direct_apply_candidate	std::logic_error;std::out_of_range	std_exception@0x00bd48a0		direct_vtable_header_or_vptr_refs:2;write_order:std::logic_error>std::out_of_range	122	10	575
00a9252b	FUN_00a9252b	std_length_error__ctor_candidate	constructor_like	0.920	direct_apply_candidate	std::length_error;std::logic_error	std_exception@0x00bd48a0		direct_vtable_header_or_vptr_refs:2;write_order:std::logic_error>std::length_error	105	10	575
00401010	FUN_00401010	vn_advisor_ppc_consolshift__slot_004	virtual_method	0.910	direct_apply_candidate	vn_advisor_ppc_consolshift	vn_advisor@0x00b053a8	vn_advisor.slot_004	vtable_membership:1 classes	0	0	20
00401024	FUN_00401024	backend_t__slot_029	virtual_method	0.910	direct_apply_candidate	backend_t	backend_dataflow@0x00b0e82c	backend_dataflow.slot_029	vtable_membership:1 classes	0	1	169
004010cd	FUN_004010cd	vn_advisor_ppc_consolshift__slot_006	virtual_method	0.910	direct_apply_candidate	vn_advisor_ppc_consolshift	vn_advisor@0x00b053a8	vn_advisor.slot_006	vtable_membership:1 classes	0	0	232
004011b5	FUN_004011b5	vn_advisor_ppc_consolshift__slot_003	virtual_method	0.910	direct_apply_candidate	vn_advisor_ppc_consolshift	vn_advisor@0x00b053a8	vn_advisor.slot_003	vtable_membership:1 classes	0	2	731
00401490	FUN_00401490	vn_advisor_ppc_consolshift__slot_005	virtual_method	0.910	direct_apply_candidate	vn_advisor_ppc_consolshift	vn_advisor@0x00b053a8	vn_advisor.slot_005	vtable_membership:1 classes	0	5	103
00401d91	FUN_00401d91	backend_t__slot_228	virtual_method	0.910	direct_apply_candidate	backend_t	backend_dataflow@0x00b0e82c	backend_dataflow.slot_228	vtable_membership:1 classes	0	0	45
00401ded	FUN_00401ded	backend_t__slot_007	virtual_method	0.910	direct_apply_candidate	backend_t	backend_dataflow@0x00b0e82c	backend_dataflow.slot_007	vtable_membership:1 classes	0	19	4539
00402fa8	FUN_00402fa8	backend_t__slot_008	virtual_method	0.910	direct_apply_candidate	backend_t	backend_dataflow@0x00b0e82c	backend_dataflow.slot_008	vtable_membership:1 classes	0	12	991
00403387	FUN_00403387	backend_t__slot_005	virtual_method	0.910	direct_apply_candidate	backend_t	backend_dataflow@0x00b0e82c	backend_dataflow.slot_005	vtable_membership:1 classes	0	17	4397
004044b4	FUN_004044b4	backend_t__slot_006	virtual_method	0.910	direct_apply_candidate	backend_t	backend_dataflow@0x00b0e82c	backend_dataflow.slot_006	vtable_membership:1 classes	0	14	1619
00404b07	FUN_00404b07	backend_t__slot_012	virtual_method	0.910	direct_apply_candidate	backend_t	backend_dataflow@0x00b0e82c	backend_dataflow.slot_012	vtable_membership:1 classes	0	0	40
00404b2f	FUN_00404b2f	backend_t__slot_238	virtual_method	0.910	direct_apply_candidate	backend_t	backend_dataflow@0x00b0e82c	backend_dataflow.slot_238	vtable_membership:1 classes	0	2	793
00404f81	FUN_00404f81	backend_t__slot_236	virtual_method	0.910	direct_apply_candidate	backend_t	backend_dataflow@0x00b0e82c	backend_dataflow.slot_236	vtable_membership:1 classes	0	10	217
0040505a	FUN_0040505a	backend_t__slot_237	virtual_method	0.910	direct_apply_candidate	backend_t	backend_dataflow@0x00b0e82c	backend_dataflow.slot_237	vtable_membership:1 classes	0	5	120
004050d2	FUN_004050d2	backend_t__slot_023	virtual_method	0.910	direct_apply_candidate	backend_t	backend_dataflow@0x00b0e82c	backend_dataflow.slot_023	vtable_membership:1 classes	0	1	86
00405128	FUN_00405128	backend_t__slot_027	virtual_method	0.910	direct_apply_candidate	backend_t	backend_dataflow@0x00b0e82c	backend_dataflow.slot_027	vtable_membership:1 classes	0	0	95
004051ef	FUN_004051ef	std_bad_alloc__slot_002	virtual_method	0.910	direct_apply_candidate	std::bad_alloc	std_exception@0x00abf270	std_exception.slot_002	vtable_membership:1 classes	0	1	17
004058cc	FUN_004058cc	std_logic_error__slot_002	virtual_method	0.910	direct_apply_candidate	std::logic_error	std_exception@0x00abf270	std_exception.slot_002	vtable_membership:1 classes	0	1	17
00405916	FUN_00405916	std_out_of_range__slot_002	virtual_method	0.910	direct_apply_candidate	std::out_of_range	std_exception@0x00abf270	std_exception.slot_002	vtable_membership:1 classes	3	1	17
0040597d	FUN_0040597d	std_runtime_error__slot_002	virtual_method	0.910	direct_apply_candidate	std::runtime_error	std_exception@0x00abf270	std_exception.slot_002	vtable_membership:1 classes	0	1	17
004059c7	FUN_004059c7	std_overflow_error__slot_002	virtual_method	0.910	direct_apply_candidate	std::overflow_error	std_exception@0x00abf270	std_exception.slot_002	vtable_membership:1 classes	1	1	17
00406414	FUN_00406414	backend_t__slot_000	virtual_method	0.910	direct_apply_candidate	backend_t	backend_dataflow@0x00b0e82c	backend_dataflow.slot_000	vtable_membership:1 classes	0	0	5
00406419	FUN_00406419	backend_t__slot_002	virtual_method	0.910	direct_apply_candidate	backend_t	backend_dataflow@0x00b0e82c	backend_dataflow.slot_002	vtable_membership:1 classes	0	0	5
0040641e	FUN_0040641e	backend_t__slot_003	virtual_method	0.910	direct_apply_candidate	backend_t	backend_dataflow@0x00b0e82c	backend_dataflow.slot_003	vtable_membership:1 classes	0	0	9
00406427	FUN_00406427	backend_t__slot_004	virtual_method	0.910	direct_apply_candidate	backend_t	backend_dataflow@0x00b0e82c	backend_dataflow.slot_004	vtable_membership:1 classes	0	0	9
00406430	FUN_00406430	backend_t__slot_009	virtual_method	0.910	direct_apply_candidate	backend_t	backend_dataflow@0x00b0e82c	backend_dataflow.slot_009	vtable_membership:1 classes	0	0	9
00406439	FUN_00406439	backend_t__slot_011	virtual_method	0.910	direct_apply_candidate	backend_t	backend_dataflow@0x00b0e82c	backend_dataflow.slot_011	vtable_membership:1 classes	0	0	20
0040644d	FUN_0040644d	backend_t__slot_013	virtual_method	0.910	direct_apply_candidate	backend_t	backend_dataflow@0x00b0e82c	backend_dataflow.slot_013	vtable_membership:1 classes	0	0	9
00406456	FUN_00406456	backend_t__slot_014	virtual_method	0.910	direct_apply_candidate	backend_t	backend_dataflow@0x00b0e82c	backend_dataflow.slot_014	vtable_membership:1 classes	0	0	9
0040645f	FUN_0040645f	backend_t__slot_015	virtual_method	0.910	direct_apply_candidate	backend_t	backend_dataflow@0x00b0e82c	backend_dataflow.slot_015	vtable_membership:1 classes	0	0	9
00406468	FUN_00406468	backend_t__slot_016	virtual_method	0.910	direct_apply_candidate	backend_t	backend_dataflow@0x00b0e82c	backend_dataflow.slot_016	vtable_membership:1 classes	0	1	15
00406477	FUN_00406477	backend_t__slot_017	virtual_method	0.910	direct_apply_candidate	backend_t	backend_dataflow@0x00b0e82c	backend_dataflow.slot_017	vtable_membership:1 classes	0	0	45
004064a4	FUN_004064a4	backend_t__slot_018	virtual_method	0.910	direct_apply_candidate	backend_t	backend_dataflow@0x00b0e82c	backend_dataflow.slot_018	vtable_membership:1 classes	0	1	10
004064ae	FUN_004064ae	backend_t__slot_026	virtual_method	0.910	direct_apply_candidate	backend_t	backend_dataflow@0x00b0e82c	backend_dataflow.slot_026	vtable_membership:1 classes	0	0	21
004064c3	FUN_004064c3	backend_t__slot_034	virtual_method	0.910	direct_apply_candidate	backend_t	backend_dataflow@0x00b0e82c	backend_dataflow.slot_034	vtable_membership:1 classes	0	0	10
004064cd	FUN_004064cd	backend_t__slot_040	virtual_method	0.910	direct_apply_candidate	backend_t	backend_dataflow@0x00b0e82c	backend_dataflow.slot_040	vtable_membership:1 classes	0	0	9
004064d6	FUN_004064d6	backend_t__slot_044	virtual_method	0.910	direct_apply_candidate	backend_t	backend_dataflow@0x00b0e82c	backend_dataflow.slot_044	vtable_membership:1 classes	0	0	9
004064df	FUN_004064df	backend_t__slot_058	virtual_method	0.910	direct_apply_candidate	backend_t	backend_dataflow@0x00b0e82c	backend_dataflow.slot_058	vtable_membership:1 classes	0	0	9
004064e8	FUN_004064e8	backend_t__slot_062	virtual_method	0.910	direct_apply_candidate	backend_t	backend_dataflow@0x00b0e82c	backend_dataflow.slot_062	vtable_membership:1 classes	0	0	5
004064ed	FUN_004064ed	backend_t__slot_075	virtual_method	0.910	direct_apply_candidate	backend_t	backend_dataflow@0x00b0e82c	backend_dataflow.slot_075	vtable_membership:1 classes	0	0	5
004064f2	FUN_004064f2	backend_t__slot_076	virtual_method	0.910	direct_apply_candidate	backend_t	backend_dataflow@0x00b0e82c	backend_dataflow.slot_076	vtable_membership:1 classes	0	0	5
004064f7	FUN_004064f7	backend_t__slot_078	virtual_method	0.910	direct_apply_candidate	backend_t	backend_dataflow@0x00b0e82c	backend_dataflow.slot_078	vtable_membership:1 classes	0	0	14
00406505	FUN_00406505	backend_t__slot_079	virtual_method	0.910	direct_apply_candidate	backend_t	backend_dataflow@0x00b0e82c	backend_dataflow.slot_079	vtable_membership:1 classes	0	0	9
0040650e	FUN_0040650e	backend_t__slot_080	virtual_method	0.910	direct_apply_candidate	backend_t	backend_dataflow@0x00b0e82c	backend_dataflow.slot_080	vtable_membership:1 classes	0	0	16
0040651e	FUN_0040651e	backend_t__slot_083	virtual_method	0.910	direct_apply_candidate	backend_t	backend_dataflow@0x00b0e82c	backend_dataflow.slot_083	vtable_membership:1 classes	0	0	9
00406527	FUN_00406527	backend_t__slot_087	virtual_method	0.910	direct_apply_candidate	backend_t	backend_dataflow@0x00b0e82c	backend_dataflow.slot_087	vtable_membership:1 classes	0	0	9
00406530	FUN_00406530	backend_t__slot_088	virtual_method	0.910	direct_apply_candidate	backend_t	backend_dataflow@0x00b0e82c	backend_dataflow.slot_088	vtable_membership:1 classes	0	0	5
00406535	FUN_00406535	backend_t__slot_089	virtual_method	0.910	direct_apply_candidate	backend_t	backend_dataflow@0x00b0e82c	backend_dataflow.slot_089	vtable_membership:1 classes	0	0	5
0040653a	FUN_0040653a	backend_t__slot_090	virtual_method	0.910	direct_apply_candidate	backend_t	backend_dataflow@0x00b0e82c	backend_dataflow.slot_090	vtable_membership:1 classes	0	0	10
00406544	FUN_00406544	backend_t__slot_093	virtual_method	0.910	direct_apply_candidate	backend_t	backend_dataflow@0x00b0e82c	backend_dataflow.slot_093	vtable_membership:1 classes	0	1	10
0040654e	FUN_0040654e	backend_t__slot_103	virtual_method	0.910	direct_apply_candidate	backend_t	backend_dataflow@0x00b0e82c	backend_dataflow.slot_103	vtable_membership:1 classes	0	1	15
0040655d	FUN_0040655d	backend_t__slot_104	virtual_method	0.910	direct_apply_candidate	backend_t	backend_dataflow@0x00b0e82c	backend_dataflow.slot_104	vtable_membership:1 classes	0	1	10
00406567	FUN_00406567	backend_t__slot_117	virtual_method	0.910	direct_apply_candidate	backend_t	backend_dataflow@0x00b0e82c	backend_dataflow.slot_117	vtable_membership:1 classes	0	0	9
00406570	FUN_00406570	backend_t__slot_122	virtual_method	0.910	direct_apply_candidate	backend_t	backend_dataflow@0x00b0e82c	backend_dataflow.slot_122	vtable_membership:1 classes	0	0	9
00406579	FUN_00406579	backend_t__slot_123	virtual_method	0.910	direct_apply_candidate	backend_t	backend_dataflow@0x00b0e82c	backend_dataflow.slot_123	vtable_membership:1 classes	0	0	9
00406582	FUN_00406582	backend_t__slot_124	virtual_method	0.910	direct_apply_candidate	backend_t	backend_dataflow@0x00b0e82c	backend_dataflow.slot_124	vtable_membership:1 classes	0	0	9
0040658b	FUN_0040658b	backend_t__slot_125	virtual_method	0.910	direct_apply_candidate	backend_t	backend_dataflow@0x00b0e82c	backend_dataflow.slot_125	vtable_membership:1 classes	0	0	9
00406594	FUN_00406594	backend_t__slot_126	virtual_method	0.910	direct_apply_candidate	backend_t	backend_dataflow@0x00b0e82c	backend_dataflow.slot_126	vtable_membership:1 classes	0	0	9
0040659d	FUN_0040659d	backend_t__slot_129	virtual_method	0.910	direct_apply_candidate	backend_t	backend_dataflow@0x00b0e82c	backend_dataflow.slot_129	vtable_membership:1 classes	0	0	5
004065a2	FUN_004065a2	backend_t__slot_132	virtual_method	0.910	direct_apply_candidate	backend_t	backend_dataflow@0x00b0e82c	backend_dataflow.slot_132	vtable_membership:1 classes	0	0	9
004065ab	FUN_004065ab	backend_t__slot_138	virtual_method	0.910	direct_apply_candidate	backend_t	backend_dataflow@0x00b0e82c	backend_dataflow.slot_138	vtable_membership:1 classes	0	0	9
004065b4	FUN_004065b4	backend_t__slot_141	virtual_method	0.910	direct_apply_candidate	backend_t	backend_dataflow@0x00b0e82c	backend_dataflow.slot_141	vtable_membership:1 classes	0	0	5
004065b9	FUN_004065b9	backend_t__slot_144	virtual_method	0.910	direct_apply_candidate	backend_t	backend_dataflow@0x00b0e82c	backend_dataflow.slot_144	vtable_membership:1 classes	0	0	5
004065be	FUN_004065be	backend_t__slot_145	virtual_method	0.910	direct_apply_candidate	backend_t	backend_dataflow@0x00b0e82c	backend_dataflow.slot_145	vtable_membership:1 classes	0	1	15
004065cd	FUN_004065cd	backend_t__slot_146	virtual_method	0.910	direct_apply_candidate	backend_t	backend_dataflow@0x00b0e82c	backend_dataflow.slot_146	vtable_membership:1 classes	0	0	5
004065d2	FUN_004065d2	backend_t__slot_147	virtual_method	0.910	direct_apply_candidate	backend_t	backend_dataflow@0x00b0e82c	backend_dataflow.slot_147	vtable_membership:1 classes	0	0	5
004065d7	FUN_004065d7	backend_t__slot_148	virtual_method	0.910	direct_apply_candidate	backend_t	backend_dataflow@0x00b0e82c	backend_dataflow.slot_148	vtable_membership:1 classes	0	0	10
004065e1	FUN_004065e1	backend_t__slot_152	virtual_method	0.910	direct_apply_candidate	backend_t	backend_dataflow@0x00b0e82c	backend_dataflow.slot_152	vtable_membership:1 classes	0	0	9
004065ea	FUN_004065ea	backend_t__slot_153	virtual_method	0.910	direct_apply_candidate	backend_t	backend_dataflow@0x00b0e82c	backend_dataflow.slot_153	vtable_membership:1 classes	0	0	10
004065f4	FUN_004065f4	backend_t__slot_154	virtual_method	0.910	direct_apply_candidate	backend_t	backend_dataflow@0x00b0e82c	backend_dataflow.slot_154	vtable_membership:1 classes	0	0	10
004065fe	FUN_004065fe	backend_t__slot_159	virtual_method	0.910	direct_apply_candidate	backend_t	backend_dataflow@0x00b0e82c	backend_dataflow.slot_159	vtable_membership:1 classes	0	1	10
00406608	FUN_00406608	backend_t__slot_160	virtual_method	0.910	direct_apply_candidate	backend_t	backend_dataflow@0x00b0e82c	backend_dataflow.slot_160	vtable_membership:1 classes	0	1	10
00406612	FUN_00406612	backend_t__slot_161	virtual_method	0.910	direct_apply_candidate	backend_t	backend_dataflow@0x00b0e82c	backend_dataflow.slot_161	vtable_membership:1 classes	0	0	5
00406617	FUN_00406617	backend_t__slot_162	virtual_method	0.910	direct_apply_candidate	backend_t	backend_dataflow@0x00b0e82c	backend_dataflow.slot_162	vtable_membership:1 classes	0	0	5
0040661c	FUN_0040661c	backend_t__slot_163	virtual_method	0.910	direct_apply_candidate	backend_t	backend_dataflow@0x00b0e82c	backend_dataflow.slot_163	vtable_membership:1 classes	0	0	5
00406621	FUN_00406621	backend_t__slot_164	virtual_method	0.910	direct_apply_candidate	backend_t	backend_dataflow@0x00b0e82c	backend_dataflow.slot_164	vtable_membership:1 classes	0	0	10
0040662b	FUN_0040662b	backend_t__slot_182	virtual_method	0.910	direct_apply_candidate	backend_t	backend_dataflow@0x00b0e82c	backend_dataflow.slot_182	vtable_membership:1 classes	0	0	5
00406630	FUN_00406630	backend_t__slot_189	virtual_method	0.910	direct_apply_candidate	backend_t	backend_dataflow@0x00b0e82c	backend_dataflow.slot_189	vtable_membership:1 classes	0	0	5
00406635	FUN_00406635	backend_t__slot_198	virtual_method	0.910	direct_apply_candidate	backend_t	backend_dataflow@0x00b0e82c	backend_dataflow.slot_198	vtable_membership:1 classes	0	0	9
0040663e	FUN_0040663e	backend_t__slot_201	virtual_method	0.910	direct_apply_candidate	backend_t	backend_dataflow@0x00b0e82c	backend_dataflow.slot_201	vtable_membership:1 classes	0	0	9
00406647	FUN_00406647	backend_t__slot_202	virtual_method	0.910	direct_apply_candidate	backend_t	backend_dataflow@0x00b0e82c	backend_dataflow.slot_202	vtable_membership:1 classes	0	1	10
00406651	FUN_00406651	backend_t__slot_203	virtual_method	0.910	direct_apply_candidate	backend_t	backend_dataflow@0x00b0e82c	backend_dataflow.slot_203	vtable_membership:1 classes	0	1	10
0040665b	FUN_0040665b	backend_t__slot_204	virtual_method	0.910	direct_apply_candidate	backend_t	backend_dataflow@0x00b0e82c	backend_dataflow.slot_204	vtable_membership:1 classes	0	0	5
00406660	FUN_00406660	backend_t__slot_208	virtual_method	0.910	direct_apply_candidate	backend_t	backend_dataflow@0x00b0e82c	backend_dataflow.slot_208	vtable_membership:1 classes	0	0	9
00406669	FUN_00406669	backend_t__slot_209	virtual_method	0.910	direct_apply_candidate	backend_t	backend_dataflow@0x00b0e82c	backend_dataflow.slot_209	vtable_membership:1 classes	0	0	9
00406672	FUN_00406672	backend_t__slot_211	virtual_method	0.910	direct_apply_candidate	backend_t	backend_dataflow@0x00b0e82c	backend_dataflow.slot_211	vtable_membership:1 classes	0	0	10
0040667c	FUN_0040667c	backend_t__slot_213	virtual_method	0.910	direct_apply_candidate	backend_t	backend_dataflow@0x00b0e82c	backend_dataflow.slot_213	vtable_membership:1 classes	0	0	5
00406681	FUN_00406681	backend_t__slot_214	virtual_method	0.910	direct_apply_candidate	backend_t	backend_dataflow@0x00b0e82c	backend_dataflow.slot_214	vtable_membership:1 classes	0	0	9
0040668a	FUN_0040668a	backend_t__slot_215	virtual_method	0.910	direct_apply_candidate	backend_t	backend_dataflow@0x00b0e82c	backend_dataflow.slot_215	vtable_membership:1 classes	0	0	5
0040668f	FUN_0040668f	backend_t__slot_217	virtual_method	0.910	direct_apply_candidate	backend_t	backend_dataflow@0x00b0e82c	backend_dataflow.slot_217	vtable_membership:1 classes	0	0	9
00406698	FUN_00406698	backend_t__slot_218	virtual_method	0.910	direct_apply_candidate	backend_t	backend_dataflow@0x00b0e82c	backend_dataflow.slot_218	vtable_membership:1 classes	0	0	9
004066a1	FUN_004066a1	backend_t__slot_219	virtual_method	0.910	direct_apply_candidate	backend_t	backend_dataflow@0x00b0e82c	backend_dataflow.slot_219	vtable_membership:1 classes	0	0	9
004066aa	FUN_004066aa	backend_t__slot_220	virtual_method	0.910	direct_apply_candidate	backend_t	backend_dataflow@0x00b0e82c	backend_dataflow.slot_220	vtable_membership:1 classes	0	1	10
004066b4	FUN_004066b4	backend_t__slot_221	virtual_method	0.910	direct_apply_candidate	backend_t	backend_dataflow@0x00b0e82c	backend_dataflow.slot_221	vtable_membership:1 classes	0	0	5
004066b9	FUN_004066b9	backend_t__slot_222	virtual_method	0.910	direct_apply_candidate	backend_t	backend_dataflow@0x00b0e82c	backend_dataflow.slot_222	vtable_membership:1 classes	0	1	10
004066c3	FUN_004066c3	backend_t__slot_223	virtual_method	0.910	direct_apply_candidate	backend_t	backend_dataflow@0x00b0e82c	backend_dataflow.slot_223	vtable_membership:1 classes	0	1	10
004066cd	FUN_004066cd	backend_t__slot_224	virtual_method	0.910	direct_apply_candidate	backend_t	backend_dataflow@0x00b0e82c	backend_dataflow.slot_224	vtable_membership:1 classes	0	0	9
004066d6	FUN_004066d6	backend_t__slot_225	virtual_method	0.910	direct_apply_candidate	backend_t	backend_dataflow@0x00b0e82c	backend_dataflow.slot_225	vtable_membership:1 classes	0	0	5
004066db	FUN_004066db	backend_t__slot_226	virtual_method	0.910	direct_apply_candidate	backend_t	backend_dataflow@0x00b0e82c	backend_dataflow.slot_226	vtable_membership:1 classes	0	0	5
004066e0	FUN_004066e0	backend_t__slot_227	virtual_method	0.910	direct_apply_candidate	backend_t	backend_dataflow@0x00b0e82c	backend_dataflow.slot_227	vtable_membership:1 classes	0	0	5
004066e5	FUN_004066e5	backend_t__slot_230	virtual_method	0.910	direct_apply_candidate	backend_t	backend_dataflow@0x00b0e82c	backend_dataflow.slot_230	vtable_membership:1 classes	0	0	9
004066ee	FUN_004066ee	backend_t__slot_231	virtual_method	0.910	direct_apply_candidate	backend_t	backend_dataflow@0x00b0e82c	backend_dataflow.slot_231	vtable_membership:1 classes	0	1	15
004066fd	FUN_004066fd	backend_t__slot_232	virtual_method	0.910	direct_apply_candidate	backend_t	backend_dataflow@0x00b0e82c	backend_dataflow.slot_232	vtable_membership:1 classes	0	0	9
00406706	FUN_00406706	backend_t__slot_233	virtual_method	0.910	direct_apply_candidate	backend_t	backend_dataflow@0x00b0e82c	backend_dataflow.slot_233	vtable_membership:1 classes	0	0	5
0040670b	FUN_0040670b	backend_t__slot_019	virtual_method	0.910	direct_apply_candidate	backend_t	backend_dataflow@0x00b0e82c	backend_dataflow.slot_019	vtable_membership:1 classes	0	0	9
00406714	FUN_00406714	backend_t__slot_020	virtual_method	0.910	direct_apply_candidate	backend_t	backend_dataflow@0x00b0e82c	backend_dataflow.slot_020	vtable_membership:1 classes	0	0	9
0040671d	FUN_0040671d	backend_t__slot_021	virtual_method	0.910	direct_apply_candidate	backend_t	backend_dataflow@0x00b0e82c	backend_dataflow.slot_021	vtable_membership:1 classes	0	1	14
0040672b	FUN_0040672b	backend_t__slot_022	virtual_method	0.910	direct_apply_candidate	backend_t	backend_dataflow@0x00b0e82c	backend_dataflow.slot_022	vtable_membership:1 classes	0	1	15
0040673a	FUN_0040673a	backend_t__slot_240	virtual_method	0.910	direct_apply_candidate	backend_t	backend_dataflow@0x00b0e82c	backend_dataflow.slot_240	vtable_membership:1 classes	0	0	5
0040673f	FUN_0040673f	backend_t__slot_248	virtual_method	0.910	direct_apply_candidate	backend_t	backend_dataflow@0x00b0e82c	backend_dataflow.slot_248	vtable_membership:1 classes	0	0	9
00406748	FUN_00406748	backend_t__slot_249	virtual_method	0.910	direct_apply_candidate	backend_t	backend_dataflow@0x00b0e82c	backend_dataflow.slot_249	vtable_membership:1 classes	0	0	9
00406751	FUN_00406751	backend_t__slot_250	virtual_method	0.910	direct_apply_candidate	backend_t	backend_dataflow@0x00b0e82c	backend_dataflow.slot_250	vtable_membership:1 classes	0	0	5
00406756	FUN_00406756	backend_t__slot_251	virtual_method	0.910	direct_apply_candidate	backend_t	backend_dataflow@0x00b0e82c	backend_dataflow.slot_251	vtable_membership:1 classes	0	0	8
0040675e	FUN_0040675e	backend_t__slot_252	virtual_method	0.910	direct_apply_candidate	backend_t	backend_dataflow@0x00b0e82c	backend_dataflow.slot_252	vtable_membership:1 classes	0	0	9
00406767	FUN_00406767	backend_t__slot_259	virtual_method	0.910	direct_apply_candidate	backend_t	backend_dataflow@0x00b0e82c	backend_dataflow.slot_259	vtable_membership:1 classes	0	0	9
00406770	FUN_00406770	backend_t__slot_120	virtual_method	0.910	direct_apply_candidate	backend_t	backend_dataflow@0x00b0e82c	backend_dataflow.slot_120	vtable_membership:1 classes	0	1	56
004067a8	FUN_004067a8	backend_t__slot_121	virtual_method	0.910	direct_apply_candidate	backend_t	backend_dataflow@0x00b0e82c	backend_dataflow.slot_121	vtable_membership:1 classes	0	0	9
0040735e	FUN_0040735e	backend_t__slot_128	virtual_method	0.910	direct_apply_candidate	backend_t	backend_dataflow@0x00b0e82c	backend_dataflow.slot_128	vtable_membership:1 classes	0	3	323
004221e8	FUN_004221e8	backend_t__slot_133	virtual_method	0.910	direct_apply_candidate	backend_t	backend_dataflow@0x00b0e82c	backend_dataflow.slot_133	vtable_membership:1 classes	0	1	133
00422ff4	FUN_00422ff4	backend_t__slot_187	virtual_method	0.910	direct_apply_candidate	backend_t;std::exception;std::logic_error;std::out_of_range	backend_dataflow@0x00b0e82c;std_exception@0x00abf270	backend_dataflow.slot_187	vtable_membership:1 classes;direct_vtable_header_or_vptr_refs:3;write_order:std::exception>std::logic_error>std::out_of_range	0	19	2417
00423965	FUN_00423965	backend_t__slot_184	virtual_method	0.910	direct_apply_candidate	backend_t	backend_dataflow@0x00b0e82c	backend_dataflow.slot_184	vtable_membership:1 classes	0	1	44
00423991	FUN_00423991	backend_t__slot_185	virtual_method	0.910	direct_apply_candidate	backend_t	backend_dataflow@0x00b0e82c	backend_dataflow.slot_185	vtable_membership:1 classes	0	2	77
004239de	FUN_004239de	backend_t__slot_039	virtual_method	0.910	direct_apply_candidate	backend_t	backend_dataflow@0x00b0e82c	backend_dataflow.slot_039	vtable_membership:1 classes	0	1	195
00423aa1	FUN_00423aa1	backend_t__slot_196	virtual_method	0.910	direct_apply_candidate	backend_t	backend_dataflow@0x00b0e82c	backend_dataflow.slot_196	vtable_membership:1 classes	0	4	370
00423c13	FUN_00423c13	backend_t__slot_195	virtual_method	0.910	direct_apply_candidate	backend_t	backend_dataflow@0x00b0e82c	backend_dataflow.slot_195	vtable_membership:1 classes	0	3	156
00423caf	FUN_00423caf	backend_t__slot_200	virtual_method	0.910	direct_apply_candidate	backend_t	backend_dataflow@0x00b0e82c	backend_dataflow.slot_200	vtable_membership:1 classes	0	1	56
00423ce7	FUN_00423ce7	backend_t__slot_188	virtual_method	0.910	direct_apply_candidate	backend_t	backend_dataflow@0x00b0e82c	backend_dataflow.slot_188	vtable_membership:1 classes	0	4	326
00423e2d	FUN_00423e2d	backend_t__slot_191	virtual_method	0.910	direct_apply_candidate	backend_t	backend_dataflow@0x00b0e82c	backend_dataflow.slot_191	vtable_membership:1 classes	0	3	280
00423f45	FUN_00423f45	backend_t__slot_167	virtual_method	0.910	direct_apply_candidate	backend_t	backend_dataflow@0x00b0e82c	backend_dataflow.slot_167	vtable_membership:1 classes	0	2	226
00424027	FUN_00424027	backend_t__slot_168	virtual_method	0.910	direct_apply_candidate	backend_t	backend_dataflow@0x00b0e82c	backend_dataflow.slot_168	vtable_membership:1 classes	0	2	97
00424088	FUN_00424088	backend_t__slot_065	virtual_method	0.910	direct_apply_candidate	backend_t	backend_dataflow@0x00b0e82c	backend_dataflow.slot_065	vtable_membership:1 classes	0	1	155
00424123	FUN_00424123	backend_t__slot_207	virtual_method	0.910	direct_apply_candidate	backend_t	backend_dataflow@0x00b0e82c	backend_dataflow.slot_207	vtable_membership:1 classes	0	0	65
00424164	FUN_00424164	backend_t__slot_112	virtual_method	0.910	direct_apply_candidate	backend_t	backend_dataflow@0x00b0e82c	backend_dataflow.slot_112	vtable_membership:1 classes	0	0	63
004241a3	FUN_004241a3	backend_t__slot_043	virtual_method	0.910	direct_apply_candidate	backend_t	backend_dataflow@0x00b0e82c	backend_dataflow.slot_043	vtable_membership:1 classes	0	0	104
0042420b	FUN_0042420b	backend_t__slot_038	virtual_method	0.910	direct_apply_candidate	backend_t	backend_dataflow@0x00b0e82c	backend_dataflow.slot_038	vtable_membership:1 classes	0	1	10
004242c0	FUN_004242c0	backend_t__slot_205	virtual_method	0.910	direct_apply_candidate	backend_t	backend_dataflow@0x00b0e82c	backend_dataflow.slot_205	vtable_membership:1 classes	0	3	219
0042439b	FUN_0042439b	backend_t__slot_242	virtual_method	0.910	direct_apply_candidate	backend_t	backend_dataflow@0x00b0e82c	backend_dataflow.slot_242	vtable_membership:1 classes	0	0	22
004243b1	FUN_004243b1	backend_t__slot_243	virtual_method	0.910	direct_apply_candidate	backend_t	backend_dataflow@0x00b0e82c	backend_dataflow.slot_243	vtable_membership:1 classes	0	2	277
004244c6	FUN_004244c6	backend_t__slot_244	virtual_method	0.910	direct_apply_candidate	backend_t	backend_dataflow@0x00b0e82c	backend_dataflow.slot_244	vtable_membership:1 classes	0	11	1687
00424b5d	FUN_00424b5d	backend_t__slot_143	virtual_method	0.910	direct_apply_candidate	backend_t	backend_dataflow@0x00b0e82c	backend_dataflow.slot_143	vtable_membership:1 classes	0	2	50
00424b8f	FUN_00424b8f	backend_t__slot_142	virtual_method	0.910	direct_apply_candidate	backend_t	backend_dataflow@0x00b0e82c	backend_dataflow.slot_142	vtable_membership:1 classes	0	1	63
00424bce	FUN_00424bce	backend_t__slot_197	virtual_method	0.910	direct_apply_candidate	backend_t	backend_dataflow@0x00b0e82c	backend_dataflow.slot_197	vtable_membership:1 classes	0	0	91
00424c29	FUN_00424c29	backend_t__slot_241	virtual_method	0.910	direct_apply_candidate	backend_t	backend_dataflow@0x00b0e82c	backend_dataflow.slot_241	vtable_membership:1 classes	0	0	46
00424c57	FUN_00424c57	backend_t__slot_261	virtual_method	0.910	direct_apply_candidate	backend_t	backend_dataflow@0x00b0e82c	backend_dataflow.slot_261	vtable_membership:1 classes	0	3	46
00424c85	FUN_00424c85	backend_t__slot_190	virtual_method	0.910	direct_apply_candidate	backend_t	backend_dataflow@0x00b0e82c	backend_dataflow.slot_190	vtable_membership:1 classes	0	2	102
00424edf	FUN_00424edf	std_bad_alloc__slot_002	virtual_method	0.910	direct_apply_candidate	std::bad_alloc	std_exception@0x00abff98	std_exception.slot_002	vtable_membership:1 classes	0	1	17
004255bc	FUN_004255bc	std_logic_error__slot_002	virtual_method	0.910	direct_apply_candidate	std::logic_error	std_exception@0x00abff98	std_exception.slot_002	vtable_membership:1 classes	0	1	17
00425606	FUN_00425606	std_out_of_range__slot_002	virtual_method	0.910	direct_apply_candidate	std::out_of_range	std_exception@0x00abff98	std_exception.slot_002	vtable_membership:1 classes	1	1	17
0042566d	FUN_0042566d	std_runtime_error__slot_002	virtual_method	0.910	direct_apply_candidate	std::runtime_error	std_exception@0x00abff98	std_exception.slot_002	vtable_membership:1 classes	0	1	17
004256b7	FUN_004256b7	std_overflow_error__slot_002	virtual_method	0.910	direct_apply_candidate	std::overflow_error	std_exception@0x00abff98	std_exception.slot_002	vtable_membership:1 classes	1	1	17
00431693	FUN_00431693	backend_t__slot_192	virtual_method	0.910	direct_apply_candidate	backend_t	backend_dataflow@0x00b0e82c	backend_dataflow.slot_192	vtable_membership:1 classes	0	1	63
00431851	FUN_00431851	backend_t__slot_179	virtual_method	0.910	direct_apply_candidate	backend_t	backend_dataflow@0x00b0e82c	backend_dataflow.slot_179	vtable_membership:1 classes	0	0	5
00431985	FUN_00431985	backend_t__slot_180	virtual_method	0.910	direct_apply_candidate	backend_t	backend_dataflow@0x00b0e82c	backend_dataflow.slot_180	vtable_membership:1 classes	0	0	15
0043269d	FUN_0043269d	backend_t__slot_181	virtual_method	0.910	direct_apply_candidate	backend_t	backend_dataflow@0x00b0e82c	backend_dataflow.slot_181	vtable_membership:1 classes	0	3	137
00432726	FUN_00432726	backend_t__slot_173	virtual_method	0.910	direct_apply_candidate	backend_t	backend_dataflow@0x00b0e82c	backend_dataflow.slot_173	vtable_membership:1 classes	0	2	328
00437ac1	FUN_00437ac1	backend_t__slot_176	virtual_method	0.910	direct_apply_candidate	backend_t	backend_dataflow@0x00b0e82c	backend_dataflow.slot_176	vtable_membership:1 classes	0	61	9599
0043a1b7	FUN_0043a1b7	backend_t__slot_175	virtual_method	0.910	direct_apply_candidate	backend_t	backend_dataflow@0x00b0e82c	backend_dataflow.slot_175	vtable_membership:1 classes	0	7	1130
0043a621	FUN_0043a621	backend_t__slot_174	virtual_method	0.910	direct_apply_candidate	backend_t	backend_dataflow@0x00b0e82c	backend_dataflow.slot_174	vtable_membership:1 classes	0	0	8
0043a6bf	FUN_0043a6bf	std_bad_alloc__slot_002	virtual_method	0.910	direct_apply_candidate	std::bad_alloc	std_exception@0x00ac0a18	std_exception.slot_002	vtable_membership:1 classes	0	1	17
0043ad9c	FUN_0043ad9c	std_logic_error__slot_002	virtual_method	0.910	direct_apply_candidate	std::logic_error	std_exception@0x00ac0a18	std_exception.slot_002	vtable_membership:1 classes	0	1	17
0043ade6	FUN_0043ade6	std_out_of_range__slot_002	virtual_method	0.910	direct_apply_candidate	std::out_of_range	std_exception@0x00ac0a18	std_exception.slot_002	vtable_membership:1 classes	1	1	17
0043ec1b	FUN_0043ec1b	backend_t__slot_193	virtual_method	0.910	direct_apply_candidate	backend_t	backend_dataflow@0x00b0e82c	backend_dataflow.slot_193	vtable_membership:1 classes	0	1	40
00446740	FUN_00446740	backend_t__slot_247	virtual_method	0.910	direct_apply_candidate	backend_t	backend_dataflow@0x00b0e82c	backend_dataflow.slot_247	vtable_membership:1 classes	0	13	279
00469105	FUN_00469105	backend_t__slot_063	virtual_method	0.910	direct_apply_candidate	backend_t	backend_dataflow@0x00b0e82c	backend_dataflow.slot_063	vtable_membership:1 classes	0	1	78
0046f5c7	FUN_0046f5c7	backend_t__slot_059	virtual_method	0.910	direct_apply_candidate	backend_t	backend_dataflow@0x00b0e82c	backend_dataflow.slot_059	vtable_membership:1 classes	0	5	816
0046f8f7	FUN_0046f8f7	backend_t__slot_060	virtual_method	0.910	direct_apply_candidate	backend_t	backend_dataflow@0x00b0e82c	backend_dataflow.slot_060	vtable_membership:1 classes	0	0	72
0046f93f	FUN_0046f93f	backend_t__slot_071	virtual_method	0.910	direct_apply_candidate	backend_t	backend_dataflow@0x00b0e82c	backend_dataflow.slot_071	vtable_membership:1 classes	0	6	931
00470998	FUN_00470998	backend_t__slot_140	virtual_method	0.910	direct_apply_candidate	backend_t	backend_dataflow@0x00b0e82c	backend_dataflow.slot_140	vtable_membership:1 classes	0	19	2128
004711e8	FUN_004711e8	backend_t__slot_070	virtual_method	0.910	direct_apply_candidate	backend_t	backend_dataflow@0x00b0e82c	backend_dataflow.slot_070	vtable_membership:1 classes	0	8	1409
00471769	FUN_00471769	backend_t__slot_074	virtual_method	0.910	direct_apply_candidate	backend_t	backend_dataflow@0x00b0e82c	backend_dataflow.slot_074	vtable_membership:1 classes	0	0	44
00471795	FUN_00471795	backend_t__slot_073	virtual_method	0.910	direct_apply_candidate	backend_t	backend_dataflow@0x00b0e82c	backend_dataflow.slot_073	vtable_membership:1 classes	0	5	472
0047196d	FUN_0047196d	backend_t__slot_067	virtual_method	0.910	direct_apply_candidate	backend_t	backend_dataflow@0x00b0e82c	backend_dataflow.slot_067	vtable_membership:1 classes	0	0	44
00473a91	FUN_00473a91	backend_t__slot_081	virtual_method	0.910	direct_apply_candidate	backend_t	backend_dataflow@0x00b0e82c	backend_dataflow.slot_081	vtable_membership:1 classes	0	0	39
0047c2f4	FUN_0047c2f4	backend_t__slot_064	virtual_method	0.910	direct_apply_candidate	backend_t	backend_dataflow@0x00b0e82c	backend_dataflow.slot_064	vtable_membership:1 classes	0	1	170
0047c39e	FUN_0047c39e	backend_t__slot_253	virtual_method	0.910	direct_apply_candidate	backend_t	backend_dataflow@0x00b0e82c	backend_dataflow.slot_253	vtable_membership:1 classes	0	0	70
004869f9	FUN_004869f9	backend_t__slot_108	virtual_method	0.910	direct_apply_candidate	backend_t	backend_dataflow@0x00b0e82c	backend_dataflow.slot_108	vtable_membership:1 classes	0	0	195
00486abc	FUN_00486abc	backend_t__slot_105	virtual_method	0.910	direct_apply_candidate	backend_t	backend_dataflow@0x00b0e82c	backend_dataflow.slot_105	vtable_membership:1 classes	0	0	45
00486ae9	FUN_00486ae9	backend_t__slot_107	virtual_method	0.910	direct_apply_candidate	backend_t	backend_dataflow@0x00b0e82c	backend_dataflow.slot_107	vtable_membership:1 classes	0	0	55
00486b20	FUN_00486b20	backend_t__slot_106	virtual_method	0.910	direct_apply_candidate	backend_t	backend_dataflow@0x00b0e82c	backend_dataflow.slot_106	vtable_membership:1 classes	0	0	55
00486b57	FUN_00486b57	backend_t__slot_109	virtual_method	0.910	direct_apply_candidate	backend_t	backend_dataflow@0x00b0e82c	backend_dataflow.slot_109	vtable_membership:1 classes	0	0	9
00486cbc	FUN_00486cbc	g4_resource_scheduler__slot_011	virtual_method	0.910	direct_apply_candidate	g4_resource_scheduler	list_scheduler@0x00b0c0e4	list_scheduler.slot_011	vtable_membership:1 classes	0	4	3975
00487f47	FUN_00487f47	g4_resource_scheduler__slot_001	virtual_method	0.910	direct_apply_candidate	g4_resource_scheduler	list_scheduler@0x00b0c0e4	list_scheduler.slot_001	vtable_membership:1 classes	0	1	25
00487ff2	FUN_00487ff2	ppc970_resource_scheduler__slot_011	virtual_method	0.910	direct_apply_candidate	ppc970_resource_scheduler	list_scheduler@0x00b0c0e4	list_scheduler.slot_011	vtable_membership:1 classes	0	2	628
00488266	FUN_00488266	ppc970_resource_scheduler__slot_001	virtual_method	0.910	direct_apply_candidate	ppc970_resource_scheduler	list_scheduler@0x00b0c0e4	list_scheduler.slot_001	vtable_membership:1 classes	0	6	349
0048a852	FUN_0048a852	ame_resource_scheduler__slot_000	virtual_method	0.910	direct_apply_candidate	ame_resource_scheduler	list_scheduler@0x00b0c0e4	list_scheduler.slot_000	vtable_membership:1 classes	0	0	62
0048a91c	FUN_0048a91c	ame_resource_scheduler__slot_011	virtual_method	0.910	direct_apply_candidate	ame_resource_scheduler	list_scheduler@0x00b0c0e4	list_scheduler.slot_011	vtable_membership:1 classes	0	6	1643
0048af87	FUN_0048af87	ame_resource_scheduler__slot_001	virtual_method	0.910	direct_apply_candidate	ame_resource_scheduler	list_scheduler@0x00b0c0e4	list_scheduler.slot_001	vtable_membership:1 classes	0	1	25
0048cba0	FUN_0048cba0	backend_t__slot_260	virtual_method	0.910	direct_apply_candidate	backend_t	backend_dataflow@0x00b0e82c	backend_dataflow.slot_260	vtable_membership:1 classes	0	0	289
0049a873	FUN_0049a873	backend_t__slot_245	virtual_method	0.910	direct_apply_candidate	backend_t	backend_dataflow@0x00b0e82c	backend_dataflow.slot_245	vtable_membership:1 classes	0	1	294
0049efb5	FUN_0049efb5	backend_t__slot_199	virtual_method	0.910	direct_apply_candidate	backend_t	backend_dataflow@0x00b0e82c	backend_dataflow.slot_199	vtable_membership:1 classes	0	9	976
004a45f0	FUN_004a45f0	backend_t__slot_069	virtual_method	0.910	direct_apply_candidate	backend_t	backend_dataflow@0x00b0e82c	backend_dataflow.slot_069	vtable_membership:1 classes	0	1	37
004a4615	FUN_004a4615	backend_t__slot_134	virtual_method	0.910	direct_apply_candidate	backend_t	backend_dataflow@0x00b0e82c	backend_dataflow.slot_134	vtable_membership:1 classes	0	2	341
004a5d0f	FUN_004a5d0f	objectdata_twoop__slot_001	virtual_method	0.910	direct_apply_candidate	objectdata_twoop	objectdata@0x00ace1d0	objectdata.slot_001	vtable_membership:1 classes	0	0	10
004a5d19	FUN_004a5d19	objectdata_arrayop__slot_001	virtual_method	0.910	direct_apply_candidate	objectdata_arrayop	objectdata@0x00ace1d0	objectdata.slot_001	vtable_membership:1 classes	0	0	10
004a5d23	FUN_004a5d23	objectdata_vectorop__slot_001	virtual_method	0.910	direct_apply_candidate	objectdata_vectorop	objectdata@0x00ace1d0	objectdata.slot_001	vtable_membership:1 classes	0	0	10
004a5d2d	FUN_004a5d2d	objectdata_compoundop__slot_001	virtual_method	0.910	direct_apply_candidate	objectdata_compoundop	objectdata@0x00ace1d0	objectdata.slot_001	vtable_membership:1 classes	0	0	10
004a5d37	FUN_004a5d37	objectdata_magictype__slot_001	virtual_method	0.910	direct_apply_candidate	objectdata_magictype	objectdata@0x00ace1d0	objectdata.slot_001	vtable_membership:1 classes	0	0	10
004a5d41	FUN_004a5d41	objectdata_qindex__slot_001	virtual_method	0.910	direct_apply_candidate	objectdata_qindex	objectdata@0x00ace1d0	objectdata.slot_001	vtable_membership:1 classes	0	0	10
004a5d4b	FUN_004a5d4b	objectdata_dot__slot_001	virtual_method	0.910	direct_apply_candidate	objectdata_dot	objectdata@0x00ace1d0	objectdata.slot_001	vtable_membership:1 classes	0	0	10
004a5d55	FUN_004a5d55	objectdata_recordtyp__slot_001	virtual_method	0.910	direct_apply_candidate	objectdata_recordtyp	objectdata@0x00ace1d0	objectdata.slot_001	vtable_membership:1 classes	0	0	10
004a5d5f	FUN_004a5d5f	objectdata_subrangeop__slot_001	virtual_method	0.910	direct_apply_candidate	objectdata_subrangeop	objectdata@0x00ace1d0	objectdata.slot_001	vtable_membership:1 classes	0	0	10
004a5d69	FUN_004a5d69	objectdata_call__slot_001	virtual_method	0.910	direct_apply_candidate	objectdata_call	objectdata@0x00ace1d0	objectdata.slot_001	vtable_membership:1 classes	0	0	10
004a5d73	FUN_004a5d73	objectdata_rouconstr__slot_001	virtual_method	0.910	direct_apply_candidate	objectdata_rouconstr	objectdata@0x00ace1d0	objectdata.slot_001	vtable_membership:1 classes	0	0	10
004a5d7d	FUN_004a5d7d	objectdata_entryop__slot_001	virtual_method	0.910	direct_apply_candidate	objectdata_entryop	objectdata@0x00ace1d0	objectdata.slot_001	vtable_membership:1 classes	0	0	10
004a5d87	FUN_004a5d87	objectdata_statfunc__slot_001	virtual_method	0.910	direct_apply_candidate	objectdata_statfunc	objectdata@0x00ace1d0	objectdata.slot_001	vtable_membership:1 classes	0	0	10
004a5d91	FUN_004a5d91	objectdata_qaddrs__slot_001	virtual_method	0.910	direct_apply_candidate	objectdata_qaddrs	objectdata@0x00ace1d0	objectdata.slot_001	vtable_membership:1 classes	0	0	10
004a5d9b	FUN_004a5d9b	objectdata_variable__slot_001	virtual_method	0.910	direct_apply_candidate	objectdata_variable	objectdata@0x00ace1d0	objectdata.slot_001	vtable_membership:1 classes	0	0	10
004a5da5	FUN_004a5da5	objectdata_varfield__slot_001	virtual_method	0.910	direct_apply_candidate	objectdata_varfield	objectdata@0x00ace1d0	objectdata.slot_001	vtable_membership:1 classes	0	0	10
004a5daf	FUN_004a5daf	objectdata_generic__slot_001	virtual_method	0.910	direct_apply_candidate	objectdata_generic	objectdata@0x00ace1d0	objectdata.slot_001	vtable_membership:1 classes	0	0	10
004a60ed	FUN_004a60ed	objectdata_scalconst__slot_001	virtual_method	0.910	direct_apply_candidate	objectdata_scalconst	objectdata@0x00ace1d0	objectdata.slot_001	vtable_membership:1 classes	0	0	10
004a60f7	FUN_004a60f7	objectdata_floatconst__slot_001	virtual_method	0.910	direct_apply_candidate	objectdata_floatconst	objectdata@0x00ace1d0	objectdata.slot_001	vtable_membership:1 classes	0	0	10
004a6101	FUN_004a6101	objectdata_strconst__slot_001	virtual_method	0.910	direct_apply_candidate	objectdata_strconst	objectdata@0x00ace1d0	objectdata.slot_001	vtable_membership:1 classes	0	0	10
004a610b	FUN_004a610b	objectdata_setconstructor__slot_001	virtual_method	0.910	direct_apply_candidate	objectdata_setconstructor	objectdata@0x00ace1d0	objectdata.slot_001	vtable_membership:1 classes	0	0	10
004a6115	FUN_004a6115	objectdata_complexop__slot_001	virtual_method	0.910	direct_apply_candidate	objectdata_complexop	objectdata@0x00ace1d0	objectdata.slot_001	vtable_membership:1 classes	0	0	10
004a611f	FUN_004a611f	objectdata_data__slot_001	virtual_method	0.910	direct_apply_candidate	objectdata_data	objectdata@0x00ace1d0	objectdata.slot_001	vtable_membership:1 classes	0	0	10
004a6129	FUN_004a6129	objectdata_qjcond__slot_001	virtual_method	0.910	direct_apply_candidate	objectdata_qjcond	objectdata@0x00ace1d0	objectdata.slot_001	vtable_membership:1 classes	0	0	10
004a6133	FUN_004a6133	objectdata_qjmp__slot_001	virtual_method	0.910	direct_apply_candidate	objectdata_qjmp	objectdata@0x00ace1d0	objectdata.slot_001	vtable_membership:1 classes	0	0	10
004a613d	FUN_004a613d	objectdata_qjtab__slot_001	virtual_method	0.910	direct_apply_candidate	objectdata_qjtab	objectdata@0x00ace1d0	objectdata.slot_001	vtable_membership:1 classes	0	0	10
004a6147	FUN_004a6147	objectdata_arithifi__slot_001	virtual_method	0.910	direct_apply_candidate	objectdata_arithifi	objectdata@0x00ace1d0	objectdata.slot_001	vtable_membership:1 classes	0	0	10
004a6151	FUN_004a6151	objectdata_ifop__slot_001	virtual_method	0.910	direct_apply_candidate	objectdata_ifop	objectdata@0x00ace1d0	objectdata.slot_001	vtable_membership:1 classes	0	0	10
004a615b	FUN_004a615b	objectdata_predcode__slot_001	virtual_method	0.910	direct_apply_candidate	objectdata_predcode	objectdata@0x00ace1d0	objectdata.slot_001	vtable_membership:1 classes	0	0	10
004a6165	FUN_004a6165	objectdata_block__slot_001	virtual_method	0.910	direct_apply_candidate	objectdata_block	objectdata@0x00ace1d0	objectdata.slot_001	vtable_membership:1 classes	0	0	10
004a616f	FUN_004a616f	objectdata_undefop__slot_001	virtual_method	0.910	direct_apply_candidate	objectdata_undefop	objectdata@0x00ace1d0	objectdata.slot_001	vtable_membership:1 classes	0	0	10
004a6179	FUN_004a6179	objectdata_fourop__slot_001	virtual_method	0.910	direct_apply_candidate	objectdata_fourop	objectdata@0x00ace1d0	objectdata.slot_001	vtable_membership:1 classes	0	0	10
004a6183	FUN_004a6183	objectdata_casm__slot_001	virtual_method	0.910	direct_apply_candidate	objectdata_casm	objectdata@0x00ace1d0	objectdata.slot_001	vtable_membership:1 classes	0	0	10
004a618d	FUN_004a618d	objectdata_lineop__slot_001	virtual_method	0.910	direct_apply_candidate	objectdata_lineop	objectdata@0x00ace1d0	objectdata.slot_001	vtable_membership:1 classes	0	0	10
004a6197	FUN_004a6197	objectdata_commentop__slot_001	virtual_method	0.910	direct_apply_candidate	objectdata_commentop	objectdata@0x00ace1d0	objectdata.slot_001	vtable_membership:1 classes	0	0	10
004a61a1	FUN_004a61a1	objectdata_startscope__slot_001	virtual_method	0.910	direct_apply_candidate	objectdata_startscope	objectdata@0x00ace1d0	objectdata.slot_001	vtable_membership:1 classes	0	0	10
004a61ab	FUN_004a61ab	objectdata_leavescope__slot_001	virtual_method	0.910	direct_apply_candidate	objectdata_leavescope	objectdata@0x00ace1d0	objectdata.slot_001	vtable_membership:1 classes	0	0	10
004a61b5	FUN_004a61b5	objectdata_varargsop__slot_001	virtual_method	0.910	direct_apply_candidate	objectdata_varargsop	objectdata@0x00ace1d0	objectdata.slot_001	vtable_membership:1 classes	0	0	10
004a61bf	FUN_004a61bf	objectdata_statexpr__slot_001	virtual_method	0.910	direct_apply_candidate	objectdata_statexpr	objectdata@0x00ace1d0	objectdata.slot_001	vtable_membership:1 classes	0	0	10
004dea19	FUN_004dea19	objectdata_twoop__slot_000	virtual_method	0.910	direct_apply_candidate	objectdata_twoop	objectdata@0x00ace1d0	objectdata.slot_000	vtable_membership:1 classes	0	0	5
004dea1e	FUN_004dea1e	objectdata_arrayop__slot_000	virtual_method	0.910	direct_apply_candidate	objectdata_arrayop	objectdata@0x00ace1d0	objectdata.slot_000	vtable_membership:1 classes	0	0	5
004dea23	FUN_004dea23	objectdata_vectorop__slot_000	virtual_method	0.910	direct_apply_candidate	objectdata_vectorop	objectdata@0x00ace1d0	objectdata.slot_000	vtable_membership:1 classes	0	0	5
004dea28	FUN_004dea28	objectdata_compoundop__slot_000	virtual_method	0.910	direct_apply_candidate	objectdata_compoundop	objectdata@0x00ace1d0	objectdata.slot_000	vtable_membership:1 classes	0	0	5
004dea2d	FUN_004dea2d	objectdata_magictype__slot_000	virtual_method	0.910	direct_apply_candidate	objectdata_magictype	objectdata@0x00ace1d0	objectdata.slot_000	vtable_membership:1 classes	0	0	5
004dea32	FUN_004dea32	objectdata_qindex__slot_000	virtual_method	0.910	direct_apply_candidate	objectdata_qindex	objectdata@0x00ace1d0	objectdata.slot_000	vtable_membership:1 classes	0	0	5
004dea37	FUN_004dea37	objectdata_dot__slot_000	virtual_method	0.910	direct_apply_candidate	objectdata_dot	objectdata@0x00ace1d0	objectdata.slot_000	vtable_membership:1 classes	0	0	5
004dea3c	FUN_004dea3c	objectdata_recordtyp__slot_000	virtual_method	0.910	direct_apply_candidate	objectdata_recordtyp	objectdata@0x00ace1d0	objectdata.slot_000	vtable_membership:1 classes	0	0	5
004dea41	FUN_004dea41	objectdata_subrangeop__slot_000	virtual_method	0.910	direct_apply_candidate	objectdata_subrangeop	objectdata@0x00ace1d0	objectdata.slot_000	vtable_membership:1 classes	0	0	5
004dea46	FUN_004dea46	objectdata_call__slot_000	virtual_method	0.910	direct_apply_candidate	objectdata_call	objectdata@0x00ace1d0	objectdata.slot_000	vtable_membership:1 classes	0	0	5
004dea4b	FUN_004dea4b	objectdata_rouconstr__slot_000	virtual_method	0.910	direct_apply_candidate	objectdata_rouconstr	objectdata@0x00ace1d0	objectdata.slot_000	vtable_membership:1 classes	0	0	5
004dea50	FUN_004dea50	objectdata_entryop__slot_000	virtual_method	0.910	direct_apply_candidate	objectdata_entryop	objectdata@0x00ace1d0	objectdata.slot_000	vtable_membership:1 classes	0	0	5
004dea55	FUN_004dea55	objectdata_statfunc__slot_000	virtual_method	0.910	direct_apply_candidate	objectdata_statfunc	objectdata@0x00ace1d0	objectdata.slot_000	vtable_membership:1 classes	0	0	5
004dea5a	FUN_004dea5a	objectdata_qaddrs__slot_000	virtual_method	0.910	direct_apply_candidate	objectdata_qaddrs	objectdata@0x00ace1d0	objectdata.slot_000	vtable_membership:1 classes	0	0	5
004dea5f	FUN_004dea5f	objectdata_variable__slot_000	virtual_method	0.910	direct_apply_candidate	objectdata_variable	objectdata@0x00ace1d0	objectdata.slot_000	vtable_membership:1 classes	0	0	5
004dea64	FUN_004dea64	objectdata_varfield__slot_000	virtual_method	0.910	direct_apply_candidate	objectdata_varfield	objectdata@0x00ace1d0	objectdata.slot_000	vtable_membership:1 classes	0	0	5
004dea69	FUN_004dea69	objectdata_generic__slot_000	virtual_method	0.910	direct_apply_candidate	objectdata_generic	objectdata@0x00ace1d0	objectdata.slot_000	vtable_membership:1 classes	0	0	5
004dea6e	FUN_004dea6e	objectdata_scalconst__slot_000	virtual_method	0.910	direct_apply_candidate	objectdata_scalconst	objectdata@0x00ace1d0	objectdata.slot_000	vtable_membership:1 classes	0	0	5
004dea73	FUN_004dea73	objectdata_floatconst__slot_000	virtual_method	0.910	direct_apply_candidate	objectdata_floatconst	objectdata@0x00ace1d0	objectdata.slot_000	vtable_membership:1 classes	0	0	5
004dea78	FUN_004dea78	objectdata_strconst__slot_000	virtual_method	0.910	direct_apply_candidate	objectdata_strconst	objectdata@0x00ace1d0	objectdata.slot_000	vtable_membership:1 classes	0	0	5
004dea7d	FUN_004dea7d	objectdata_setconstructor__slot_000	virtual_method	0.910	direct_apply_candidate	objectdata_setconstructor	objectdata@0x00ace1d0	objectdata.slot_000	vtable_membership:1 classes	0	0	5
004dea82	FUN_004dea82	objectdata_complexop__slot_000	virtual_method	0.910	direct_apply_candidate	objectdata_complexop	objectdata@0x00ace1d0	objectdata.slot_000	vtable_membership:1 classes	0	0	5
004dea87	FUN_004dea87	objectdata_data__slot_000	virtual_method	0.910	direct_apply_candidate	objectdata_data	objectdata@0x00ace1d0	objectdata.slot_000	vtable_membership:1 classes	0	0	5
004dea8c	FUN_004dea8c	objectdata_qjcond__slot_000	virtual_method	0.910	direct_apply_candidate	objectdata_qjcond	objectdata@0x00ace1d0	objectdata.slot_000	vtable_membership:1 classes	0	0	5
004dea91	FUN_004dea91	objectdata_qjmp__slot_000	virtual_method	0.910	direct_apply_candidate	objectdata_qjmp	objectdata@0x00ace1d0	objectdata.slot_000	vtable_membership:1 classes	0	0	5
004dea96	FUN_004dea96	objectdata_qjtab__slot_000	virtual_method	0.910	direct_apply_candidate	objectdata_qjtab	objectdata@0x00ace1d0	objectdata.slot_000	vtable_membership:1 classes	0	0	5
004dea9b	FUN_004dea9b	objectdata_arithifi__slot_000	virtual_method	0.910	direct_apply_candidate	objectdata_arithifi	objectdata@0x00ace1d0	objectdata.slot_000	vtable_membership:1 classes	0	0	5
004deaa0	FUN_004deaa0	objectdata_ifop__slot_000	virtual_method	0.910	direct_apply_candidate	objectdata_ifop	objectdata@0x00ace1d0	objectdata.slot_000	vtable_membership:1 classes	0	0	5
004deaa5	FUN_004deaa5	objectdata_predcode__slot_000	virtual_method	0.910	direct_apply_candidate	objectdata_predcode	objectdata@0x00ace1d0	objectdata.slot_000	vtable_membership:1 classes	0	0	5
004deaaa	FUN_004deaaa	objectdata_block__slot_000	virtual_method	0.910	direct_apply_candidate	objectdata_block	objectdata@0x00ace1d0	objectdata.slot_000	vtable_membership:1 classes	0	0	5
004deaaf	FUN_004deaaf	objectdata_undefop__slot_000	virtual_method	0.910	direct_apply_candidate	objectdata_undefop	objectdata@0x00ace1d0	objectdata.slot_000	vtable_membership:1 classes	0	0	5
004deab4	FUN_004deab4	objectdata_fourop__slot_000	virtual_method	0.910	direct_apply_candidate	objectdata_fourop	objectdata@0x00ace1d0	objectdata.slot_000	vtable_membership:1 classes	0	0	5
004deab9	FUN_004deab9	objectdata_casm__slot_000	virtual_method	0.910	direct_apply_candidate	objectdata_casm	objectdata@0x00ace1d0	objectdata.slot_000	vtable_membership:1 classes	0	0	5
004deabe	FUN_004deabe	objectdata_lineop__slot_000	virtual_method	0.910	direct_apply_candidate	objectdata_lineop	objectdata@0x00ace1d0	objectdata.slot_000	vtable_membership:1 classes	0	0	5
004deac3	FUN_004deac3	objectdata_commentop__slot_000	virtual_method	0.910	direct_apply_candidate	objectdata_commentop	objectdata@0x00ace1d0	objectdata.slot_000	vtable_membership:1 classes	0	0	5
004deac8	FUN_004deac8	objectdata_startscope__slot_000	virtual_method	0.910	direct_apply_candidate	objectdata_startscope	objectdata@0x00ace1d0	objectdata.slot_000	vtable_membership:1 classes	0	0	5
004deacd	FUN_004deacd	objectdata_leavescope__slot_000	virtual_method	0.910	direct_apply_candidate	objectdata_leavescope	objectdata@0x00ace1d0	objectdata.slot_000	vtable_membership:1 classes	0	0	5
004dead2	FUN_004dead2	objectdata_varargsop__slot_000	virtual_method	0.910	direct_apply_candidate	objectdata_varargsop	objectdata@0x00ace1d0	objectdata.slot_000	vtable_membership:1 classes	0	0	5
004dead7	FUN_004dead7	objectdata_statexpr__slot_000	virtual_method	0.910	direct_apply_candidate	objectdata_statexpr	objectdata@0x00ace1d0	objectdata.slot_000	vtable_membership:1 classes	0	0	5
004e0ffe	FUN_004e0ffe	std_bad_alloc__slot_002	virtual_method	0.910	direct_apply_candidate	std::bad_alloc	std_exception@0x00ace628	std_exception.slot_002	vtable_membership:1 classes	0	1	17
004e16db	FUN_004e16db	std_logic_error__slot_002	virtual_method	0.910	direct_apply_candidate	std::logic_error	std_exception@0x00ace628	std_exception.slot_002	vtable_membership:1 classes	0	1	17
004e1725	FUN_004e1725	std_out_of_range__slot_002	virtual_method	0.910	direct_apply_candidate	std::out_of_range	std_exception@0x00ace628	std_exception.slot_002	vtable_membership:1 classes	1	1	17
004e178c	FUN_004e178c	std_runtime_error__slot_002	virtual_method	0.910	direct_apply_candidate	std::runtime_error	std_exception@0x00ace628	std_exception.slot_002	vtable_membership:1 classes	0	1	17
004e17d6	FUN_004e17d6	std_overflow_error__slot_002	virtual_method	0.910	direct_apply_candidate	std::overflow_error	std_exception@0x00ace628	std_exception.slot_002	vtable_membership:1 classes	1	1	17
00500898	FUN_00500898	TouchesDf__slot_000	virtual_method	0.910	direct_apply_candidate	TouchesDf	InterblockDf@0x00acf300	InterblockDf.slot_000	vtable_membership:1 classes	0	0	682
00500b42	FUN_00500b42	TouchesDf__slot_001	virtual_method	0.910	direct_apply_candidate	TouchesDf	InterblockDf@0x00acf300	InterblockDf.slot_001	vtable_membership:1 classes	0	1	93
00500b9f	FUN_00500b9f	LivenessDf__slot_000	virtual_method	0.910	direct_apply_candidate	LivenessDf	InterblockDf@0x00acf300	InterblockDf.slot_000	vtable_membership:1 classes	0	3	312
00500cd7	FUN_00500cd7	LivenessDf__slot_001	virtual_method	0.910	direct_apply_candidate	LivenessDf	InterblockDf@0x00acf300	InterblockDf.slot_001	vtable_membership:1 classes	0	4	104
00500d3f	FUN_00500d3f	PostLivenessDf__slot_000	virtual_method	0.910	direct_apply_candidate	PostLivenessDf	InterblockDf@0x00acf300	InterblockDf.slot_000	vtable_membership:1 classes	0	0	5
00500d44	FUN_00500d44	PostLivenessDf__slot_001	virtual_method	0.910	direct_apply_candidate	PostLivenessDf	InterblockDf@0x00acf300	InterblockDf.slot_001	vtable_membership:1 classes	0	7	632
005ba5d0	FUN_005ba5d0	backend_basetype__slot_000	virtual_method	0.910	direct_apply_candidate	backend_basetype	backend_dataflow@0x00b0e82c	backend_dataflow.slot_000	vtable_membership:1 classes	0	0	5
005ba5d5	FUN_005ba5d5	backend_basetype__slot_002	virtual_method	0.910	direct_apply_candidate	backend_basetype	backend_dataflow@0x00b0e82c	backend_dataflow.slot_002	vtable_membership:1 classes	0	0	5
005ba5da	FUN_005ba5da	backend_basetype__slot_003	virtual_method	0.910	direct_apply_candidate	backend_basetype	backend_dataflow@0x00b0e82c	backend_dataflow.slot_003	vtable_membership:1 classes	0	0	9
005ba5e3	FUN_005ba5e3	backend_basetype__slot_004	virtual_method	0.910	direct_apply_candidate	backend_basetype	backend_dataflow@0x00b0e82c	backend_dataflow.slot_004	vtable_membership:1 classes	0	0	9
005ba5ec	FUN_005ba5ec	backend_basetype__slot_009	virtual_method	0.910	direct_apply_candidate	backend_basetype	backend_dataflow@0x00b0e82c	backend_dataflow.slot_009	vtable_membership:1 classes	0	0	9
005ba5f5	FUN_005ba5f5	backend_basetype__slot_011	virtual_method	0.910	direct_apply_candidate	backend_basetype	backend_dataflow@0x00b0e82c	backend_dataflow.slot_011	vtable_membership:1 classes	0	0	20
005ba609	FUN_005ba609	backend_basetype__slot_013	virtual_method	0.910	direct_apply_candidate	backend_basetype	backend_dataflow@0x00b0e82c	backend_dataflow.slot_013	vtable_membership:1 classes	0	0	9
005ba612	FUN_005ba612	backend_basetype__slot_014	virtual_method	0.910	direct_apply_candidate	backend_basetype	backend_dataflow@0x00b0e82c	backend_dataflow.slot_014	vtable_membership:1 classes	0	0	9
005ba61b	FUN_005ba61b	backend_basetype__slot_015	virtual_method	0.910	direct_apply_candidate	backend_basetype	backend_dataflow@0x00b0e82c	backend_dataflow.slot_015	vtable_membership:1 classes	0	0	9
005ba624	FUN_005ba624	backend_basetype__slot_016	virtual_method	0.910	direct_apply_candidate	backend_basetype	backend_dataflow@0x00b0e82c	backend_dataflow.slot_016	vtable_membership:1 classes	0	1	15
005ba633	FUN_005ba633	backend_basetype__slot_017	virtual_method	0.910	direct_apply_candidate	backend_basetype	backend_dataflow@0x00b0e82c	backend_dataflow.slot_017	vtable_membership:1 classes	0	0	45
005ba660	FUN_005ba660	backend_basetype__slot_018	virtual_method	0.910	direct_apply_candidate	backend_basetype	backend_dataflow@0x00b0e82c	backend_dataflow.slot_018	vtable_membership:1 classes	0	1	10
005ba66a	FUN_005ba66a	backend_basetype__slot_026	virtual_method	0.910	direct_apply_candidate	backend_basetype	backend_dataflow@0x00b0e82c	backend_dataflow.slot_026	vtable_membership:1 classes	0	0	21
005ba67f	FUN_005ba67f	backend_basetype__slot_027	virtual_method	0.910	direct_apply_candidate	backend_basetype	backend_dataflow@0x00b0e82c	backend_dataflow.slot_027	vtable_membership:1 classes	0	0	9
005bab1f	FUN_005bab1f	backend_basetype__slot_019	virtual_method	0.910	direct_apply_candidate	backend_basetype	backend_dataflow@0x00b0e82c	backend_dataflow.slot_019	vtable_membership:1 classes	0	0	9
005bab28	FUN_005bab28	backend_basetype__slot_020	virtual_method	0.910	direct_apply_candidate	backend_basetype	backend_dataflow@0x00b0e82c	backend_dataflow.slot_020	vtable_membership:1 classes	0	0	9
005bab31	FUN_005bab31	backend_basetype__slot_021	virtual_method	0.910	direct_apply_candidate	backend_basetype	backend_dataflow@0x00b0e82c	backend_dataflow.slot_021	vtable_membership:1 classes	0	1	14
005bab3f	FUN_005bab3f	backend_basetype__slot_022	virtual_method	0.910	direct_apply_candidate	backend_basetype	backend_dataflow@0x00b0e82c	backend_dataflow.slot_022	vtable_membership:1 classes	0	1	15
005bab4e	FUN_005bab4e	backend_basetype__slot_023	virtual_method	0.910	direct_apply_candidate	backend_basetype	backend_dataflow@0x00b0e82c	backend_dataflow.slot_023	vtable_membership:1 classes	0	0	9
005cf40e	FUN_005cf40e	TimeAccurateAliasAnalyzer__slot_000	virtual_method	0.910	direct_apply_candidate	TimeAccurateAliasAnalyzer	AliasAnalyzer@0x00aff0cc	AliasAnalyzer.slot_000	vtable_membership:1 classes	0	0	67
005cf451	FUN_005cf451	TimeAccurateAliasAnalyzer__slot_001	virtual_method	0.910	direct_apply_candidate	TimeAccurateAliasAnalyzer	AliasAnalyzer@0x00aff0cc	AliasAnalyzer.slot_001	vtable_membership:1 classes	0	0	25
005d940a	FUN_005d940a	DownSafetyDf__slot_000	virtual_method	0.910	direct_apply_candidate	DownSafetyDf	InterblockDf@0x00afd5b8	InterblockDf.slot_000	vtable_membership:1 classes	0	1	27
005d9425	FUN_005d9425	DownSafetyDf__slot_001	virtual_method	0.910	direct_apply_candidate	DownSafetyDf	InterblockDf@0x00afd5b8	InterblockDf.slot_001	vtable_membership:1 classes	0	2	321
005d9566	FUN_005d9566	UpSafetyDf__slot_000	virtual_method	0.910	direct_apply_candidate	UpSafetyDf	InterblockDf@0x00afd5b8	InterblockDf.slot_000	vtable_membership:1 classes	0	1	27
005d9581	FUN_005d9581	UpSafetyDf__slot_001	virtual_method	0.910	direct_apply_candidate	UpSafetyDf	InterblockDf@0x00afd5b8	InterblockDf.slot_001	vtable_membership:1 classes	0	2	297
005d96aa	FUN_005d96aa	EarliestDf__slot_000	virtual_method	0.910	direct_apply_candidate	EarliestDf	InterblockDf@0x00afd5b8	InterblockDf.slot_000	vtable_membership:1 classes	0	0	5
005d96af	FUN_005d96af	EarliestDf__slot_001	virtual_method	0.910	direct_apply_candidate	EarliestDf	InterblockDf@0x00afd5b8	InterblockDf.slot_001	vtable_membership:1 classes	0	1	218
005d9789	FUN_005d9789	DelayedDf__slot_000	virtual_method	0.910	direct_apply_candidate	DelayedDf	InterblockDf@0x00afd5b8	InterblockDf.slot_000	vtable_membership:1 classes	0	1	27
005d97a4	FUN_005d97a4	DelayedDf__slot_001	virtual_method	0.910	direct_apply_candidate	DelayedDf	InterblockDf@0x00afd5b8	InterblockDf.slot_001	vtable_membership:1 classes	0	2	337
005d98f5	FUN_005d98f5	LatestDf__slot_000	virtual_method	0.910	direct_apply_candidate	LatestDf	InterblockDf@0x00afd5b8	InterblockDf.slot_000	vtable_membership:1 classes	0	0	5
005d98fa	FUN_005d98fa	LatestDf__slot_001	virtual_method	0.910	direct_apply_candidate	LatestDf	InterblockDf@0x00afd5b8	InterblockDf.slot_001	vtable_membership:1 classes	0	1	291
005d9a1d	FUN_005d9a1d	IsolatedDf__slot_000	virtual_method	0.910	direct_apply_candidate	IsolatedDf	InterblockDf@0x00afd5b8	InterblockDf.slot_000	vtable_membership:1 classes	0	1	27
005d9a38	FUN_005d9a38	IsolatedDf__slot_001	virtual_method	0.910	direct_apply_candidate	IsolatedDf	InterblockDf@0x00afd5b8	InterblockDf.slot_001	vtable_membership:1 classes	0	1	257
005d9b39	FUN_005d9b39	FinalDf__slot_000	virtual_method	0.910	direct_apply_candidate	FinalDf	InterblockDf@0x00afd5b8	InterblockDf.slot_000	vtable_membership:1 classes	0	0	5
005d9b3e	FUN_005d9b3e	FinalDf__slot_001	virtual_method	0.910	direct_apply_candidate	FinalDf	InterblockDf@0x00afd5b8	InterblockDf.slot_001	vtable_membership:1 classes	0	0	254
005d9c3c	FUN_005d9c3c	GcseSelectDf__slot_000	virtual_method	0.910	direct_apply_candidate	GcseSelectDf	InterblockDf@0x00afd5b8	InterblockDf.slot_000	vtable_membership:1 classes	0	0	115
005d9caf	FUN_005d9caf	GcseSelectDf__slot_001	virtual_method	0.910	direct_apply_candidate	GcseSelectDf	InterblockDf@0x00afd5b8	InterblockDf.slot_001	vtable_membership:1 classes	0	0	172
005d9d5b	FUN_005d9d5b	GcseLiveDf__slot_000	virtual_method	0.910	direct_apply_candidate	GcseLiveDf	InterblockDf@0x00afd5b8	InterblockDf.slot_000	vtable_membership:1 classes	0	1	32
005d9d7b	FUN_005d9d7b	GcseLiveDf__slot_001	virtual_method	0.910	direct_apply_candidate	GcseLiveDf	InterblockDf@0x00afd5b8	InterblockDf.slot_001	vtable_membership:1 classes	0	1	242
005d9e6d	FUN_005d9e6d	GcseFinalDf__slot_000	virtual_method	0.910	direct_apply_candidate	GcseFinalDf	InterblockDf@0x00afd5b8	InterblockDf.slot_000	vtable_membership:1 classes	0	0	5
005d9e72	FUN_005d9e72	GcseFinalDf__slot_001	virtual_method	0.910	direct_apply_candidate	GcseFinalDf	InterblockDf@0x00afd5b8	InterblockDf.slot_001	vtable_membership:1 classes	0	0	201
005db3f1	FUN_005db3f1	BooleanAccurateAliasAnalyzer__slot_000	virtual_method	0.910	direct_apply_candidate	BooleanAccurateAliasAnalyzer	AliasAnalyzer@0x00aff0cc	AliasAnalyzer.slot_000	vtable_membership:1 classes	0	1	199
005db4b8	FUN_005db4b8	BooleanAccurateAliasAnalyzer__slot_001	virtual_method	0.910	direct_apply_candidate	BooleanAccurateAliasAnalyzer	AliasAnalyzer@0x00aff0cc	AliasAnalyzer.slot_001	vtable_membership:1 classes	0	1	211
005ea90a	FUN_005ea90a	ValueNeededDf__slot_000	virtual_method	0.910	direct_apply_candidate	ValueNeededDf	InterblockDf@0x00afd5b8	InterblockDf.slot_000	vtable_membership:1 classes	0	1	96
005ea96a	FUN_005ea96a	ValueNeededDf__slot_001	virtual_method	0.910	direct_apply_candidate	ValueNeededDf	InterblockDf@0x00afd5b8	InterblockDf.slot_001	vtable_membership:1 classes	0	0	224
005f5279	FUN_005f5279	FCEReachingWriteDf__slot_000	virtual_method	0.910	direct_apply_candidate	FCEReachingWriteDf	InterblockDf@0x00afd5b8	InterblockDf.slot_000	vtable_membership:1 classes	0	0	5
005f5c56	FUN_005f5c56	FCEReachingWriteDf__slot_001	virtual_method	0.910	direct_apply_candidate	FCEReachingWriteDf	InterblockDf@0x00afd5b8	InterblockDf.slot_001	vtable_membership:1 classes	0	0	143
005f9a83	FUN_005f9a83	HoistAvailDf__slot_000	virtual_method	0.910	direct_apply_candidate	HoistAvailDf	InterblockDf@0x00afd5b8	InterblockDf.slot_000	vtable_membership:1 classes	0	2	89
005f9adc	FUN_005f9adc	HoistAvailDf__slot_001	virtual_method	0.910	direct_apply_candidate	HoistAvailDf	InterblockDf@0x00afd5b8	InterblockDf.slot_001	vtable_membership:1 classes	0	2	259
005f9bdf	FUN_005f9bdf	HoistHelpfulDf__slot_000	virtual_method	0.910	direct_apply_candidate	HoistHelpfulDf	InterblockDf@0x00afd5b8	InterblockDf.slot_000	vtable_membership:1 classes	0	0	5
005f9be4	FUN_005f9be4	HoistHelpfulDf__slot_001	virtual_method	0.910	direct_apply_candidate	HoistHelpfulDf	InterblockDf@0x00afd5b8	InterblockDf.slot_001	vtable_membership:1 classes	0	1	53
005f9c19	FUN_005f9c19	HoistRedundantDf__slot_000	virtual_method	0.910	direct_apply_candidate	HoistRedundantDf	InterblockDf@0x00afd5b8	InterblockDf.slot_000	vtable_membership:1 classes	0	1	32
005f9c39	FUN_005f9c39	HoistRedundantDf__slot_001	virtual_method	0.910	direct_apply_candidate	HoistRedundantDf	InterblockDf@0x00afd5b8	InterblockDf.slot_001	vtable_membership:1 classes	0	3	336
005f9d89	FUN_005f9d89	HoistFinalDf__slot_000	virtual_method	0.910	direct_apply_candidate	HoistFinalDf	InterblockDf@0x00afd5b8	InterblockDf.slot_000	vtable_membership:1 classes	0	0	5
005f9d8e	FUN_005f9d8e	HoistFinalDf__slot_001	virtual_method	0.910	direct_apply_candidate	HoistFinalDf	InterblockDf@0x00afd5b8	InterblockDf.slot_001	vtable_membership:1 classes	0	0	175
005f9e3d	FUN_005f9e3d	HoistDelayDf__slot_000	virtual_method	0.910	direct_apply_candidate	HoistDelayDf	InterblockDf@0x00afd5b8	InterblockDf.slot_000	vtable_membership:1 classes	0	1	40
005f9e65	FUN_005f9e65	HoistDelayDf__slot_001	virtual_method	0.910	direct_apply_candidate	HoistDelayDf	InterblockDf@0x00afd5b8	InterblockDf.slot_001	vtable_membership:1 classes	0	3	348
005f9fc1	FUN_005f9fc1	HoistFinal2Df__slot_000	virtual_method	0.910	direct_apply_candidate	HoistFinal2Df	InterblockDf@0x00afd5b8	InterblockDf.slot_000	vtable_membership:1 classes	0	1	218
005fa09b	FUN_005fa09b	HoistFinal2Df__slot_001	virtual_method	0.910	direct_apply_candidate	HoistFinal2Df	InterblockDf@0x00afd5b8	InterblockDf.slot_001	vtable_membership:1 classes	0	1	186
005fa155	FUN_005fa155	HoistUsableDf__slot_000	virtual_method	0.910	direct_apply_candidate	HoistUsableDf	InterblockDf@0x00afd5b8	InterblockDf.slot_000	vtable_membership:1 classes	0	1	27
005fa170	FUN_005fa170	HoistUsableDf__slot_001	virtual_method	0.910	direct_apply_candidate	HoistUsableDf	InterblockDf@0x00afd5b8	InterblockDf.slot_001	vtable_membership:1 classes	0	1	249
005fa269	FUN_005fa269	HoistFinal3Df__slot_000	virtual_method	0.910	direct_apply_candidate	HoistFinal3Df	InterblockDf@0x00afd5b8	InterblockDf.slot_000	vtable_membership:1 classes	0	0	5
005fa26e	FUN_005fa26e	HoistFinal3Df__slot_001	virtual_method	0.910	direct_apply_candidate	HoistFinal3Df	InterblockDf@0x00afd5b8	InterblockDf.slot_001	vtable_membership:1 classes	0	0	151
005fc273	FUN_005fc273	CopyPropDf__slot_000	virtual_method	0.910	direct_apply_candidate	CopyPropDf	InterblockDf@0x00afd5b8	InterblockDf.slot_000	vtable_membership:1 classes	0	2	78
005fc3a0	FUN_005fc3a0	CopyPropDf__slot_001	virtual_method	0.910	direct_apply_candidate	CopyPropDf	InterblockDf@0x00afd5b8	InterblockDf.slot_001	vtable_membership:1 classes	0	1	518
006032db	FUN_006032db	CheckerFlow__slot_000	virtual_method	0.910	direct_apply_candidate	CheckerFlow	InterblockDf@0x00aff4ac	InterblockDf.slot_000	vtable_membership:1 classes	0	0	5
006035fe	FUN_006035fe	ConstChecker__slot_004	virtual_method	0.910	direct_apply_candidate	ConstChecker	Checker@0x00aff4ec	Checker.slot_004	vtable_membership:1 classes	0	0	5
00603603	FUN_00603603	EquivChecker__slot_000	virtual_method	0.910	direct_apply_candidate	EquivChecker	Checker@0x00aff4ec	Checker.slot_000	vtable_membership:1 classes	0	0	5
00603608	FUN_00603608	EquivChecker__slot_004	virtual_method	0.910	direct_apply_candidate	EquivChecker	Checker@0x00aff4ec	Checker.slot_004	vtable_membership:1 classes	0	0	5
0060375a	FUN_0060375a	UninitMemChecker__slot_004	virtual_method	0.910	direct_apply_candidate	UninitMemChecker	Checker@0x00aff4ec	Checker.slot_004	vtable_membership:1 classes	0	0	5
0060375f	FUN_0060375f	UninitMemChecker__slot_005	virtual_method	0.910	direct_apply_candidate	UninitMemChecker	Checker@0x00aff4ec	Checker.slot_005	vtable_membership:1 classes	0	0	5
00603764	FUN_00603764	RangeChecker__slot_004	virtual_method	0.910	direct_apply_candidate	RangeChecker	Checker@0x00aff4ec	Checker.slot_004	vtable_membership:1 classes	0	0	5
00603769	FUN_00603769	MemLeakChecker__slot_010	virtual_method	0.910	direct_apply_candidate	MemLeakChecker	Checker@0x00aff4ec	Checker.slot_010	vtable_membership:1 classes	0	0	10
00603773	FUN_00603773	MemLeakChecker__slot_011	virtual_method	0.910	direct_apply_candidate	MemLeakChecker	Checker@0x00aff4ec	Checker.slot_011	vtable_membership:1 classes	0	1	61
006037b0	FUN_006037b0	MemLeakCheckerBackwards__slot_010	virtual_method	0.910	direct_apply_candidate	MemLeakCheckerBackwards	Checker@0x00aff4ec	Checker.slot_010	vtable_membership:1 classes	0	0	10
006037ba	FUN_006037ba	MemLeakCheckerBackwards__slot_011	virtual_method	0.910	direct_apply_candidate	MemLeakCheckerBackwards	Checker@0x00aff4ec	Checker.slot_011	vtable_membership:1 classes	0	1	61
006037f7	FUN_006037f7	MemLeakCheckerBackwards__slot_009	virtual_method	0.910	direct_apply_candidate	MemLeakCheckerBackwards	Checker@0x00aff4ec	Checker.slot_009	vtable_membership:1 classes	0	0	5
006037fc	FUN_006037fc	MemLeakCheckerBackwards__slot_005	virtual_method	0.910	direct_apply_candidate	MemLeakCheckerBackwards	Checker@0x00aff4ec	Checker.slot_005	vtable_membership:1 classes	0	0	5
00603801	FUN_00603801	NULLCheckChecker__slot_010	virtual_method	0.910	direct_apply_candidate	NULLCheckChecker	Checker@0x00aff4ec	Checker.slot_010	vtable_membership:1 classes	0	0	10
0060380b	FUN_0060380b	NULLCheckChecker__slot_011	virtual_method	0.910	direct_apply_candidate	NULLCheckChecker	Checker@0x00aff4ec	Checker.slot_011	vtable_membership:1 classes	0	1	61
00603848	FUN_00603848	NULLCheckChecker__slot_009	virtual_method	0.910	direct_apply_candidate	NULLCheckChecker	Checker@0x00aff4ec	Checker.slot_009	vtable_membership:1 classes	0	0	5
0060384d	FUN_0060384d	NULLCheckChecker__slot_005	virtual_method	0.910	direct_apply_candidate	NULLCheckChecker	Checker@0x00aff4ec	Checker.slot_005	vtable_membership:1 classes	0	0	5
00603852	FUN_00603852	NULLCheckCheckerBackwards__slot_010	virtual_method	0.910	direct_apply_candidate	NULLCheckCheckerBackwards	Checker@0x00aff4ec	Checker.slot_010	vtable_membership:1 classes	0	0	10
0060385c	FUN_0060385c	NULLCheckCheckerBackwards__slot_011	virtual_method	0.910	direct_apply_candidate	NULLCheckCheckerBackwards	Checker@0x00aff4ec	Checker.slot_011	vtable_membership:1 classes	0	0	10
00603866	FUN_00603866	NULLCheckCheckerBackwards__slot_009	virtual_method	0.910	direct_apply_candidate	NULLCheckCheckerBackwards	Checker@0x00aff4ec	Checker.slot_009	vtable_membership:1 classes	0	0	5
0060386b	FUN_0060386b	NULLCheckCheckerBackwards__slot_005	virtual_method	0.910	direct_apply_candidate	NULLCheckCheckerBackwards	Checker@0x00aff4ec	Checker.slot_005	vtable_membership:1 classes	0	0	5
00603870	FUN_00603870	FreeChecker__slot_010	virtual_method	0.910	direct_apply_candidate	FreeChecker	Checker@0x00aff4ec	Checker.slot_010	vtable_membership:1 classes	0	0	10
0060387a	FUN_0060387a	FreeChecker__slot_011	virtual_method	0.910	direct_apply_candidate	FreeChecker	Checker@0x00aff4ec	Checker.slot_011	vtable_membership:1 classes	0	0	30
00603898	FUN_00603898	FreeChecker__slot_009	virtual_method	0.910	direct_apply_candidate	FreeChecker	Checker@0x00aff4ec	Checker.slot_009	vtable_membership:1 classes	0	0	5
0060389d	FUN_0060389d	FreeChecker__slot_005	virtual_method	0.910	direct_apply_candidate	FreeChecker	Checker@0x00aff4ec	Checker.slot_005	vtable_membership:1 classes	0	0	5
006038a2	FUN_006038a2	FreeCheckerBackwards__slot_010	virtual_method	0.910	direct_apply_candidate	FreeCheckerBackwards	Checker@0x00aff4ec	Checker.slot_010	vtable_membership:1 classes	0	0	10
006038ac	FUN_006038ac	FreeCheckerBackwards__slot_011	virtual_method	0.910	direct_apply_candidate	FreeCheckerBackwards	Checker@0x00aff4ec	Checker.slot_011	vtable_membership:1 classes	0	0	10
006038b6	FUN_006038b6	FreeCheckerBackwards__slot_009	virtual_method	0.910	direct_apply_candidate	FreeCheckerBackwards	Checker@0x00aff4ec	Checker.slot_009	vtable_membership:1 classes	0	0	5
006038bb	FUN_006038bb	FreeCheckerBackwards__slot_005	virtual_method	0.910	direct_apply_candidate	FreeCheckerBackwards	Checker@0x00aff4ec	Checker.slot_005	vtable_membership:1 classes	0	0	5
006038c0	FUN_006038c0	DerefNULLChecker__slot_010	virtual_method	0.910	direct_apply_candidate	DerefNULLChecker	Checker@0x00aff4ec	Checker.slot_010	vtable_membership:1 classes	0	0	10
006038ca	FUN_006038ca	DerefNULLChecker__slot_011	virtual_method	0.910	direct_apply_candidate	DerefNULLChecker	Checker@0x00aff4ec	Checker.slot_011	vtable_membership:1 classes	0	0	10
006038d4	FUN_006038d4	DerefNULLChecker__slot_009	virtual_method	0.910	direct_apply_candidate	DerefNULLChecker	Checker@0x00aff4ec	Checker.slot_009	vtable_membership:1 classes	0	0	5
006038d9	FUN_006038d9	DerefNULLChecker__slot_005	virtual_method	0.910	direct_apply_candidate	DerefNULLChecker	Checker@0x00aff4ec	Checker.slot_005	vtable_membership:1 classes	0	0	5
006038de	FUN_006038de	LocalScopeChecker__slot_010	virtual_method	0.910	direct_apply_candidate	LocalScopeChecker	Checker@0x00aff4ec	Checker.slot_010	vtable_membership:1 classes	0	0	10
006038e8	FUN_006038e8	LocalScopeChecker__slot_011	virtual_method	0.910	direct_apply_candidate	LocalScopeChecker	Checker@0x00aff4ec	Checker.slot_011	vtable_membership:1 classes	0	0	10
006038f2	FUN_006038f2	LocalScopeChecker__slot_009	virtual_method	0.910	direct_apply_candidate	LocalScopeChecker	Checker@0x00aff4ec	Checker.slot_009	vtable_membership:1 classes	0	0	5
006038f7	FUN_006038f7	LocalScopeChecker__slot_005	virtual_method	0.910	direct_apply_candidate	LocalScopeChecker	Checker@0x00aff4ec	Checker.slot_005	vtable_membership:1 classes	0	0	5
006038fc	FUN_006038fc	ReadOnlyWriteChecker__slot_010	virtual_method	0.910	direct_apply_candidate	ReadOnlyWriteChecker	Checker@0x00aff4ec	Checker.slot_010	vtable_membership:1 classes	0	0	10
00603906	FUN_00603906	ReadOnlyWriteChecker__slot_011	virtual_method	0.910	direct_apply_candidate	ReadOnlyWriteChecker	Checker@0x00aff4ec	Checker.slot_011	vtable_membership:1 classes	0	0	10
00603910	FUN_00603910	ReadOnlyWriteChecker__slot_009	virtual_method	0.910	direct_apply_candidate	ReadOnlyWriteChecker	Checker@0x00aff4ec	Checker.slot_009	vtable_membership:1 classes	0	0	5
00603915	FUN_00603915	ReadOnlyWriteChecker__slot_005	virtual_method	0.910	direct_apply_candidate	ReadOnlyWriteChecker	Checker@0x00aff4ec	Checker.slot_005	vtable_membership:1 classes	0	0	5
0060391a	FUN_0060391a	NewSingleChecker__slot_010	virtual_method	0.910	direct_apply_candidate	NewSingleChecker	Checker@0x00aff4ec	Checker.slot_010	vtable_membership:1 classes	0	0	10
00603924	FUN_00603924	NewSingleChecker__slot_011	virtual_method	0.910	direct_apply_candidate	NewSingleChecker	Checker@0x00aff4ec	Checker.slot_011	vtable_membership:1 classes	0	0	10
0060392e	FUN_0060392e	NewSingleChecker__slot_009	virtual_method	0.910	direct_apply_candidate	NewSingleChecker	Checker@0x00aff4ec	Checker.slot_009	vtable_membership:1 classes	0	0	5
00603933	FUN_00603933	NewSingleChecker__slot_005	virtual_method	0.910	direct_apply_candidate	NewSingleChecker	Checker@0x00aff4ec	Checker.slot_005	vtable_membership:1 classes	0	0	5
00603938	FUN_00603938	NewArrayChecker__slot_010	virtual_method	0.910	direct_apply_candidate	NewArrayChecker	Checker@0x00aff4ec	Checker.slot_010	vtable_membership:1 classes	0	0	10
00603942	FUN_00603942	NewArrayChecker__slot_011	virtual_method	0.910	direct_apply_candidate	NewArrayChecker	Checker@0x00aff4ec	Checker.slot_011	vtable_membership:1 classes	0	0	10
0060394c	FUN_0060394c	NewArrayChecker__slot_009	virtual_method	0.910	direct_apply_candidate	NewArrayChecker	Checker@0x00aff4ec	Checker.slot_009	vtable_membership:1 classes	0	0	5
00603951	FUN_00603951	NewArrayChecker__slot_005	virtual_method	0.910	direct_apply_candidate	NewArrayChecker	Checker@0x00aff4ec	Checker.slot_005	vtable_membership:1 classes	0	0	5
00603956	FUN_00603956	NoReturnChecker__slot_010	virtual_method	0.910	direct_apply_candidate	NoReturnChecker	Checker@0x00aff4ec	Checker.slot_010	vtable_membership:1 classes	0	0	10
00603960	FUN_00603960	NoReturnChecker__slot_011	virtual_method	0.910	direct_apply_candidate	NoReturnChecker	Checker@0x00aff4ec	Checker.slot_011	vtable_membership:1 classes	0	0	10
0060396a	FUN_0060396a	NoReturnChecker__slot_001	virtual_method	0.910	direct_apply_candidate	NoReturnChecker	Checker@0x00aff4ec	Checker.slot_001	vtable_membership:1 classes	0	0	5
0060396f	FUN_0060396f	NoReturnChecker__slot_008	virtual_method	0.910	direct_apply_candidate	NoReturnChecker	Checker@0x00aff4ec	Checker.slot_008	vtable_membership:1 classes	0	0	10
00603979	FUN_00603979	NoReturnChecker__slot_005	virtual_method	0.910	direct_apply_candidate	NoReturnChecker	Checker@0x00aff4ec	Checker.slot_005	vtable_membership:1 classes	0	0	5
0060397e	FUN_0060397e	UnreadChecker__slot_010	virtual_method	0.910	direct_apply_candidate	UnreadChecker	Checker@0x00aff4ec	Checker.slot_010	vtable_membership:1 classes	0	0	10
00603988	FUN_00603988	UnreadChecker__slot_011	virtual_method	0.910	direct_apply_candidate	UnreadChecker	Checker@0x00aff4ec	Checker.slot_011	vtable_membership:1 classes	0	0	10
00603992	FUN_00603992	UnreadChecker__slot_009	virtual_method	0.910	direct_apply_candidate	UnreadChecker	Checker@0x00aff4ec	Checker.slot_009	vtable_membership:1 classes	0	0	5
00603997	FUN_00603997	UnreadChecker__slot_005	virtual_method	0.910	direct_apply_candidate	UnreadChecker	Checker@0x00aff4ec	Checker.slot_005	vtable_membership:1 classes	0	0	5
0060399c	FUN_0060399c	UnreadCheckerBackwards__slot_010	virtual_method	0.910	direct_apply_candidate	UnreadCheckerBackwards	Checker@0x00aff4ec	Checker.slot_010	vtable_membership:1 classes	0	0	10
006039a6	FUN_006039a6	UnreadCheckerBackwards__slot_011	virtual_method	0.910	direct_apply_candidate	UnreadCheckerBackwards	Checker@0x00aff4ec	Checker.slot_011	vtable_membership:1 classes	0	0	30
006039c4	FUN_006039c4	UnreadCheckerBackwards__slot_009	virtual_method	0.910	direct_apply_candidate	UnreadCheckerBackwards	Checker@0x00aff4ec	Checker.slot_009	vtable_membership:1 classes	0	0	5
006039c9	FUN_006039c9	UnreadCheckerBackwards__slot_005	virtual_method	0.910	direct_apply_candidate	UnreadCheckerBackwards	Checker@0x00aff4ec	Checker.slot_005	vtable_membership:1 classes	0	0	5
006039ce	FUN_006039ce	NULLCheckDerefChecker__slot_010	virtual_method	0.910	direct_apply_candidate	NULLCheckDerefChecker	Checker@0x00aff4ec	Checker.slot_010	vtable_membership:1 classes	0	0	10
006039d8	FUN_006039d8	NULLCheckDerefChecker__slot_011	virtual_method	0.910	direct_apply_candidate	NULLCheckDerefChecker	Checker@0x00aff4ec	Checker.slot_011	vtable_membership:1 classes	0	0	10
006039e2	FUN_006039e2	NULLCheckDerefChecker__slot_009	virtual_method	0.910	direct_apply_candidate	NULLCheckDerefChecker	Checker@0x00aff4ec	Checker.slot_009	vtable_membership:1 classes	0	0	5
006039e7	FUN_006039e7	UninitReadChecker__slot_010	virtual_method	0.910	direct_apply_candidate	UninitReadChecker	Checker@0x00aff4ec	Checker.slot_010	vtable_membership:1 classes	0	0	10
006039f1	FUN_006039f1	UninitReadChecker__slot_011	virtual_method	0.910	direct_apply_candidate	UninitReadChecker	Checker@0x00aff4ec	Checker.slot_011	vtable_membership:1 classes	0	0	10
006039fb	FUN_006039fb	UninitReadChecker__slot_009	virtual_method	0.910	direct_apply_candidate	UninitReadChecker	Checker@0x00aff4ec	Checker.slot_009	vtable_membership:1 classes	0	0	5
00603a00	FUN_00603a00	UninitReadChecker__slot_005	virtual_method	0.910	direct_apply_candidate	UninitReadChecker	Checker@0x00aff4ec	Checker.slot_005	vtable_membership:1 classes	0	0	5
00603a05	FUN_00603a05	UninitReadCheckerBackwards__slot_010	virtual_method	0.910	direct_apply_candidate	UninitReadCheckerBackwards	Checker@0x00aff4ec	Checker.slot_010	vtable_membership:1 classes	0	0	10
00603a0f	FUN_00603a0f	UninitReadCheckerBackwards__slot_011	virtual_method	0.910	direct_apply_candidate	UninitReadCheckerBackwards	Checker@0x00aff4ec	Checker.slot_011	vtable_membership:1 classes	0	1	149
00603aa4	FUN_00603aa4	UninitReadCheckerBackwards__slot_005	virtual_method	0.910	direct_apply_candidate	UninitReadCheckerBackwards	Checker@0x00aff4ec	Checker.slot_005	vtable_membership:1 classes	0	0	5
00603aa9	FUN_00603aa9	NoFlowChecker__slot_010	virtual_method	0.910	direct_apply_candidate	NoFlowChecker	Checker@0x00aff4ec	Checker.slot_010	vtable_membership:1 classes	0	0	10
00603ab3	FUN_00603ab3	NoFlowChecker__slot_011	virtual_method	0.910	direct_apply_candidate	NoFlowChecker	Checker@0x00aff4ec	Checker.slot_011	vtable_membership:1 classes	0	0	10
00603abd	FUN_00603abd	NoFlowChecker__slot_001	virtual_method	0.910	direct_apply_candidate	NoFlowChecker	Checker@0x00aff4ec	Checker.slot_001	vtable_membership:1 classes	0	0	5
00603ac2	FUN_00603ac2	NoFlowChecker__slot_008	virtual_method	0.910	direct_apply_candidate	NoFlowChecker	Checker@0x00aff4ec	Checker.slot_008	vtable_membership:1 classes	0	0	10
00603acc	FUN_00603acc	NoFlowChecker__slot_009	virtual_method	0.910	direct_apply_candidate	NoFlowChecker	Checker@0x00aff4ec	Checker.slot_009	vtable_membership:1 classes	0	0	5
00603ad1	FUN_00603ad1	NoFlowChecker__slot_005	virtual_method	0.910	direct_apply_candidate	NoFlowChecker	Checker@0x00aff4ec	Checker.slot_005	vtable_membership:1 classes	0	0	5
00603ad6	FUN_00603ad6	StrictUninitChecker__slot_010	virtual_method	0.910	direct_apply_candidate	StrictUninitChecker	Checker@0x00aff4ec	Checker.slot_010	vtable_membership:1 classes	0	0	10
00603ae0	FUN_00603ae0	StrictUninitChecker__slot_011	virtual_method	0.910	direct_apply_candidate	StrictUninitChecker	Checker@0x00aff4ec	Checker.slot_011	vtable_membership:1 classes	0	0	10
00603aea	FUN_00603aea	StrictUninitChecker__slot_008	virtual_method	0.910	direct_apply_candidate	StrictUninitChecker	Checker@0x00aff4ec	Checker.slot_008	vtable_membership:1 classes	0	0	10
00603af4	FUN_00603af4	StrictUninitChecker__slot_005	virtual_method	0.910	direct_apply_candidate	StrictUninitChecker	Checker@0x00aff4ec	Checker.slot_005	vtable_membership:1 classes	0	0	5
006044a2	FUN_006044a2	ConstChecker__slot_000	virtual_method	0.910	direct_apply_candidate	ConstChecker	Checker@0x00aff4ec	Checker.slot_000	vtable_membership:1 classes	0	5	210
00604574	FUN_00604574	ConstChecker__slot_001	virtual_method	0.910	direct_apply_candidate	ConstChecker	Checker@0x00aff4ec	Checker.slot_001	vtable_membership:1 classes	0	9	762
0060486e	FUN_0060486e	ConstChecker__slot_002	virtual_method	0.910	direct_apply_candidate	ConstChecker	Checker@0x00aff4ec	Checker.slot_002	vtable_membership:1 classes	0	4	771
006051cb	FUN_006051cb	RangeChecker__slot_000	virtual_method	0.910	direct_apply_candidate	RangeChecker	Checker@0x00aff4ec	Checker.slot_000	vtable_membership:1 classes	0	2	73
006059b7	FUN_006059b7	RangeChecker__slot_001	virtual_method	0.910	direct_apply_candidate	RangeChecker	Checker@0x00aff4ec	Checker.slot_001	vtable_membership:1 classes	0	6	340
00605b0b	FUN_00605b0b	RangeChecker__slot_002	virtual_method	0.910	direct_apply_candidate	RangeChecker	Checker@0x00aff4ec	Checker.slot_002	vtable_membership:1 classes	0	4	568
00605d43	FUN_00605d43	RangeChecker__slot_005	virtual_method	0.910	direct_apply_candidate	RangeChecker	Checker@0x00aff4ec	Checker.slot_005	vtable_membership:1 classes	0	4	816
00606087	FUN_00606087	ConstChecker__slot_005	virtual_method	0.910	direct_apply_candidate	ConstChecker	Checker@0x00aff4ec	Checker.slot_005	vtable_membership:1 classes	1	6	509
00606284	FUN_00606284	ConstChecker__slot_003	virtual_method	0.910	direct_apply_candidate	ConstChecker	Checker@0x00aff4ec	Checker.slot_003	vtable_membership:1 classes	0	0	78
006062d2	FUN_006062d2	RangeChecker__slot_003	virtual_method	0.910	direct_apply_candidate	RangeChecker	Checker@0x00aff4ec	Checker.slot_003	vtable_membership:1 classes	0	0	66
00606314	FUN_00606314	ConstChecker__slot_006	virtual_method	0.910	direct_apply_candidate	ConstChecker	Checker@0x00aff4ec	Checker.slot_006	vtable_membership:1 classes	0	2	153
006063ad	FUN_006063ad	RangeChecker__slot_006	virtual_method	0.910	direct_apply_candidate	RangeChecker	Checker@0x00aff4ec	Checker.slot_006	vtable_membership:1 classes	0	1	139
0060648e	FUN_0060648e	MemLeakCheckerBackwards__slot_000	virtual_method	0.910	direct_apply_candidate	MemLeakCheckerBackwards	Checker@0x00aff4ec	Checker.slot_000	vtable_membership:1 classes	0	3	156
0060652a	FUN_0060652a	MemLeakCheckerBackwards__slot_001	virtual_method	0.910	direct_apply_candidate	MemLeakCheckerBackwards	Checker@0x00aff4ec	Checker.slot_001	vtable_membership:1 classes	0	8	303
00606659	FUN_00606659	MemLeakCheckerBackwards__slot_008	virtual_method	0.910	direct_apply_candidate	MemLeakCheckerBackwards	Checker@0x00aff4ec	Checker.slot_008	vtable_membership:1 classes	0	0	95
006066b8	FUN_006066b8	MemLeakChecker__slot_000	virtual_method	0.910	direct_apply_candidate	MemLeakChecker	Checker@0x00aff4ec	Checker.slot_000	vtable_membership:1 classes	0	4	199
0060677f	FUN_0060677f	MemLeakChecker__slot_001	virtual_method	0.910	direct_apply_candidate	MemLeakChecker	Checker@0x00aff4ec	Checker.slot_001	vtable_membership:1 classes	0	10	292
006068a3	FUN_006068a3	MemLeakChecker__slot_008	virtual_method	0.910	direct_apply_candidate	MemLeakChecker	Checker@0x00aff4ec	Checker.slot_008	vtable_membership:1 classes	0	1	101
00606908	FUN_00606908	MemLeakChecker__slot_009	virtual_method	0.910	direct_apply_candidate	MemLeakChecker	Checker@0x00aff4ec	Checker.slot_009	vtable_membership:1 classes	0	4	122
00606982	FUN_00606982	MemLeakChecker__slot_005	virtual_method	0.910	direct_apply_candidate	MemLeakChecker	Checker@0x00aff4ec	Checker.slot_005	vtable_membership:1 classes	0	2	70
00606a4a	FUN_00606a4a	NoFlowChecker__slot_000	virtual_method	0.910	direct_apply_candidate	NoFlowChecker	Checker@0x00aff4ec	Checker.slot_000	vtable_membership:1 classes	0	11	654
00606e3f	FUN_00606e3f	EquivChecker__slot_001	virtual_method	0.910	direct_apply_candidate	EquivChecker	Checker@0x00aff4ec	Checker.slot_001	vtable_membership:1 classes	0	4	167
00606f1d	FUN_00606f1d	EquivChecker__slot_002	virtual_method	0.910	direct_apply_candidate	EquivChecker	Checker@0x00aff4ec	Checker.slot_002	vtable_membership:1 classes	0	5	316
00607059	FUN_00607059	EquivChecker__slot_003	virtual_method	0.910	direct_apply_candidate	EquivChecker	Checker@0x00aff4ec	Checker.slot_003	vtable_membership:1 classes	0	0	164
006074e6	FUN_006074e6	EquivChecker__slot_005	virtual_method	0.910	direct_apply_candidate	EquivChecker	Checker@0x00aff4ec	Checker.slot_005	vtable_membership:1 classes	0	3	155
00607581	FUN_00607581	EquivChecker__slot_006	virtual_method	0.910	direct_apply_candidate	EquivChecker	Checker@0x00aff4ec	Checker.slot_006	vtable_membership:1 classes	0	1	99
00607766	FUN_00607766	UninitMemChecker__slot_000	virtual_method	0.910	direct_apply_candidate	UninitMemChecker	Checker@0x00aff4ec	Checker.slot_000	vtable_membership:1 classes	0	15	1351
00607cad	FUN_00607cad	UninitMemChecker__slot_001	virtual_method	0.910	direct_apply_candidate	UninitMemChecker	Checker@0x00aff4ec	Checker.slot_001	vtable_membership:1 classes	0	7	312
00607de5	FUN_00607de5	UninitMemChecker__slot_003	virtual_method	0.910	direct_apply_candidate	UninitMemChecker	Checker@0x00aff4ec	Checker.slot_003	vtable_membership:1 classes	0	0	136
00607e6d	FUN_00607e6d	UninitMemChecker__slot_002	virtual_method	0.910	direct_apply_candidate	UninitMemChecker	Checker@0x00aff4ec	Checker.slot_002	vtable_membership:1 classes	0	6	571
006080a8	FUN_006080a8	UninitMemChecker__slot_006	virtual_method	0.910	direct_apply_candidate	UninitMemChecker	Checker@0x00aff4ec	Checker.slot_006	vtable_membership:1 classes	0	1	102
0060810e	FUN_0060810e	StrictUninitChecker__slot_000	virtual_method	0.910	direct_apply_candidate	StrictUninitChecker	Checker@0x00aff4ec	Checker.slot_000	vtable_membership:1 classes	0	8	805
00608433	FUN_00608433	StrictUninitChecker__slot_001	virtual_method	0.910	direct_apply_candidate	StrictUninitChecker	Checker@0x00aff4ec	Checker.slot_001	vtable_membership:1 classes	0	2	188
006084ef	FUN_006084ef	StrictUninitChecker__slot_009	virtual_method	0.910	direct_apply_candidate	StrictUninitChecker	Checker@0x00aff4ec	Checker.slot_009	vtable_membership:1 classes	0	3	74
0060ad2b	FUN_0060ad2b	NULLCheckChecker__slot_000	virtual_method	0.910	direct_apply_candidate	NULLCheckChecker	Checker@0x00aff4ec	Checker.slot_000	vtable_membership:1 classes	0	9	358
0060ae91	FUN_0060ae91	NULLCheckChecker__slot_001	virtual_method	0.910	direct_apply_candidate	NULLCheckChecker	Checker@0x00aff4ec	Checker.slot_001	vtable_membership:1 classes	0	5	143
0060af20	FUN_0060af20	NULLCheckChecker__slot_008	virtual_method	0.910	direct_apply_candidate	NULLCheckChecker	Checker@0x00aff4ec	Checker.slot_008	vtable_membership:1 classes	0	1	101
0060af85	FUN_0060af85	NULLCheckCheckerBackwards__slot_000	virtual_method	0.910	direct_apply_candidate	NULLCheckCheckerBackwards	Checker@0x00aff4ec	Checker.slot_000	vtable_membership:1 classes	0	3	92
0060afe1	FUN_0060afe1	NULLCheckCheckerBackwards__slot_001	virtual_method	0.910	direct_apply_candidate	NULLCheckCheckerBackwards	Checker@0x00aff4ec	Checker.slot_001	vtable_membership:1 classes	0	9	266
0060b0eb	FUN_0060b0eb	NULLCheckCheckerBackwards__slot_008	virtual_method	0.910	direct_apply_candidate	NULLCheckCheckerBackwards	Checker@0x00aff4ec	Checker.slot_008	vtable_membership:1 classes	0	0	56
0060b123	FUN_0060b123	FreeChecker__slot_000	virtual_method	0.910	direct_apply_candidate	FreeChecker	Checker@0x00aff4ec	Checker.slot_000	vtable_membership:1 classes	0	10	379
0060b29e	FUN_0060b29e	FreeChecker__slot_001	virtual_method	0.910	direct_apply_candidate	FreeChecker	Checker@0x00aff4ec	Checker.slot_001	vtable_membership:1 classes	0	4	111
0060b30d	FUN_0060b30d	FreeChecker__slot_008	virtual_method	0.910	direct_apply_candidate	FreeChecker	Checker@0x00aff4ec	Checker.slot_008	vtable_membership:1 classes	0	0	10
0060b317	FUN_0060b317	FreeCheckerBackwards__slot_000	virtual_method	0.910	direct_apply_candidate	FreeCheckerBackwards	Checker@0x00aff4ec	Checker.slot_000	vtable_membership:1 classes	0	10	281
0060b430	FUN_0060b430	FreeCheckerBackwards__slot_001	virtual_method	0.910	direct_apply_candidate	FreeCheckerBackwards	Checker@0x00aff4ec	Checker.slot_001	vtable_membership:1 classes	0	1	24
0060b448	FUN_0060b448	FreeCheckerBackwards__slot_008	virtual_method	0.910	direct_apply_candidate	FreeCheckerBackwards	Checker@0x00aff4ec	Checker.slot_008	vtable_membership:1 classes	0	0	10
0060b452	FUN_0060b452	DerefNULLChecker__slot_000	virtual_method	0.910	direct_apply_candidate	DerefNULLChecker	Checker@0x00aff4ec	Checker.slot_000	vtable_membership:1 classes	0	11	451
0060b615	FUN_0060b615	DerefNULLChecker__slot_001	virtual_method	0.910	direct_apply_candidate	DerefNULLChecker	Checker@0x00aff4ec	Checker.slot_001	vtable_membership:1 classes	0	2	54
0060b64b	FUN_0060b64b	DerefNULLChecker__slot_008	virtual_method	0.910	direct_apply_candidate	DerefNULLChecker	Checker@0x00aff4ec	Checker.slot_008	vtable_membership:1 classes	0	0	10
0060b655	FUN_0060b655	LocalScopeChecker__slot_000	virtual_method	0.910	direct_apply_candidate	LocalScopeChecker	Checker@0x00aff4ec	Checker.slot_000	vtable_membership:1 classes	0	8	173
0060b702	FUN_0060b702	LocalScopeChecker__slot_001	virtual_method	0.910	direct_apply_candidate	LocalScopeChecker	Checker@0x00aff4ec	Checker.slot_001	vtable_membership:1 classes	0	8	443
0060b8bd	FUN_0060b8bd	LocalScopeChecker__slot_008	virtual_method	0.910	direct_apply_candidate	LocalScopeChecker	Checker@0x00aff4ec	Checker.slot_008	vtable_membership:1 classes	0	0	56
0060b8f5	FUN_0060b8f5	ReadOnlyWriteChecker__slot_000	virtual_method	0.910	direct_apply_candidate	ReadOnlyWriteChecker	Checker@0x00aff4ec	Checker.slot_000	vtable_membership:1 classes	0	6	142
0060b983	FUN_0060b983	ReadOnlyWriteChecker__slot_001	virtual_method	0.910	direct_apply_candidate	ReadOnlyWriteChecker	Checker@0x00aff4ec	Checker.slot_001	vtable_membership:1 classes	0	5	152
0060ba1b	FUN_0060ba1b	ReadOnlyWriteChecker__slot_008	virtual_method	0.910	direct_apply_candidate	ReadOnlyWriteChecker	Checker@0x00aff4ec	Checker.slot_008	vtable_membership:1 classes	0	0	56
0060ba53	FUN_0060ba53	NewSingleChecker__slot_000	virtual_method	0.910	direct_apply_candidate	NewSingleChecker	Checker@0x00aff4ec	Checker.slot_000	vtable_membership:1 classes	0	7	258
0060bb55	FUN_0060bb55	NewSingleChecker__slot_001	virtual_method	0.910	direct_apply_candidate	NewSingleChecker	Checker@0x00aff4ec	Checker.slot_001	vtable_membership:1 classes	0	5	177
0060bc06	FUN_0060bc06	NewSingleChecker__slot_008	virtual_method	0.910	direct_apply_candidate	NewSingleChecker	Checker@0x00aff4ec	Checker.slot_008	vtable_membership:1 classes	0	0	56
0060bc3e	FUN_0060bc3e	NewArrayChecker__slot_000	virtual_method	0.910	direct_apply_candidate	NewArrayChecker	Checker@0x00aff4ec	Checker.slot_000	vtable_membership:1 classes	0	7	196
0060bd02	FUN_0060bd02	NewArrayChecker__slot_001	virtual_method	0.910	direct_apply_candidate	NewArrayChecker	Checker@0x00aff4ec	Checker.slot_001	vtable_membership:1 classes	0	5	235
0060bded	FUN_0060bded	NewArrayChecker__slot_008	virtual_method	0.910	direct_apply_candidate	NewArrayChecker	Checker@0x00aff4ec	Checker.slot_008	vtable_membership:1 classes	0	0	56
0060bfb2	FUN_0060bfb2	NoReturnChecker__slot_000	virtual_method	0.910	direct_apply_candidate	NoReturnChecker	Checker@0x00aff4ec	Checker.slot_000	vtable_membership:1 classes	0	2	76
0060bffe	FUN_0060bffe	NoReturnChecker__slot_009	virtual_method	0.910	direct_apply_candidate	NoReturnChecker	Checker@0x00aff4ec	Checker.slot_009	vtable_membership:1 classes	0	1	92
0060c05a	FUN_0060c05a	UnreadChecker__slot_000	virtual_method	0.910	direct_apply_candidate	UnreadChecker	Checker@0x00aff4ec	Checker.slot_000	vtable_membership:1 classes	0	2	52
0060c08e	FUN_0060c08e	UnreadChecker__slot_001	virtual_method	0.910	direct_apply_candidate	UnreadChecker	Checker@0x00aff4ec	Checker.slot_001	vtable_membership:1 classes	0	3	98
0060c0f0	FUN_0060c0f0	UnreadChecker__slot_008	virtual_method	0.910	direct_apply_candidate	UnreadChecker	Checker@0x00aff4ec	Checker.slot_008	vtable_membership:1 classes	0	0	56
0060c128	FUN_0060c128	UnreadCheckerBackwards__slot_000	virtual_method	0.910	direct_apply_candidate	UnreadCheckerBackwards	Checker@0x00aff4ec	Checker.slot_000	vtable_membership:1 classes	0	1	24
0060c140	FUN_0060c140	UnreadCheckerBackwards__slot_001	virtual_method	0.910	direct_apply_candidate	UnreadCheckerBackwards	Checker@0x00aff4ec	Checker.slot_001	vtable_membership:1 classes	0	7	434
0060c2f2	FUN_0060c2f2	UnreadCheckerBackwards__slot_008	virtual_method	0.910	direct_apply_candidate	UnreadCheckerBackwards	Checker@0x00aff4ec	Checker.slot_008	vtable_membership:1 classes	0	0	92
0060c34e	FUN_0060c34e	NULLCheckDerefChecker__slot_000	virtual_method	0.910	direct_apply_candidate	NULLCheckDerefChecker	Checker@0x00aff4ec	Checker.slot_000	vtable_membership:1 classes	0	8	204
0060c41a	FUN_0060c41a	NULLCheckDerefChecker__slot_001	virtual_method	0.910	direct_apply_candidate	NULLCheckDerefChecker	Checker@0x00aff4ec	Checker.slot_001	vtable_membership:1 classes	0	1	24
0060c432	FUN_0060c432	NULLCheckDerefChecker__slot_008	virtual_method	0.910	direct_apply_candidate	NULLCheckDerefChecker	Checker@0x00aff4ec	Checker.slot_008	vtable_membership:1 classes	0	0	56
0060c46a	FUN_0060c46a	NULLCheckDerefChecker__slot_005	virtual_method	0.910	direct_apply_candidate	NULLCheckDerefChecker	Checker@0x00aff4ec	Checker.slot_005	vtable_membership:1 classes	0	4	96
0060c4ca	FUN_0060c4ca	UninitReadChecker__slot_000	virtual_method	0.910	direct_apply_candidate	UninitReadChecker	Checker@0x00aff4ec	Checker.slot_000	vtable_membership:1 classes	0	3	77
0060c517	FUN_0060c517	UninitReadChecker__slot_001	virtual_method	0.910	direct_apply_candidate	UninitReadChecker	Checker@0x00aff4ec	Checker.slot_001	vtable_membership:1 classes	0	2	35
0060c53a	FUN_0060c53a	UninitReadChecker__slot_008	virtual_method	0.910	direct_apply_candidate	UninitReadChecker	Checker@0x00aff4ec	Checker.slot_008	vtable_membership:1 classes	0	1	62
0060c578	FUN_0060c578	UninitReadCheckerBackwards__slot_000	virtual_method	0.910	direct_apply_candidate	UninitReadCheckerBackwards	Checker@0x00aff4ec	Checker.slot_000	vtable_membership:1 classes	0	3	72
0060c5c0	FUN_0060c5c0	UninitReadCheckerBackwards__slot_001	virtual_method	0.910	direct_apply_candidate	UninitReadCheckerBackwards	Checker@0x00aff4ec	Checker.slot_001	vtable_membership:1 classes	0	2	104
0060c628	FUN_0060c628	UninitReadCheckerBackwards__slot_008	virtual_method	0.910	direct_apply_candidate	UninitReadCheckerBackwards	Checker@0x00aff4ec	Checker.slot_008	vtable_membership:1 classes	0	0	108
0060c694	FUN_0060c694	UninitReadCheckerBackwards__slot_009	virtual_method	0.910	direct_apply_candidate	UninitReadCheckerBackwards	Checker@0x00aff4ec	Checker.slot_009	vtable_membership:1 classes	0	4	415
00611205	FUN_00611205	CheckerFlow__slot_001	virtual_method	0.910	direct_apply_candidate	CheckerFlow	InterblockDf@0x00aff4ac	InterblockDf.slot_001	vtable_membership:1 classes	0	35	5489
0061eb9b	FUN_0061eb9b	pt_condcodes__slot_003	virtual_method	0.910	direct_apply_candidate	pt_condcodes	peep_transformer@0x00b01e58	peep_transformer.slot_003	vtable_membership:1 classes	0	0	9
0061eba4	FUN_0061eba4	pt_condcodes__slot_004	virtual_method	0.910	direct_apply_candidate	pt_condcodes	peep_transformer@0x00b01e58	peep_transformer.slot_004	vtable_membership:1 classes	0	0	9
0061ebad	FUN_0061ebad	pt_condcodes__slot_005	virtual_method	0.910	direct_apply_candidate	pt_condcodes	peep_transformer@0x00b01e58	peep_transformer.slot_005	vtable_membership:1 classes	0	0	9
0061ebb6	FUN_0061ebb6	pt_condcodes__slot_007	virtual_method	0.910	direct_apply_candidate	pt_condcodes	peep_transformer@0x00b01e58	peep_transformer.slot_007	vtable_membership:1 classes	0	3	449
0061ed77	FUN_0061ed77	pt_dead__slot_003	virtual_method	0.910	direct_apply_candidate	pt_dead	peep_transformer@0x00b01e58	peep_transformer.slot_003	vtable_membership:1 classes	0	0	17
0061ed88	FUN_0061ed88	pt_dead__slot_004	virtual_method	0.910	direct_apply_candidate	pt_dead	peep_transformer@0x00b01e58	peep_transformer.slot_004	vtable_membership:1 classes	0	0	9
0061ed91	FUN_0061ed91	pt_dead__slot_005	virtual_method	0.910	direct_apply_candidate	pt_dead	peep_transformer@0x00b01e58	peep_transformer.slot_005	vtable_membership:1 classes	0	0	9
0061ed9a	FUN_0061ed9a	pt_dead__slot_000	virtual_method	0.910	direct_apply_candidate	pt_dead	peep_transformer@0x00b01e58	peep_transformer.slot_000	vtable_membership:1 classes	0	2	231
0061ee81	FUN_0061ee81	pt_dead__slot_001	virtual_method	0.910	direct_apply_candidate	pt_dead	peep_transformer@0x00b01e58	peep_transformer.slot_001	vtable_membership:1 classes	0	0	162
0061ef23	FUN_0061ef23	pt_dead__slot_007	virtual_method	0.910	direct_apply_candidate	pt_dead	peep_transformer@0x00b01e58	peep_transformer.slot_007	vtable_membership:1 classes	0	8	292
0061f047	FUN_0061f047	pt_alias__slot_003	virtual_method	0.910	direct_apply_candidate	pt_alias	peep_transformer@0x00b01e58	peep_transformer.slot_003	vtable_membership:1 classes	0	0	9
0061f050	FUN_0061f050	pt_alias__slot_004	virtual_method	0.910	direct_apply_candidate	pt_alias	peep_transformer@0x00b01e58	peep_transformer.slot_004	vtable_membership:1 classes	0	0	9
0061f059	FUN_0061f059	pt_alias__slot_005	virtual_method	0.910	direct_apply_candidate	pt_alias	peep_transformer@0x00b01e58	peep_transformer.slot_005	vtable_membership:1 classes	0	0	9
0061f062	FUN_0061f062	pt_alias__slot_002	virtual_method	0.910	direct_apply_candidate	pt_alias	peep_transformer@0x00b01e58	peep_transformer.slot_002	vtable_membership:1 classes	0	3	452
0061f226	FUN_0061f226	pt_alias__slot_008	virtual_method	0.910	direct_apply_candidate	pt_alias	peep_transformer@0x00b01e58	peep_transformer.slot_008	vtable_membership:1 classes	0	12	881
0061fb3d	FUN_0061fb3d	pt_const__slot_008	virtual_method	0.910	direct_apply_candidate	pt_const	peep_transformer@0x00b01e58	peep_transformer.slot_008	vtable_membership:1 classes	0	4	234
0061fe41	FUN_0061fe41	pt_const__slot_003	virtual_method	0.910	direct_apply_candidate	pt_const	peep_transformer@0x00b01e58	peep_transformer.slot_003	vtable_membership:1 classes	0	0	9
0061fe4a	FUN_0061fe4a	pt_const__slot_004	virtual_method	0.910	direct_apply_candidate	pt_const	peep_transformer@0x00b01e58	peep_transformer.slot_004	vtable_membership:1 classes	0	0	9
0061fe53	FUN_0061fe53	pt_const__slot_005	virtual_method	0.910	direct_apply_candidate	pt_const	peep_transformer@0x00b01e58	peep_transformer.slot_005	vtable_membership:1 classes	0	0	9
0062036f	FUN_0062036f	bytereverser__slot_001	virtual_method	0.910	direct_apply_candidate	bytereverser	ObjectVisitor@0x00b01ed0	ObjectVisitor.slot_001	vtable_membership:1 classes	0	0	39
006204c7	FUN_006204c7	bytereverser__slot_002	virtual_method	0.910	direct_apply_candidate	bytereverser	ObjectVisitor@0x00b01ed0	ObjectVisitor.slot_002	vtable_membership:1 classes	0	15	2137
00665e3b	FUN_00665e3b	vn_advisor_consoladd__slot_005	virtual_method	0.910	direct_apply_candidate	vn_advisor_consoladd	vn_advisor@0x00b053a8	vn_advisor.slot_005	vtable_membership:1 classes	0	1	71
00665e82	FUN_00665e82	vn_advisor_consoladd__slot_004	virtual_method	0.910	direct_apply_candidate	vn_advisor_consoladd	vn_advisor@0x00b053a8	vn_advisor.slot_004	vtable_membership:1 classes	0	1	127
00665f01	FUN_00665f01	vn_advisor_consoladd__slot_003	virtual_method	0.910	direct_apply_candidate	vn_advisor_consoladd	vn_advisor@0x00b053a8	vn_advisor.slot_003	vtable_membership:1 classes	0	1	111
00665f70	FUN_00665f70	vn_advisor_consoladd__slot_006	virtual_method	0.910	direct_apply_candidate	vn_advisor_consoladd	vn_advisor@0x00b053a8	vn_advisor.slot_006	vtable_membership:1 classes	0	0	84
00665fc4	FUN_00665fc4	vn_advisor_consolshift__slot_003	virtual_method	0.910	direct_apply_candidate	vn_advisor_consolshift	vn_advisor@0x00b053a8	vn_advisor.slot_003	vtable_membership:1 classes	0	1	313
006660fd	FUN_006660fd	vn_advisor_consolshift__slot_006	virtual_method	0.910	direct_apply_candidate	vn_advisor_consolshift	vn_advisor@0x00b053a8	vn_advisor.slot_006	vtable_membership:1 classes	0	0	114
00666295	FUN_00666295	vn_advisor_consolshift__slot_004	virtual_method	0.910	direct_apply_candidate	vn_advisor_consolshift	vn_advisor@0x00b053a8	vn_advisor.slot_004	vtable_membership:1 classes	0	1	76
006662e1	FUN_006662e1	vn_advisor_consolshift__slot_005	virtual_method	0.910	direct_apply_candidate	vn_advisor_consolshift	vn_advisor@0x00b053a8	vn_advisor.slot_005	vtable_membership:1 classes	0	1	78
00695a63	FUN_00695a63	std_bad_alloc__slot_002	virtual_method	0.910	direct_apply_candidate	std::bad_alloc	std_exception@0x00b06c6c	std_exception.slot_002	vtable_membership:1 classes	0	1	17
00696140	FUN_00696140	std_logic_error__slot_002	virtual_method	0.910	direct_apply_candidate	std::logic_error	std_exception@0x00b06c6c	std_exception.slot_002	vtable_membership:1 classes	0	1	17
0069618a	FUN_0069618a	std_out_of_range__slot_002	virtual_method	0.910	direct_apply_candidate	std::out_of_range	std_exception@0x00b06c6c	std_exception.slot_002	vtable_membership:1 classes	3	1	17
006abe80	FUN_006abe80	Split64TestVisitor__slot_000	virtual_method	0.910	direct_apply_candidate	Split64TestVisitor	MachopVisitor@0x00b06c2c	MachopVisitor.slot_000	vtable_membership:1 classes	0	2	310
006abfb6	FUN_006abfb6	Split64TestVisitor__slot_001	virtual_method	0.910	direct_apply_candidate	Split64TestVisitor	MachopVisitor@0x00b06c2c	MachopVisitor.slot_001	vtable_membership:1 classes	0	1	142
006ac165	FUN_006ac165	Split64DoVisitor__slot_000	virtual_method	0.910	direct_apply_candidate	Split64DoVisitor	MachopVisitor@0x00b06c2c	MachopVisitor.slot_000	vtable_membership:1 classes	0	3	225
006ac246	FUN_006ac246	Split64DoVisitor__slot_001	virtual_method	0.910	direct_apply_candidate	Split64DoVisitor	MachopVisitor@0x00b06c2c	MachopVisitor.slot_001	vtable_membership:1 classes	0	3	270
006d77d0	FUN_006d77d0	MachopObjectInvalidator__slot_000	virtual_method	0.910	direct_apply_candidate	MachopObjectInvalidator	MachopVisitor@0x00b080a0	MachopVisitor.slot_000	vtable_membership:1 classes	0	2	72
006d7ef3	FUN_006d7ef3	MachopImmpropClearer__slot_000	virtual_method	0.910	direct_apply_candidate	MachopImmpropClearer	MachopVisitor@0x00b080a0	MachopVisitor.slot_000	vtable_membership:1 classes	0	2	55
007005b0	FUN_007005b0	MachopChecker__slot_000	virtual_method	0.910	direct_apply_candidate	MachopChecker	MachopVisitor@0x00b09ac8	MachopVisitor.slot_000	vtable_membership:1 classes	0	3	61
007005ed	FUN_007005ed	MachopChecker__slot_001	virtual_method	0.910	direct_apply_candidate	MachopChecker	MachopVisitor@0x00b09ac8	MachopVisitor.slot_001	vtable_membership:1 classes	1	3	250
0070136d	FUN_0070136d	MachopBitoffsetClearer__slot_000	virtual_method	0.910	direct_apply_candidate	MachopBitoffsetClearer	MachopVisitor@0x00b09ac8	MachopVisitor.slot_000	vtable_membership:1 classes	0	1	70
007013f2	FUN_007013f2	AddMachopVisitor__slot_000	virtual_method	0.910	direct_apply_candidate	AddMachopVisitor	MachopVisitor@0x00b09ac8	MachopVisitor.slot_000	vtable_membership:1 classes	1	3	127
0071dfdd	FUN_0071dfdd	alloc_table_hash__slot_000	virtual_method	0.910	direct_apply_candidate	alloc_table_hash	alloc_table@0x00b0a500	alloc_table.slot_000	vtable_membership:1 classes;direct_vtable_header_or_vptr_refs:1;write_order:alloc_table_hash	0	3	116
0071e0a4	FUN_0071e0a4	alloc_table_btree__slot_000	virtual_method	0.910	direct_apply_candidate	alloc_table_btree	alloc_table@0x00b0a500	alloc_table.slot_000	vtable_membership:1 classes;direct_vtable_header_or_vptr_refs:1;write_order:alloc_table_btree	0	2	60
0071e19f	FUN_0071e19f	alloc_table_bcl__slot_000	virtual_method	0.910	direct_apply_candidate	alloc_table_bcl	alloc_table@0x00b0a500	alloc_table.slot_000	vtable_membership:1 classes;direct_vtable_header_or_vptr_refs:1;write_order:alloc_table_bcl	0	2	86
0071e1f5	FUN_0071e1f5	alloc_table_bcl__slot_001	virtual_method	0.910	direct_apply_candidate	alloc_table_bcl	alloc_table@0x00b0a500	alloc_table.slot_001	vtable_membership:1 classes	0	1	299
0071e320	FUN_0071e320	alloc_table_bcl__slot_002	virtual_method	0.910	direct_apply_candidate	alloc_table_bcl	alloc_table@0x00b0a500	alloc_table.slot_002	vtable_membership:1 classes	0	0	104
0071e388	FUN_0071e388	alloc_table_bcl__slot_003	virtual_method	0.910	direct_apply_candidate	alloc_table_bcl	alloc_table@0x00b0a500	alloc_table.slot_003	vtable_membership:1 classes	0	2	252
0071ea8f	FUN_0071ea8f	alloc_table_hash__slot_001	virtual_method	0.910	direct_apply_candidate	alloc_table_hash	alloc_table@0x00b0a500	alloc_table.slot_001	vtable_membership:1 classes	0	2	93
0071f0b7	FUN_0071f0b7	alloc_table_btree__slot_001	virtual_method	0.910	direct_apply_candidate	alloc_table_btree	alloc_table@0x00b0a500	alloc_table.slot_001	vtable_membership:1 classes	0	1	52
0071f1a1	FUN_0071f1a1	alloc_table_hash__slot_002	virtual_method	0.910	direct_apply_candidate	alloc_table_hash	alloc_table@0x00b0a500	alloc_table.slot_002	vtable_membership:1 classes	0	1	27
0071f33f	FUN_0071f33f	alloc_table_btree__slot_002	virtual_method	0.910	direct_apply_candidate	alloc_table_btree	alloc_table@0x00b0a500	alloc_table.slot_002	vtable_membership:1 classes	0	1	37
0071f38a	FUN_0071f38a	alloc_table_hash__slot_003	virtual_method	0.910	direct_apply_candidate	alloc_table_hash	alloc_table@0x00b0a500	alloc_table.slot_003	vtable_membership:1 classes	0	0	155
0071f497	FUN_0071f497	alloc_table_btree__slot_003	virtual_method	0.910	direct_apply_candidate	alloc_table_btree	alloc_table@0x00b0a500	alloc_table.slot_003	vtable_membership:1 classes	0	2	97
00734b30	FUN_00734b30	backend_basetype2__slot_000	virtual_method	0.910	direct_apply_candidate	backend_basetype2	backend_dataflow@0x00b0e82c	backend_dataflow.slot_000	vtable_membership:1 classes	0	0	5
00734b35	FUN_00734b35	backend_basetype2__slot_002	virtual_method	0.910	direct_apply_candidate	backend_basetype2	backend_dataflow@0x00b0e82c	backend_dataflow.slot_002	vtable_membership:1 classes	0	0	5
00734b3a	FUN_00734b3a	backend_basetype2__slot_003	virtual_method	0.910	direct_apply_candidate	backend_basetype2	backend_dataflow@0x00b0e82c	backend_dataflow.slot_003	vtable_membership:1 classes	0	0	9
00734b43	FUN_00734b43	backend_basetype2__slot_004	virtual_method	0.910	direct_apply_candidate	backend_basetype2	backend_dataflow@0x00b0e82c	backend_dataflow.slot_004	vtable_membership:1 classes	0	0	9
00734b4c	FUN_00734b4c	backend_basetype2__slot_009	virtual_method	0.910	direct_apply_candidate	backend_basetype2	backend_dataflow@0x00b0e82c	backend_dataflow.slot_009	vtable_membership:1 classes	0	0	9
00734b55	FUN_00734b55	backend_basetype2__slot_011	virtual_method	0.910	direct_apply_candidate	backend_basetype2	backend_dataflow@0x00b0e82c	backend_dataflow.slot_011	vtable_membership:1 classes	0	0	20
00734b69	FUN_00734b69	backend_basetype2__slot_013	virtual_method	0.910	direct_apply_candidate	backend_basetype2	backend_dataflow@0x00b0e82c	backend_dataflow.slot_013	vtable_membership:1 classes	0	0	9
00734b72	FUN_00734b72	backend_basetype2__slot_014	virtual_method	0.910	direct_apply_candidate	backend_basetype2	backend_dataflow@0x00b0e82c	backend_dataflow.slot_014	vtable_membership:1 classes	0	0	9
00734b7b	FUN_00734b7b	backend_basetype2__slot_015	virtual_method	0.910	direct_apply_candidate	backend_basetype2	backend_dataflow@0x00b0e82c	backend_dataflow.slot_015	vtable_membership:1 classes	0	0	9
00734b84	FUN_00734b84	backend_basetype2__slot_016	virtual_method	0.910	direct_apply_candidate	backend_basetype2	backend_dataflow@0x00b0e82c	backend_dataflow.slot_016	vtable_membership:1 classes	0	1	15
00734b93	FUN_00734b93	backend_basetype2__slot_017	virtual_method	0.910	direct_apply_candidate	backend_basetype2	backend_dataflow@0x00b0e82c	backend_dataflow.slot_017	vtable_membership:1 classes	0	0	45
00734bc0	FUN_00734bc0	backend_basetype2__slot_018	virtual_method	0.910	direct_apply_candidate	backend_basetype2	backend_dataflow@0x00b0e82c	backend_dataflow.slot_018	vtable_membership:1 classes	0	1	10
00734bca	FUN_00734bca	backend_basetype2__slot_026	virtual_method	0.910	direct_apply_candidate	backend_basetype2	backend_dataflow@0x00b0e82c	backend_dataflow.slot_026	vtable_membership:1 classes	0	0	21
00734bdf	FUN_00734bdf	backend_basetype2__slot_027	virtual_method	0.910	direct_apply_candidate	backend_basetype2	backend_dataflow@0x00b0e82c	backend_dataflow.slot_027	vtable_membership:1 classes	0	0	9
00734be8	FUN_00734be8	backend_basetype2__slot_029	virtual_method	0.910	direct_apply_candidate	backend_basetype2	backend_dataflow@0x00b0e82c	backend_dataflow.slot_029	vtable_membership:1 classes	0	0	10
00734bf2	FUN_00734bf2	backend_basetype2__slot_034	virtual_method	0.910	direct_apply_candidate	backend_basetype2	backend_dataflow@0x00b0e82c	backend_dataflow.slot_034	vtable_membership:1 classes	0	0	10
00734bfc	FUN_00734bfc	backend_basetype2__slot_040	virtual_method	0.910	direct_apply_candidate	backend_basetype2	backend_dataflow@0x00b0e82c	backend_dataflow.slot_040	vtable_membership:1 classes	0	0	9
00734c05	FUN_00734c05	backend_basetype2__slot_043	virtual_method	0.910	direct_apply_candidate	backend_basetype2	backend_dataflow@0x00b0e82c	backend_dataflow.slot_043	vtable_membership:1 classes	0	0	9
00734c0e	FUN_00734c0e	backend_basetype2__slot_044	virtual_method	0.910	direct_apply_candidate	backend_basetype2	backend_dataflow@0x00b0e82c	backend_dataflow.slot_044	vtable_membership:1 classes	0	0	9
00734c17	FUN_00734c17	backend_basetype2__slot_058	virtual_method	0.910	direct_apply_candidate	backend_basetype2	backend_dataflow@0x00b0e82c	backend_dataflow.slot_058	vtable_membership:1 classes	0	0	9
00734c20	FUN_00734c20	backend_basetype2__slot_062	virtual_method	0.910	direct_apply_candidate	backend_basetype2	backend_dataflow@0x00b0e82c	backend_dataflow.slot_062	vtable_membership:1 classes	0	0	5
00734c25	FUN_00734c25	backend_basetype2__slot_065	virtual_method	0.910	direct_apply_candidate	backend_basetype2	backend_dataflow@0x00b0e82c	backend_dataflow.slot_065	vtable_membership:1 classes	0	0	9
00734c2e	FUN_00734c2e	backend_basetype2__slot_067	virtual_method	0.910	direct_apply_candidate	backend_basetype2	backend_dataflow@0x00b0e82c	backend_dataflow.slot_067	vtable_membership:1 classes	0	0	9
00734c37	FUN_00734c37	backend_basetype2__slot_070	virtual_method	0.910	direct_apply_candidate	backend_basetype2	backend_dataflow@0x00b0e82c	backend_dataflow.slot_070	vtable_membership:1 classes	0	0	9
00734c40	FUN_00734c40	backend_basetype2__slot_071	virtual_method	0.910	direct_apply_candidate	backend_basetype2	backend_dataflow@0x00b0e82c	backend_dataflow.slot_071	vtable_membership:1 classes	0	0	9
00734c49	FUN_00734c49	backend_basetype2__slot_073	virtual_method	0.910	direct_apply_candidate	backend_basetype2	backend_dataflow@0x00b0e82c	backend_dataflow.slot_073	vtable_membership:1 classes	0	0	9
00734c52	FUN_00734c52	backend_basetype2__slot_074	virtual_method	0.910	direct_apply_candidate	backend_basetype2	backend_dataflow@0x00b0e82c	backend_dataflow.slot_074	vtable_membership:1 classes	0	0	5
00734c57	FUN_00734c57	backend_basetype2__slot_075	virtual_method	0.910	direct_apply_candidate	backend_basetype2	backend_dataflow@0x00b0e82c	backend_dataflow.slot_075	vtable_membership:1 classes	0	0	5
00734c5c	FUN_00734c5c	backend_basetype2__slot_076	virtual_method	0.910	direct_apply_candidate	backend_basetype2	backend_dataflow@0x00b0e82c	backend_dataflow.slot_076	vtable_membership:1 classes	0	0	5
00734c61	FUN_00734c61	backend_basetype2__slot_078	virtual_method	0.910	direct_apply_candidate	backend_basetype2	backend_dataflow@0x00b0e82c	backend_dataflow.slot_078	vtable_membership:1 classes	0	0	14
00734c6f	FUN_00734c6f	backend_basetype2__slot_079	virtual_method	0.910	direct_apply_candidate	backend_basetype2	backend_dataflow@0x00b0e82c	backend_dataflow.slot_079	vtable_membership:1 classes	0	0	9
00734c78	FUN_00734c78	backend_basetype2__slot_080	virtual_method	0.910	direct_apply_candidate	backend_basetype2	backend_dataflow@0x00b0e82c	backend_dataflow.slot_080	vtable_membership:1 classes	0	0	16
00734c88	FUN_00734c88	backend_basetype2__slot_081	virtual_method	0.910	direct_apply_candidate	backend_basetype2	backend_dataflow@0x00b0e82c	backend_dataflow.slot_081	vtable_membership:1 classes	0	0	10
00734c92	FUN_00734c92	backend_basetype2__slot_083	virtual_method	0.910	direct_apply_candidate	backend_basetype2	backend_dataflow@0x00b0e82c	backend_dataflow.slot_083	vtable_membership:1 classes	0	0	9
00734c9b	FUN_00734c9b	backend_basetype2__slot_087	virtual_method	0.910	direct_apply_candidate	backend_basetype2	backend_dataflow@0x00b0e82c	backend_dataflow.slot_087	vtable_membership:1 classes	0	0	9
00734ca4	FUN_00734ca4	backend_basetype2__slot_088	virtual_method	0.910	direct_apply_candidate	backend_basetype2	backend_dataflow@0x00b0e82c	backend_dataflow.slot_088	vtable_membership:1 classes	0	0	5
00734ca9	FUN_00734ca9	backend_basetype2__slot_089	virtual_method	0.910	direct_apply_candidate	backend_basetype2	backend_dataflow@0x00b0e82c	backend_dataflow.slot_089	vtable_membership:1 classes	0	0	5
00734cae	FUN_00734cae	backend_basetype2__slot_090	virtual_method	0.910	direct_apply_candidate	backend_basetype2	backend_dataflow@0x00b0e82c	backend_dataflow.slot_090	vtable_membership:1 classes	0	0	10
00734cb8	FUN_00734cb8	backend_basetype2__slot_093	virtual_method	0.910	direct_apply_candidate	backend_basetype2	backend_dataflow@0x00b0e82c	backend_dataflow.slot_093	vtable_membership:1 classes	0	1	10
00734cc2	FUN_00734cc2	backend_basetype2__slot_103	virtual_method	0.910	direct_apply_candidate	backend_basetype2	backend_dataflow@0x00b0e82c	backend_dataflow.slot_103	vtable_membership:1 classes	0	1	15
00734cd1	FUN_00734cd1	backend_basetype2__slot_104	virtual_method	0.910	direct_apply_candidate	backend_basetype2	backend_dataflow@0x00b0e82c	backend_dataflow.slot_104	vtable_membership:1 classes	0	1	10
00734cdb	FUN_00734cdb	backend_basetype2__slot_105	virtual_method	0.910	direct_apply_candidate	backend_basetype2	backend_dataflow@0x00b0e82c	backend_dataflow.slot_105	vtable_membership:1 classes	0	0	106
00734d45	FUN_00734d45	backend_basetype2__slot_106	virtual_method	0.910	direct_apply_candidate	backend_basetype2	backend_dataflow@0x00b0e82c	backend_dataflow.slot_106	vtable_membership:1 classes	0	1	14
00734d53	FUN_00734d53	backend_basetype2__slot_107	virtual_method	0.910	direct_apply_candidate	backend_basetype2	backend_dataflow@0x00b0e82c	backend_dataflow.slot_107	vtable_membership:1 classes	0	1	14
00734d61	FUN_00734d61	backend_basetype2__slot_108	virtual_method	0.910	direct_apply_candidate	backend_basetype2	backend_dataflow@0x00b0e82c	backend_dataflow.slot_108	vtable_membership:1 classes	0	1	14
00734d6f	FUN_00734d6f	backend_basetype2__slot_109	virtual_method	0.910	direct_apply_candidate	backend_basetype2	backend_dataflow@0x00b0e82c	backend_dataflow.slot_109	vtable_membership:1 classes	0	1	14
00734d7d	FUN_00734d7d	backend_basetype2__slot_117	virtual_method	0.910	direct_apply_candidate	backend_basetype2	backend_dataflow@0x00b0e82c	backend_dataflow.slot_117	vtable_membership:1 classes	0	0	9
00734d86	FUN_00734d86	backend_basetype2__slot_122	virtual_method	0.910	direct_apply_candidate	backend_basetype2	backend_dataflow@0x00b0e82c	backend_dataflow.slot_122	vtable_membership:1 classes	0	0	9
00734d8f	FUN_00734d8f	backend_basetype2__slot_123	virtual_method	0.910	direct_apply_candidate	backend_basetype2	backend_dataflow@0x00b0e82c	backend_dataflow.slot_123	vtable_membership:1 classes	0	0	9
00734d98	FUN_00734d98	backend_basetype2__slot_124	virtual_method	0.910	direct_apply_candidate	backend_basetype2	backend_dataflow@0x00b0e82c	backend_dataflow.slot_124	vtable_membership:1 classes	0	0	9
00734da1	FUN_00734da1	backend_basetype2__slot_125	virtual_method	0.910	direct_apply_candidate	backend_basetype2	backend_dataflow@0x00b0e82c	backend_dataflow.slot_125	vtable_membership:1 classes	0	0	9
00734daa	FUN_00734daa	backend_basetype2__slot_126	virtual_method	0.910	direct_apply_candidate	backend_basetype2	backend_dataflow@0x00b0e82c	backend_dataflow.slot_126	vtable_membership:1 classes	0	0	9
00734db3	FUN_00734db3	backend_basetype2__slot_128	virtual_method	0.910	direct_apply_candidate	backend_basetype2	backend_dataflow@0x00b0e82c	backend_dataflow.slot_128	vtable_membership:1 classes	0	1	99
00734e16	FUN_00734e16	backend_basetype2__slot_129	virtual_method	0.910	direct_apply_candidate	backend_basetype2	backend_dataflow@0x00b0e82c	backend_dataflow.slot_129	vtable_membership:1 classes	0	0	5
00734e1b	FUN_00734e1b	backend_basetype2__slot_132	virtual_method	0.910	direct_apply_candidate	backend_basetype2	backend_dataflow@0x00b0e82c	backend_dataflow.slot_132	vtable_membership:1 classes	0	0	9
00734e24	FUN_00734e24	backend_basetype2__slot_138	virtual_method	0.910	direct_apply_candidate	backend_basetype2	backend_dataflow@0x00b0e82c	backend_dataflow.slot_138	vtable_membership:1 classes	0	0	9
00734e2d	FUN_00734e2d	backend_basetype2__slot_140	virtual_method	0.910	direct_apply_candidate	backend_basetype2	backend_dataflow@0x00b0e82c	backend_dataflow.slot_140	vtable_membership:1 classes	0	0	5
00734e32	FUN_00734e32	backend_basetype2__slot_141	virtual_method	0.910	direct_apply_candidate	backend_basetype2	backend_dataflow@0x00b0e82c	backend_dataflow.slot_141	vtable_membership:1 classes	0	0	5
00734e37	FUN_00734e37	backend_basetype2__slot_142	virtual_method	0.910	direct_apply_candidate	backend_basetype2	backend_dataflow@0x00b0e82c	backend_dataflow.slot_142	vtable_membership:1 classes	0	0	5
00734e3c	FUN_00734e3c	backend_basetype2__slot_143	virtual_method	0.910	direct_apply_candidate	backend_basetype2	backend_dataflow@0x00b0e82c	backend_dataflow.slot_143	vtable_membership:1 classes	0	0	5
00734e41	FUN_00734e41	backend_basetype2__slot_144	virtual_method	0.910	direct_apply_candidate	backend_basetype2	backend_dataflow@0x00b0e82c	backend_dataflow.slot_144	vtable_membership:1 classes	0	0	5
00734e46	FUN_00734e46	backend_basetype2__slot_145	virtual_method	0.910	direct_apply_candidate	backend_basetype2	backend_dataflow@0x00b0e82c	backend_dataflow.slot_145	vtable_membership:1 classes	0	1	15
00734e55	FUN_00734e55	backend_basetype2__slot_146	virtual_method	0.910	direct_apply_candidate	backend_basetype2	backend_dataflow@0x00b0e82c	backend_dataflow.slot_146	vtable_membership:1 classes	0	0	5
00734e5a	FUN_00734e5a	backend_basetype2__slot_147	virtual_method	0.910	direct_apply_candidate	backend_basetype2	backend_dataflow@0x00b0e82c	backend_dataflow.slot_147	vtable_membership:1 classes	0	0	5
00734e5f	FUN_00734e5f	backend_basetype2__slot_148	virtual_method	0.910	direct_apply_candidate	backend_basetype2	backend_dataflow@0x00b0e82c	backend_dataflow.slot_148	vtable_membership:1 classes	0	0	10
00734e69	FUN_00734e69	backend_basetype2__slot_152	virtual_method	0.910	direct_apply_candidate	backend_basetype2	backend_dataflow@0x00b0e82c	backend_dataflow.slot_152	vtable_membership:1 classes	0	0	9
00734e72	FUN_00734e72	backend_basetype2__slot_153	virtual_method	0.910	direct_apply_candidate	backend_basetype2	backend_dataflow@0x00b0e82c	backend_dataflow.slot_153	vtable_membership:1 classes	0	0	10
00734e7c	FUN_00734e7c	backend_basetype2__slot_154	virtual_method	0.910	direct_apply_candidate	backend_basetype2	backend_dataflow@0x00b0e82c	backend_dataflow.slot_154	vtable_membership:1 classes	0	0	10
00734e86	FUN_00734e86	backend_basetype2__slot_159	virtual_method	0.910	direct_apply_candidate	backend_basetype2	backend_dataflow@0x00b0e82c	backend_dataflow.slot_159	vtable_membership:1 classes	0	1	10
00734e90	FUN_00734e90	backend_basetype2__slot_160	virtual_method	0.910	direct_apply_candidate	backend_basetype2	backend_dataflow@0x00b0e82c	backend_dataflow.slot_160	vtable_membership:1 classes	0	1	10
00734e9a	FUN_00734e9a	backend_basetype2__slot_161	virtual_method	0.910	direct_apply_candidate	backend_basetype2	backend_dataflow@0x00b0e82c	backend_dataflow.slot_161	vtable_membership:1 classes	0	0	5
00734e9f	FUN_00734e9f	backend_basetype2__slot_162	virtual_method	0.910	direct_apply_candidate	backend_basetype2	backend_dataflow@0x00b0e82c	backend_dataflow.slot_162	vtable_membership:1 classes	0	0	5
00734ea4	FUN_00734ea4	backend_basetype2__slot_163	virtual_method	0.910	direct_apply_candidate	backend_basetype2	backend_dataflow@0x00b0e82c	backend_dataflow.slot_163	vtable_membership:1 classes	0	0	5
00734ea9	FUN_00734ea9	backend_basetype2__slot_164	virtual_method	0.910	direct_apply_candidate	backend_basetype2	backend_dataflow@0x00b0e82c	backend_dataflow.slot_164	vtable_membership:1 classes	0	0	10
00734eb3	FUN_00734eb3	backend_basetype2__slot_182	virtual_method	0.910	direct_apply_candidate	backend_basetype2	backend_dataflow@0x00b0e82c	backend_dataflow.slot_182	vtable_membership:1 classes	0	0	5
00734eb8	FUN_00734eb8	backend_basetype2__slot_187	virtual_method	0.910	direct_apply_candidate	backend_basetype2	backend_dataflow@0x00b0e82c	backend_dataflow.slot_187	vtable_membership:1 classes	0	0	5
00734ebd	FUN_00734ebd	backend_basetype2__slot_188	virtual_method	0.910	direct_apply_candidate	backend_basetype2	backend_dataflow@0x00b0e82c	backend_dataflow.slot_188	vtable_membership:1 classes	0	0	10
00734ec7	FUN_00734ec7	backend_basetype2__slot_189	virtual_method	0.910	direct_apply_candidate	backend_basetype2	backend_dataflow@0x00b0e82c	backend_dataflow.slot_189	vtable_membership:1 classes	0	0	5
00734ecc	FUN_00734ecc	backend_basetype2__slot_190	virtual_method	0.910	direct_apply_candidate	backend_basetype2	backend_dataflow@0x00b0e82c	backend_dataflow.slot_190	vtable_membership:1 classes	0	0	8
00734ed4	FUN_00734ed4	backend_basetype2__slot_191	virtual_method	0.910	direct_apply_candidate	backend_basetype2	backend_dataflow@0x00b0e82c	backend_dataflow.slot_191	vtable_membership:1 classes	0	0	9
00734edd	FUN_00734edd	backend_basetype2__slot_192	virtual_method	0.910	direct_apply_candidate	backend_basetype2	backend_dataflow@0x00b0e82c	backend_dataflow.slot_192	vtable_membership:1 classes	0	0	9
00734ee6	FUN_00734ee6	backend_basetype2__slot_193	virtual_method	0.910	direct_apply_candidate	backend_basetype2	backend_dataflow@0x00b0e82c	backend_dataflow.slot_193	vtable_membership:1 classes	0	0	9
00734eef	FUN_00734eef	backend_basetype2__slot_195	virtual_method	0.910	direct_apply_candidate	backend_basetype2	backend_dataflow@0x00b0e82c	backend_dataflow.slot_195	vtable_membership:1 classes	0	0	10
00734ef9	FUN_00734ef9	backend_basetype2__slot_198	virtual_method	0.910	direct_apply_candidate	backend_basetype2	backend_dataflow@0x00b0e82c	backend_dataflow.slot_198	vtable_membership:1 classes	0	0	9
00734f02	FUN_00734f02	backend_basetype2__slot_200	virtual_method	0.910	direct_apply_candidate	backend_basetype2	backend_dataflow@0x00b0e82c	backend_dataflow.slot_200	vtable_membership:1 classes	0	0	12
00734f0e	FUN_00734f0e	backend_basetype2__slot_201	virtual_method	0.910	direct_apply_candidate	backend_basetype2	backend_dataflow@0x00b0e82c	backend_dataflow.slot_201	vtable_membership:1 classes	0	0	9
00734f17	FUN_00734f17	backend_basetype2__slot_202	virtual_method	0.910	direct_apply_candidate	backend_basetype2	backend_dataflow@0x00b0e82c	backend_dataflow.slot_202	vtable_membership:1 classes	0	1	10
00734f21	FUN_00734f21	backend_basetype2__slot_203	virtual_method	0.910	direct_apply_candidate	backend_basetype2	backend_dataflow@0x00b0e82c	backend_dataflow.slot_203	vtable_membership:1 classes	0	1	10
00734f2b	FUN_00734f2b	backend_basetype2__slot_204	virtual_method	0.910	direct_apply_candidate	backend_basetype2	backend_dataflow@0x00b0e82c	backend_dataflow.slot_204	vtable_membership:1 classes	0	0	5
00734f30	FUN_00734f30	backend_basetype2__slot_205	virtual_method	0.910	direct_apply_candidate	backend_basetype2	backend_dataflow@0x00b0e82c	backend_dataflow.slot_205	vtable_membership:1 classes	0	0	5
00734f35	FUN_00734f35	backend_basetype2__slot_207	virtual_method	0.910	direct_apply_candidate	backend_basetype2	backend_dataflow@0x00b0e82c	backend_dataflow.slot_207	vtable_membership:1 classes	0	0	5
00734f3a	FUN_00734f3a	backend_basetype2__slot_208	virtual_method	0.910	direct_apply_candidate	backend_basetype2	backend_dataflow@0x00b0e82c	backend_dataflow.slot_208	vtable_membership:1 classes	0	0	9
00734f43	FUN_00734f43	backend_basetype2__slot_209	virtual_method	0.910	direct_apply_candidate	backend_basetype2	backend_dataflow@0x00b0e82c	backend_dataflow.slot_209	vtable_membership:1 classes	0	0	9
00734f4c	FUN_00734f4c	backend_basetype2__slot_211	virtual_method	0.910	direct_apply_candidate	backend_basetype2	backend_dataflow@0x00b0e82c	backend_dataflow.slot_211	vtable_membership:1 classes	0	0	10
00734f56	FUN_00734f56	backend_basetype2__slot_213	virtual_method	0.910	direct_apply_candidate	backend_basetype2	backend_dataflow@0x00b0e82c	backend_dataflow.slot_213	vtable_membership:1 classes	0	0	5
00734f5b	FUN_00734f5b	backend_basetype2__slot_214	virtual_method	0.910	direct_apply_candidate	backend_basetype2	backend_dataflow@0x00b0e82c	backend_dataflow.slot_214	vtable_membership:1 classes	0	0	9
00734f64	FUN_00734f64	backend_basetype2__slot_215	virtual_method	0.910	direct_apply_candidate	backend_basetype2	backend_dataflow@0x00b0e82c	backend_dataflow.slot_215	vtable_membership:1 classes	0	0	5
00734f69	FUN_00734f69	backend_basetype2__slot_217	virtual_method	0.910	direct_apply_candidate	backend_basetype2	backend_dataflow@0x00b0e82c	backend_dataflow.slot_217	vtable_membership:1 classes	0	0	9
00734f72	FUN_00734f72	backend_basetype2__slot_218	virtual_method	0.910	direct_apply_candidate	backend_basetype2	backend_dataflow@0x00b0e82c	backend_dataflow.slot_218	vtable_membership:1 classes	0	0	9
00734f7b	FUN_00734f7b	backend_basetype2__slot_219	virtual_method	0.910	direct_apply_candidate	backend_basetype2	backend_dataflow@0x00b0e82c	backend_dataflow.slot_219	vtable_membership:1 classes	0	0	9
00734f84	FUN_00734f84	backend_basetype2__slot_220	virtual_method	0.910	direct_apply_candidate	backend_basetype2	backend_dataflow@0x00b0e82c	backend_dataflow.slot_220	vtable_membership:1 classes	0	1	10
00734f8e	FUN_00734f8e	backend_basetype2__slot_221	virtual_method	0.910	direct_apply_candidate	backend_basetype2	backend_dataflow@0x00b0e82c	backend_dataflow.slot_221	vtable_membership:1 classes	0	0	5
00734f93	FUN_00734f93	backend_basetype2__slot_222	virtual_method	0.910	direct_apply_candidate	backend_basetype2	backend_dataflow@0x00b0e82c	backend_dataflow.slot_222	vtable_membership:1 classes	0	1	10
00734f9d	FUN_00734f9d	backend_basetype2__slot_223	virtual_method	0.910	direct_apply_candidate	backend_basetype2	backend_dataflow@0x00b0e82c	backend_dataflow.slot_223	vtable_membership:1 classes	0	1	10
00734fa7	FUN_00734fa7	backend_basetype2__slot_224	virtual_method	0.910	direct_apply_candidate	backend_basetype2	backend_dataflow@0x00b0e82c	backend_dataflow.slot_224	vtable_membership:1 classes	0	0	9
00734fb0	FUN_00734fb0	backend_basetype2__slot_225	virtual_method	0.910	direct_apply_candidate	backend_basetype2	backend_dataflow@0x00b0e82c	backend_dataflow.slot_225	vtable_membership:1 classes	0	0	5
00734fb5	FUN_00734fb5	backend_basetype2__slot_226	virtual_method	0.910	direct_apply_candidate	backend_basetype2	backend_dataflow@0x00b0e82c	backend_dataflow.slot_226	vtable_membership:1 classes	0	0	5
00734fba	FUN_00734fba	backend_basetype2__slot_227	virtual_method	0.910	direct_apply_candidate	backend_basetype2	backend_dataflow@0x00b0e82c	backend_dataflow.slot_227	vtable_membership:1 classes	0	0	5
00734fbf	FUN_00734fbf	backend_basetype2__slot_228	virtual_method	0.910	direct_apply_candidate	backend_basetype2	backend_dataflow@0x00b0e82c	backend_dataflow.slot_228	vtable_membership:1 classes	0	0	9
00734fc8	FUN_00734fc8	backend_basetype2__slot_230	virtual_method	0.910	direct_apply_candidate	backend_basetype2	backend_dataflow@0x00b0e82c	backend_dataflow.slot_230	vtable_membership:1 classes	0	0	9
00734fd1	FUN_00734fd1	backend_basetype2__slot_231	virtual_method	0.910	direct_apply_candidate	backend_basetype2	backend_dataflow@0x00b0e82c	backend_dataflow.slot_231	vtable_membership:1 classes	0	1	15
00734fe0	FUN_00734fe0	backend_basetype2__slot_232	virtual_method	0.910	direct_apply_candidate	backend_basetype2	backend_dataflow@0x00b0e82c	backend_dataflow.slot_232	vtable_membership:1 classes	0	0	9
00734fe9	FUN_00734fe9	backend_basetype2__slot_233	virtual_method	0.910	direct_apply_candidate	backend_basetype2	backend_dataflow@0x00b0e82c	backend_dataflow.slot_233	vtable_membership:1 classes	0	0	5
00734fee	FUN_00734fee	backend_basetype2__slot_019	virtual_method	0.910	direct_apply_candidate	backend_basetype2	backend_dataflow@0x00b0e82c	backend_dataflow.slot_019	vtable_membership:1 classes	0	0	9
00734ff7	FUN_00734ff7	backend_basetype2__slot_020	virtual_method	0.910	direct_apply_candidate	backend_basetype2	backend_dataflow@0x00b0e82c	backend_dataflow.slot_020	vtable_membership:1 classes	0	0	9
00735000	FUN_00735000	backend_basetype2__slot_021	virtual_method	0.910	direct_apply_candidate	backend_basetype2	backend_dataflow@0x00b0e82c	backend_dataflow.slot_021	vtable_membership:1 classes	0	1	14
0073500e	FUN_0073500e	backend_basetype2__slot_022	virtual_method	0.910	direct_apply_candidate	backend_basetype2	backend_dataflow@0x00b0e82c	backend_dataflow.slot_022	vtable_membership:1 classes	0	1	15
0073501d	FUN_0073501d	backend_basetype2__slot_023	virtual_method	0.910	direct_apply_candidate	backend_basetype2	backend_dataflow@0x00b0e82c	backend_dataflow.slot_023	vtable_membership:1 classes	0	0	9
00735026	FUN_00735026	backend_basetype2__slot_240	virtual_method	0.910	direct_apply_candidate	backend_basetype2	backend_dataflow@0x00b0e82c	backend_dataflow.slot_240	vtable_membership:1 classes	0	0	5
0073502b	FUN_0073502b	backend_basetype2__slot_242	virtual_method	0.910	direct_apply_candidate	backend_basetype2	backend_dataflow@0x00b0e82c	backend_dataflow.slot_242	vtable_membership:1 classes	0	0	9
00735034	FUN_00735034	backend_basetype2__slot_243	virtual_method	0.910	direct_apply_candidate	backend_basetype2	backend_dataflow@0x00b0e82c	backend_dataflow.slot_243	vtable_membership:1 classes	0	0	9
0073503d	FUN_0073503d	backend_basetype2__slot_244	virtual_method	0.910	direct_apply_candidate	backend_basetype2	backend_dataflow@0x00b0e82c	backend_dataflow.slot_244	vtable_membership:1 classes	0	0	9
00735046	FUN_00735046	backend_basetype2__slot_245	virtual_method	0.910	direct_apply_candidate	backend_basetype2	backend_dataflow@0x00b0e82c	backend_dataflow.slot_245	vtable_membership:1 classes	0	0	5
0073504b	FUN_0073504b	backend_basetype2__slot_248	virtual_method	0.910	direct_apply_candidate	backend_basetype2	backend_dataflow@0x00b0e82c	backend_dataflow.slot_248	vtable_membership:1 classes	0	0	9
00735054	FUN_00735054	backend_basetype2__slot_249	virtual_method	0.910	direct_apply_candidate	backend_basetype2	backend_dataflow@0x00b0e82c	backend_dataflow.slot_249	vtable_membership:1 classes	0	0	9
0073505d	FUN_0073505d	backend_basetype2__slot_250	virtual_method	0.910	direct_apply_candidate	backend_basetype2	backend_dataflow@0x00b0e82c	backend_dataflow.slot_250	vtable_membership:1 classes	0	0	5
00735062	FUN_00735062	backend_basetype2__slot_251	virtual_method	0.910	direct_apply_candidate	backend_basetype2	backend_dataflow@0x00b0e82c	backend_dataflow.slot_251	vtable_membership:1 classes	0	0	8
0073506a	FUN_0073506a	backend_basetype2__slot_252	virtual_method	0.910	direct_apply_candidate	backend_basetype2	backend_dataflow@0x00b0e82c	backend_dataflow.slot_252	vtable_membership:1 classes	0	0	9
00735073	FUN_00735073	backend_basetype2__slot_253	virtual_method	0.910	direct_apply_candidate	backend_basetype2	backend_dataflow@0x00b0e82c	backend_dataflow.slot_253	vtable_membership:1 classes	0	0	9
0073507c	FUN_0073507c	backend_basetype2__slot_259	virtual_method	0.910	direct_apply_candidate	backend_basetype2	backend_dataflow@0x00b0e82c	backend_dataflow.slot_259	vtable_membership:1 classes	0	0	9
00735085	FUN_00735085	backend_basetype2__slot_260	virtual_method	0.910	direct_apply_candidate	backend_basetype2	backend_dataflow@0x00b0e82c	backend_dataflow.slot_260	vtable_membership:1 classes	0	0	9
0073508e	FUN_0073508e	backend_basetype2__slot_261	virtual_method	0.910	direct_apply_candidate	backend_basetype2	backend_dataflow@0x00b0e82c	backend_dataflow.slot_261	vtable_membership:1 classes	0	0	10
00735098	FUN_00735098	backend_basetype2__slot_120	virtual_method	0.910	direct_apply_candidate	backend_basetype2	backend_dataflow@0x00b0e82c	backend_dataflow.slot_120	vtable_membership:1 classes	0	1	56
007350d0	FUN_007350d0	backend_basetype2__slot_121	virtual_method	0.910	direct_apply_candidate	backend_basetype2	backend_dataflow@0x00b0e82c	backend_dataflow.slot_121	vtable_membership:1 classes	0	0	9
0073542d	FUN_0073542d	backend_basetype2__slot_069	virtual_method	0.910	direct_apply_candidate	backend_basetype2	backend_dataflow@0x00b0e82c	backend_dataflow.slot_069	vtable_membership:1 classes	1	3	192
00735ac3	FUN_00735ac3	ls_window_scheduler__slot_001	virtual_method	0.910	direct_apply_candidate	ls_window_scheduler	ws_interface@0x00b0b7b8	ws_interface.slot_001	vtable_membership:1 classes	0	0	5
00735ac8	FUN_00735ac8	ls_window_scheduler__slot_002	virtual_method	0.910	direct_apply_candidate	ls_window_scheduler	ws_interface@0x00b0b7b8	ws_interface.slot_002	vtable_membership:1 classes	0	0	5
00735acd	FUN_00735acd	ls_window_scheduler__slot_009	virtual_method	0.910	direct_apply_candidate	ls_window_scheduler	ws_interface@0x00b0b7b8	ws_interface.slot_009	vtable_membership:1 classes	0	0	19
00735ae0	FUN_00735ae0	ls_window_scheduler__slot_010	virtual_method	0.910	direct_apply_candidate	ls_window_scheduler	ws_interface@0x00b0b7b8	ws_interface.slot_010	vtable_membership:1 classes	0	0	19
00735af3	FUN_00735af3	ls_window_scheduler__slot_011	virtual_method	0.910	direct_apply_candidate	ls_window_scheduler	ws_interface@0x00b0b7b8	ws_interface.slot_011	vtable_membership:1 classes	0	0	13
00735b00	FUN_00735b00	ls_window_scheduler__slot_012	virtual_method	0.910	direct_apply_candidate	ls_window_scheduler	ws_interface@0x00b0b7b8	ws_interface.slot_012	vtable_membership:1 classes	0	0	13
0073950f	FUN_0073950f	resource_model_scheduler__slot_001	virtual_method	0.910	direct_apply_candidate	resource_model_scheduler	list_scheduler@0x00b0c0e4	list_scheduler.slot_001	vtable_membership:1 classes	3	2	203
0073a7f7	FUN_0073a7f7	compat_list_scheduler__slot_006	virtual_method	0.910	direct_apply_candidate	compat_list_scheduler	list_scheduler@0x00b0c0e4	list_scheduler.slot_006	vtable_membership:1 classes	0	2	40
0073a81f	FUN_0073a81f	compat_list_scheduler__slot_001	virtual_method	0.910	direct_apply_candidate	compat_list_scheduler	list_scheduler@0x00b0c0e4	list_scheduler.slot_001	vtable_membership:1 classes	0	2	42
0073a849	FUN_0073a849	compat_list_scheduler__slot_004	virtual_method	0.910	direct_apply_candidate	compat_list_scheduler	list_scheduler@0x00b0c0e4	list_scheduler.slot_004	vtable_membership:1 classes	0	3	423
0073aa46	FUN_0073aa46	ls_window_scheduler__slot_000	virtual_method	0.910	direct_apply_candidate	ls_window_scheduler	ws_interface@0x00b0b7b8	ws_interface.slot_000	vtable_membership:1 classes	0	1	75
0073aa91	FUN_0073aa91	ls_window_scheduler__slot_003	virtual_method	0.910	direct_apply_candidate	ls_window_scheduler	ws_interface@0x00b0b7b8	ws_interface.slot_003	vtable_membership:1 classes	0	5	299
0073abbc	FUN_0073abbc	ls_window_scheduler__slot_004	virtual_method	0.910	direct_apply_candidate	ls_window_scheduler	ws_interface@0x00b0b7b8	ws_interface.slot_004	vtable_membership:1 classes	0	1	64
0073abfc	FUN_0073abfc	ls_window_scheduler__slot_005	virtual_method	0.910	direct_apply_candidate	ls_window_scheduler	ws_interface@0x00b0b7b8	ws_interface.slot_005	vtable_membership:1 classes	0	1	210
0073acce	FUN_0073acce	ls_window_scheduler__slot_006	virtual_method	0.910	direct_apply_candidate	ls_window_scheduler	ws_interface@0x00b0b7b8	ws_interface.slot_006	vtable_membership:1 classes	0	1	168
0073ad76	FUN_0073ad76	ls_window_scheduler__slot_007	virtual_method	0.910	direct_apply_candidate	ls_window_scheduler	ws_interface@0x00b0b7b8	ws_interface.slot_007	vtable_membership:1 classes	0	2	94
0073add4	FUN_0073add4	ls_window_scheduler__slot_008	virtual_method	0.910	direct_apply_candidate	ls_window_scheduler	ws_interface@0x00b0b7b8	ws_interface.slot_008	vtable_membership:1 classes	0	1	104
0073b890	FUN_0073b890	immediate_implicit__slot_000	virtual_method	0.910	direct_apply_candidate	immediate_implicit	operand_parser@0x00b0c7cc	operand_parser.slot_000	vtable_membership:1 classes	0	0	9
0073b899	FUN_0073b899	immediate_implicit__slot_001	virtual_method	0.910	direct_apply_candidate	immediate_implicit	operand_parser@0x00b0c7cc	operand_parser.slot_001	vtable_membership:1 classes	0	0	5
00742a3b	FUN_00742a3b	register_range__slot_005	virtual_method	0.910	direct_apply_candidate	register_range	operand_parser@0x00b0c7cc	operand_parser.slot_005	vtable_membership:1 classes	0	6	402
00742bcd	FUN_00742bcd	register_range__slot_008	virtual_method	0.910	direct_apply_candidate	register_range	operand_parser@0x00b0c7cc	operand_parser.slot_008	vtable_membership:1 classes	0	1	91
00742c28	FUN_00742c28	register_range__slot_010	virtual_method	0.910	direct_apply_candidate	register_range	operand_parser@0x00b0c7cc	operand_parser.slot_010	vtable_membership:1 classes	0	2	41
00742c51	FUN_00742c51	register_set__slot_005	virtual_method	0.910	direct_apply_candidate	register_set	operand_parser@0x00b0c7cc	operand_parser.slot_005	vtable_membership:1 classes	0	6	444
00742e0d	FUN_00742e0d	register_set__slot_007	virtual_method	0.910	direct_apply_candidate	register_set	operand_parser@0x00b0c7cc	operand_parser.slot_007	vtable_membership:1 classes	0	2	101
00742e72	FUN_00742e72	register_set__slot_008	virtual_method	0.910	direct_apply_candidate	register_set	operand_parser@0x00b0c7cc	operand_parser.slot_008	vtable_membership:1 classes	0	1	133
00742ef7	FUN_00742ef7	register_implicit__slot_005	virtual_method	0.910	direct_apply_candidate	register_implicit	operand_parser@0x00b0c7cc	operand_parser.slot_005	vtable_membership:1 classes	0	7	404
0074308b	FUN_0074308b	register_implicit__slot_007	virtual_method	0.910	direct_apply_candidate	register_implicit	operand_parser@0x00b0c7cc	operand_parser.slot_007	vtable_membership:1 classes	0	1	44
007430b7	FUN_007430b7	register_implicit__slot_009	virtual_method	0.910	direct_apply_candidate	register_implicit	operand_parser@0x00b0c7cc	operand_parser.slot_009	vtable_membership:1 classes	0	4	127
007432aa	FUN_007432aa	immediate__slot_005	virtual_method	0.910	direct_apply_candidate	immediate	operand_parser@0x00b0c7cc	operand_parser.slot_005	vtable_membership:1 classes	1	15	1109
007438b4	FUN_007438b4	immediate__slot_009	virtual_method	0.910	direct_apply_candidate	immediate	operand_parser@0x00b0c7cc	operand_parser.slot_009	vtable_membership:1 classes	0	5	144
00743944	FUN_00743944	immediate_implicit__slot_005	virtual_method	0.910	direct_apply_candidate	immediate_implicit	operand_parser@0x00b0c7cc	operand_parser.slot_005	vtable_membership:1 classes	0	2	42
0074396e	FUN_0074396e	immediate_implicit__slot_007	virtual_method	0.910	direct_apply_candidate	immediate_implicit	operand_parser@0x00b0c7cc	operand_parser.slot_007	vtable_membership:1 classes	0	2	177
00743a1f	FUN_00743a1f	immediate_implicit__slot_009	virtual_method	0.910	direct_apply_candidate	immediate_implicit	operand_parser@0x00b0c7cc	operand_parser.slot_009	vtable_membership:1 classes	0	6	430
00743bcd	FUN_00743bcd	statictext__slot_008	virtual_method	0.910	direct_apply_candidate	statictext	operand_parser@0x00b0c7cc	operand_parser.slot_008	vtable_membership:1 classes	0	1	24
00744328	FUN_00744328	compose__slot_005	virtual_method	0.910	direct_apply_candidate	compose	operand_parser@0x00b0c7cc	operand_parser.slot_005	vtable_membership:1 classes	0	8	1545
00744931	FUN_00744931	compose__slot_006	virtual_method	0.910	direct_apply_candidate	compose	operand_parser@0x00b0c7cc	operand_parser.slot_006	vtable_membership:1 classes	0	16	2270
0074520f	FUN_0074520f	compose__slot_009	virtual_method	0.910	direct_apply_candidate	compose	operand_parser@0x00b0c7cc	operand_parser.slot_009	vtable_membership:1 classes	0	7	686
0074563b	FUN_0074563b	choose__slot_005	virtual_method	0.910	direct_apply_candidate	choose	operand_parser@0x00b0c7cc	operand_parser.slot_005	vtable_membership:1 classes	0	1	67
0074567e	FUN_0074567e	choose__slot_006	virtual_method	0.910	direct_apply_candidate	choose	operand_parser@0x00b0c7cc	operand_parser.slot_006	vtable_membership:1 classes	0	2	169
00745727	FUN_00745727	choose__slot_009	virtual_method	0.910	direct_apply_candidate	choose	operand_parser@0x00b0c7cc	operand_parser.slot_009	vtable_membership:1 classes	0	2	92
00745783	FUN_00745783	multiple_fields__slot_005	virtual_method	0.910	direct_apply_candidate	multiple_fields	operand_parser@0x00b0c7cc	operand_parser.slot_005	vtable_membership:1 classes	0	0	42
007457ad	FUN_007457ad	multiple_fields__slot_006	virtual_method	0.910	direct_apply_candidate	multiple_fields	operand_parser@0x00b0c7cc	operand_parser.slot_006	vtable_membership:1 classes	0	1	130
0074582f	FUN_0074582f	multiple_fields__slot_009	virtual_method	0.910	direct_apply_candidate	multiple_fields	operand_parser@0x00b0c7cc	operand_parser.slot_009	vtable_membership:1 classes	0	0	48
00747cd2	FUN_00747cd2	Num__slot_016	virtual_method	0.910	direct_apply_candidate	Num	Exp@0x00b0d2d4	Exp.slot_016	vtable_membership:1 classes	0	0	9
00747cdb	FUN_00747cdb	Num__slot_024	virtual_method	0.910	direct_apply_candidate	Num	Exp@0x00b0d2d4	Exp.slot_024	vtable_membership:1 classes	0	1	111
00747dd5	FUN_00747dd5	Bot__slot_018	virtual_method	0.910	direct_apply_candidate	Bot	Exp@0x00b0d2d4	Exp.slot_018	vtable_membership:1 classes	0	0	9
00747dde	FUN_00747dde	Bot__slot_025	virtual_method	0.910	direct_apply_candidate	Bot	Exp@0x00b0d2d4	Exp.slot_025	vtable_membership:1 classes	0	1	139
00747ed8	FUN_00747ed8	Mem__slot_019	virtual_method	0.910	direct_apply_candidate	Mem	Exp@0x00b0d2d4	Exp.slot_019	vtable_membership:1 classes	0	0	9
00747ee1	FUN_00747ee1	Mem__slot_025	virtual_method	0.910	direct_apply_candidate	Mem	Exp@0x00b0d2d4	Exp.slot_025	vtable_membership:1 classes	0	2	181
00748266	FUN_00748266	Cmm__slot_021	virtual_method	0.910	direct_apply_candidate	Cmm	Exp@0x00b0d2d4	Exp.slot_021	vtable_membership:1 classes	0	0	9
0074826f	FUN_0074826f	Cmm__slot_025	virtual_method	0.910	direct_apply_candidate	Cmm	Exp@0x00b0d2d4	Exp.slot_025	vtable_membership:1 classes	0	2	121
007482e8	FUN_007482e8	Ncm__slot_022	virtual_method	0.910	direct_apply_candidate	Ncm	Exp@0x00b0d2d4	Exp.slot_022	vtable_membership:1 classes	0	0	9
00748388	FUN_00748388	Ncm__slot_025	virtual_method	0.910	direct_apply_candidate	Ncm	Exp@0x00b0d2d4	Exp.slot_025	vtable_membership:1 classes	0	2	112
007483f8	FUN_007483f8	Uop__slot_023	virtual_method	0.910	direct_apply_candidate	Uop	Exp@0x00b0d2d4	Exp.slot_023	vtable_membership:1 classes	0	0	9
00748401	FUN_00748401	Uop__slot_024	virtual_method	0.910	direct_apply_candidate	Uop	Exp@0x00b0d2d4	Exp.slot_024	vtable_membership:1 classes	0	1	135
0074a248	FUN_0074a248	singleton_iter__slot_000	virtual_method	0.910	direct_apply_candidate	singleton_iter	obj_iter@0x00b0d3b8	obj_iter.slot_000	vtable_membership:1 classes	0	0	19
0074a25b	FUN_0074a25b	singleton_iter__slot_001	virtual_method	0.910	direct_apply_candidate	singleton_iter	obj_iter@0x00b0d3b8	obj_iter.slot_001	vtable_membership:1 classes	0	0	20
0074a26f	FUN_0074a26f	singleton_iter__slot_002	virtual_method	0.910	direct_apply_candidate	singleton_iter	obj_iter@0x00b0d3b8	obj_iter.slot_002	vtable_membership:1 classes	0	0	21
0074a284	FUN_0074a284	var_map_objectlist_var_map_iter__slot_000	virtual_method	0.910	direct_apply_candidate	var_map<objectlist>::var_map_iter	obj_iter@0x00b0d3b8	obj_iter.slot_000	vtable_membership:1 classes	0	0	127
0074a303	FUN_0074a303	var_map_objectlist_var_map_iter__slot_001	virtual_method	0.910	direct_apply_candidate	var_map<objectlist>::var_map_iter	obj_iter@0x00b0d3b8	obj_iter.slot_001	vtable_membership:1 classes	0	1	56
0074a33b	FUN_0074a33b	var_map_objectlist_var_map_iter__slot_002	virtual_method	0.910	direct_apply_candidate	var_map<objectlist>::var_map_iter	obj_iter@0x00b0d3b8	obj_iter.slot_002	vtable_membership:1 classes	0	0	21
0074a350	FUN_0074a350	objectlist_iter__slot_001	virtual_method	0.910	direct_apply_candidate	objectlist_iter	obj_iter@0x00b0d3b8	obj_iter.slot_001	vtable_membership:1 classes	0	0	26
0074a36a	FUN_0074a36a	objectlist_iter__slot_000	virtual_method	0.910	direct_apply_candidate	objectlist_iter	obj_iter@0x00b0d3b8	obj_iter.slot_000	vtable_membership:1 classes	0	0	19
0074a37d	FUN_0074a37d	objectlist_iter__slot_002	virtual_method	0.910	direct_apply_candidate	objectlist_iter	obj_iter@0x00b0d3b8	obj_iter.slot_002	vtable_membership:1 classes	0	0	21
0074a392	FUN_0074a392	var_multimap_impl__slot_000	virtual_method	0.910	direct_apply_candidate	var_multimap_impl	var_multimap@0x00b0d3d8	var_multimap.slot_000	vtable_membership:1 classes	0	3	71
0074a3d9	FUN_0074a3d9	var_multimap_impl__slot_001	virtual_method	0.910	direct_apply_candidate	var_multimap_impl	var_multimap@0x00b0d3d8	var_multimap.slot_001	vtable_membership:1 classes	0	3	69
0074a41e	FUN_0074a41e	var_multimap_impl__slot_002	virtual_method	0.910	direct_apply_candidate	var_multimap_impl	var_multimap@0x00b0d3d8	var_multimap.slot_002	vtable_membership:1 classes	0	4	89
0074a477	FUN_0074a477	var_multimap_impl__slot_003	virtual_method	0.910	direct_apply_candidate	var_multimap_impl	var_multimap@0x00b0d3d8	var_multimap.slot_003	vtable_membership:1 classes	0	4	89
0074a4d0	FUN_0074a4d0	var_multimap_impl__slot_004	virtual_method	0.910	direct_apply_candidate	var_multimap_impl	var_multimap@0x00b0d3d8	var_multimap.slot_004	vtable_membership:1 classes	0	1	24
0074a4e8	FUN_0074a4e8	var_multimap_impl__slot_005	virtual_method	0.910	direct_apply_candidate	var_multimap_impl	var_multimap@0x00b0d3d8	var_multimap.slot_005	vtable_membership:1 classes	0	1	21
0074a4fd	FUN_0074a4fd	var_multimap_impl__slot_006	virtual_method	0.910	direct_apply_candidate	var_multimap_impl	var_multimap@0x00b0d3d8	var_multimap.slot_006	vtable_membership:1 classes	0	3	74
0074a547	FUN_0074a547	var_multimap_impl__slot_007	virtual_method	0.910	direct_apply_candidate	var_multimap_impl	var_multimap@0x00b0d3d8	var_multimap.slot_007	vtable_membership:1 classes	0	3	66
0074a589	FUN_0074a589	var_multimap_impl__slot_008	virtual_method	0.910	direct_apply_candidate	var_multimap_impl	var_multimap@0x00b0d3d8	var_multimap.slot_008	vtable_membership:1 classes	0	3	148
0074a61d	FUN_0074a61d	var_multimap_impl__slot_009	virtual_method	0.910	direct_apply_candidate	var_multimap_impl	var_multimap@0x00b0d3d8	var_multimap.slot_009	vtable_membership:1 classes	0	2	130
0074a780	FUN_0074a780	var_disjointsets_impl__slot_000	virtual_method	0.910	direct_apply_candidate	var_disjointsets_impl	var_disjointsets@0x00b0d3e8	var_disjointsets.slot_000	vtable_membership:1 classes	0	2	54
0074a7b6	FUN_0074a7b6	var_disjointsets_impl__slot_001	virtual_method	0.910	direct_apply_candidate	var_disjointsets_impl	var_disjointsets@0x00b0d3e8	var_disjointsets.slot_001	vtable_membership:1 classes	0	3	144
0074a846	FUN_0074a846	var_disjointsets_impl__slot_002	virtual_method	0.910	direct_apply_candidate	var_disjointsets_impl	var_disjointsets@0x00b0d3e8	var_disjointsets.slot_002	vtable_membership:1 classes	0	0	35
0074a869	FUN_0074a869	var_disjointsets_impl__slot_003	virtual_method	0.910	direct_apply_candidate	var_disjointsets_impl	var_disjointsets@0x00b0d3e8	var_disjointsets.slot_003	vtable_membership:1 classes	0	2	100
0074afa4	FUN_0074afa4	objpairlist_searchiter__slot_002	virtual_method	0.910	direct_apply_candidate	objpairlist_searchiter	obj_iter@0x00b0d680	obj_iter.slot_002	vtable_membership:1 classes	0	0	21
0074d343	FUN_0074d343	objpairlist_searchiter__slot_000	virtual_method	0.910	direct_apply_candidate	objpairlist_searchiter	obj_iter@0x00b0d680	obj_iter.slot_000	vtable_membership:1 classes	0	0	105
0074d3ac	FUN_0074d3ac	objpairlist_searchiter__slot_001	virtual_method	0.910	direct_apply_candidate	objpairlist_searchiter	obj_iter@0x00b0d680	obj_iter.slot_001	vtable_membership:1 classes	0	1	79
0074e21a	FUN_0074e21a	RBFwdDataFlow__slot_002	virtual_method	0.910	direct_apply_candidate	RBFwdDataFlow	InterblockDf@0x00b0d908	InterblockDf.slot_002	vtable_membership:1 classes	0	1	88
0074e300	FUN_0074e300	RBBkwdDataFlow__slot_002	virtual_method	0.910	direct_apply_candidate	RBBkwdDataFlow	InterblockDf@0x00b0d908	InterblockDf.slot_002	vtable_membership:1 classes	0	0	14
0074e30e	FUN_0074e30e	RBBkwdDataFlow__slot_004	virtual_method	0.910	direct_apply_candidate	RBBkwdDataFlow	InterblockDf@0x00b0d908	InterblockDf.slot_004	vtable_membership:1 classes	0	1	105
0074e377	FUN_0074e377	RBBkwdDataFlow__slot_006	virtual_method	0.910	direct_apply_candidate	RBBkwdDataFlow	InterblockDf@0x00b0d908	InterblockDf.slot_006	vtable_membership:1 classes	0	1	70
0074e3bd	FUN_0074e3bd	RBBkwdDataFlow__slot_009	virtual_method	0.910	direct_apply_candidate	RBBkwdDataFlow	InterblockDf@0x00b0d908	InterblockDf.slot_009	vtable_membership:1 classes	0	1	25
0074e3d6	FUN_0074e3d6	RegReNameBkwdDataFlow__slot_004	virtual_method	0.910	direct_apply_candidate	RegReNameBkwdDataFlow	InterblockDf@0x00b0d908	InterblockDf.slot_004	vtable_membership:1 classes	0	0	83
0074e429	FUN_0074e429	RegReNameBkwdDataFlow__slot_006	virtual_method	0.910	direct_apply_candidate	RegReNameBkwdDataFlow	InterblockDf@0x00b0d908	InterblockDf.slot_006	vtable_membership:1 classes	0	0	59
0074e464	FUN_0074e464	RegReNameBkwdDataFlow__slot_007	virtual_method	0.910	direct_apply_candidate	RegReNameBkwdDataFlow	InterblockDf@0x00b0d908	InterblockDf.slot_007	vtable_membership:1 classes	0	1	32
00753c6c	FUN_00753c6c	RBFwdDataFlow__slot_010	virtual_method	0.910	direct_apply_candidate	RBFwdDataFlow	InterblockDf@0x00b0d908	InterblockDf.slot_010	vtable_membership:1 classes	0	6	317
00753da9	FUN_00753da9	RBFwdDataFlow__slot_003	virtual_method	0.910	direct_apply_candidate	RBFwdDataFlow	InterblockDf@0x00b0d908	InterblockDf.slot_003	vtable_membership:1 classes	0	3	268
00753eb5	FUN_00753eb5	RBFwdDataFlow__slot_005	virtual_method	0.910	direct_apply_candidate	RBFwdDataFlow	InterblockDf@0x00b0d908	InterblockDf.slot_005	vtable_membership:1 classes	0	3	153
00753f4e	FUN_00753f4e	RBFwdDataFlow__slot_007	virtual_method	0.910	direct_apply_candidate	RBFwdDataFlow	InterblockDf@0x00b0d908	InterblockDf.slot_007	vtable_membership:1 classes	0	4	121
00753fc7	FUN_00753fc7	RBBkwdDataFlow__slot_007	virtual_method	0.910	direct_apply_candidate	RBBkwdDataFlow	InterblockDf@0x00b0d908	InterblockDf.slot_007	vtable_membership:1 classes	0	2	66
0076a145	FUN_0076a145	RegReNameBkwdDataFlow__slot_000	virtual_method	0.910	direct_apply_candidate	RegReNameBkwdDataFlow	InterblockDf@0x00b0d908	InterblockDf.slot_000	vtable_membership:1 classes	0	2	78
0076a4bf	FUN_0076a4bf	RegReNameBkwdDataFlow__slot_001	virtual_method	0.910	direct_apply_candidate	RegReNameBkwdDataFlow	InterblockDf@0x00b0d908	InterblockDf.slot_001	vtable_membership:1 classes	0	7	271
0076a5ce	FUN_0076a5ce	RegReNameBkwdDataFlow__slot_009	virtual_method	0.910	direct_apply_candidate	RegReNameBkwdDataFlow	InterblockDf@0x00b0d908	InterblockDf.slot_009	vtable_membership:1 classes	0	3	170
0076a793	FUN_0076a793	RegReNameBkwdDataFlow__slot_011	virtual_method	0.910	direct_apply_candidate	RegReNameBkwdDataFlow	InterblockDf@0x00b0d908	InterblockDf.slot_011	vtable_membership:1 classes	0	3	89
0076da7c	FUN_0076da7c	RBBkwdDataFlow__slot_008	virtual_method	0.910	direct_apply_candidate	RBBkwdDataFlow	InterblockDf@0x00b0d908	InterblockDf.slot_008	vtable_membership:1 classes	0	1	59
0076e139	FUN_0076e139	RBFwdDataFlow__slot_008	virtual_method	0.910	direct_apply_candidate	RBFwdDataFlow	InterblockDf@0x00b0d908	InterblockDf.slot_008	vtable_membership:1 classes	0	17	818
0076e46b	FUN_0076e46b	RBBkwdDataFlow__slot_011	virtual_method	0.910	direct_apply_candidate	RBBkwdDataFlow	InterblockDf@0x00b0d908	InterblockDf.slot_011	vtable_membership:1 classes	0	3	212
0076e53f	FUN_0076e53f	RBFwdDataFlow__slot_011	virtual_method	0.910	direct_apply_candidate	RBFwdDataFlow	InterblockDf@0x00b0d908	InterblockDf.slot_011	vtable_membership:1 classes	0	3	132
0076e5c3	FUN_0076e5c3	RBFwdDataFlow__slot_000	virtual_method	0.910	direct_apply_candidate	RBFwdDataFlow	InterblockDf@0x00b0d908	InterblockDf.slot_000	vtable_membership:1 classes	0	3	128
0076e643	FUN_0076e643	RBBkwdDataFlow__slot_000	virtual_method	0.910	direct_apply_candidate	RBBkwdDataFlow	InterblockDf@0x00b0d908	InterblockDf.slot_000	vtable_membership:1 classes	0	5	374
0076e876	FUN_0076e876	RBFwdDataFlow__slot_001	virtual_method	0.910	direct_apply_candidate	RBFwdDataFlow	InterblockDf@0x00b0d908	InterblockDf.slot_001	vtable_membership:1 classes	0	14	1064
0076ec9e	FUN_0076ec9e	RBBkwdDataFlow__slot_001	virtual_method	0.910	direct_apply_candidate	RBBkwdDataFlow	InterblockDf@0x00b0d908	InterblockDf.slot_001	vtable_membership:1 classes	0	7	320
00774486	FUN_00774486	VNFwdDataFlow__slot_004	virtual_method	0.910	direct_apply_candidate	VNFwdDataFlow	InterblockDf@0x00b0d908	InterblockDf.slot_004	vtable_membership:1 classes	0	1	29
007744a3	FUN_007744a3	VNFwdDataFlow__slot_006	virtual_method	0.910	direct_apply_candidate	VNFwdDataFlow	InterblockDf@0x00b0d908	InterblockDf.slot_006	vtable_membership:1 classes	0	1	25
007744bc	FUN_007744bc	VNFwdDataFlow__slot_008	virtual_method	0.910	direct_apply_candidate	VNFwdDataFlow	InterblockDf@0x00b0d908	InterblockDf.slot_008	vtable_membership:1 classes	0	0	5
007744c1	FUN_007744c1	VNFwdDataFlow__slot_009	virtual_method	0.910	direct_apply_candidate	VNFwdDataFlow	InterblockDf@0x00b0d908	InterblockDf.slot_009	vtable_membership:1 classes	0	1	10
007744cb	FUN_007744cb	VNFwdDataFlow__slot_010	virtual_method	0.910	direct_apply_candidate	VNFwdDataFlow	InterblockDf@0x00b0d908	InterblockDf.slot_010	vtable_membership:1 classes	0	0	5
00775706	FUN_00775706	VNFwdDataFlow__slot_014	virtual_method	0.910	direct_apply_candidate	VNFwdDataFlow	InterblockDf@0x00b0d908	InterblockDf.slot_014	vtable_membership:1 classes	0	1	57
00779add	FUN_00779add	VNFwdDataFlow__slot_012	virtual_method	0.910	direct_apply_candidate	VNFwdDataFlow	InterblockDf@0x00b0d908	InterblockDf.slot_012	vtable_membership:1 classes	0	0	33
00779afe	FUN_00779afe	VNFwdDataFlow__slot_013	virtual_method	0.910	direct_apply_candidate	VNFwdDataFlow	InterblockDf@0x00b0d908	InterblockDf.slot_013	vtable_membership:1 classes	0	0	5
00779b03	FUN_00779b03	VNFwdDataFlow__slot_002	virtual_method	0.910	direct_apply_candidate	VNFwdDataFlow	InterblockDf@0x00b0d908	InterblockDf.slot_002	vtable_membership:1 classes	0	0	14
00779b11	FUN_00779b11	VNFwdDataFlow__slot_003	virtual_method	0.910	direct_apply_candidate	VNFwdDataFlow	InterblockDf@0x00b0d908	InterblockDf.slot_003	vtable_membership:1 classes	0	1	244
00779c05	FUN_00779c05	VNFwdDataFlow__slot_005	virtual_method	0.910	direct_apply_candidate	VNFwdDataFlow	InterblockDf@0x00b0d908	InterblockDf.slot_005	vtable_membership:1 classes	0	5	247
00779cfc	FUN_00779cfc	VNFwdDataFlow__slot_007	virtual_method	0.910	direct_apply_candidate	VNFwdDataFlow	InterblockDf@0x00b0d908	InterblockDf.slot_007	vtable_membership:1 classes	0	3	117
00779f66	FUN_00779f66	VNFwdDataFlow__slot_000	virtual_method	0.910	direct_apply_candidate	VNFwdDataFlow	InterblockDf@0x00b0d908	InterblockDf.slot_000	vtable_membership:1 classes	0	10	459
0077a131	FUN_0077a131	VNFwdDataFlow__slot_001	virtual_method	0.910	direct_apply_candidate	VNFwdDataFlow	InterblockDf@0x00b0d908	InterblockDf.slot_001	vtable_membership:1 classes	0	22	2015
0077a910	FUN_0077a910	VNFwdDataFlow__slot_011	virtual_method	0.910	direct_apply_candidate	VNFwdDataFlow	InterblockDf@0x00b0d908	InterblockDf.slot_011	vtable_membership:1 classes	0	6	293
0077ef6e	FUN_0077ef6e	backend_basetype2__slot_236	virtual_method	0.910	direct_apply_candidate	backend_basetype2	backend_dataflow@0x00b0e82c	backend_dataflow.slot_236	vtable_membership:1 classes	0	4	80
0077efbe	FUN_0077efbe	backend_basetype2__slot_237	virtual_method	0.910	direct_apply_candidate	backend_basetype2	backend_dataflow@0x00b0e82c	backend_dataflow.slot_237	vtable_membership:1 classes	1	2	67
0078596f	FUN_0078596f	std_bad_alloc__slot_002	virtual_method	0.910	direct_apply_candidate	std::bad_alloc	std_exception@0x00b0f1ec	std_exception.slot_002	vtable_membership:1 classes	0	1	17
007860d7	FUN_007860d7	std_logic_error__slot_002	virtual_method	0.910	direct_apply_candidate	std::logic_error	std_exception@0x00b0f1ec	std_exception.slot_002	vtable_membership:1 classes	0	1	17
00786121	FUN_00786121	std_length_error__slot_002	virtual_method	0.910	direct_apply_candidate	std::length_error	std_exception@0x00b0f1ec	std_exception.slot_002	vtable_membership:1 classes	1	1	17
0078785f	FUN_0078785f	std_bad_alloc__slot_002	virtual_method	0.910	direct_apply_candidate	std::bad_alloc	std_exception@0x00b0f5dc	std_exception.slot_002	vtable_membership:1 classes	0	1	17
00788252	FUN_00788252	std_logic_error__slot_002	virtual_method	0.910	direct_apply_candidate	std::logic_error	std_exception@0x00b0f5dc	std_exception.slot_002	vtable_membership:1 classes	0	1	17
0078829c	FUN_0078829c	std_length_error__slot_002	virtual_method	0.910	direct_apply_candidate	std::length_error	std_exception@0x00b0f5dc	std_exception.slot_002	vtable_membership:1 classes	7	1	17
007882e6	FUN_007882e6	std_out_of_range__slot_002	virtual_method	0.910	direct_apply_candidate	std::out_of_range	std_exception@0x00b0f5dc	std_exception.slot_002	vtable_membership:1 classes	3	1	17
0078a871	FUN_0078a871	textset__slot_005	virtual_method	0.910	direct_apply_candidate	textset	operand_parser@0x00b0c7cc	operand_parser.slot_005	vtable_membership:1 classes	0	0	10
0078a87b	FUN_0078a87b	textset__slot_021	virtual_method	0.910	direct_apply_candidate	textset	operand_parser@0x00b0c7cc	operand_parser.slot_021	vtable_membership:1 classes	0	0	10
0078a885	FUN_0078a885	statictext__slot_021	virtual_method	0.910	direct_apply_candidate	statictext	operand_parser@0x00b0c7cc	operand_parser.slot_021	vtable_membership:1 classes	0	0	10
0078a88f	FUN_0078a88f	hardcode__slot_021	virtual_method	0.910	direct_apply_candidate	hardcode	operand_parser@0x00b0c7cc	operand_parser.slot_021	vtable_membership:1 classes	0	0	10
0078a899	FUN_0078a899	choose__slot_010	virtual_method	0.910	direct_apply_candidate	choose	operand_parser@0x00b0c7cc	operand_parser.slot_010	vtable_membership:1 classes	0	0	47
0078a8c8	FUN_0078a8c8	multiple_fields__slot_011	virtual_method	0.910	direct_apply_candidate	multiple_fields	operand_parser@0x00b0c7cc	operand_parser.slot_011	vtable_membership:1 classes	0	0	45
0078a8f5	FUN_0078a8f5	multiple_fields__slot_012	virtual_method	0.910	direct_apply_candidate	multiple_fields	operand_parser@0x00b0c7cc	operand_parser.slot_012	vtable_membership:1 classes	0	0	47
0078a924	FUN_0078a924	multiple_fields__slot_014	virtual_method	0.910	direct_apply_candidate	multiple_fields	operand_parser@0x00b0c7cc	operand_parser.slot_014	vtable_membership:1 classes	0	0	47
0078a953	FUN_0078a953	multiple_fields__slot_015	virtual_method	0.910	direct_apply_candidate	multiple_fields	operand_parser@0x00b0c7cc	operand_parser.slot_015	vtable_membership:1 classes	0	0	49
0078a984	FUN_0078a984	multiple_fields__slot_016	virtual_method	0.910	direct_apply_candidate	multiple_fields	operand_parser@0x00b0c7cc	operand_parser.slot_016	vtable_membership:1 classes	0	0	47
0078a9b3	FUN_0078a9b3	multiple_fields__slot_017	virtual_method	0.910	direct_apply_candidate	multiple_fields	operand_parser@0x00b0c7cc	operand_parser.slot_017	vtable_membership:1 classes	0	0	49
0078acb8	FUN_0078acb8	register_range__slot_000	virtual_method	0.910	direct_apply_candidate	register_range	operand_parser@0x00b0c7cc	operand_parser.slot_000	vtable_membership:1 classes	0	1	238
0078ada6	FUN_0078ada6	register_range__slot_002	virtual_method	0.910	direct_apply_candidate	register_range	operand_parser@0x00b0c7cc	operand_parser.slot_002	vtable_membership:1 classes	0	1	54
0078addc	FUN_0078addc	register_range__slot_003	virtual_method	0.910	direct_apply_candidate	register_range	operand_parser@0x00b0c7cc	operand_parser.slot_003	vtable_membership:1 classes	0	1	94
0078ae3a	FUN_0078ae3a	register_range__slot_001	virtual_method	0.910	direct_apply_candidate	register_range	operand_parser@0x00b0c7cc	operand_parser.slot_001	vtable_membership:1 classes	0	6	275
0078b2a2	FUN_0078b2a2	register_range__slot_018	virtual_method	0.910	direct_apply_candidate	register_range	operand_parser@0x00b0c7cc	operand_parser.slot_018	vtable_membership:1 classes	0	2	103
0078b309	FUN_0078b309	register_range__slot_019	virtual_method	0.910	direct_apply_candidate	register_range	operand_parser@0x00b0c7cc	operand_parser.slot_019	vtable_membership:1 classes	0	0	54
0078b33f	FUN_0078b33f	register_range__slot_021	virtual_method	0.910	direct_apply_candidate	register_range	operand_parser@0x00b0c7cc	operand_parser.slot_021	vtable_membership:1 classes	0	0	54
0078b375	FUN_0078b375	register_range__slot_022	virtual_method	0.910	direct_apply_candidate	register_range	operand_parser@0x00b0c7cc	operand_parser.slot_022	vtable_membership:1 classes	0	2	97
0078b6c7	FUN_0078b6c7	register_set__slot_000	virtual_method	0.910	direct_apply_candidate	register_set	operand_parser@0x00b0c7cc	operand_parser.slot_000	vtable_membership:1 classes	0	1	276
0078b7db	FUN_0078b7db	register_set__slot_002	virtual_method	0.910	direct_apply_candidate	register_set	operand_parser@0x00b0c7cc	operand_parser.slot_002	vtable_membership:1 classes	0	1	68
0078b81f	FUN_0078b81f	register_set__slot_003	virtual_method	0.910	direct_apply_candidate	register_set	operand_parser@0x00b0c7cc	operand_parser.slot_003	vtable_membership:1 classes	0	1	140
0078b8ab	FUN_0078b8ab	register_set__slot_001	virtual_method	0.910	direct_apply_candidate	register_set	operand_parser@0x00b0c7cc	operand_parser.slot_001	vtable_membership:1 classes	0	2	124
0078bc7c	FUN_0078bc7c	register_set__slot_018	virtual_method	0.910	direct_apply_candidate	register_set	operand_parser@0x00b0c7cc	operand_parser.slot_018	vtable_membership:1 classes	0	2	103
0078bce3	FUN_0078bce3	register_set__slot_019	virtual_method	0.910	direct_apply_candidate	register_set	operand_parser@0x00b0c7cc	operand_parser.slot_019	vtable_membership:1 classes	0	0	54
0078bd19	FUN_0078bd19	register_set__slot_021	virtual_method	0.910	direct_apply_candidate	register_set	operand_parser@0x00b0c7cc	operand_parser.slot_021	vtable_membership:1 classes	0	0	54
0078bd4f	FUN_0078bd4f	register_set__slot_022	virtual_method	0.910	direct_apply_candidate	register_set	operand_parser@0x00b0c7cc	operand_parser.slot_022	vtable_membership:1 classes	0	2	97
0078c15d	FUN_0078c15d	register_implicit__slot_019	virtual_method	0.910	direct_apply_candidate	register_implicit	operand_parser@0x00b0c7cc	operand_parser.slot_019	vtable_membership:1 classes	0	0	55
0078c28b	FUN_0078c28b	immediate__slot_000	virtual_method	0.910	direct_apply_candidate	immediate	operand_parser@0x00b0c7cc	operand_parser.slot_000	vtable_membership:1 classes	0	3	2684
0078cd07	FUN_0078cd07	immediate__slot_001	virtual_method	0.910	direct_apply_candidate	immediate	operand_parser@0x00b0c7cc	operand_parser.slot_001	vtable_membership:1 classes	0	8	1560
0078db80	FUN_0078db80	statictext__slot_000	virtual_method	0.910	direct_apply_candidate	statictext	operand_parser@0x00b0c7cc	operand_parser.slot_000	vtable_membership:1 classes	0	2	114
0078dbf2	FUN_0078dbf2	statictext__slot_001	virtual_method	0.910	direct_apply_candidate	statictext	operand_parser@0x00b0c7cc	operand_parser.slot_001	vtable_membership:1 classes	0	4	265
0078dcfb	FUN_0078dcfb	statictext__slot_019	virtual_method	0.910	direct_apply_candidate	statictext	operand_parser@0x00b0c7cc	operand_parser.slot_019	vtable_membership:1 classes	0	1	72
0078dd90	FUN_0078dd90	ignore__slot_000	virtual_method	0.910	direct_apply_candidate	ignore	operand_parser@0x00b0c7cc	operand_parser.slot_000	vtable_membership:1 classes	0	0	18
0078ddf0	FUN_0078ddf0	hardcode__slot_003	virtual_method	0.910	direct_apply_candidate	hardcode	operand_parser@0x00b0c7cc	operand_parser.slot_003	vtable_membership:1 classes	0	1	99
0078de53	FUN_0078de53	hardcode__slot_002	virtual_method	0.910	direct_apply_candidate	hardcode	operand_parser@0x00b0c7cc	operand_parser.slot_002	vtable_membership:1 classes	0	1	51
0078de86	FUN_0078de86	hardcode__slot_019	virtual_method	0.910	direct_apply_candidate	hardcode	operand_parser@0x00b0c7cc	operand_parser.slot_019	vtable_membership:1 classes	0	0	10
0078dfda	FUN_0078dfda	textset__slot_000	virtual_method	0.910	direct_apply_candidate	textset	operand_parser@0x00b0c7cc	operand_parser.slot_000	vtable_membership:1 classes	0	1	247
0078e0d1	FUN_0078e0d1	textset__slot_003	virtual_method	0.910	direct_apply_candidate	textset	operand_parser@0x00b0c7cc	operand_parser.slot_003	vtable_membership:1 classes	0	1	113
0078e142	FUN_0078e142	textset__slot_001	virtual_method	0.910	direct_apply_candidate	textset	operand_parser@0x00b0c7cc	operand_parser.slot_001	vtable_membership:1 classes	0	4	362
0078e4fa	FUN_0078e4fa	compose__slot_000	virtual_method	0.910	direct_apply_candidate	compose	operand_parser@0x00b0c7cc	operand_parser.slot_000	vtable_membership:1 classes	0	5	851
0078e84d	FUN_0078e84d	compose__slot_001	virtual_method	0.910	direct_apply_candidate	compose	operand_parser@0x00b0c7cc	operand_parser.slot_001	vtable_membership:1 classes	0	1	720
0078eb1d	FUN_0078eb1d	compose__slot_002	virtual_method	0.910	direct_apply_candidate	compose	operand_parser@0x00b0c7cc	operand_parser.slot_002	vtable_membership:1 classes	0	1	282
0078ec37	FUN_0078ec37	compose__slot_003	virtual_method	0.910	direct_apply_candidate	compose	operand_parser@0x00b0c7cc	operand_parser.slot_003	vtable_membership:1 classes	0	1	301
0078ed64	FUN_0078ed64	compose__slot_004	virtual_method	0.910	direct_apply_candidate	compose	operand_parser@0x00b0c7cc	operand_parser.slot_004	vtable_membership:1 classes	0	0	512
0078ef64	FUN_0078ef64	compose__slot_018	virtual_method	0.910	direct_apply_candidate	compose	operand_parser@0x00b0c7cc	operand_parser.slot_018	vtable_membership:1 classes	0	0	227
0078f047	FUN_0078f047	compose__slot_019	virtual_method	0.910	direct_apply_candidate	compose	operand_parser@0x00b0c7cc	operand_parser.slot_019	vtable_membership:1 classes	0	0	227
0078f12a	FUN_0078f12a	compose__slot_020	virtual_method	0.910	direct_apply_candidate	compose	operand_parser@0x00b0c7cc	operand_parser.slot_020	vtable_membership:1 classes	0	1	334
0078f278	FUN_0078f278	compose__slot_021	virtual_method	0.910	direct_apply_candidate	compose	operand_parser@0x00b0c7cc	operand_parser.slot_021	vtable_membership:1 classes	0	0	227
0078f35b	FUN_0078f35b	compose__slot_022	virtual_method	0.910	direct_apply_candidate	compose	operand_parser@0x00b0c7cc	operand_parser.slot_022	vtable_membership:1 classes	0	1	257
0078f66f	FUN_0078f66f	choose__slot_000	virtual_method	0.910	direct_apply_candidate	choose	operand_parser@0x00b0c7cc	operand_parser.slot_000	vtable_membership:1 classes	0	4	734
0078f94d	FUN_0078f94d	choose__slot_001	virtual_method	0.910	direct_apply_candidate	choose	operand_parser@0x00b0c7cc	operand_parser.slot_001	vtable_membership:1 classes	0	0	173
0078f9fa	FUN_0078f9fa	choose__slot_003	virtual_method	0.910	direct_apply_candidate	choose	operand_parser@0x00b0c7cc	operand_parser.slot_003	vtable_membership:1 classes	0	1	401
0078fb8b	FUN_0078fb8b	choose__slot_002	virtual_method	0.910	direct_apply_candidate	choose	operand_parser@0x00b0c7cc	operand_parser.slot_002	vtable_membership:1 classes	0	1	206
0078fc59	FUN_0078fc59	choose__slot_004	virtual_method	0.910	direct_apply_candidate	choose	operand_parser@0x00b0c7cc	operand_parser.slot_004	vtable_membership:1 classes	0	0	151
0078fcf0	FUN_0078fcf0	choose__slot_018	virtual_method	0.910	direct_apply_candidate	choose	operand_parser@0x00b0c7cc	operand_parser.slot_018	vtable_membership:1 classes	0	1	86
0078fd46	FUN_0078fd46	choose__slot_019	virtual_method	0.910	direct_apply_candidate	choose	operand_parser@0x00b0c7cc	operand_parser.slot_019	vtable_membership:1 classes	0	1	189
0078fe03	FUN_0078fe03	choose__slot_021	virtual_method	0.910	direct_apply_candidate	choose	operand_parser@0x00b0c7cc	operand_parser.slot_021	vtable_membership:1 classes	0	1	86
0078fe59	FUN_0078fe59	choose__slot_022	virtual_method	0.910	direct_apply_candidate	choose	operand_parser@0x00b0c7cc	operand_parser.slot_022	vtable_membership:1 classes	0	1	89
0078ff0b	FUN_0078ff0b	multiple_fields__slot_000	virtual_method	0.910	direct_apply_candidate	multiple_fields	operand_parser@0x00b0c7cc	operand_parser.slot_000	vtable_membership:1 classes	0	1	70
0078ff51	FUN_0078ff51	multiple_fields__slot_001	virtual_method	0.910	direct_apply_candidate	multiple_fields	operand_parser@0x00b0c7cc	operand_parser.slot_001	vtable_membership:1 classes	0	0	42
0078ff7b	FUN_0078ff7b	multiple_fields__slot_002	virtual_method	0.910	direct_apply_candidate	multiple_fields	operand_parser@0x00b0c7cc	operand_parser.slot_002	vtable_membership:1 classes	0	1	88
0078ffd3	FUN_0078ffd3	multiple_fields__slot_003	virtual_method	0.910	direct_apply_candidate	multiple_fields	operand_parser@0x00b0c7cc	operand_parser.slot_003	vtable_membership:1 classes	0	5	391
0079015a	FUN_0079015a	multiple_fields__slot_004	virtual_method	0.910	direct_apply_candidate	multiple_fields	operand_parser@0x00b0c7cc	operand_parser.slot_004	vtable_membership:1 classes	0	0	42
00790184	FUN_00790184	multiple_fields__slot_019	virtual_method	0.910	direct_apply_candidate	multiple_fields	operand_parser@0x00b0c7cc	operand_parser.slot_019	vtable_membership:1 classes	0	0	41
007901ad	FUN_007901ad	multiple_fields__slot_021	virtual_method	0.910	direct_apply_candidate	multiple_fields	operand_parser@0x00b0c7cc	operand_parser.slot_021	vtable_membership:1 classes	0	0	41
00790349	FUN_00790349	split_fields__slot_000	virtual_method	0.910	direct_apply_candidate	split_fields	operand_parser@0x00b0c7cc	operand_parser.slot_000	vtable_membership:1 classes	0	0	52
0079037d	FUN_0079037d	split_fields__slot_001	virtual_method	0.910	direct_apply_candidate	split_fields	operand_parser@0x00b0c7cc	operand_parser.slot_001	vtable_membership:1 classes	0	0	42
007903a7	FUN_007903a7	split_fields__slot_002	virtual_method	0.910	direct_apply_candidate	split_fields	operand_parser@0x00b0c7cc	operand_parser.slot_002	vtable_membership:1 classes	0	2	155
00790442	FUN_00790442	split_fields__slot_003	virtual_method	0.910	direct_apply_candidate	split_fields	operand_parser@0x00b0c7cc	operand_parser.slot_003	vtable_membership:1 classes	0	2	210
0079059f	FUN_0079059f	register_list__slot_000	virtual_method	0.910	direct_apply_candidate	register_list	operand_parser@0x00b0c7cc	operand_parser.slot_000	vtable_membership:1 classes	0	1	614
00790805	FUN_00790805	register_list__slot_001	virtual_method	0.910	direct_apply_candidate	register_list	operand_parser@0x00b0c7cc	operand_parser.slot_001	vtable_membership:1 classes	0	2	458
00790a1c	FUN_00790a1c	mnemonic_placeholder__slot_000	virtual_method	0.910	direct_apply_candidate	mnemonic_placeholder	operand_parser@0x00b0c7cc	operand_parser.slot_000	vtable_membership:1 classes	0	0	18
00790a91	FUN_00790a91	sameas__slot_000	virtual_method	0.910	direct_apply_candidate	sameas	operand_parser@0x00b0c7cc	operand_parser.slot_000	vtable_membership:1 classes	0	1	24
00790aa9	FUN_00790aa9	sameas__slot_001	virtual_method	0.910	direct_apply_candidate	sameas	operand_parser@0x00b0c7cc	operand_parser.slot_001	vtable_membership:1 classes	0	1	20
00790b2e	FUN_00790b2e	join__slot_000	virtual_method	0.910	direct_apply_candidate	join	operand_parser@0x00b0c7cc	operand_parser.slot_000	vtable_membership:1 classes	0	11	1144
00790fa6	FUN_00790fa6	join__slot_001	virtual_method	0.910	direct_apply_candidate	join	operand_parser@0x00b0c7cc	operand_parser.slot_001	vtable_membership:1 classes	0	2	148
0079103a	FUN_0079103a	join__slot_002	virtual_method	0.910	direct_apply_candidate	join	operand_parser@0x00b0c7cc	operand_parser.slot_002	vtable_membership:1 classes	0	2	148
007910ce	FUN_007910ce	join__slot_003	virtual_method	0.910	direct_apply_candidate	join	operand_parser@0x00b0c7cc	operand_parser.slot_003	vtable_membership:1 classes	0	2	168
00791176	FUN_00791176	join__slot_019	virtual_method	0.910	direct_apply_candidate	join	operand_parser@0x00b0c7cc	operand_parser.slot_019	vtable_membership:1 classes	0	1	25
0079118f	FUN_0079118f	join__slot_020	virtual_method	0.910	direct_apply_candidate	join	operand_parser@0x00b0c7cc	operand_parser.slot_020	vtable_membership:1 classes	0	1	228
007912d2	FUN_007912d2	suffix__slot_000	virtual_method	0.910	direct_apply_candidate	suffix	operand_parser@0x00b0c7cc	operand_parser.slot_000	vtable_membership:1 classes	0	2	235
007913bd	FUN_007913bd	suffix__slot_001	virtual_method	0.910	direct_apply_candidate	suffix	operand_parser@0x00b0c7cc	operand_parser.slot_001	vtable_membership:1 classes	0	1	59
007913f8	FUN_007913f8	suffix__slot_002	virtual_method	0.910	direct_apply_candidate	suffix	operand_parser@0x00b0c7cc	operand_parser.slot_002	vtable_membership:1 classes	0	0	45
00791425	FUN_00791425	suffix__slot_003	virtual_method	0.910	direct_apply_candidate	suffix	operand_parser@0x00b0c7cc	operand_parser.slot_003	vtable_membership:1 classes	0	0	50
0079191f	FUN_0079191f	std_bad_alloc__slot_002	virtual_method	0.910	direct_apply_candidate	std::bad_alloc	std_exception@0x00b10f10	std_exception.slot_002	vtable_membership:1 classes	0	1	17
0079232f	FUN_0079232f	std_logic_error__slot_002	virtual_method	0.910	direct_apply_candidate	std::logic_error	std_exception@0x00b10f10	std_exception.slot_002	vtable_membership:1 classes	0	1	17
00792379	FUN_00792379	std_length_error__slot_002	virtual_method	0.910	direct_apply_candidate	std::length_error	std_exception@0x00b10f10	std_exception.slot_002	vtable_membership:1 classes	7	1	17
007923c3	FUN_007923c3	std_out_of_range__slot_002	virtual_method	0.910	direct_apply_candidate	std::out_of_range	std_exception@0x00b10f10	std_exception.slot_002	vtable_membership:1 classes	3	1	17
0079b5c2	FUN_0079b5c2	register_range__slot_011	virtual_method	0.910	direct_apply_candidate	register_range	operand_parser@0x00b0c7cc	operand_parser.slot_011	vtable_membership:1 classes	0	1	125
0079b63f	FUN_0079b63f	register_range__slot_012	virtual_method	0.910	direct_apply_candidate	register_range	operand_parser@0x00b0c7cc	operand_parser.slot_012	vtable_membership:1 classes	0	0	42
0079b669	FUN_0079b669	register_set__slot_011	virtual_method	0.910	direct_apply_candidate	register_set	operand_parser@0x00b0c7cc	operand_parser.slot_011	vtable_membership:1 classes	0	1	167
0079b710	FUN_0079b710	register_set__slot_012	virtual_method	0.910	direct_apply_candidate	register_set	operand_parser@0x00b0c7cc	operand_parser.slot_012	vtable_membership:1 classes	0	0	42
0079b73a	FUN_0079b73a	register_implicit__slot_011	virtual_method	0.910	direct_apply_candidate	register_implicit	operand_parser@0x00b0c7cc	operand_parser.slot_011	vtable_membership:1 classes	0	1	147
0079b7cd	FUN_0079b7cd	register_implicit__slot_012	virtual_method	0.910	direct_apply_candidate	register_implicit	operand_parser@0x00b0c7cc	operand_parser.slot_012	vtable_membership:1 classes	0	0	43
0079b7f8	FUN_0079b7f8	textset__slot_011	virtual_method	0.910	direct_apply_candidate	textset	operand_parser@0x00b0c7cc	operand_parser.slot_011	vtable_membership:1 classes	0	1	234
0079b8e2	FUN_0079b8e2	textset__slot_012	virtual_method	0.910	direct_apply_candidate	textset	operand_parser@0x00b0c7cc	operand_parser.slot_012	vtable_membership:1 classes	0	0	64
0079bc62	FUN_0079bc62	immediate__slot_012	virtual_method	0.910	direct_apply_candidate	immediate	operand_parser@0x00b0c7cc	operand_parser.slot_012	vtable_membership:1 classes	0	2	209
0079bd33	FUN_0079bd33	immediate_implicit__slot_012	virtual_method	0.910	direct_apply_candidate	immediate_implicit	operand_parser@0x00b0c7cc	operand_parser.slot_012	vtable_membership:1 classes	0	1	659
0079bfc6	FUN_0079bfc6	compose__slot_011	virtual_method	0.910	direct_apply_candidate	compose	operand_parser@0x00b0c7cc	operand_parser.slot_011	vtable_membership:1 classes	0	2	780
0079c30a	FUN_0079c30a	compose__slot_012	virtual_method	0.910	direct_apply_candidate	compose	operand_parser@0x00b0c7cc	operand_parser.slot_012	vtable_membership:1 classes	0	2	750
0079c628	FUN_0079c628	compose__slot_013	virtual_method	0.910	direct_apply_candidate	compose	operand_parser@0x00b0c7cc	operand_parser.slot_013	vtable_membership:1 classes	0	3	316
0079c8c8	FUN_0079c8c8	choose__slot_011	virtual_method	0.910	direct_apply_candidate	choose	operand_parser@0x00b0c7cc	operand_parser.slot_011	vtable_membership:1 classes	0	2	203
0079c993	FUN_0079c993	choose__slot_012	virtual_method	0.910	direct_apply_candidate	choose	operand_parser@0x00b0c7cc	operand_parser.slot_012	vtable_membership:1 classes	0	1	172
0079ca9f	FUN_0079ca9f	std_bad_alloc__slot_002	virtual_method	0.910	direct_apply_candidate	std::bad_alloc	std_exception@0x00b11aa8	std_exception.slot_002	vtable_membership:1 classes	0	1	17
0079d37b	FUN_0079d37b	std_logic_error__slot_002	virtual_method	0.910	direct_apply_candidate	std::logic_error	std_exception@0x00b11aa8	std_exception.slot_002	vtable_membership:1 classes	0	1	17
0079d3c5	FUN_0079d3c5	std_length_error__slot_002	virtual_method	0.910	direct_apply_candidate	std::length_error	std_exception@0x00b11aa8	std_exception.slot_002	vtable_membership:1 classes	1	1	17
0079d73e	FUN_0079d73e	IndInst_instopreg__slot_000	virtual_method	0.910	direct_apply_candidate	IndInst::instopreg	IndInst_instop@0x00b11f18	IndInst_instop.slot_000	vtable_membership:1 classes	0	1	39
0079d765	FUN_0079d765	IndInst_instopimm__slot_000	virtual_method	0.910	direct_apply_candidate	IndInst::instopimm	IndInst_instop@0x00b11f18	IndInst_instop.slot_000	vtable_membership:1 classes	0	1	39
0079da64	FUN_0079da64	IndInst_instopreg__slot_002	virtual_method	0.910	direct_apply_candidate	IndInst::instopreg	IndInst_instop@0x00b11f18	IndInst_instop.slot_002	vtable_membership:1 classes	0	1	75
0079dba8	FUN_0079dba8	IndInst_instopimm__slot_002	virtual_method	0.910	direct_apply_candidate	IndInst::instopimm	IndInst_instop@0x00b11f18	IndInst_instop.slot_002	vtable_membership:1 classes	0	1	130
0079dc2a	FUN_0079dc2a	IndInst_instopcomp__slot_000	virtual_method	0.910	direct_apply_candidate	IndInst::instopcomp	IndInst_instop@0x00b11f18	IndInst_instop.slot_000	vtable_membership:1 classes;direct_vtable_header_or_vptr_refs:1;write_order:IndInst::instopcomp	0	2	144
0079dcba	FUN_0079dcba	IndInst_instopcomp__slot_001	virtual_method	0.910	direct_apply_candidate	IndInst::instopcomp	IndInst_instop@0x00b11f18	IndInst_instop.slot_001	vtable_membership:1 classes	0	1	192
0079dd7a	FUN_0079dd7a	IndInst_instopcomp__slot_002	virtual_method	0.910	direct_apply_candidate	IndInst::instopcomp	IndInst_instop@0x00b11f18	IndInst_instop.slot_002	vtable_membership:1 classes	0	1	180
0079de2e	FUN_0079de2e	IndInst_instopreglist__slot_000	virtual_method	0.910	direct_apply_candidate	IndInst::instopreglist	IndInst_instop@0x00b11f18	IndInst_instop.slot_000	vtable_membership:1 classes;direct_vtable_header_or_vptr_refs:1;write_order:IndInst::instopreglist	0	1	191
0079e0ab	FUN_0079e0ab	IndInst_instopreglist__slot_002	virtual_method	0.910	direct_apply_candidate	IndInst::instopreglist	IndInst_instop@0x00b11f18	IndInst_instop.slot_002	vtable_membership:1 classes	0	1	213
0079ea6f	FUN_0079ea6f	std_bad_alloc__slot_002	virtual_method	0.910	direct_apply_candidate	std::bad_alloc	std_exception@0x00b12008	std_exception.slot_002	vtable_membership:1 classes	0	1	17
0079f4df	FUN_0079f4df	std_logic_error__slot_002	virtual_method	0.910	direct_apply_candidate	std::logic_error	std_exception@0x00b12008	std_exception.slot_002	vtable_membership:1 classes	0	1	17
0079f529	FUN_0079f529	std_length_error__slot_002	virtual_method	0.910	direct_apply_candidate	std::length_error	std_exception@0x00b12008	std_exception.slot_002	vtable_membership:1 classes	1	1	17
007a0ed0	FUN_007a0ed0	SimpleOutputGen__slot_000	virtual_method	0.910	direct_apply_candidate	SimpleOutputGen	OutputGen@0x00b12800	OutputGen.slot_000	vtable_membership:1 classes	0	2	153
007a0f69	FUN_007a0f69	SimpleOutputGen__slot_001	virtual_method	0.910	direct_apply_candidate	SimpleOutputGen	OutputGen@0x00b12800	OutputGen.slot_001	vtable_membership:1 classes	0	2	137
007a0ff2	FUN_007a0ff2	SimpleOutputGen__slot_002	virtual_method	0.910	direct_apply_candidate	SimpleOutputGen	OutputGen@0x00b12800	OutputGen.slot_002	vtable_membership:1 classes	0	1	52
007a1026	FUN_007a1026	FileOutputGen__slot_000	virtual_method	0.910	direct_apply_candidate	FileOutputGen	OutputGen@0x00b12800	OutputGen.slot_000	vtable_membership:1 classes	0	2	58
007a1060	FUN_007a1060	FileOutputGen__slot_001	virtual_method	0.910	direct_apply_candidate	FileOutputGen	OutputGen@0x00b12800	OutputGen.slot_001	vtable_membership:1 classes	0	2	56
007a1098	FUN_007a1098	FileOutputGen__slot_002	virtual_method	0.910	direct_apply_candidate	FileOutputGen	OutputGen@0x00b12800	OutputGen.slot_002	vtable_membership:1 classes	0	2	59
007a10d3	FUN_007a10d3	BufferOutputGen__slot_000	virtual_method	0.910	direct_apply_candidate	BufferOutputGen	OutputGen@0x00b12800	OutputGen.slot_000	vtable_membership:1 classes	0	1	43
007a10fe	FUN_007a10fe	BufferOutputGen__slot_001	virtual_method	0.910	direct_apply_candidate	BufferOutputGen	OutputGen@0x00b12800	OutputGen.slot_001	vtable_membership:1 classes	0	3	67
007a11cf	FUN_007a11cf	DebugOutputGen__slot_000	virtual_method	0.910	direct_apply_candidate	DebugOutputGen	OutputGen@0x00b12800	OutputGen.slot_000	vtable_membership:1 classes	0	3	106
007a1239	FUN_007a1239	DebugOutputGen__slot_001	virtual_method	0.910	direct_apply_candidate	DebugOutputGen	OutputGen@0x00b12800	OutputGen.slot_001	vtable_membership:1 classes	0	1	27
007a127c	FUN_007a127c	register_range__slot_014	virtual_method	0.910	direct_apply_candidate	register_range	operand_parser@0x00b0c7cc	operand_parser.slot_014	vtable_membership:1 classes	0	1	32
007a129c	FUN_007a129c	register_range__slot_015	virtual_method	0.910	direct_apply_candidate	register_range	operand_parser@0x00b0c7cc	operand_parser.slot_015	vtable_membership:1 classes	0	1	32
007a12bc	FUN_007a12bc	register_range__slot_016	virtual_method	0.910	direct_apply_candidate	register_range	operand_parser@0x00b0c7cc	operand_parser.slot_016	vtable_membership:1 classes	0	1	33
007a12dd	FUN_007a12dd	register_range__slot_017	virtual_method	0.910	direct_apply_candidate	register_range	operand_parser@0x00b0c7cc	operand_parser.slot_017	vtable_membership:1 classes	0	1	32
007a12fd	FUN_007a12fd	register_set__slot_014	virtual_method	0.910	direct_apply_candidate	register_set	operand_parser@0x00b0c7cc	operand_parser.slot_014	vtable_membership:1 classes	0	1	32
007a131d	FUN_007a131d	register_set__slot_015	virtual_method	0.910	direct_apply_candidate	register_set	operand_parser@0x00b0c7cc	operand_parser.slot_015	vtable_membership:1 classes	0	1	32
007a133d	FUN_007a133d	register_set__slot_016	virtual_method	0.910	direct_apply_candidate	register_set	operand_parser@0x00b0c7cc	operand_parser.slot_016	vtable_membership:1 classes	0	1	33
007a135e	FUN_007a135e	register_set__slot_017	virtual_method	0.910	direct_apply_candidate	register_set	operand_parser@0x00b0c7cc	operand_parser.slot_017	vtable_membership:1 classes	0	1	32
007a137e	FUN_007a137e	register_implicit__slot_014	virtual_method	0.910	direct_apply_candidate	register_implicit	operand_parser@0x00b0c7cc	operand_parser.slot_014	vtable_membership:1 classes	0	1	32
007a139e	FUN_007a139e	register_implicit__slot_015	virtual_method	0.910	direct_apply_candidate	register_implicit	operand_parser@0x00b0c7cc	operand_parser.slot_015	vtable_membership:1 classes	0	1	32
007a13be	FUN_007a13be	register_implicit__slot_016	virtual_method	0.910	direct_apply_candidate	register_implicit	operand_parser@0x00b0c7cc	operand_parser.slot_016	vtable_membership:1 classes	0	1	33
007a13df	FUN_007a13df	register_implicit__slot_017	virtual_method	0.910	direct_apply_candidate	register_implicit	operand_parser@0x00b0c7cc	operand_parser.slot_017	vtable_membership:1 classes	0	1	32
007a13ff	FUN_007a13ff	textset__slot_014	virtual_method	0.910	direct_apply_candidate	textset	operand_parser@0x00b0c7cc	operand_parser.slot_014	vtable_membership:1 classes	0	1	32
007a141f	FUN_007a141f	textset__slot_015	virtual_method	0.910	direct_apply_candidate	textset	operand_parser@0x00b0c7cc	operand_parser.slot_015	vtable_membership:1 classes	0	1	32
007a143f	FUN_007a143f	textset__slot_016	virtual_method	0.910	direct_apply_candidate	textset	operand_parser@0x00b0c7cc	operand_parser.slot_016	vtable_membership:1 classes	0	1	33
007a1460	FUN_007a1460	textset__slot_017	virtual_method	0.910	direct_apply_candidate	textset	operand_parser@0x00b0c7cc	operand_parser.slot_017	vtable_membership:1 classes	0	1	32
007a1501	FUN_007a1501	compose__slot_014	virtual_method	0.910	direct_apply_candidate	compose	operand_parser@0x00b0c7cc	operand_parser.slot_014	vtable_membership:1 classes	0	1	32
007a1521	FUN_007a1521	compose__slot_015	virtual_method	0.910	direct_apply_candidate	compose	operand_parser@0x00b0c7cc	operand_parser.slot_015	vtable_membership:1 classes	0	1	32
007a1541	FUN_007a1541	compose__slot_016	virtual_method	0.910	direct_apply_candidate	compose	operand_parser@0x00b0c7cc	operand_parser.slot_016	vtable_membership:1 classes	0	1	33
007a1562	FUN_007a1562	compose__slot_017	virtual_method	0.910	direct_apply_candidate	compose	operand_parser@0x00b0c7cc	operand_parser.slot_017	vtable_membership:1 classes	0	1	32
007a1582	FUN_007a1582	choose__slot_014	virtual_method	0.910	direct_apply_candidate	choose	operand_parser@0x00b0c7cc	operand_parser.slot_014	vtable_membership:1 classes	0	1	32
007a15a2	FUN_007a15a2	choose__slot_015	virtual_method	0.910	direct_apply_candidate	choose	operand_parser@0x00b0c7cc	operand_parser.slot_015	vtable_membership:1 classes	0	1	32
007a15c2	FUN_007a15c2	choose__slot_016	virtual_method	0.910	direct_apply_candidate	choose	operand_parser@0x00b0c7cc	operand_parser.slot_016	vtable_membership:1 classes	0	1	33
007a15e3	FUN_007a15e3	choose__slot_017	virtual_method	0.910	direct_apply_candidate	choose	operand_parser@0x00b0c7cc	operand_parser.slot_017	vtable_membership:1 classes	0	1	32
007a166f	FUN_007a166f	std_bad_alloc__slot_002	virtual_method	0.910	direct_apply_candidate	std::bad_alloc	std_exception@0x00b12cf4	std_exception.slot_002	vtable_membership:1 classes	0	1	17
00a91fd0	FUN_00a91fd0	std_bad_alloc__slot_002	virtual_method	0.910	direct_apply_candidate	std::bad_alloc	std_exception@0x00bd48a0	std_exception.slot_002	vtable_membership:1 classes	0	1	9
00a927c4	FUN_00a927c4	std_logic_error__slot_002	virtual_method	0.910	direct_apply_candidate	std::logic_error	std_exception@0x00bd48a0	std_exception.slot_002	vtable_membership:1 classes	0	1	9
00a92805	FUN_00a92805	std_length_error__slot_002	virtual_method	0.910	direct_apply_candidate	std::length_error	std_exception@0x00bd48a0	std_exception.slot_002	vtable_membership:1 classes	1	1	9
00a92846	FUN_00a92846	std_out_of_range__slot_002	virtual_method	0.910	direct_apply_candidate	std::out_of_range	std_exception@0x00bd48a0	std_exception.slot_002	vtable_membership:1 classes	1	1	9
