class_record_va	class_name	family_root_record_va	family_root_name	vtable_header_va	slot	this_adjust	target_va	function_name	relation_to_primary_base	base_target_va	canonical_owner_record_va	canonical_owner_name	owner_vtable_header_va	suggested_method_label	confidence
0x00abf0b0	vn_advisor_ppc_consolshift	0x00b053a8	vn_advisor	0x00abf06c	0	0	0x00665891	FUN_00665891	inherited	0x00665891	0x00b05b34	vn_advisor_consol	0x00b05934	vn_advisor_consol__vslot_000	0.82
0x00abf0b0	vn_advisor_ppc_consolshift	0x00b053a8	vn_advisor	0x00abf06c	1	0	0x0066616f	FUN_0066616f	inherited	0x0066616f	0x00b05b54	vn_advisor_consolshift	0x00b059b4	vn_advisor_consolshift__vslot_001	0.82
0x00abf0b0	vn_advisor_ppc_consolshift	0x00b053a8	vn_advisor	0x00abf06c	2	0	0x006661ce	FUN_006661ce	inherited	0x006661ce	0x00b05b54	vn_advisor_consolshift	0x00b059b4	vn_advisor_consolshift__vslot_002	0.82
0x00abf0b0	vn_advisor_ppc_consolshift	0x00b053a8	vn_advisor	0x00abf06c	3	0	0x004011b5	FUN_004011b5	override	0x00665fc4	0x00abf0b0	vn_advisor_ppc_consolshift	0x00abf06c	vn_advisor_ppc_consolshift__vslot_003	0.95
0x00abf0b0	vn_advisor_ppc_consolshift	0x00b053a8	vn_advisor	0x00abf06c	4	0	0x00401010	FUN_00401010	override	0x00666295	0x00abf0b0	vn_advisor_ppc_consolshift	0x00abf06c	vn_advisor_ppc_consolshift__vslot_004	0.95
0x00abf0b0	vn_advisor_ppc_consolshift	0x00b053a8	vn_advisor	0x00abf06c	5	0	0x00401490	FUN_00401490	override	0x006662e1	0x00abf0b0	vn_advisor_ppc_consolshift	0x00abf06c	vn_advisor_ppc_consolshift__vslot_005	0.95
0x00abf0b0	vn_advisor_ppc_consolshift	0x00b053a8	vn_advisor	0x00abf06c	6	0	0x004010cd	FUN_004010cd	override	0x006660fd	0x00abf0b0	vn_advisor_ppc_consolshift	0x00abf06c	vn_advisor_ppc_consolshift__vslot_006	0.95
0x00abf270	std::exception	0x00abf270	std::exception	0x00abf1b0	0	0	0x00405190	FUN_00405190	root_slot		0x00abf270	std::exception	0x00abf1b0	std_exception__vslot_000	0.82
0x00abf270	std::exception	0x00abf270	std::exception	0x00abf1b0	1	0	0x004051b7	FUN_004051b7	root_slot		0x00abf270	std::exception	0x00abf1b0	std_exception__vslot_001	0.82
0x00abf270	std::exception	0x00abf270	std::exception	0x00abf1b0	2	0	0x004051c3	FUN_004051c3	root_slot		0x00abf270	std::exception	0x00abf1b0	std_exception__vslot_002	0.82
0x00abf280	std::bad_alloc	0x00abf270	std::exception	0x00abf1d0	0	0	0x004051c8	FUN_004051c8	override	0x00405190	0x00abf280	std::bad_alloc	0x00abf1d0	std_bad_alloc__vslot_000	0.95
0x00abf280	std::bad_alloc	0x00abf270	std::exception	0x00abf1d0	1	0	0x004051b7	FUN_004051b7	inherited	0x004051b7	0x00abf270	std::exception	0x00abf1b0	std_exception__vslot_001	0.82
0x00abf280	std::bad_alloc	0x00abf270	std::exception	0x00abf1d0	2	0	0x004051ef	FUN_004051ef	override	0x004051c3	0x00abf280	std::bad_alloc	0x00abf1d0	std_bad_alloc__vslot_002	0.95
0x00abf290	std::logic_error	0x00abf270	std::exception	0x00abf1f0	0	0	0x00405876	FUN_00405876	override	0x00405190	0x00abf290	std::logic_error	0x00abf1f0	std_logic_error__vslot_000	0.95
0x00abf290	std::logic_error	0x00abf270	std::exception	0x00abf1f0	1	0	0x004058af	FUN_004058af	override	0x004051b7	0x00abf290	std::logic_error	0x00abf1f0	std_logic_error__vslot_001	0.95
0x00abf290	std::logic_error	0x00abf270	std::exception	0x00abf1f0	2	0	0x004058cc	FUN_004058cc	override	0x004051c3	0x00abf290	std::logic_error	0x00abf1f0	std_logic_error__vslot_002	0.95
0x00abf2a0	std::out_of_range	0x00abf270	std::exception	0x00abf210	0	0	0x004058dd	FUN_004058dd	override	0x00405876	0x00abf2a0	std::out_of_range	0x00abf210	std_out_of_range__vslot_000	0.95
0x00abf2a0	std::out_of_range	0x00abf270	std::exception	0x00abf210	1	0	0x004058af	FUN_004058af	inherited	0x004058af	0x00abf290	std::logic_error	0x00abf1f0	std_logic_error__vslot_001	0.82
0x00abf2a0	std::out_of_range	0x00abf270	std::exception	0x00abf210	2	0	0x00405916	FUN_00405916	override	0x004058cc	0x00abf2a0	std::out_of_range	0x00abf210	std_out_of_range__vslot_002	0.95
0x00abf2b0	std::runtime_error	0x00abf270	std::exception	0x00abf230	0	0	0x00405927	FUN_00405927	override	0x00405190	0x00abf2b0	std::runtime_error	0x00abf230	std_runtime_error__vslot_000	0.95
0x00abf2b0	std::runtime_error	0x00abf270	std::exception	0x00abf230	1	0	0x00405960	FUN_00405960	override	0x004051b7	0x00abf2b0	std::runtime_error	0x00abf230	std_runtime_error__vslot_001	0.95
0x00abf2b0	std::runtime_error	0x00abf270	std::exception	0x00abf230	2	0	0x0040597d	FUN_0040597d	override	0x004051c3	0x00abf2b0	std::runtime_error	0x00abf230	std_runtime_error__vslot_002	0.95
0x00abf2c0	std::overflow_error	0x00abf270	std::exception	0x00abf250	0	0	0x0040598e	FUN_0040598e	override	0x00405927	0x00abf2c0	std::overflow_error	0x00abf250	std_overflow_error__vslot_000	0.95
0x00abf2c0	std::overflow_error	0x00abf270	std::exception	0x00abf250	1	0	0x00405960	FUN_00405960	inherited	0x00405960	0x00abf2b0	std::runtime_error	0x00abf230	std_runtime_error__vslot_001	0.82
0x00abf2c0	std::overflow_error	0x00abf270	std::exception	0x00abf250	2	0	0x004059c7	FUN_004059c7	override	0x0040597d	0x00abf2c0	std::overflow_error	0x00abf250	std_overflow_error__vslot_002	0.95
0x00abfe94	backend_t	0x00b0e82c	backend_dataflow	0x00abf65c	0	0	0x00406414	FUN_00406414	override	0x00734b30	0x00abfe94	backend_t	0x00abf65c	backend_t__vslot_000	0.95
0x00abfe94	backend_t	0x00b0e82c	backend_dataflow	0x00abf65c	1	0	0x0076fdcf	FUN_0076fdcf	inherited	0x0076fdcf	0x00b0e82c	backend_dataflow	0x00b0e53c	backend_dataflow__vslot_001	0.82
0x00abfe94	backend_t	0x00b0e82c	backend_dataflow	0x00abf65c	2	0	0x00406419	FUN_00406419	override	0x00734b35	0x00abfe94	backend_t	0x00abf65c	backend_t__vslot_002	0.95
0x00abfe94	backend_t	0x00b0e82c	backend_dataflow	0x00abf65c	3	0	0x0040641e	FUN_0040641e	override	0x00734b3a	0x00abfe94	backend_t	0x00abf65c	backend_t__vslot_003	0.95
0x00abfe94	backend_t	0x00b0e82c	backend_dataflow	0x00abf65c	4	0	0x00406427	FUN_00406427	override	0x00734b43	0x00abfe94	backend_t	0x00abf65c	backend_t__vslot_004	0.95
0x00abfe94	backend_t	0x00b0e82c	backend_dataflow	0x00abf65c	5	0	0x00403387	FUN_00403387	override	0x0076fd8c	0x00abfe94	backend_t	0x00abf65c	backend_t__vslot_005	0.95
0x00abfe94	backend_t	0x00b0e82c	backend_dataflow	0x00abf65c	6	0	0x004044b4	FUN_004044b4	override	0x007692da	0x00abfe94	backend_t	0x00abf65c	backend_t__vslot_006	0.95
0x00abfe94	backend_t	0x00b0e82c	backend_dataflow	0x00abf65c	7	0	0x00401ded	FUN_00401ded	override	0x0076fd44	0x00abfe94	backend_t	0x00abf65c	backend_t__vslot_007	0.95
0x00abfe94	backend_t	0x00b0e82c	backend_dataflow	0x00abf65c	8	0	0x00402fa8	FUN_00402fa8	override	0x00766cae	0x00abfe94	backend_t	0x00abf65c	backend_t__vslot_008	0.95
0x00abfe94	backend_t	0x00b0e82c	backend_dataflow	0x00abf65c	9	0	0x00406430	FUN_00406430	override	0x00734b4c	0x00abfe94	backend_t	0x00abf65c	backend_t__vslot_009	0.95
0x00abfe94	backend_t	0x00b0e82c	backend_dataflow	0x00abf65c	10	0	0x007700a6	FUN_007700a6	inherited	0x007700a6	0x00b0e82c	backend_dataflow	0x00b0e53c	backend_dataflow__vslot_010	0.82
0x00abfe94	backend_t	0x00b0e82c	backend_dataflow	0x00abf65c	11	0	0x00406439	FUN_00406439	override	0x00734b55	0x00abfe94	backend_t	0x00abf65c	backend_t__vslot_011	0.95
0x00abfe94	backend_t	0x00b0e82c	backend_dataflow	0x00abf65c	12	0	0x00404b07	FUN_00404b07	override	0x0076fd2e	0x00abfe94	backend_t	0x00abf65c	backend_t__vslot_012	0.95
0x00abfe94	backend_t	0x00b0e82c	backend_dataflow	0x00abf65c	13	0	0x0040644d	FUN_0040644d	override	0x00734b69	0x00abfe94	backend_t	0x00abf65c	backend_t__vslot_013	0.95
0x00abfe94	backend_t	0x00b0e82c	backend_dataflow	0x00abf65c	14	0	0x00406456	FUN_00406456	override	0x00734b72	0x00abfe94	backend_t	0x00abf65c	backend_t__vslot_014	0.95
0x00abfe94	backend_t	0x00b0e82c	backend_dataflow	0x00abf65c	15	0	0x0040645f	FUN_0040645f	override	0x00734b7b	0x00abfe94	backend_t	0x00abf65c	backend_t__vslot_015	0.95
0x00abfe94	backend_t	0x00b0e82c	backend_dataflow	0x00abf65c	16	0	0x00406468	FUN_00406468	override	0x00734b84	0x00abfe94	backend_t	0x00abf65c	backend_t__vslot_016	0.95
0x00abfe94	backend_t	0x00b0e82c	backend_dataflow	0x00abf65c	17	0	0x00406477	FUN_00406477	override	0x00734b93	0x00abfe94	backend_t	0x00abf65c	backend_t__vslot_017	0.95
0x00abfe94	backend_t	0x00b0e82c	backend_dataflow	0x00abf65c	18	0	0x004064a4	FUN_004064a4	override	0x00734bc0	0x00abfe94	backend_t	0x00abf65c	backend_t__vslot_018	0.95
0x00abfe94	backend_t	0x00b0e82c	backend_dataflow	0x00abf65c	19	0	0x0040670b	FUN_0040670b	override	0x00734fee	0x00abfe94	backend_t	0x00abf65c	backend_t__vslot_019	0.95
0x00abfe94	backend_t	0x00b0e82c	backend_dataflow	0x00abf65c	20	0	0x00406714	FUN_00406714	override	0x00734ff7	0x00abfe94	backend_t	0x00abf65c	backend_t__vslot_020	0.95
0x00abfe94	backend_t	0x00b0e82c	backend_dataflow	0x00abf65c	21	0	0x0040671d	FUN_0040671d	override	0x00735000	0x00abfe94	backend_t	0x00abf65c	backend_t__vslot_021	0.95
0x00abfe94	backend_t	0x00b0e82c	backend_dataflow	0x00abf65c	22	0	0x0040672b	FUN_0040672b	override	0x0073500e	0x00abfe94	backend_t	0x00abf65c	backend_t__vslot_022	0.95
0x00abfe94	backend_t	0x00b0e82c	backend_dataflow	0x00abf65c	23	0	0x004050d2	FUN_004050d2	override	0x0073501d	0x00abfe94	backend_t	0x00abf65c	backend_t__vslot_023	0.95
0x00abfe94	backend_t	0x00b0e82c	backend_dataflow	0x00abf65c	24	0	0x0077017f	FUN_0077017f	inherited	0x0077017f	0x00b0e82c	backend_dataflow	0x00b0e53c	backend_dataflow__vslot_024	0.82
0x00abfe94	backend_t	0x00b0e82c	backend_dataflow	0x00abf65c	25	0	0x007711eb	FUN_007711eb	inherited	0x007711eb	0x00b0e82c	backend_dataflow	0x00b0e53c	backend_dataflow__vslot_025	0.82
0x00abfe94	backend_t	0x00b0e82c	backend_dataflow	0x00abf65c	26	0	0x004064ae	FUN_004064ae	override	0x00734bca	0x00abfe94	backend_t	0x00abf65c	backend_t__vslot_026	0.95
0x00abfe94	backend_t	0x00b0e82c	backend_dataflow	0x00abf65c	27	0	0x00405128	FUN_00405128	override	0x00734bdf	0x00abfe94	backend_t	0x00abf65c	backend_t__vslot_027	0.95
0x00abfe94	backend_t	0x00b0e82c	backend_dataflow	0x00abf65c	28	0	0x005bc53a	FUN_005bc53a	inherited	0x005bc53a	0x00afc4e0	backend_basetype	0x00afbb90	backend_basetype__vslot_028	0.82
0x00abfe94	backend_t	0x00b0e82c	backend_dataflow	0x00abf65c	29	0	0x00401024	FUN_00401024	override	0x00734be8	0x00abfe94	backend_t	0x00abf65c	backend_t__vslot_029	0.95
0x00abfe94	backend_t	0x00b0e82c	backend_dataflow	0x00abf65c	30	0	0x005bc5d3	FUN_005bc5d3	inherited	0x005bc5d3	0x00afc4e0	backend_basetype	0x00afbb90	backend_basetype__vslot_030	0.82
0x00abfe94	backend_t	0x00b0e82c	backend_dataflow	0x00abf65c	31	0	0x005bc608	FUN_005bc608	inherited	0x005bc608	0x00afc4e0	backend_basetype	0x00afbb90	backend_basetype__vslot_031	0.82
0x00abfe94	backend_t	0x00b0e82c	backend_dataflow	0x00abf65c	32	0	0x005bc63d	FUN_005bc63d	inherited	0x005bc63d	0x00afc4e0	backend_basetype	0x00afbb90	backend_basetype__vslot_032	0.82
0x00abfe94	backend_t	0x00b0e82c	backend_dataflow	0x00abf65c	33	0	0x005bc6a7	FUN_005bc6a7	inherited	0x005bc6a7	0x00afc4e0	backend_basetype	0x00afbb90	backend_basetype__vslot_033	0.82
0x00abfe94	backend_t	0x00b0e82c	backend_dataflow	0x00abf65c	34	0	0x004064c3	FUN_004064c3	override	0x00734bf2	0x00abfe94	backend_t	0x00abf65c	backend_t__vslot_034	0.95
0x00abfe94	backend_t	0x00b0e82c	backend_dataflow	0x00abf65c	35	0	0x005bc801	FUN_005bc801	inherited	0x005bc801	0x00afc4e0	backend_basetype	0x00afbb90	backend_basetype__vslot_035	0.82
0x00abfe94	backend_t	0x00b0e82c	backend_dataflow	0x00abf65c	36	0	0x005bc8c2	FUN_005bc8c2	inherited	0x005bc8c2	0x00afc4e0	backend_basetype	0x00afbb90	backend_basetype__vslot_036	0.82
0x00abfe94	backend_t	0x00b0e82c	backend_dataflow	0x00abf65c	37	0	0x005bc947	FUN_005bc947	inherited	0x005bc947	0x00afc4e0	backend_basetype	0x00afbb90	backend_basetype__vslot_037	0.82
0x00abfe94	backend_t	0x00b0e82c	backend_dataflow	0x00abf65c	38	0	0x0042420b	FUN_0042420b	override	0x005bca13	0x00abfe94	backend_t	0x00abf65c	backend_t__vslot_038	0.95
0x00abfe94	backend_t	0x00b0e82c	backend_dataflow	0x00abf65c	39	0	0x004239de	FUN_004239de	override	0x005bca59	0x00abfe94	backend_t	0x00abf65c	backend_t__vslot_039	0.95
0x00abfe94	backend_t	0x00b0e82c	backend_dataflow	0x00abf65c	40	0	0x004064cd	FUN_004064cd	override	0x00734bfc	0x00abfe94	backend_t	0x00abf65c	backend_t__vslot_040	0.95
0x00abfe94	backend_t	0x00b0e82c	backend_dataflow	0x00abf65c	41	0	0x005bca8e	FUN_005bca8e	inherited	0x005bca8e	0x00afc4e0	backend_basetype	0x00afbb90	backend_basetype__vslot_041	0.82
0x00abfe94	backend_t	0x00b0e82c	backend_dataflow	0x00abf65c	42	0	0x005bca93	FUN_005bca93	inherited	0x005bca93	0x00afc4e0	backend_basetype	0x00afbb90	backend_basetype__vslot_042	0.82
0x00abfe94	backend_t	0x00b0e82c	backend_dataflow	0x00abf65c	43	0	0x004241a3	FUN_004241a3	override	0x00734c05	0x00abfe94	backend_t	0x00abf65c	backend_t__vslot_043	0.95
0x00abfe94	backend_t	0x00b0e82c	backend_dataflow	0x00abf65c	44	0	0x004064d6	FUN_004064d6	override	0x00734c0e	0x00abfe94	backend_t	0x00abf65c	backend_t__vslot_044	0.95
0x00abfe94	backend_t	0x00b0e82c	backend_dataflow	0x00abf65c	45	0	0x005bca9c	FUN_005bca9c	inherited	0x005bca9c	0x00afc4e0	backend_basetype	0x00afbb90	backend_basetype__vslot_045	0.82
0x00abfe94	backend_t	0x00b0e82c	backend_dataflow	0x00abf65c	46	0	0x005bcaa5	FUN_005bcaa5	inherited	0x005bcaa5	0x00afc4e0	backend_basetype	0x00afbb90	backend_basetype__vslot_046	0.82
0x00abfe94	backend_t	0x00b0e82c	backend_dataflow	0x00abf65c	47	0	0x005bcaae	FUN_005bcaae	inherited	0x005bcaae	0x00afc4e0	backend_basetype	0x00afbb90	backend_basetype__vslot_047	0.82
0x00abfe94	backend_t	0x00b0e82c	backend_dataflow	0x00abf65c	48	0	0x005bcab7	FUN_005bcab7	inherited	0x005bcab7	0x00afc4e0	backend_basetype	0x00afbb90	backend_basetype__vslot_048	0.82
0x00abfe94	backend_t	0x00b0e82c	backend_dataflow	0x00abf65c	49	0	0x005bcac0	FUN_005bcac0	inherited	0x005bcac0	0x00afc4e0	backend_basetype	0x00afbb90	backend_basetype__vslot_049	0.82
0x00abfe94	backend_t	0x00b0e82c	backend_dataflow	0x00abf65c	50	0	0x005bcac9	FUN_005bcac9	inherited	0x005bcac9	0x00afc4e0	backend_basetype	0x00afbb90	backend_basetype__vslot_050	0.82
0x00abfe94	backend_t	0x00b0e82c	backend_dataflow	0x00abf65c	51	0	0x005bcad2	FUN_005bcad2	inherited	0x005bcad2	0x00afc4e0	backend_basetype	0x00afbb90	backend_basetype__vslot_051	0.82
0x00abfe94	backend_t	0x00b0e82c	backend_dataflow	0x00abf65c	52	0	0x005bcadc	FUN_005bcadc	inherited	0x005bcadc	0x00afc4e0	backend_basetype	0x00afbb90	backend_basetype__vslot_052	0.82
0x00abfe94	backend_t	0x00b0e82c	backend_dataflow	0x00abf65c	53	0	0x005bcae5	FUN_005bcae5	inherited	0x005bcae5	0x00afc4e0	backend_basetype	0x00afbb90	backend_basetype__vslot_053	0.82
0x00abfe94	backend_t	0x00b0e82c	backend_dataflow	0x00abf65c	54	0	0x005bcaee	FUN_005bcaee	inherited	0x005bcaee	0x00afc4e0	backend_basetype	0x00afbb90	backend_basetype__vslot_054	0.82
0x00abfe94	backend_t	0x00b0e82c	backend_dataflow	0x00abf65c	55	0	0x005bde39	FUN_005bde39	inherited	0x005bde39	0x00afc4e0	backend_basetype	0x00afbb90	backend_basetype__vslot_055	0.82
0x00abfe94	backend_t	0x00b0e82c	backend_dataflow	0x00abf65c	56	0	0x005bde42	FUN_005bde42	inherited	0x005bde42	0x00afc4e0	backend_basetype	0x00afbb90	backend_basetype__vslot_056	0.82
0x00abfe94	backend_t	0x00b0e82c	backend_dataflow	0x00abf65c	57	0	0x005bde4b	FUN_005bde4b	inherited	0x005bde4b	0x00afc4e0	backend_basetype	0x00afbb90	backend_basetype__vslot_057	0.82
0x00abfe94	backend_t	0x00b0e82c	backend_dataflow	0x00abf65c	58	0	0x004064df	FUN_004064df	override	0x00734c17	0x00abfe94	backend_t	0x00abf65c	backend_t__vslot_058	0.95
0x00abfe94	backend_t	0x00b0e82c	backend_dataflow	0x00abf65c	59	0	0x0046f5c7	FUN_0046f5c7	override	0x005bcaf7	0x00abfe94	backend_t	0x00abf65c	backend_t__vslot_059	0.95
0x00abfe94	backend_t	0x00b0e82c	backend_dataflow	0x00abf65c	60	0	0x0046f8f7	FUN_0046f8f7	override	0x005bcb00	0x00abfe94	backend_t	0x00abf65c	backend_t__vslot_060	0.95
0x00abfe94	backend_t	0x00b0e82c	backend_dataflow	0x00abf65c	61	0	0x0072f96d	FUN_0072f96d	inherited	0x0072f96d	0x00afc4e0	backend_basetype	0x00afbb90	backend_basetype__vslot_061	0.82
0x00abfe94	backend_t	0x00b0e82c	backend_dataflow	0x00abf65c	62	0	0x004064e8	FUN_004064e8	override	0x00734c20	0x00abfe94	backend_t	0x00abf65c	backend_t__vslot_062	0.95
0x00abfe94	backend_t	0x00b0e82c	backend_dataflow	0x00abf65c	63	0	0x00469105	FUN_00469105	override	0x005bca85	0x00abfe94	backend_t	0x00abf65c	backend_t__vslot_063	0.95
0x00abfe94	backend_t	0x00b0e82c	backend_dataflow	0x00abf65c	64	0	0x0047c2f4	FUN_0047c2f4	override	0x005bcb05	0x00abfe94	backend_t	0x00abf65c	backend_t__vslot_064	0.95
0x00abfe94	backend_t	0x00b0e82c	backend_dataflow	0x00abf65c	65	0	0x00424088	FUN_00424088	override	0x00734c25	0x00abfe94	backend_t	0x00abf65c	backend_t__vslot_065	0.95
0x00abfe94	backend_t	0x00b0e82c	backend_dataflow	0x00abf65c	66	0	0x00735592	FUN_00735592	inherited	0x00735592	0x00b0b784	backend_basetype2	0x00b0af4c	backend_basetype2__vslot_066	0.82
0x00abfe94	backend_t	0x00b0e82c	backend_dataflow	0x00abf65c	67	0	0x0047196d	FUN_0047196d	override	0x00734c2e	0x00abfe94	backend_t	0x00abf65c	backend_t__vslot_067	0.95
0x00abfe94	backend_t	0x00b0e82c	backend_dataflow	0x00abf65c	68	0	0x007353e2	FUN_007353e2	inherited	0x007353e2	0x00b0b784	backend_basetype2	0x00b0af4c	backend_basetype2__vslot_068	0.82
0x00abfe94	backend_t	0x00b0e82c	backend_dataflow	0x00abf65c	69	0	0x004a45f0	FUN_004a45f0	override	0x0073542d	0x00abfe94	backend_t	0x00abf65c	backend_t__vslot_069	0.95
0x00abfe94	backend_t	0x00b0e82c	backend_dataflow	0x00abf65c	70	0	0x004711e8	FUN_004711e8	override	0x00734c37	0x00abfe94	backend_t	0x00abf65c	backend_t__vslot_070	0.95
0x00abfe94	backend_t	0x00b0e82c	backend_dataflow	0x00abf65c	71	0	0x0046f93f	FUN_0046f93f	override	0x00734c40	0x00abfe94	backend_t	0x00abf65c	backend_t__vslot_071	0.95
0x00abfe94	backend_t	0x00b0e82c	backend_dataflow	0x00abf65c	72	0	0x007354ed	FUN_007354ed	inherited	0x007354ed	0x00b0b784	backend_basetype2	0x00b0af4c	backend_basetype2__vslot_072	0.82
0x00abfe94	backend_t	0x00b0e82c	backend_dataflow	0x00abf65c	73	0	0x00471795	FUN_00471795	override	0x00734c49	0x00abfe94	backend_t	0x00abf65c	backend_t__vslot_073	0.95
0x00abfe94	backend_t	0x00b0e82c	backend_dataflow	0x00abf65c	74	0	0x00471769	FUN_00471769	override	0x00734c52	0x00abfe94	backend_t	0x00abf65c	backend_t__vslot_074	0.95
0x00abfe94	backend_t	0x00b0e82c	backend_dataflow	0x00abf65c	75	0	0x004064ed	FUN_004064ed	override	0x00734c57	0x00abfe94	backend_t	0x00abf65c	backend_t__vslot_075	0.95
0x00abfe94	backend_t	0x00b0e82c	backend_dataflow	0x00abf65c	76	0	0x004064f2	FUN_004064f2	override	0x00734c5c	0x00abfe94	backend_t	0x00abf65c	backend_t__vslot_076	0.95
0x00abfe94	backend_t	0x00b0e82c	backend_dataflow	0x00abf65c	77	0	0x007355be	FUN_007355be	inherited	0x007355be	0x00b0b784	backend_basetype2	0x00b0af4c	backend_basetype2__vslot_077	0.82
0x00abfe94	backend_t	0x00b0e82c	backend_dataflow	0x00abf65c	78	0	0x004064f7	FUN_004064f7	override	0x00734c61	0x00abfe94	backend_t	0x00abf65c	backend_t__vslot_078	0.95
0x00abfe94	backend_t	0x00b0e82c	backend_dataflow	0x00abf65c	79	0	0x00406505	FUN_00406505	override	0x00734c6f	0x00abfe94	backend_t	0x00abf65c	backend_t__vslot_079	0.95
0x00abfe94	backend_t	0x00b0e82c	backend_dataflow	0x00abf65c	80	0	0x0040650e	FUN_0040650e	override	0x00734c78	0x00abfe94	backend_t	0x00abf65c	backend_t__vslot_080	0.95
0x00abfe94	backend_t	0x00b0e82c	backend_dataflow	0x00abf65c	81	0	0x00473a91	FUN_00473a91	override	0x00734c88	0x00abfe94	backend_t	0x00abf65c	backend_t__vslot_081	0.95
0x00abfe94	backend_t	0x00b0e82c	backend_dataflow	0x00abf65c	82	0	0x005bcf2f	FUN_005bcf2f	inherited	0x005bcf2f	0x00afc4e0	backend_basetype	0x00afbb90	backend_basetype__vslot_082	0.82
0x00abfe94	backend_t	0x00b0e82c	backend_dataflow	0x00abf65c	83	0	0x0040651e	FUN_0040651e	override	0x00734c92	0x00abfe94	backend_t	0x00abf65c	backend_t__vslot_083	0.95
0x00abfe94	backend_t	0x00b0e82c	backend_dataflow	0x00abf65c	84	0	0x00735743	FUN_00735743	inherited	0x00735743	0x00b0b784	backend_basetype2	0x00b0af4c	backend_basetype2__vslot_084	0.82
0x00abfe94	backend_t	0x00b0e82c	backend_dataflow	0x00abf65c	85	0	0x0077f001	FUN_0077f001	inherited	0x0077f001	0x00afc4e0	backend_basetype	0x00afbb90	backend_basetype__vslot_085	0.82
0x00abfe94	backend_t	0x00b0e82c	backend_dataflow	0x00abf65c	86	0	0x0077f05d	FUN_0077f05d	inherited	0x0077f05d	0x00afc4e0	backend_basetype	0x00afbb90	backend_basetype__vslot_086	0.82
0x00abfe94	backend_t	0x00b0e82c	backend_dataflow	0x00abf65c	87	0	0x00406527	FUN_00406527	override	0x00734c9b	0x00abfe94	backend_t	0x00abf65c	backend_t__vslot_087	0.95
0x00abfe94	backend_t	0x00b0e82c	backend_dataflow	0x00abf65c	88	0	0x00406530	FUN_00406530	override	0x00734ca4	0x00abfe94	backend_t	0x00abf65c	backend_t__vslot_088	0.95
0x00abfe94	backend_t	0x00b0e82c	backend_dataflow	0x00abf65c	89	0	0x00406535	FUN_00406535	override	0x00734ca9	0x00abfe94	backend_t	0x00abf65c	backend_t__vslot_089	0.95
0x00abfe94	backend_t	0x00b0e82c	backend_dataflow	0x00abf65c	90	0	0x0040653a	FUN_0040653a	override	0x00734cae	0x00abfe94	backend_t	0x00abf65c	backend_t__vslot_090	0.95
0x00abfe94	backend_t	0x00b0e82c	backend_dataflow	0x00abf65c	91	0	0x005bdbcd	FUN_005bdbcd	inherited	0x005bdbcd	0x00afc4e0	backend_basetype	0x00afbb90	backend_basetype__vslot_091	0.82
0x00abfe94	backend_t	0x00b0e82c	backend_dataflow	0x00abf65c	92	0	0x006cd518	FUN_006cd518	inherited	0x006cd518	0x00afc4e0	backend_basetype	0x00afbb90	backend_basetype__vslot_092	0.82
0x00abfe94	backend_t	0x00b0e82c	backend_dataflow	0x00abf65c	93	0	0x00406544	FUN_00406544	override	0x00734cb8	0x00abfe94	backend_t	0x00abf65c	backend_t__vslot_093	0.95
0x00abfe94	backend_t	0x00b0e82c	backend_dataflow	0x00abf65c	94	0	0x006fc36e	FUN_006fc36e	inherited	0x006fc36e	0x00afc4e0	backend_basetype	0x00afbb90	backend_basetype__vslot_094	0.82
0x00abfe94	backend_t	0x00b0e82c	backend_dataflow	0x00abf65c	95	0	0x006fc4f2	FUN_006fc4f2	inherited	0x006fc4f2	0x00afc4e0	backend_basetype	0x00afbb90	backend_basetype__vslot_095	0.82
0x00abfe94	backend_t	0x00b0e82c	backend_dataflow	0x00abf65c	96	0	0x006c8f2b	FUN_006c8f2b	inherited	0x006c8f2b	0x00afc4e0	backend_basetype	0x00afbb90	backend_basetype__vslot_096	0.82
0x00abfe94	backend_t	0x00b0e82c	backend_dataflow	0x00abf65c	97	0	0x007352a0	FUN_007352a0	inherited	0x007352a0	0x00b0b784	backend_basetype2	0x00b0af4c	backend_basetype2__vslot_097	0.82
0x00abfe94	backend_t	0x00b0e82c	backend_dataflow	0x00abf65c	98	0	0x007352ea	FUN_007352ea	inherited	0x007352ea	0x00b0b784	backend_basetype2	0x00b0af4c	backend_basetype2__vslot_098	0.82
0x00abfe94	backend_t	0x00b0e82c	backend_dataflow	0x00abf65c	99	0	0x00735341	FUN_00735341	inherited	0x00735341	0x00b0b784	backend_basetype2	0x00b0af4c	backend_basetype2__vslot_099	0.82
0x00abfe94	backend_t	0x00b0e82c	backend_dataflow	0x00abf65c	100	0	0x0073538b	FUN_0073538b	inherited	0x0073538b	0x00b0b784	backend_basetype2	0x00b0af4c	backend_basetype2__vslot_100	0.82
0x00abfe94	backend_t	0x00b0e82c	backend_dataflow	0x00abf65c	101	0	0x00735612	FUN_00735612	inherited	0x00735612	0x00b0b784	backend_basetype2	0x00b0af4c	backend_basetype2__vslot_101	0.82
0x00abfe94	backend_t	0x00b0e82c	backend_dataflow	0x00abf65c	102	0	0x0073561b	FUN_0073561b	inherited	0x0073561b	0x00b0b784	backend_basetype2	0x00b0af4c	backend_basetype2__vslot_102	0.82
0x00abfe94	backend_t	0x00b0e82c	backend_dataflow	0x00abf65c	103	0	0x0040654e	FUN_0040654e	override	0x00734cc2	0x00abfe94	backend_t	0x00abf65c	backend_t__vslot_103	0.95
0x00abfe94	backend_t	0x00b0e82c	backend_dataflow	0x00abf65c	104	0	0x0040655d	FUN_0040655d	override	0x00734cd1	0x00abfe94	backend_t	0x00abf65c	backend_t__vslot_104	0.95
0x00abfe94	backend_t	0x00b0e82c	backend_dataflow	0x00abf65c	105	0	0x00486abc	FUN_00486abc	override	0x00734cdb	0x00abfe94	backend_t	0x00abf65c	backend_t__vslot_105	0.95
0x00abfe94	backend_t	0x00b0e82c	backend_dataflow	0x00abf65c	106	0	0x00486b20	FUN_00486b20	override	0x00734d45	0x00abfe94	backend_t	0x00abf65c	backend_t__vslot_106	0.95
0x00abfe94	backend_t	0x00b0e82c	backend_dataflow	0x00abf65c	107	0	0x00486ae9	FUN_00486ae9	override	0x00734d53	0x00abfe94	backend_t	0x00abf65c	backend_t__vslot_107	0.95
0x00abfe94	backend_t	0x00b0e82c	backend_dataflow	0x00abf65c	108	0	0x004869f9	FUN_004869f9	override	0x00734d61	0x00abfe94	backend_t	0x00abf65c	backend_t__vslot_108	0.95
0x00abfe94	backend_t	0x00b0e82c	backend_dataflow	0x00abf65c	109	0	0x00486b57	FUN_00486b57	override	0x00734d6f	0x00abfe94	backend_t	0x00abf65c	backend_t__vslot_109	0.95
0x00abfe94	backend_t	0x00b0e82c	backend_dataflow	0x00abf65c	110	0	0x005bcb18	FUN_005bcb18	inherited	0x005bcb18	0x00afc4e0	backend_basetype	0x00afbb90	backend_basetype__vslot_110	0.82
0x00abfe94	backend_t	0x00b0e82c	backend_dataflow	0x00abf65c	111	0	0x005bcb51	FUN_005bcb51	inherited	0x005bcb51	0x00afc4e0	backend_basetype	0x00afbb90	backend_basetype__vslot_111	0.82
0x00abfe94	backend_t	0x00b0e82c	backend_dataflow	0x00abf65c	112	0	0x00424164	FUN_00424164	override	0x005bdbaa	0x00abfe94	backend_t	0x00abf65c	backend_t__vslot_112	0.95
0x00abfe94	backend_t	0x00b0e82c	backend_dataflow	0x00abf65c	113	0	0x00739d9d	FUN_00739d9d	inherited	0x00739d9d	0x00afc4e0	backend_basetype	0x00afbb90	backend_basetype__vslot_113	0.82
0x00abfe94	backend_t	0x00b0e82c	backend_dataflow	0x00abf65c	114	0	0x005bcb13	FUN_005bcb13	inherited	0x005bcb13	0x00afc4e0	backend_basetype	0x00afbb90	backend_basetype__vslot_114	0.82
0x00abfe94	backend_t	0x00b0e82c	backend_dataflow	0x00abf65c	115	0	0x005bccd3	FUN_005bccd3	inherited	0x005bccd3	0x00afc4e0	backend_basetype	0x00afbb90	backend_basetype__vslot_115	0.82
0x00abfe94	backend_t	0x00b0e82c	backend_dataflow	0x00abf65c	116	0	0x005bcb0a	FUN_005bcb0a	inherited	0x005bcb0a	0x00afc4e0	backend_basetype	0x00afbb90	backend_basetype__vslot_116	0.82
0x00abfe94	backend_t	0x00b0e82c	backend_dataflow	0x00abf65c	117	0	0x00406567	FUN_00406567	override	0x00734d7d	0x00abfe94	backend_t	0x00abf65c	backend_t__vslot_117	0.95
0x00abfe94	backend_t	0x00b0e82c	backend_dataflow	0x00abf65c	118	0	0x005bccd8	FUN_005bccd8	inherited	0x005bccd8	0x00afc4e0	backend_basetype	0x00afbb90	backend_basetype__vslot_118	0.82
0x00abfe94	backend_t	0x00b0e82c	backend_dataflow	0x00abf65c	119	0	0x005bcce1	FUN_005bcce1	inherited	0x005bcce1	0x00afc4e0	backend_basetype	0x00afbb90	backend_basetype__vslot_119	0.82
0x00abfe94	backend_t	0x00b0e82c	backend_dataflow	0x00abf65c	120	0	0x00406770	FUN_00406770	override	0x00735098	0x00abfe94	backend_t	0x00abf65c	backend_t__vslot_120	0.95
0x00abfe94	backend_t	0x00b0e82c	backend_dataflow	0x00abf65c	121	0	0x004067a8	FUN_004067a8	override	0x007350d0	0x00abfe94	backend_t	0x00abf65c	backend_t__vslot_121	0.95
0x00abfe94	backend_t	0x00b0e82c	backend_dataflow	0x00abf65c	122	0	0x00406570	FUN_00406570	override	0x00734d86	0x00abfe94	backend_t	0x00abf65c	backend_t__vslot_122	0.95
0x00abfe94	backend_t	0x00b0e82c	backend_dataflow	0x00abf65c	123	0	0x00406579	FUN_00406579	override	0x00734d8f	0x00abfe94	backend_t	0x00abf65c	backend_t__vslot_123	0.95
0x00abfe94	backend_t	0x00b0e82c	backend_dataflow	0x00abf65c	124	0	0x00406582	FUN_00406582	override	0x00734d98	0x00abfe94	backend_t	0x00abf65c	backend_t__vslot_124	0.95
0x00abfe94	backend_t	0x00b0e82c	backend_dataflow	0x00abf65c	125	0	0x0040658b	FUN_0040658b	override	0x00734da1	0x00abfe94	backend_t	0x00abf65c	backend_t__vslot_125	0.95
0x00abfe94	backend_t	0x00b0e82c	backend_dataflow	0x00abf65c	126	0	0x00406594	FUN_00406594	override	0x00734daa	0x00abfe94	backend_t	0x00abf65c	backend_t__vslot_126	0.95
0x00abfe94	backend_t	0x00b0e82c	backend_dataflow	0x00abf65c	127	0	0x005bde20	FUN_005bde20	inherited	0x005bde20	0x00afc4e0	backend_basetype	0x00afbb90	backend_basetype__vslot_127	0.82
0x00abfe94	backend_t	0x00b0e82c	backend_dataflow	0x00abf65c	128	0	0x0040735e	FUN_0040735e	override	0x00734db3	0x00abfe94	backend_t	0x00abf65c	backend_t__vslot_128	0.95
0x00abfe94	backend_t	0x00b0e82c	backend_dataflow	0x00abf65c	129	0	0x0040659d	FUN_0040659d	override	0x00734e16	0x00abfe94	backend_t	0x00abf65c	backend_t__vslot_129	0.95
0x00abfe94	backend_t	0x00b0e82c	backend_dataflow	0x00abf65c	130	0	0x005bccea	FUN_005bccea	inherited	0x005bccea	0x00afc4e0	backend_basetype	0x00afbb90	backend_basetype__vslot_130	0.82
0x00abfe94	backend_t	0x00b0e82c	backend_dataflow	0x00abf65c	131	0	0x005bce00	FUN_005bce00	inherited	0x005bce00	0x00afc4e0	backend_basetype	0x00afbb90	backend_basetype__vslot_131	0.82
0x00abfe94	backend_t	0x00b0e82c	backend_dataflow	0x00abf65c	132	0	0x004065a2	FUN_004065a2	override	0x00734e1b	0x00abfe94	backend_t	0x00abf65c	backend_t__vslot_132	0.95
0x00abfe94	backend_t	0x00b0e82c	backend_dataflow	0x00abf65c	133	0	0x004221e8	FUN_004221e8	override	0x005bce2d	0x00abfe94	backend_t	0x00abf65c	backend_t__vslot_133	0.95
0x00abfe94	backend_t	0x00b0e82c	backend_dataflow	0x00abf65c	134	0	0x004a4615	FUN_004a4615	override	0x005bce7d	0x00abfe94	backend_t	0x00abf65c	backend_t__vslot_134	0.95
0x00abfe94	backend_t	0x00b0e82c	backend_dataflow	0x00abf65c	135	0	0x005bceca	FUN_005bceca	inherited	0x005bceca	0x00afc4e0	backend_basetype	0x00afbb90	backend_basetype__vslot_135	0.82
0x00abfe94	backend_t	0x00b0e82c	backend_dataflow	0x00abf65c	136	0	0x005bcecf	FUN_005bcecf	inherited	0x005bcecf	0x00afc4e0	backend_basetype	0x00afbb90	backend_basetype__vslot_136	0.82
0x00abfe94	backend_t	0x00b0e82c	backend_dataflow	0x00abf65c	137	0	0x005bcef3	FUN_005bcef3	inherited	0x005bcef3	0x00afc4e0	backend_basetype	0x00afbb90	backend_basetype__vslot_137	0.82
0x00abfe94	backend_t	0x00b0e82c	backend_dataflow	0x00abf65c	138	0	0x004065ab	FUN_004065ab	override	0x00734e24	0x00abfe94	backend_t	0x00abf65c	backend_t__vslot_138	0.95
0x00abfe94	backend_t	0x00b0e82c	backend_dataflow	0x00abf65c	139	0	0x005bd353	FUN_005bd353	inherited	0x005bd353	0x00afc4e0	backend_basetype	0x00afbb90	backend_basetype__vslot_139	0.82
0x00abfe94	backend_t	0x00b0e82c	backend_dataflow	0x00abf65c	140	0	0x00470998	FUN_00470998	override	0x00734e2d	0x00abfe94	backend_t	0x00abf65c	backend_t__vslot_140	0.95
0x00abfe94	backend_t	0x00b0e82c	backend_dataflow	0x00abf65c	141	0	0x004065b4	FUN_004065b4	override	0x00734e32	0x00abfe94	backend_t	0x00abf65c	backend_t__vslot_141	0.95
0x00abfe94	backend_t	0x00b0e82c	backend_dataflow	0x00abf65c	142	0	0x00424b8f	FUN_00424b8f	override	0x00734e37	0x00abfe94	backend_t	0x00abf65c	backend_t__vslot_142	0.95
0x00abfe94	backend_t	0x00b0e82c	backend_dataflow	0x00abf65c	143	0	0x00424b5d	FUN_00424b5d	override	0x00734e3c	0x00abfe94	backend_t	0x00abf65c	backend_t__vslot_143	0.95
0x00abfe94	backend_t	0x00b0e82c	backend_dataflow	0x00abf65c	144	0	0x004065b9	FUN_004065b9	override	0x00734e41	0x00abfe94	backend_t	0x00abf65c	backend_t__vslot_144	0.95
0x00abfe94	backend_t	0x00b0e82c	backend_dataflow	0x00abf65c	145	0	0x004065be	FUN_004065be	override	0x00734e46	0x00abfe94	backend_t	0x00abf65c	backend_t__vslot_145	0.95
0x00abfe94	backend_t	0x00b0e82c	backend_dataflow	0x00abf65c	146	0	0x004065cd	FUN_004065cd	override	0x00734e55	0x00abfe94	backend_t	0x00abf65c	backend_t__vslot_146	0.95
0x00abfe94	backend_t	0x00b0e82c	backend_dataflow	0x00abf65c	147	0	0x004065d2	FUN_004065d2	override	0x00734e5a	0x00abfe94	backend_t	0x00abf65c	backend_t__vslot_147	0.95
0x00abfe94	backend_t	0x00b0e82c	backend_dataflow	0x00abf65c	148	0	0x004065d7	FUN_004065d7	override	0x00734e5f	0x00abfe94	backend_t	0x00abf65c	backend_t__vslot_148	0.95
0x00abfe94	backend_t	0x00b0e82c	backend_dataflow	0x00abf65c	149	0	0x0073bd67	FUN_0073bd67	inherited	0x0073bd67	0x00afc4e0	backend_basetype	0x00afbb90	backend_basetype__vslot_149	0.82
0x00abfe94	backend_t	0x00b0e82c	backend_dataflow	0x00abf65c	150	0	0x0073befc	FUN_0073befc	inherited	0x0073befc	0x00afc4e0	backend_basetype	0x00afbb90	backend_basetype__vslot_150	0.82
0x00abfe94	backend_t	0x00b0e82c	backend_dataflow	0x00abf65c	151	0	0x0073c694	FUN_0073c694	inherited	0x0073c694	0x00afc4e0	backend_basetype	0x00afbb90	backend_basetype__vslot_151	0.82
0x00abfe94	backend_t	0x00b0e82c	backend_dataflow	0x00abf65c	152	0	0x004065e1	FUN_004065e1	override	0x00734e69	0x00abfe94	backend_t	0x00abf65c	backend_t__vslot_152	0.95
0x00abfe94	backend_t	0x00b0e82c	backend_dataflow	0x00abf65c	153	0	0x004065ea	FUN_004065ea	override	0x00734e72	0x00abfe94	backend_t	0x00abf65c	backend_t__vslot_153	0.95
0x00abfe94	backend_t	0x00b0e82c	backend_dataflow	0x00abf65c	154	0	0x004065f4	FUN_004065f4	override	0x00734e7c	0x00abfe94	backend_t	0x00abf65c	backend_t__vslot_154	0.95
0x00abfe94	backend_t	0x00b0e82c	backend_dataflow	0x00abf65c	155	0	0x0073e08f	FUN_0073e08f	inherited	0x0073e08f	0x00afc4e0	backend_basetype	0x00afbb90	backend_basetype__vslot_155	0.82
0x00abfe94	backend_t	0x00b0e82c	backend_dataflow	0x00abf65c	156	0	0x0073ef61	FUN_0073ef61	inherited	0x0073ef61	0x00afc4e0	backend_basetype	0x00afbb90	backend_basetype__vslot_156	0.82
0x00abfe94	backend_t	0x00b0e82c	backend_dataflow	0x00abf65c	157	0	0x0073f585	FUN_0073f585	inherited	0x0073f585	0x00afc4e0	backend_basetype	0x00afbb90	backend_basetype__vslot_157	0.82
0x00abfe94	backend_t	0x00b0e82c	backend_dataflow	0x00abf65c	158	0	0x0073ea02	FUN_0073ea02	inherited	0x0073ea02	0x00afc4e0	backend_basetype	0x00afbb90	backend_basetype__vslot_158	0.82
0x00abfe94	backend_t	0x00b0e82c	backend_dataflow	0x00abf65c	159	0	0x004065fe	FUN_004065fe	override	0x00734e86	0x00abfe94	backend_t	0x00abf65c	backend_t__vslot_159	0.95
0x00abfe94	backend_t	0x00b0e82c	backend_dataflow	0x00abf65c	160	0	0x00406608	FUN_00406608	override	0x00734e90	0x00abfe94	backend_t	0x00abf65c	backend_t__vslot_160	0.95
0x00abfe94	backend_t	0x00b0e82c	backend_dataflow	0x00abf65c	161	0	0x00406612	FUN_00406612	override	0x00734e9a	0x00abfe94	backend_t	0x00abf65c	backend_t__vslot_161	0.95
0x00abfe94	backend_t	0x00b0e82c	backend_dataflow	0x00abf65c	162	0	0x00406617	FUN_00406617	override	0x00734e9f	0x00abfe94	backend_t	0x00abf65c	backend_t__vslot_162	0.95
0x00abfe94	backend_t	0x00b0e82c	backend_dataflow	0x00abf65c	163	0	0x0040661c	FUN_0040661c	override	0x00734ea4	0x00abfe94	backend_t	0x00abf65c	backend_t__vslot_163	0.95
0x00abfe94	backend_t	0x00b0e82c	backend_dataflow	0x00abf65c	164	0	0x00406621	FUN_00406621	override	0x00734ea9	0x00abfe94	backend_t	0x00abf65c	backend_t__vslot_164	0.95
0x00abfe94	backend_t	0x00b0e82c	backend_dataflow	0x00abf65c	165	0	0x005bd358	FUN_005bd358	inherited	0x005bd358	0x00afc4e0	backend_basetype	0x00afbb90	backend_basetype__vslot_165	0.82
0x00abfe94	backend_t	0x00b0e82c	backend_dataflow	0x00abf65c	166	0	0x005bd6a3	FUN_005bd6a3	inherited	0x005bd6a3	0x00afc4e0	backend_basetype	0x00afbb90	backend_basetype__vslot_166	0.82
0x00abfe94	backend_t	0x00b0e82c	backend_dataflow	0x00abf65c	167	0	0x00423f45	FUN_00423f45	override	0x005bd73a	0x00abfe94	backend_t	0x00abf65c	backend_t__vslot_167	0.95
0x00abfe94	backend_t	0x00b0e82c	backend_dataflow	0x00abf65c	168	0	0x00424027	FUN_00424027	override	0x005bd82a	0x00abfe94	backend_t	0x00abf65c	backend_t__vslot_168	0.95
0x00abfe94	backend_t	0x00b0e82c	backend_dataflow	0x00abf65c	169	0	0x007351e2	FUN_007351e2	inherited	0x007351e2	0x00b0b784	backend_basetype2	0x00b0af4c	backend_basetype2__vslot_169	0.82
0x00abfe94	backend_t	0x00b0e82c	backend_dataflow	0x00abf65c	170	0	0x0073522e	FUN_0073522e	inherited	0x0073522e	0x00b0b784	backend_basetype2	0x00b0af4c	backend_basetype2__vslot_170	0.82
0x00abfe94	backend_t	0x00b0e82c	backend_dataflow	0x00abf65c	171	0	0x00735254	FUN_00735254	inherited	0x00735254	0x00b0b784	backend_basetype2	0x00b0af4c	backend_basetype2__vslot_171	0.82
0x00abfe94	backend_t	0x00b0e82c	backend_dataflow	0x00abf65c	172	0	0x0073527a	FUN_0073527a	inherited	0x0073527a	0x00b0b784	backend_basetype2	0x00b0af4c	backend_basetype2__vslot_172	0.82
0x00abfe94	backend_t	0x00b0e82c	backend_dataflow	0x00abf65c	173	0	0x00432726	FUN_00432726	override	0x005bd393	0x00abfe94	backend_t	0x00abf65c	backend_t__vslot_173	0.95
0x00abfe94	backend_t	0x00b0e82c	backend_dataflow	0x00abf65c	174	0	0x0043a621	FUN_0043a621	override	0x005bd398	0x00abfe94	backend_t	0x00abf65c	backend_t__vslot_174	0.95
0x00abfe94	backend_t	0x00b0e82c	backend_dataflow	0x00abf65c	175	0	0x0043a1b7	FUN_0043a1b7	override	0x005bd3a0	0x00abfe94	backend_t	0x00abf65c	backend_t__vslot_175	0.95
0x00abfe94	backend_t	0x00b0e82c	backend_dataflow	0x00abf65c	176	0	0x00437ac1	FUN_00437ac1	override	0x005bd3a9	0x00abfe94	backend_t	0x00abf65c	backend_t__vslot_176	0.95
0x00abfe94	backend_t	0x00b0e82c	backend_dataflow	0x00abf65c	177	0	0x005bd3b2	FUN_005bd3b2	inherited	0x005bd3b2	0x00afc4e0	backend_basetype	0x00afbb90	backend_basetype__vslot_177	0.82
0x00abfe94	backend_t	0x00b0e82c	backend_dataflow	0x00abf65c	178	0	0x005bd3bb	FUN_005bd3bb	inherited	0x005bd3bb	0x00afc4e0	backend_basetype	0x00afbb90	backend_basetype__vslot_178	0.82
0x00abfe94	backend_t	0x00b0e82c	backend_dataflow	0x00abf65c	179	0	0x00431851	FUN_00431851	override	0x005bd3c5	0x00abfe94	backend_t	0x00abf65c	backend_t__vslot_179	0.95
0x00abfe94	backend_t	0x00b0e82c	backend_dataflow	0x00abf65c	180	0	0x00431985	FUN_00431985	override	0x005bd3ca	0x00abfe94	backend_t	0x00abf65c	backend_t__vslot_180	0.95
0x00abfe94	backend_t	0x00b0e82c	backend_dataflow	0x00abf65c	181	0	0x0043269d	FUN_0043269d	override	0x005bd3cf	0x00abfe94	backend_t	0x00abf65c	backend_t__vslot_181	0.95
0x00abfe94	backend_t	0x00b0e82c	backend_dataflow	0x00abf65c	182	0	0x0040662b	FUN_0040662b	override	0x00734eb3	0x00abfe94	backend_t	0x00abf65c	backend_t__vslot_182	0.95
0x00abfe94	backend_t	0x00b0e82c	backend_dataflow	0x00abf65c	183	0	0x005bd3d8	FUN_005bd3d8	inherited	0x005bd3d8	0x00afc4e0	backend_basetype	0x00afbb90	backend_basetype__vslot_183	0.82
0x00abfe94	backend_t	0x00b0e82c	backend_dataflow	0x00abf65c	184	0	0x00423965	FUN_00423965	override	0x005bd3dd	0x00abfe94	backend_t	0x00abf65c	backend_t__vslot_184	0.95
0x00abfe94	backend_t	0x00b0e82c	backend_dataflow	0x00abf65c	185	0	0x00423991	FUN_00423991	override	0x005bd3e7	0x00abfe94	backend_t	0x00abf65c	backend_t__vslot_185	0.95
0x00abfe94	backend_t	0x00b0e82c	backend_dataflow	0x00abf65c	186	0	0x005bd65c	FUN_005bd65c	inherited	0x005bd65c	0x00afc4e0	backend_basetype	0x00afbb90	backend_basetype__vslot_186	0.82
0x00abfe94	backend_t	0x00b0e82c	backend_dataflow	0x00abf65c	187	0	0x00422ff4	FUN_00422ff4	override	0x00734eb8	0x00abfe94	backend_t	0x00abf65c	backend_t__vslot_187	0.95
0x00abfe94	backend_t	0x00b0e82c	backend_dataflow	0x00abf65c	188	0	0x00423ce7	FUN_00423ce7	override	0x00734ebd	0x00abfe94	backend_t	0x00abf65c	backend_t__vslot_188	0.95
0x00abfe94	backend_t	0x00b0e82c	backend_dataflow	0x00abf65c	189	0	0x00406630	FUN_00406630	override	0x00734ec7	0x00abfe94	backend_t	0x00abf65c	backend_t__vslot_189	0.95
0x00abfe94	backend_t	0x00b0e82c	backend_dataflow	0x00abf65c	190	0	0x00424c85	FUN_00424c85	override	0x00734ecc	0x00abfe94	backend_t	0x00abf65c	backend_t__vslot_190	0.95
0x00abfe94	backend_t	0x00b0e82c	backend_dataflow	0x00abf65c	191	0	0x00423e2d	FUN_00423e2d	override	0x00734ed4	0x00abfe94	backend_t	0x00abf65c	backend_t__vslot_191	0.95
0x00abfe94	backend_t	0x00b0e82c	backend_dataflow	0x00abf65c	192	0	0x00431693	FUN_00431693	override	0x00734edd	0x00abfe94	backend_t	0x00abf65c	backend_t__vslot_192	0.95
0x00abfe94	backend_t	0x00b0e82c	backend_dataflow	0x00abf65c	193	0	0x0043ec1b	FUN_0043ec1b	override	0x00734ee6	0x00abfe94	backend_t	0x00abf65c	backend_t__vslot_193	0.95
0x00abfe94	backend_t	0x00b0e82c	backend_dataflow	0x00abf65c	194	0	0x005bd89d	FUN_005bd89d	inherited	0x005bd89d	0x00afc4e0	backend_basetype	0x00afbb90	backend_basetype__vslot_194	0.82
0x00abfe94	backend_t	0x00b0e82c	backend_dataflow	0x00abf65c	195	0	0x00423c13	FUN_00423c13	override	0x00734eef	0x00abfe94	backend_t	0x00abf65c	backend_t__vslot_195	0.95
0x00abfe94	backend_t	0x00b0e82c	backend_dataflow	0x00abf65c	196	0	0x00423aa1	FUN_00423aa1	override	0x005bd972	0x00abfe94	backend_t	0x00abf65c	backend_t__vslot_196	0.95
0x00abfe94	backend_t	0x00b0e82c	backend_dataflow	0x00abf65c	197	0	0x00424bce	FUN_00424bce	override	0x005bd9f1	0x00abfe94	backend_t	0x00abf65c	backend_t__vslot_197	0.95
0x00abfe94	backend_t	0x00b0e82c	backend_dataflow	0x00abf65c	198	0	0x00406635	FUN_00406635	override	0x00734ef9	0x00abfe94	backend_t	0x00abf65c	backend_t__vslot_198	0.95
0x00abfe94	backend_t	0x00b0e82c	backend_dataflow	0x00abf65c	199	0	0x0049efb5	FUN_0049efb5	override	0x005bda6a	0x00abfe94	backend_t	0x00abf65c	backend_t__vslot_199	0.95
0x00abfe94	backend_t	0x00b0e82c	backend_dataflow	0x00abf65c	200	0	0x00423caf	FUN_00423caf	override	0x00734f02	0x00abfe94	backend_t	0x00abf65c	backend_t__vslot_200	0.95
0x00abfe94	backend_t	0x00b0e82c	backend_dataflow	0x00abf65c	201	0	0x0040663e	FUN_0040663e	override	0x00734f0e	0x00abfe94	backend_t	0x00abf65c	backend_t__vslot_201	0.95
0x00abfe94	backend_t	0x00b0e82c	backend_dataflow	0x00abf65c	202	0	0x00406647	FUN_00406647	override	0x00734f17	0x00abfe94	backend_t	0x00abf65c	backend_t__vslot_202	0.95
0x00abfe94	backend_t	0x00b0e82c	backend_dataflow	0x00abf65c	203	0	0x00406651	FUN_00406651	override	0x00734f21	0x00abfe94	backend_t	0x00abf65c	backend_t__vslot_203	0.95
0x00abfe94	backend_t	0x00b0e82c	backend_dataflow	0x00abf65c	204	0	0x0040665b	FUN_0040665b	override	0x00734f2b	0x00abfe94	backend_t	0x00abf65c	backend_t__vslot_204	0.95
0x00abfe94	backend_t	0x00b0e82c	backend_dataflow	0x00abf65c	205	0	0x004242c0	FUN_004242c0	override	0x00734f30	0x00abfe94	backend_t	0x00abf65c	backend_t__vslot_205	0.95
0x00abfe94	backend_t	0x00b0e82c	backend_dataflow	0x00abf65c	206	0	0x005bd98d	FUN_005bd98d	inherited	0x005bd98d	0x00afc4e0	backend_basetype	0x00afbb90	backend_basetype__vslot_206	0.82
0x00abfe94	backend_t	0x00b0e82c	backend_dataflow	0x00abf65c	207	0	0x00424123	FUN_00424123	override	0x00734f35	0x00abfe94	backend_t	0x00abf65c	backend_t__vslot_207	0.95
0x00abfe94	backend_t	0x00b0e82c	backend_dataflow	0x00abf65c	208	0	0x00406660	FUN_00406660	override	0x00734f3a	0x00abfe94	backend_t	0x00abf65c	backend_t__vslot_208	0.95
0x00abfe94	backend_t	0x00b0e82c	backend_dataflow	0x00abf65c	209	0	0x00406669	FUN_00406669	override	0x00734f43	0x00abfe94	backend_t	0x00abf65c	backend_t__vslot_209	0.95
0x00abfe94	backend_t	0x00b0e82c	backend_dataflow	0x00abf65c	210	0	0x005bdb08	FUN_005bdb08	inherited	0x005bdb08	0x00afc4e0	backend_basetype	0x00afbb90	backend_basetype__vslot_210	0.82
0x00abfe94	backend_t	0x00b0e82c	backend_dataflow	0x00abf65c	211	0	0x00406672	FUN_00406672	override	0x00734f4c	0x00abfe94	backend_t	0x00abf65c	backend_t__vslot_211	0.95
0x00abfe94	backend_t	0x00b0e82c	backend_dataflow	0x00abf65c	212	0	0x004e2d50	FUN_004e2d50	inherited	0x004e2d50	0x00afc4e0	backend_basetype	0x00afbb90	backend_basetype__vslot_212	0.82
0x00abfe94	backend_t	0x00b0e82c	backend_dataflow	0x00abf65c	213	0	0x0040667c	FUN_0040667c	override	0x00734f56	0x00abfe94	backend_t	0x00abf65c	backend_t__vslot_213	0.95
0x00abfe94	backend_t	0x00b0e82c	backend_dataflow	0x00abf65c	214	0	0x00406681	FUN_00406681	override	0x00734f5b	0x00abfe94	backend_t	0x00abf65c	backend_t__vslot_214	0.95
0x00abfe94	backend_t	0x00b0e82c	backend_dataflow	0x00abf65c	215	0	0x0040668a	FUN_0040668a	override	0x00734f64	0x00abfe94	backend_t	0x00abf65c	backend_t__vslot_215	0.95
0x00abfe94	backend_t	0x00b0e82c	backend_dataflow	0x00abf65c	216	0	0x005bdd08	FUN_005bdd08	inherited	0x005bdd08	0x00afc4e0	backend_basetype	0x00afbb90	backend_basetype__vslot_216	0.82
0x00abfe94	backend_t	0x00b0e82c	backend_dataflow	0x00abf65c	217	0	0x0040668f	FUN_0040668f	override	0x00734f69	0x00abfe94	backend_t	0x00abf65c	backend_t__vslot_217	0.95
0x00abfe94	backend_t	0x00b0e82c	backend_dataflow	0x00abf65c	218	0	0x00406698	FUN_00406698	override	0x00734f72	0x00abfe94	backend_t	0x00abf65c	backend_t__vslot_218	0.95
0x00abfe94	backend_t	0x00b0e82c	backend_dataflow	0x00abf65c	219	0	0x004066a1	FUN_004066a1	override	0x00734f7b	0x00abfe94	backend_t	0x00abf65c	backend_t__vslot_219	0.95
0x00abfe94	backend_t	0x00b0e82c	backend_dataflow	0x00abf65c	220	0	0x004066aa	FUN_004066aa	override	0x00734f84	0x00abfe94	backend_t	0x00abf65c	backend_t__vslot_220	0.95
0x00abfe94	backend_t	0x00b0e82c	backend_dataflow	0x00abf65c	221	0	0x004066b4	FUN_004066b4	override	0x00734f8e	0x00abfe94	backend_t	0x00abf65c	backend_t__vslot_221	0.95
0x00abfe94	backend_t	0x00b0e82c	backend_dataflow	0x00abf65c	222	0	0x004066b9	FUN_004066b9	override	0x00734f93	0x00abfe94	backend_t	0x00abf65c	backend_t__vslot_222	0.95
0x00abfe94	backend_t	0x00b0e82c	backend_dataflow	0x00abf65c	223	0	0x004066c3	FUN_004066c3	override	0x00734f9d	0x00abfe94	backend_t	0x00abf65c	backend_t__vslot_223	0.95
0x00abfe94	backend_t	0x00b0e82c	backend_dataflow	0x00abf65c	224	0	0x004066cd	FUN_004066cd	override	0x00734fa7	0x00abfe94	backend_t	0x00abf65c	backend_t__vslot_224	0.95
0x00abfe94	backend_t	0x00b0e82c	backend_dataflow	0x00abf65c	225	0	0x004066d6	FUN_004066d6	override	0x00734fb0	0x00abfe94	backend_t	0x00abf65c	backend_t__vslot_225	0.95
0x00abfe94	backend_t	0x00b0e82c	backend_dataflow	0x00abf65c	226	0	0x004066db	FUN_004066db	override	0x00734fb5	0x00abfe94	backend_t	0x00abf65c	backend_t__vslot_226	0.95
0x00abfe94	backend_t	0x00b0e82c	backend_dataflow	0x00abf65c	227	0	0x004066e0	FUN_004066e0	override	0x00734fba	0x00abfe94	backend_t	0x00abf65c	backend_t__vslot_227	0.95
0x00abfe94	backend_t	0x00b0e82c	backend_dataflow	0x00abf65c	228	0	0x00401d91	FUN_00401d91	override	0x00734fbf	0x00abfe94	backend_t	0x00abf65c	backend_t__vslot_228	0.95
0x00abfe94	backend_t	0x00b0e82c	backend_dataflow	0x00abf65c	229	0	0x0074249b	FUN_0074249b	inherited	0x0074249b	0x00afc4e0	backend_basetype	0x00afbb90	backend_basetype__vslot_229	0.82
0x00abfe94	backend_t	0x00b0e82c	backend_dataflow	0x00abf65c	230	0	0x004066e5	FUN_004066e5	override	0x00734fc8	0x00abfe94	backend_t	0x00abf65c	backend_t__vslot_230	0.95
0x00abfe94	backend_t	0x00b0e82c	backend_dataflow	0x00abf65c	231	0	0x004066ee	FUN_004066ee	override	0x00734fd1	0x00abfe94	backend_t	0x00abf65c	backend_t__vslot_231	0.95
0x00abfe94	backend_t	0x00b0e82c	backend_dataflow	0x00abf65c	232	0	0x004066fd	FUN_004066fd	override	0x00734fe0	0x00abfe94	backend_t	0x00abf65c	backend_t__vslot_232	0.95
0x00abfe94	backend_t	0x00b0e82c	backend_dataflow	0x00abf65c	233	0	0x00406706	FUN_00406706	override	0x00734fe9	0x00abfe94	backend_t	0x00abf65c	backend_t__vslot_233	0.95
0x00abfe94	backend_t	0x00b0e82c	backend_dataflow	0x00abf65c	234	0	0x005bdcc7	FUN_005bdcc7	inherited	0x005bdcc7	0x00afc4e0	backend_basetype	0x00afbb90	backend_basetype__vslot_234	0.82
0x00abfe94	backend_t	0x00b0e82c	backend_dataflow	0x00abf65c	235	0	0x005bdcdc	FUN_005bdcdc	inherited	0x005bdcdc	0x00afc4e0	backend_basetype	0x00afbb90	backend_basetype__vslot_235	0.82
0x00abfe94	backend_t	0x00b0e82c	backend_dataflow	0x00abf65c	236	0	0x00404f81	FUN_00404f81	override	0x0077ef6e	0x00abfe94	backend_t	0x00abf65c	backend_t__vslot_236	0.95
0x00abfe94	backend_t	0x00b0e82c	backend_dataflow	0x00abf65c	237	0	0x0040505a	FUN_0040505a	override	0x0077efbe	0x00abfe94	backend_t	0x00abf65c	backend_t__vslot_237	0.95
0x00abfe94	backend_t	0x00b0e82c	backend_dataflow	0x00abf65c	238	0	0x00404b2f	FUN_00404b2f	override	0x005bdbe6	0x00abfe94	backend_t	0x00abf65c	backend_t__vslot_238	0.95
0x00abfe94	backend_t	0x00b0e82c	backend_dataflow	0x00abf65c	239	0	0x00735673	FUN_00735673	inherited	0x00735673	0x00b0b784	backend_basetype2	0x00b0af4c	backend_basetype2__vslot_239	0.82
0x00abfe94	backend_t	0x00b0e82c	backend_dataflow	0x00abf65c	240	0	0x0040673a	FUN_0040673a	override	0x00735026	0x00abfe94	backend_t	0x00abf65c	backend_t__vslot_240	0.95
0x00abfe94	backend_t	0x00b0e82c	backend_dataflow	0x00abf65c	241	0	0x00424c29	FUN_00424c29	override	0x005bde11	0x00abfe94	backend_t	0x00abf65c	backend_t__vslot_241	0.95
0x00abfe94	backend_t	0x00b0e82c	backend_dataflow	0x00abf65c	242	0	0x0042439b	FUN_0042439b	override	0x0073502b	0x00abfe94	backend_t	0x00abf65c	backend_t__vslot_242	0.95
0x00abfe94	backend_t	0x00b0e82c	backend_dataflow	0x00abf65c	243	0	0x004243b1	FUN_004243b1	override	0x00735034	0x00abfe94	backend_t	0x00abf65c	backend_t__vslot_243	0.95
0x00abfe94	backend_t	0x00b0e82c	backend_dataflow	0x00abf65c	244	0	0x004244c6	FUN_004244c6	override	0x0073503d	0x00abfe94	backend_t	0x00abf65c	backend_t__vslot_244	0.95
0x00abfe94	backend_t	0x00b0e82c	backend_dataflow	0x00abf65c	245	0	0x0049a873	FUN_0049a873	override	0x00735046	0x00abfe94	backend_t	0x00abf65c	backend_t__vslot_245	0.95
0x00abfe94	backend_t	0x00b0e82c	backend_dataflow	0x00abf65c	246	0	0x009947c2	FUN_009947c2	inherited	0x009947c2	0x00afc4e0	backend_basetype	0x00afbb90	backend_basetype__vslot_246	0.82
0x00abfe94	backend_t	0x00b0e82c	backend_dataflow	0x00abf65c	247	0	0x00446740	FUN_00446740	override	0x006c4c04	0x00abfe94	backend_t	0x00abf65c	backend_t__vslot_247	0.95
0x00abfe94	backend_t	0x00b0e82c	backend_dataflow	0x00abf65c	248	0	0x0040673f	FUN_0040673f	override	0x0073504b	0x00abfe94	backend_t	0x00abf65c	backend_t__vslot_248	0.95
0x00abfe94	backend_t	0x00b0e82c	backend_dataflow	0x00abf65c	249	0	0x00406748	FUN_00406748	override	0x00735054	0x00abfe94	backend_t	0x00abf65c	backend_t__vslot_249	0.95
0x00abfe94	backend_t	0x00b0e82c	backend_dataflow	0x00abf65c	250	0	0x00406751	FUN_00406751	override	0x0073505d	0x00abfe94	backend_t	0x00abf65c	backend_t__vslot_250	0.95
0x00abfe94	backend_t	0x00b0e82c	backend_dataflow	0x00abf65c	251	0	0x00406756	FUN_00406756	override	0x00735062	0x00abfe94	backend_t	0x00abf65c	backend_t__vslot_251	0.95
0x00abfe94	backend_t	0x00b0e82c	backend_dataflow	0x00abf65c	252	0	0x0040675e	FUN_0040675e	override	0x0073506a	0x00abfe94	backend_t	0x00abf65c	backend_t__vslot_252	0.95
0x00abfe94	backend_t	0x00b0e82c	backend_dataflow	0x00abf65c	253	0	0x0047c39e	FUN_0047c39e	override	0x00735073	0x00abfe94	backend_t	0x00abf65c	backend_t__vslot_253	0.95
0x00abfe94	backend_t	0x00b0e82c	backend_dataflow	0x00abf65c	254	0	0x0061eb3f	FUN_0061eb3f	inherited	0x0061eb3f	0x00afc4e0	backend_basetype	0x00afbb90	backend_basetype__vslot_254	0.82
0x00abfe94	backend_t	0x00b0e82c	backend_dataflow	0x00abf65c	255	0	0x0061ea6d	FUN_0061ea6d	inherited	0x0061ea6d	0x00afc4e0	backend_basetype	0x00afbb90	backend_basetype__vslot_255	0.82
0x00abfe94	backend_t	0x00b0e82c	backend_dataflow	0x00abf65c	256	0	0x0061ea04	FUN_0061ea04	inherited	0x0061ea04	0x00afc4e0	backend_basetype	0x00afbb90	backend_basetype__vslot_256	0.82
0x00abfe94	backend_t	0x00b0e82c	backend_dataflow	0x00abf65c	257	0	0x0061ead6	FUN_0061ead6	inherited	0x0061ead6	0x00afc4e0	backend_basetype	0x00afbb90	backend_basetype__vslot_257	0.82
0x00abfe94	backend_t	0x00b0e82c	backend_dataflow	0x00abf65c	258	0	0x0077f082	FUN_0077f082	inherited	0x0077f082	0x00afc4e0	backend_basetype	0x00afbb90	backend_basetype__vslot_258	0.82
0x00abfe94	backend_t	0x00b0e82c	backend_dataflow	0x00abf65c	259	0	0x00406767	FUN_00406767	override	0x0073507c	0x00abfe94	backend_t	0x00abf65c	backend_t__vslot_259	0.95
0x00abfe94	backend_t	0x00b0e82c	backend_dataflow	0x00abf65c	260	0	0x0048cba0	FUN_0048cba0	override	0x00735085	0x00abfe94	backend_t	0x00abf65c	backend_t__vslot_260	0.95
0x00abfe94	backend_t	0x00b0e82c	backend_dataflow	0x00abf65c	261	0	0x00424c57	FUN_00424c57	override	0x0073508e	0x00abfe94	backend_t	0x00abf65c	backend_t__vslot_261	0.95
0x00abff98	std::exception	0x00abff98	std::exception	0x00abfed8	0	0	0x00424e80	FUN_00424e80	root_slot		0x00abff98	std::exception	0x00abfed8	std_exception__vslot_000	0.82
0x00abff98	std::exception	0x00abff98	std::exception	0x00abfed8	1	0	0x00424ea7	FUN_00424ea7	root_slot		0x00abff98	std::exception	0x00abfed8	std_exception__vslot_001	0.82
0x00abff98	std::exception	0x00abff98	std::exception	0x00abfed8	2	0	0x00424eb3	FUN_00424eb3	root_slot		0x00abff98	std::exception	0x00abfed8	std_exception__vslot_002	0.82
0x00abffa8	std::bad_alloc	0x00abff98	std::exception	0x00abfef8	0	0	0x00424eb8	FUN_00424eb8	override	0x00424e80	0x00abffa8	std::bad_alloc	0x00abfef8	std_bad_alloc__vslot_000	0.95
0x00abffa8	std::bad_alloc	0x00abff98	std::exception	0x00abfef8	1	0	0x00424ea7	FUN_00424ea7	inherited	0x00424ea7	0x00abff98	std::exception	0x00abfed8	std_exception__vslot_001	0.82
0x00abffa8	std::bad_alloc	0x00abff98	std::exception	0x00abfef8	2	0	0x00424edf	FUN_00424edf	override	0x00424eb3	0x00abffa8	std::bad_alloc	0x00abfef8	std_bad_alloc__vslot_002	0.95
0x00abffb8	std::logic_error	0x00abff98	std::exception	0x00abff18	0	0	0x00425566	FUN_00425566	override	0x00424e80	0x00abffb8	std::logic_error	0x00abff18	std_logic_error__vslot_000	0.95
0x00abffb8	std::logic_error	0x00abff98	std::exception	0x00abff18	1	0	0x0042559f	FUN_0042559f	override	0x00424ea7	0x00abffb8	std::logic_error	0x00abff18	std_logic_error__vslot_001	0.95
0x00abffb8	std::logic_error	0x00abff98	std::exception	0x00abff18	2	0	0x004255bc	FUN_004255bc	override	0x00424eb3	0x00abffb8	std::logic_error	0x00abff18	std_logic_error__vslot_002	0.95
0x00abffc8	std::out_of_range	0x00abff98	std::exception	0x00abff38	0	0	0x004255cd	FUN_004255cd	override	0x00425566	0x00abffc8	std::out_of_range	0x00abff38	std_out_of_range__vslot_000	0.95
0x00abffc8	std::out_of_range	0x00abff98	std::exception	0x00abff38	1	0	0x0042559f	FUN_0042559f	inherited	0x0042559f	0x00abffb8	std::logic_error	0x00abff18	std_logic_error__vslot_001	0.82
0x00abffc8	std::out_of_range	0x00abff98	std::exception	0x00abff38	2	0	0x00425606	FUN_00425606	override	0x004255bc	0x00abffc8	std::out_of_range	0x00abff38	std_out_of_range__vslot_002	0.95
0x00abffd8	std::runtime_error	0x00abff98	std::exception	0x00abff58	0	0	0x00425617	FUN_00425617	override	0x00424e80	0x00abffd8	std::runtime_error	0x00abff58	std_runtime_error__vslot_000	0.95
0x00abffd8	std::runtime_error	0x00abff98	std::exception	0x00abff58	1	0	0x00425650	FUN_00425650	override	0x00424ea7	0x00abffd8	std::runtime_error	0x00abff58	std_runtime_error__vslot_001	0.95
0x00abffd8	std::runtime_error	0x00abff98	std::exception	0x00abff58	2	0	0x0042566d	FUN_0042566d	override	0x00424eb3	0x00abffd8	std::runtime_error	0x00abff58	std_runtime_error__vslot_002	0.95
0x00abffe8	std::overflow_error	0x00abff98	std::exception	0x00abff78	0	0	0x0042567e	FUN_0042567e	override	0x00425617	0x00abffe8	std::overflow_error	0x00abff78	std_overflow_error__vslot_000	0.95
0x00abffe8	std::overflow_error	0x00abff98	std::exception	0x00abff78	1	0	0x00425650	FUN_00425650	inherited	0x00425650	0x00abffd8	std::runtime_error	0x00abff58	std_runtime_error__vslot_001	0.82
0x00abffe8	std::overflow_error	0x00abff98	std::exception	0x00abff78	2	0	0x004256b7	FUN_004256b7	override	0x0042566d	0x00abffe8	std::overflow_error	0x00abff78	std_overflow_error__vslot_002	0.95
0x00ac0a18	std::exception	0x00ac0a18	std::exception	0x00ac0998	0	0	0x0043a660	FUN_0043a660	root_slot		0x00ac0a18	std::exception	0x00ac0998	std_exception__vslot_000	0.82
0x00ac0a18	std::exception	0x00ac0a18	std::exception	0x00ac0998	1	0	0x0043a687	FUN_0043a687	root_slot		0x00ac0a18	std::exception	0x00ac0998	std_exception__vslot_001	0.82
0x00ac0a18	std::exception	0x00ac0a18	std::exception	0x00ac0998	2	0	0x0043a693	FUN_0043a693	root_slot		0x00ac0a18	std::exception	0x00ac0998	std_exception__vslot_002	0.82
0x00ac0a28	std::bad_alloc	0x00ac0a18	std::exception	0x00ac09b8	0	0	0x0043a698	FUN_0043a698	override	0x0043a660	0x00ac0a28	std::bad_alloc	0x00ac09b8	std_bad_alloc__vslot_000	0.95
0x00ac0a28	std::bad_alloc	0x00ac0a18	std::exception	0x00ac09b8	1	0	0x0043a687	FUN_0043a687	inherited	0x0043a687	0x00ac0a18	std::exception	0x00ac0998	std_exception__vslot_001	0.82
0x00ac0a28	std::bad_alloc	0x00ac0a18	std::exception	0x00ac09b8	2	0	0x0043a6bf	FUN_0043a6bf	override	0x0043a693	0x00ac0a28	std::bad_alloc	0x00ac09b8	std_bad_alloc__vslot_002	0.95
0x00ac0a38	std::logic_error	0x00ac0a18	std::exception	0x00ac09d8	0	0	0x0043ad46	FUN_0043ad46	override	0x0043a660	0x00ac0a38	std::logic_error	0x00ac09d8	std_logic_error__vslot_000	0.95
0x00ac0a38	std::logic_error	0x00ac0a18	std::exception	0x00ac09d8	1	0	0x0043ad7f	FUN_0043ad7f	override	0x0043a687	0x00ac0a38	std::logic_error	0x00ac09d8	std_logic_error__vslot_001	0.95
0x00ac0a38	std::logic_error	0x00ac0a18	std::exception	0x00ac09d8	2	0	0x0043ad9c	FUN_0043ad9c	override	0x0043a693	0x00ac0a38	std::logic_error	0x00ac09d8	std_logic_error__vslot_002	0.95
0x00ac0a48	std::out_of_range	0x00ac0a18	std::exception	0x00ac09f8	0	0	0x0043adad	FUN_0043adad	override	0x0043ad46	0x00ac0a48	std::out_of_range	0x00ac09f8	std_out_of_range__vslot_000	0.95
0x00ac0a48	std::out_of_range	0x00ac0a18	std::exception	0x00ac09f8	1	0	0x0043ad7f	FUN_0043ad7f	inherited	0x0043ad7f	0x00ac0a38	std::logic_error	0x00ac09d8	std_logic_error__vslot_001	0.82
0x00ac0a48	std::out_of_range	0x00ac0a18	std::exception	0x00ac09f8	2	0	0x0043ade6	FUN_0043ade6	override	0x0043ad9c	0x00ac0a48	std::out_of_range	0x00ac09f8	std_out_of_range__vslot_002	0.95
0x00ac5960	g4_resource_scheduler	0x00b0c0e4	list_scheduler	0x00ac5810	0	0	0x00486b90	FUN_00486b90	override	0x00735ab0	0x00ac5960	g4_resource_scheduler	0x00ac5810	g4_resource_scheduler__vslot_000	0.95
0x00ac5960	g4_resource_scheduler	0x00b0c0e4	list_scheduler	0x00ac5810	1	0	0x00487f47	FUN_00487f47	override	0x0073950f	0x00ac5960	g4_resource_scheduler	0x00ac5810	g4_resource_scheduler__vslot_001	0.95
0x00ac5960	g4_resource_scheduler	0x00b0c0e4	list_scheduler	0x00ac5810	2	0	0x007387cf	FUN_007387cf	inherited	0x007387cf	0x00b0c0f4	resource_model_scheduler	0x00b0bfa0	resource_model_scheduler__vslot_002	0.82
0x00ac5960	g4_resource_scheduler	0x00b0c0e4	list_scheduler	0x00ac5810	3	0	0x00738de5	FUN_00738de5	inherited	0x00738de5	0x00b0c0f4	resource_model_scheduler	0x00b0bfa0	resource_model_scheduler__vslot_003	0.82
0x00ac5960	g4_resource_scheduler	0x00b0c0e4	list_scheduler	0x00ac5810	4	0	0x00738772	FUN_00738772	inherited	0x00738772	0x00b0c0f4	resource_model_scheduler	0x00b0bfa0	resource_model_scheduler__vslot_004	0.82
0x00ac5960	g4_resource_scheduler	0x00b0c0e4	list_scheduler	0x00ac5810	5	0	0x00738d12	FUN_00738d12	inherited	0x00738d12	0x00b0c0f4	resource_model_scheduler	0x00b0bfa0	resource_model_scheduler__vslot_005	0.82
0x00ac5960	g4_resource_scheduler	0x00b0c0e4	list_scheduler	0x00ac5810	6	0	0x00739097	FUN_00739097	inherited	0x00739097	0x00b0c0f4	resource_model_scheduler	0x00b0bfa0	resource_model_scheduler__vslot_006	0.82
0x00ac5960	g4_resource_scheduler	0x00b0c0e4	list_scheduler	0x00ac5810	7	0	0x00739679	FUN_00739679	inherited	0x00739679	0x00b0c0f4	resource_model_scheduler	0x00b0bfa0	resource_model_scheduler__vslot_007	0.82
0x00ac5960	g4_resource_scheduler	0x00b0c0e4	list_scheduler	0x00ac5810	8	0	0x00739659	FUN_00739659	inherited	0x00739659	0x00b0c0f4	resource_model_scheduler	0x00b0bfa0	resource_model_scheduler__vslot_008	0.82
0x00ac5960	g4_resource_scheduler	0x00b0c0e4	list_scheduler	0x00ac5810	9	0	0x00739ae2	FUN_00739ae2	inherited	0x00739ae2	0x00b0c0f4	resource_model_scheduler	0x00b0bfa0	resource_model_scheduler__vslot_009	0.82
0x00ac5960	g4_resource_scheduler	0x00b0c0e4	list_scheduler	0x00ac5810	10	0	0x00739824	FUN_00739824	inherited	0x00739824	0x00b0c0f4	resource_model_scheduler	0x00b0bfa0	resource_model_scheduler__vslot_010	0.82
0x00ac5960	g4_resource_scheduler	0x00b0c0e4	list_scheduler	0x00ac5810	11	0	0x00486cbc	FUN_00486cbc	override	0x00a92860	0x00ac5960	g4_resource_scheduler	0x00ac5810	g4_resource_scheduler__vslot_011	0.95
0x00ac5960	g4_resource_scheduler	0x00b0c0e4	list_scheduler	0x00ac5810	12	0	0x007399dd	FUN_007399dd	inherited	0x007399dd	0x00b0c0f4	resource_model_scheduler	0x00b0bfa0	resource_model_scheduler__vslot_012	0.82
0x00ac5970	ppc970_resource_scheduler	0x00b0c0e4	list_scheduler	0x00ac5880	0	0	0x00486b90	FUN_00486b90	override	0x00735ab0	0x00ac5970	ppc970_resource_scheduler	0x00ac5880	ppc970_resource_scheduler__vslot_000	0.95
0x00ac5970	ppc970_resource_scheduler	0x00b0c0e4	list_scheduler	0x00ac5880	1	0	0x00488266	FUN_00488266	override	0x0073950f	0x00ac5970	ppc970_resource_scheduler	0x00ac5880	ppc970_resource_scheduler__vslot_001	0.95
0x00ac5970	ppc970_resource_scheduler	0x00b0c0e4	list_scheduler	0x00ac5880	2	0	0x007387cf	FUN_007387cf	inherited	0x007387cf	0x00b0c0f4	resource_model_scheduler	0x00b0bfa0	resource_model_scheduler__vslot_002	0.82
0x00ac5970	ppc970_resource_scheduler	0x00b0c0e4	list_scheduler	0x00ac5880	3	0	0x00738de5	FUN_00738de5	inherited	0x00738de5	0x00b0c0f4	resource_model_scheduler	0x00b0bfa0	resource_model_scheduler__vslot_003	0.82
0x00ac5970	ppc970_resource_scheduler	0x00b0c0e4	list_scheduler	0x00ac5880	4	0	0x00738772	FUN_00738772	inherited	0x00738772	0x00b0c0f4	resource_model_scheduler	0x00b0bfa0	resource_model_scheduler__vslot_004	0.82
0x00ac5970	ppc970_resource_scheduler	0x00b0c0e4	list_scheduler	0x00ac5880	5	0	0x00738d12	FUN_00738d12	inherited	0x00738d12	0x00b0c0f4	resource_model_scheduler	0x00b0bfa0	resource_model_scheduler__vslot_005	0.82
0x00ac5970	ppc970_resource_scheduler	0x00b0c0e4	list_scheduler	0x00ac5880	6	0	0x00739097	FUN_00739097	inherited	0x00739097	0x00b0c0f4	resource_model_scheduler	0x00b0bfa0	resource_model_scheduler__vslot_006	0.82
0x00ac5970	ppc970_resource_scheduler	0x00b0c0e4	list_scheduler	0x00ac5880	7	0	0x00739679	FUN_00739679	inherited	0x00739679	0x00b0c0f4	resource_model_scheduler	0x00b0bfa0	resource_model_scheduler__vslot_007	0.82
0x00ac5970	ppc970_resource_scheduler	0x00b0c0e4	list_scheduler	0x00ac5880	8	0	0x00739659	FUN_00739659	inherited	0x00739659	0x00b0c0f4	resource_model_scheduler	0x00b0bfa0	resource_model_scheduler__vslot_008	0.82
0x00ac5970	ppc970_resource_scheduler	0x00b0c0e4	list_scheduler	0x00ac5880	9	0	0x00739ae2	FUN_00739ae2	inherited	0x00739ae2	0x00b0c0f4	resource_model_scheduler	0x00b0bfa0	resource_model_scheduler__vslot_009	0.82
0x00ac5970	ppc970_resource_scheduler	0x00b0c0e4	list_scheduler	0x00ac5880	10	0	0x00739824	FUN_00739824	inherited	0x00739824	0x00b0c0f4	resource_model_scheduler	0x00b0bfa0	resource_model_scheduler__vslot_010	0.82
0x00ac5970	ppc970_resource_scheduler	0x00b0c0e4	list_scheduler	0x00ac5880	11	0	0x00487ff2	FUN_00487ff2	override	0x00a92860	0x00ac5970	ppc970_resource_scheduler	0x00ac5880	ppc970_resource_scheduler__vslot_011	0.95
0x00ac5970	ppc970_resource_scheduler	0x00b0c0e4	list_scheduler	0x00ac5880	12	0	0x007399dd	FUN_007399dd	inherited	0x007399dd	0x00b0c0f4	resource_model_scheduler	0x00b0bfa0	resource_model_scheduler__vslot_012	0.82
0x00ac5980	ame_resource_scheduler	0x00b0c0e4	list_scheduler	0x00ac58f0	0	0	0x0048a852	FUN_0048a852	override	0x00735ab0	0x00ac5980	ame_resource_scheduler	0x00ac58f0	ame_resource_scheduler__vslot_000	0.95
0x00ac5980	ame_resource_scheduler	0x00b0c0e4	list_scheduler	0x00ac58f0	1	0	0x0048af87	FUN_0048af87	override	0x0073950f	0x00ac5980	ame_resource_scheduler	0x00ac58f0	ame_resource_scheduler__vslot_001	0.95
0x00ac5980	ame_resource_scheduler	0x00b0c0e4	list_scheduler	0x00ac58f0	2	0	0x007387cf	FUN_007387cf	inherited	0x007387cf	0x00b0c0f4	resource_model_scheduler	0x00b0bfa0	resource_model_scheduler__vslot_002	0.82
0x00ac5980	ame_resource_scheduler	0x00b0c0e4	list_scheduler	0x00ac58f0	3	0	0x00738de5	FUN_00738de5	inherited	0x00738de5	0x00b0c0f4	resource_model_scheduler	0x00b0bfa0	resource_model_scheduler__vslot_003	0.82
0x00ac5980	ame_resource_scheduler	0x00b0c0e4	list_scheduler	0x00ac58f0	4	0	0x00738772	FUN_00738772	inherited	0x00738772	0x00b0c0f4	resource_model_scheduler	0x00b0bfa0	resource_model_scheduler__vslot_004	0.82
0x00ac5980	ame_resource_scheduler	0x00b0c0e4	list_scheduler	0x00ac58f0	5	0	0x00738d12	FUN_00738d12	inherited	0x00738d12	0x00b0c0f4	resource_model_scheduler	0x00b0bfa0	resource_model_scheduler__vslot_005	0.82
0x00ac5980	ame_resource_scheduler	0x00b0c0e4	list_scheduler	0x00ac58f0	6	0	0x00739097	FUN_00739097	inherited	0x00739097	0x00b0c0f4	resource_model_scheduler	0x00b0bfa0	resource_model_scheduler__vslot_006	0.82
0x00ac5980	ame_resource_scheduler	0x00b0c0e4	list_scheduler	0x00ac58f0	7	0	0x00739679	FUN_00739679	inherited	0x00739679	0x00b0c0f4	resource_model_scheduler	0x00b0bfa0	resource_model_scheduler__vslot_007	0.82
0x00ac5980	ame_resource_scheduler	0x00b0c0e4	list_scheduler	0x00ac58f0	8	0	0x00739659	FUN_00739659	inherited	0x00739659	0x00b0c0f4	resource_model_scheduler	0x00b0bfa0	resource_model_scheduler__vslot_008	0.82
0x00ac5980	ame_resource_scheduler	0x00b0c0e4	list_scheduler	0x00ac58f0	9	0	0x00739ae2	FUN_00739ae2	inherited	0x00739ae2	0x00b0c0f4	resource_model_scheduler	0x00b0bfa0	resource_model_scheduler__vslot_009	0.82
0x00ac5980	ame_resource_scheduler	0x00b0c0e4	list_scheduler	0x00ac58f0	10	0	0x00739824	FUN_00739824	inherited	0x00739824	0x00b0c0f4	resource_model_scheduler	0x00b0bfa0	resource_model_scheduler__vslot_010	0.82
0x00ac5980	ame_resource_scheduler	0x00b0c0e4	list_scheduler	0x00ac58f0	11	0	0x0048a91c	FUN_0048a91c	override	0x00a92860	0x00ac5980	ame_resource_scheduler	0x00ac58f0	ame_resource_scheduler__vslot_011	0.95
0x00ac5980	ame_resource_scheduler	0x00b0c0e4	list_scheduler	0x00ac58f0	12	0	0x007399dd	FUN_007399dd	inherited	0x007399dd	0x00b0c0f4	resource_model_scheduler	0x00b0bfa0	resource_model_scheduler__vslot_012	0.82
0x00ace1d0	objectdata	0x00ace1d0	objectdata	0x00acdd90	0	0	0x004dea14	FUN_004dea14	root_slot		0x00ace1d0	objectdata	0x00acdd90	objectdata__vslot_000	0.82
0x00ace1d0	objectdata	0x00ace1d0	objectdata	0x00acdd90	1	0	0x004a5d05	FUN_004a5d05	root_slot		0x00ace1d0	objectdata	0x00acdd90	objectdata__vslot_001	0.82
0x00ace1e0	objectdata_twoop	0x00ace1d0	objectdata	0x00acdda8	0	0	0x004dea19	FUN_004dea19	override	0x004dea14	0x00ace1e0	objectdata_twoop	0x00acdda8	objectdata_twoop__vslot_000	0.95
0x00ace1e0	objectdata_twoop	0x00ace1d0	objectdata	0x00acdda8	1	0	0x004a5d0f	FUN_004a5d0f	override	0x004a5d05	0x00ace1e0	objectdata_twoop	0x00acdda8	objectdata_twoop__vslot_001	0.95
0x00ace1f0	objectdata_arrayop	0x00ace1d0	objectdata	0x00acddc0	0	0	0x004dea1e	FUN_004dea1e	override	0x004dea14	0x00ace1f0	objectdata_arrayop	0x00acddc0	objectdata_arrayop__vslot_000	0.95
0x00ace1f0	objectdata_arrayop	0x00ace1d0	objectdata	0x00acddc0	1	0	0x004a5d19	FUN_004a5d19	override	0x004a5d05	0x00ace1f0	objectdata_arrayop	0x00acddc0	objectdata_arrayop__vslot_001	0.95
0x00ace200	objectdata_vectorop	0x00ace1d0	objectdata	0x00acddd8	0	0	0x004dea23	FUN_004dea23	override	0x004dea14	0x00ace200	objectdata_vectorop	0x00acddd8	objectdata_vectorop__vslot_000	0.95
0x00ace200	objectdata_vectorop	0x00ace1d0	objectdata	0x00acddd8	1	0	0x004a5d23	FUN_004a5d23	override	0x004a5d05	0x00ace200	objectdata_vectorop	0x00acddd8	objectdata_vectorop__vslot_001	0.95
0x00ace210	objectdata_compoundop	0x00ace1d0	objectdata	0x00acddf0	0	0	0x004dea28	FUN_004dea28	override	0x004dea14	0x00ace210	objectdata_compoundop	0x00acddf0	objectdata_compoundop__vslot_000	0.95
0x00ace210	objectdata_compoundop	0x00ace1d0	objectdata	0x00acddf0	1	0	0x004a5d2d	FUN_004a5d2d	override	0x004a5d05	0x00ace210	objectdata_compoundop	0x00acddf0	objectdata_compoundop__vslot_001	0.95
0x00ace220	objectdata_magictype	0x00ace1d0	objectdata	0x00acde08	0	0	0x004dea2d	FUN_004dea2d	override	0x004dea14	0x00ace220	objectdata_magictype	0x00acde08	objectdata_magictype__vslot_000	0.95
0x00ace220	objectdata_magictype	0x00ace1d0	objectdata	0x00acde08	1	0	0x004a5d37	FUN_004a5d37	override	0x004a5d05	0x00ace220	objectdata_magictype	0x00acde08	objectdata_magictype__vslot_001	0.95
0x00ace230	objectdata_qindex	0x00ace1d0	objectdata	0x00acde20	0	0	0x004dea32	FUN_004dea32	override	0x004dea14	0x00ace230	objectdata_qindex	0x00acde20	objectdata_qindex__vslot_000	0.95
0x00ace230	objectdata_qindex	0x00ace1d0	objectdata	0x00acde20	1	0	0x004a5d41	FUN_004a5d41	override	0x004a5d05	0x00ace230	objectdata_qindex	0x00acde20	objectdata_qindex__vslot_001	0.95
0x00ace240	objectdata_dot	0x00ace1d0	objectdata	0x00acde38	0	0	0x004dea37	FUN_004dea37	override	0x004dea14	0x00ace240	objectdata_dot	0x00acde38	objectdata_dot__vslot_000	0.95
0x00ace240	objectdata_dot	0x00ace1d0	objectdata	0x00acde38	1	0	0x004a5d4b	FUN_004a5d4b	override	0x004a5d05	0x00ace240	objectdata_dot	0x00acde38	objectdata_dot__vslot_001	0.95
0x00ace250	objectdata_recordtyp	0x00ace1d0	objectdata	0x00acde50	0	0	0x004dea3c	FUN_004dea3c	override	0x004dea14	0x00ace250	objectdata_recordtyp	0x00acde50	objectdata_recordtyp__vslot_000	0.95
0x00ace250	objectdata_recordtyp	0x00ace1d0	objectdata	0x00acde50	1	0	0x004a5d55	FUN_004a5d55	override	0x004a5d05	0x00ace250	objectdata_recordtyp	0x00acde50	objectdata_recordtyp__vslot_001	0.95
0x00ace260	objectdata_subrangeop	0x00ace1d0	objectdata	0x00acde68	0	0	0x004dea41	FUN_004dea41	override	0x004dea14	0x00ace260	objectdata_subrangeop	0x00acde68	objectdata_subrangeop__vslot_000	0.95
0x00ace260	objectdata_subrangeop	0x00ace1d0	objectdata	0x00acde68	1	0	0x004a5d5f	FUN_004a5d5f	override	0x004a5d05	0x00ace260	objectdata_subrangeop	0x00acde68	objectdata_subrangeop__vslot_001	0.95
0x00ace270	objectdata_call	0x00ace1d0	objectdata	0x00acde80	0	0	0x004dea46	FUN_004dea46	override	0x004dea14	0x00ace270	objectdata_call	0x00acde80	objectdata_call__vslot_000	0.95
0x00ace270	objectdata_call	0x00ace1d0	objectdata	0x00acde80	1	0	0x004a5d69	FUN_004a5d69	override	0x004a5d05	0x00ace270	objectdata_call	0x00acde80	objectdata_call__vslot_001	0.95
0x00ace280	objectdata_rouconstr	0x00ace1d0	objectdata	0x00acde98	0	0	0x004dea4b	FUN_004dea4b	override	0x004dea14	0x00ace280	objectdata_rouconstr	0x00acde98	objectdata_rouconstr__vslot_000	0.95
0x00ace280	objectdata_rouconstr	0x00ace1d0	objectdata	0x00acde98	1	0	0x004a5d73	FUN_004a5d73	override	0x004a5d05	0x00ace280	objectdata_rouconstr	0x00acde98	objectdata_rouconstr__vslot_001	0.95
0x00ace290	objectdata_entryop	0x00ace1d0	objectdata	0x00acdeb0	0	0	0x004dea50	FUN_004dea50	override	0x004dea14	0x00ace290	objectdata_entryop	0x00acdeb0	objectdata_entryop__vslot_000	0.95
0x00ace290	objectdata_entryop	0x00ace1d0	objectdata	0x00acdeb0	1	0	0x004a5d7d	FUN_004a5d7d	override	0x004a5d05	0x00ace290	objectdata_entryop	0x00acdeb0	objectdata_entryop__vslot_001	0.95
0x00ace2a0	objectdata_statfunc	0x00ace1d0	objectdata	0x00acdec8	0	0	0x004dea55	FUN_004dea55	override	0x004dea14	0x00ace2a0	objectdata_statfunc	0x00acdec8	objectdata_statfunc__vslot_000	0.95
0x00ace2a0	objectdata_statfunc	0x00ace1d0	objectdata	0x00acdec8	1	0	0x004a5d87	FUN_004a5d87	override	0x004a5d05	0x00ace2a0	objectdata_statfunc	0x00acdec8	objectdata_statfunc__vslot_001	0.95
0x00ace2b0	objectdata_qaddrs	0x00ace1d0	objectdata	0x00acdee0	0	0	0x004dea5a	FUN_004dea5a	override	0x004dea14	0x00ace2b0	objectdata_qaddrs	0x00acdee0	objectdata_qaddrs__vslot_000	0.95
0x00ace2b0	objectdata_qaddrs	0x00ace1d0	objectdata	0x00acdee0	1	0	0x004a5d91	FUN_004a5d91	override	0x004a5d05	0x00ace2b0	objectdata_qaddrs	0x00acdee0	objectdata_qaddrs__vslot_001	0.95
0x00ace2c0	objectdata_variable	0x00ace1d0	objectdata	0x00acdef8	0	0	0x004dea5f	FUN_004dea5f	override	0x004dea14	0x00ace2c0	objectdata_variable	0x00acdef8	objectdata_variable__vslot_000	0.95
0x00ace2c0	objectdata_variable	0x00ace1d0	objectdata	0x00acdef8	1	0	0x004a5d9b	FUN_004a5d9b	override	0x004a5d05	0x00ace2c0	objectdata_variable	0x00acdef8	objectdata_variable__vslot_001	0.95
0x00ace2d0	objectdata_varfield	0x00ace1d0	objectdata	0x00acdf10	0	0	0x004dea64	FUN_004dea64	override	0x004dea14	0x00ace2d0	objectdata_varfield	0x00acdf10	objectdata_varfield__vslot_000	0.95
0x00ace2d0	objectdata_varfield	0x00ace1d0	objectdata	0x00acdf10	1	0	0x004a5da5	FUN_004a5da5	override	0x004a5d05	0x00ace2d0	objectdata_varfield	0x00acdf10	objectdata_varfield__vslot_001	0.95
0x00ace2e0	objectdata_generic	0x00ace1d0	objectdata	0x00acdf28	0	0	0x004dea69	FUN_004dea69	override	0x004dea14	0x00ace2e0	objectdata_generic	0x00acdf28	objectdata_generic__vslot_000	0.95
0x00ace2e0	objectdata_generic	0x00ace1d0	objectdata	0x00acdf28	1	0	0x004a5daf	FUN_004a5daf	override	0x004a5d05	0x00ace2e0	objectdata_generic	0x00acdf28	objectdata_generic__vslot_001	0.95
0x00ace2f0	objectdata_scalconst	0x00ace1d0	objectdata	0x00acdf40	0	0	0x004dea6e	FUN_004dea6e	override	0x004dea14	0x00ace2f0	objectdata_scalconst	0x00acdf40	objectdata_scalconst__vslot_000	0.95
0x00ace2f0	objectdata_scalconst	0x00ace1d0	objectdata	0x00acdf40	1	0	0x004a60ed	FUN_004a60ed	override	0x004a5d05	0x00ace2f0	objectdata_scalconst	0x00acdf40	objectdata_scalconst__vslot_001	0.95
0x00ace300	objectdata_floatconst	0x00ace1d0	objectdata	0x00acdf58	0	0	0x004dea73	FUN_004dea73	override	0x004dea14	0x00ace300	objectdata_floatconst	0x00acdf58	objectdata_floatconst__vslot_000	0.95
0x00ace300	objectdata_floatconst	0x00ace1d0	objectdata	0x00acdf58	1	0	0x004a60f7	FUN_004a60f7	override	0x004a5d05	0x00ace300	objectdata_floatconst	0x00acdf58	objectdata_floatconst__vslot_001	0.95
0x00ace310	objectdata_strconst	0x00ace1d0	objectdata	0x00acdf70	0	0	0x004dea78	FUN_004dea78	override	0x004dea14	0x00ace310	objectdata_strconst	0x00acdf70	objectdata_strconst__vslot_000	0.95
0x00ace310	objectdata_strconst	0x00ace1d0	objectdata	0x00acdf70	1	0	0x004a6101	FUN_004a6101	override	0x004a5d05	0x00ace310	objectdata_strconst	0x00acdf70	objectdata_strconst__vslot_001	0.95
0x00ace320	objectdata_setconstructor	0x00ace1d0	objectdata	0x00acdf88	0	0	0x004dea7d	FUN_004dea7d	override	0x004dea14	0x00ace320	objectdata_setconstructor	0x00acdf88	objectdata_setconstructor__vslot_000	0.95
0x00ace320	objectdata_setconstructor	0x00ace1d0	objectdata	0x00acdf88	1	0	0x004a610b	FUN_004a610b	override	0x004a5d05	0x00ace320	objectdata_setconstructor	0x00acdf88	objectdata_setconstructor__vslot_001	0.95
0x00ace330	objectdata_complexop	0x00ace1d0	objectdata	0x00acdfa0	0	0	0x004dea82	FUN_004dea82	override	0x004dea14	0x00ace330	objectdata_complexop	0x00acdfa0	objectdata_complexop__vslot_000	0.95
0x00ace330	objectdata_complexop	0x00ace1d0	objectdata	0x00acdfa0	1	0	0x004a6115	FUN_004a6115	override	0x004a5d05	0x00ace330	objectdata_complexop	0x00acdfa0	objectdata_complexop__vslot_001	0.95
0x00ace340	objectdata_data	0x00ace1d0	objectdata	0x00acdfb8	0	0	0x004dea87	FUN_004dea87	override	0x004dea14	0x00ace340	objectdata_data	0x00acdfb8	objectdata_data__vslot_000	0.95
0x00ace340	objectdata_data	0x00ace1d0	objectdata	0x00acdfb8	1	0	0x004a611f	FUN_004a611f	override	0x004a5d05	0x00ace340	objectdata_data	0x00acdfb8	objectdata_data__vslot_001	0.95
0x00ace350	objectdata_qjcond	0x00ace1d0	objectdata	0x00acdfd0	0	0	0x004dea8c	FUN_004dea8c	override	0x004dea14	0x00ace350	objectdata_qjcond	0x00acdfd0	objectdata_qjcond__vslot_000	0.95
0x00ace350	objectdata_qjcond	0x00ace1d0	objectdata	0x00acdfd0	1	0	0x004a6129	FUN_004a6129	override	0x004a5d05	0x00ace350	objectdata_qjcond	0x00acdfd0	objectdata_qjcond__vslot_001	0.95
0x00ace360	objectdata_qjmp	0x00ace1d0	objectdata	0x00acdfe8	0	0	0x004dea91	FUN_004dea91	override	0x004dea14	0x00ace360	objectdata_qjmp	0x00acdfe8	objectdata_qjmp__vslot_000	0.95
0x00ace360	objectdata_qjmp	0x00ace1d0	objectdata	0x00acdfe8	1	0	0x004a6133	FUN_004a6133	override	0x004a5d05	0x00ace360	objectdata_qjmp	0x00acdfe8	objectdata_qjmp__vslot_001	0.95
0x00ace370	objectdata_qjtab	0x00ace1d0	objectdata	0x00ace000	0	0	0x004dea96	FUN_004dea96	override	0x004dea14	0x00ace370	objectdata_qjtab	0x00ace000	objectdata_qjtab__vslot_000	0.95
0x00ace370	objectdata_qjtab	0x00ace1d0	objectdata	0x00ace000	1	0	0x004a613d	FUN_004a613d	override	0x004a5d05	0x00ace370	objectdata_qjtab	0x00ace000	objectdata_qjtab__vslot_001	0.95
0x00ace380	objectdata_arithifi	0x00ace1d0	objectdata	0x00ace018	0	0	0x004dea9b	FUN_004dea9b	override	0x004dea14	0x00ace380	objectdata_arithifi	0x00ace018	objectdata_arithifi__vslot_000	0.95
0x00ace380	objectdata_arithifi	0x00ace1d0	objectdata	0x00ace018	1	0	0x004a6147	FUN_004a6147	override	0x004a5d05	0x00ace380	objectdata_arithifi	0x00ace018	objectdata_arithifi__vslot_001	0.95
0x00ace390	objectdata_ifop	0x00ace1d0	objectdata	0x00ace030	0	0	0x004deaa0	FUN_004deaa0	override	0x004dea14	0x00ace390	objectdata_ifop	0x00ace030	objectdata_ifop__vslot_000	0.95
0x00ace390	objectdata_ifop	0x00ace1d0	objectdata	0x00ace030	1	0	0x004a6151	FUN_004a6151	override	0x004a5d05	0x00ace390	objectdata_ifop	0x00ace030	objectdata_ifop__vslot_001	0.95
0x00ace3a0	objectdata_predcode	0x00ace1d0	objectdata	0x00ace048	0	0	0x004deaa5	FUN_004deaa5	override	0x004dea14	0x00ace3a0	objectdata_predcode	0x00ace048	objectdata_predcode__vslot_000	0.95
0x00ace3a0	objectdata_predcode	0x00ace1d0	objectdata	0x00ace048	1	0	0x004a615b	FUN_004a615b	override	0x004a5d05	0x00ace3a0	objectdata_predcode	0x00ace048	objectdata_predcode__vslot_001	0.95
0x00ace3b0	objectdata_block	0x00ace1d0	objectdata	0x00ace060	0	0	0x004deaaa	FUN_004deaaa	override	0x004dea14	0x00ace3b0	objectdata_block	0x00ace060	objectdata_block__vslot_000	0.95
0x00ace3b0	objectdata_block	0x00ace1d0	objectdata	0x00ace060	1	0	0x004a6165	FUN_004a6165	override	0x004a5d05	0x00ace3b0	objectdata_block	0x00ace060	objectdata_block__vslot_001	0.95
0x00ace3c0	objectdata_undefop	0x00ace1d0	objectdata	0x00ace078	0	0	0x004deaaf	FUN_004deaaf	override	0x004dea14	0x00ace3c0	objectdata_undefop	0x00ace078	objectdata_undefop__vslot_000	0.95
0x00ace3c0	objectdata_undefop	0x00ace1d0	objectdata	0x00ace078	1	0	0x004a616f	FUN_004a616f	override	0x004a5d05	0x00ace3c0	objectdata_undefop	0x00ace078	objectdata_undefop__vslot_001	0.95
0x00ace3d0	objectdata_fourop	0x00ace1d0	objectdata	0x00ace090	0	0	0x004deab4	FUN_004deab4	override	0x004dea14	0x00ace3d0	objectdata_fourop	0x00ace090	objectdata_fourop__vslot_000	0.95
0x00ace3d0	objectdata_fourop	0x00ace1d0	objectdata	0x00ace090	1	0	0x004a6179	FUN_004a6179	override	0x004a5d05	0x00ace3d0	objectdata_fourop	0x00ace090	objectdata_fourop__vslot_001	0.95
0x00ace3e0	objectdata_casm	0x00ace1d0	objectdata	0x00ace0a8	0	0	0x004deab9	FUN_004deab9	override	0x004dea14	0x00ace3e0	objectdata_casm	0x00ace0a8	objectdata_casm__vslot_000	0.95
0x00ace3e0	objectdata_casm	0x00ace1d0	objectdata	0x00ace0a8	1	0	0x004a6183	FUN_004a6183	override	0x004a5d05	0x00ace3e0	objectdata_casm	0x00ace0a8	objectdata_casm__vslot_001	0.95
0x00ace3f0	objectdata_lineop	0x00ace1d0	objectdata	0x00ace0c0	0	0	0x004deabe	FUN_004deabe	override	0x004dea14	0x00ace3f0	objectdata_lineop	0x00ace0c0	objectdata_lineop__vslot_000	0.95
0x00ace3f0	objectdata_lineop	0x00ace1d0	objectdata	0x00ace0c0	1	0	0x004a618d	FUN_004a618d	override	0x004a5d05	0x00ace3f0	objectdata_lineop	0x00ace0c0	objectdata_lineop__vslot_001	0.95
0x00ace400	objectdata_commentop	0x00ace1d0	objectdata	0x00ace0d8	0	0	0x004deac3	FUN_004deac3	override	0x004dea14	0x00ace400	objectdata_commentop	0x00ace0d8	objectdata_commentop__vslot_000	0.95
0x00ace400	objectdata_commentop	0x00ace1d0	objectdata	0x00ace0d8	1	0	0x004a6197	FUN_004a6197	override	0x004a5d05	0x00ace400	objectdata_commentop	0x00ace0d8	objectdata_commentop__vslot_001	0.95
0x00ace410	objectdata_startscope	0x00ace1d0	objectdata	0x00ace0f0	0	0	0x004deac8	FUN_004deac8	override	0x004dea14	0x00ace410	objectdata_startscope	0x00ace0f0	objectdata_startscope__vslot_000	0.95
0x00ace410	objectdata_startscope	0x00ace1d0	objectdata	0x00ace0f0	1	0	0x004a61a1	FUN_004a61a1	override	0x004a5d05	0x00ace410	objectdata_startscope	0x00ace0f0	objectdata_startscope__vslot_001	0.95
0x00ace420	objectdata_leavescope	0x00ace1d0	objectdata	0x00ace108	0	0	0x004deacd	FUN_004deacd	override	0x004dea14	0x00ace420	objectdata_leavescope	0x00ace108	objectdata_leavescope__vslot_000	0.95
0x00ace420	objectdata_leavescope	0x00ace1d0	objectdata	0x00ace108	1	0	0x004a61ab	FUN_004a61ab	override	0x004a5d05	0x00ace420	objectdata_leavescope	0x00ace108	objectdata_leavescope__vslot_001	0.95
0x00ace430	objectdata_varargsop	0x00ace1d0	objectdata	0x00ace120	0	0	0x004dead2	FUN_004dead2	override	0x004dea14	0x00ace430	objectdata_varargsop	0x00ace120	objectdata_varargsop__vslot_000	0.95
0x00ace430	objectdata_varargsop	0x00ace1d0	objectdata	0x00ace120	1	0	0x004a61b5	FUN_004a61b5	override	0x004a5d05	0x00ace430	objectdata_varargsop	0x00ace120	objectdata_varargsop__vslot_001	0.95
0x00ace440	objectdata_statexpr	0x00ace1d0	objectdata	0x00ace138	0	0	0x004dead7	FUN_004dead7	override	0x004dea14	0x00ace440	objectdata_statexpr	0x00ace138	objectdata_statexpr__vslot_000	0.95
0x00ace440	objectdata_statexpr	0x00ace1d0	objectdata	0x00ace138	1	0	0x004a61bf	FUN_004a61bf	override	0x004a5d05	0x00ace440	objectdata_statexpr	0x00ace138	objectdata_statexpr__vslot_001	0.95
0x00ace628	std::exception	0x00ace628	std::exception	0x00ace558	0	0	0x004e0f9f	FUN_004e0f9f	root_slot		0x00ace628	std::exception	0x00ace558	std_exception__vslot_000	0.82
0x00ace628	std::exception	0x00ace628	std::exception	0x00ace558	1	0	0x004e0fc6	FUN_004e0fc6	root_slot		0x00ace628	std::exception	0x00ace558	std_exception__vslot_001	0.82
0x00ace628	std::exception	0x00ace628	std::exception	0x00ace558	2	0	0x004e0fd2	FUN_004e0fd2	root_slot		0x00ace628	std::exception	0x00ace558	std_exception__vslot_002	0.82
0x00ace638	std::bad_alloc	0x00ace628	std::exception	0x00ace578	0	0	0x004e0fd7	FUN_004e0fd7	override	0x004e0f9f	0x00ace638	std::bad_alloc	0x00ace578	std_bad_alloc__vslot_000	0.95
0x00ace638	std::bad_alloc	0x00ace628	std::exception	0x00ace578	1	0	0x004e0fc6	FUN_004e0fc6	inherited	0x004e0fc6	0x00ace628	std::exception	0x00ace558	std_exception__vslot_001	0.82
0x00ace638	std::bad_alloc	0x00ace628	std::exception	0x00ace578	2	0	0x004e0ffe	FUN_004e0ffe	override	0x004e0fd2	0x00ace638	std::bad_alloc	0x00ace578	std_bad_alloc__vslot_002	0.95
0x00ace648	std::logic_error	0x00ace628	std::exception	0x00ace598	0	0	0x004e1685	FUN_004e1685	override	0x004e0f9f	0x00ace648	std::logic_error	0x00ace598	std_logic_error__vslot_000	0.95
0x00ace648	std::logic_error	0x00ace628	std::exception	0x00ace598	1	0	0x004e16be	FUN_004e16be	override	0x004e0fc6	0x00ace648	std::logic_error	0x00ace598	std_logic_error__vslot_001	0.95
0x00ace648	std::logic_error	0x00ace628	std::exception	0x00ace598	2	0	0x004e16db	FUN_004e16db	override	0x004e0fd2	0x00ace648	std::logic_error	0x00ace598	std_logic_error__vslot_002	0.95
0x00ace658	std::out_of_range	0x00ace628	std::exception	0x00ace5b8	0	0	0x004e16ec	FUN_004e16ec	override	0x004e1685	0x00ace658	std::out_of_range	0x00ace5b8	std_out_of_range__vslot_000	0.95
0x00ace658	std::out_of_range	0x00ace628	std::exception	0x00ace5b8	1	0	0x004e16be	FUN_004e16be	inherited	0x004e16be	0x00ace648	std::logic_error	0x00ace598	std_logic_error__vslot_001	0.82
0x00ace658	std::out_of_range	0x00ace628	std::exception	0x00ace5b8	2	0	0x004e1725	FUN_004e1725	override	0x004e16db	0x00ace658	std::out_of_range	0x00ace5b8	std_out_of_range__vslot_002	0.95
0x00ace668	std::runtime_error	0x00ace628	std::exception	0x00ace5d8	0	0	0x004e1736	FUN_004e1736	override	0x004e0f9f	0x00ace668	std::runtime_error	0x00ace5d8	std_runtime_error__vslot_000	0.95
0x00ace668	std::runtime_error	0x00ace628	std::exception	0x00ace5d8	1	0	0x004e176f	FUN_004e176f	override	0x004e0fc6	0x00ace668	std::runtime_error	0x00ace5d8	std_runtime_error__vslot_001	0.95
0x00ace668	std::runtime_error	0x00ace628	std::exception	0x00ace5d8	2	0	0x004e178c	FUN_004e178c	override	0x004e0fd2	0x00ace668	std::runtime_error	0x00ace5d8	std_runtime_error__vslot_002	0.95
0x00ace678	std::overflow_error	0x00ace628	std::exception	0x00ace5f8	0	0	0x004e179d	FUN_004e179d	override	0x004e1736	0x00ace678	std::overflow_error	0x00ace5f8	std_overflow_error__vslot_000	0.95
0x00ace678	std::overflow_error	0x00ace628	std::exception	0x00ace5f8	1	0	0x004e176f	FUN_004e176f	inherited	0x004e176f	0x00ace668	std::runtime_error	0x00ace5d8	std_runtime_error__vslot_001	0.82
0x00ace678	std::overflow_error	0x00ace628	std::exception	0x00ace5f8	2	0	0x004e17d6	FUN_004e17d6	override	0x004e178c	0x00ace678	std::overflow_error	0x00ace5f8	std_overflow_error__vslot_002	0.95
0x00acf300	InterblockDf	0x00acf300	InterblockDf	0x00acf278	0	0	0x00a92860	FUN_00a92860	root_slot		0x00acf300	InterblockDf	0x00acf278	InterblockDf__vslot_000	0.82
0x00acf300	InterblockDf	0x00acf300	InterblockDf	0x00acf278	1	0	0x00a92860	FUN_00a92860	root_slot		0x00acf300	InterblockDf	0x00acf278	InterblockDf__vslot_001	0.82
0x00acf6d0	TouchesDf	0x00acf300	InterblockDf	0x00acf688	0	0	0x00500898	FUN_00500898	override	0x00a92860	0x00acf6d0	TouchesDf	0x00acf688	TouchesDf__vslot_000	0.95
0x00acf6d0	TouchesDf	0x00acf300	InterblockDf	0x00acf688	1	0	0x00500b42	FUN_00500b42	override	0x00a92860	0x00acf6d0	TouchesDf	0x00acf688	TouchesDf__vslot_001	0.95
0x00acf6e0	LivenessDf	0x00acf300	InterblockDf	0x00acf6a0	0	0	0x00500b9f	FUN_00500b9f	override	0x00a92860	0x00acf6e0	LivenessDf	0x00acf6a0	LivenessDf__vslot_000	0.95
0x00acf6e0	LivenessDf	0x00acf300	InterblockDf	0x00acf6a0	1	0	0x00500cd7	FUN_00500cd7	override	0x00a92860	0x00acf6e0	LivenessDf	0x00acf6a0	LivenessDf__vslot_001	0.95
0x00acf6f0	PostLivenessDf	0x00acf300	InterblockDf	0x00acf6b8	0	0	0x00500d3f	FUN_00500d3f	override	0x00a92860	0x00acf6f0	PostLivenessDf	0x00acf6b8	PostLivenessDf__vslot_000	0.95
0x00acf6f0	PostLivenessDf	0x00acf300	InterblockDf	0x00acf6b8	1	0	0x00500d44	FUN_00500d44	override	0x00a92860	0x00acf6f0	PostLivenessDf	0x00acf6b8	PostLivenessDf__vslot_001	0.95
0x00afc4e0	backend_basetype	0x00b0e82c	backend_dataflow	0x00afbb90	0	0	0x005ba5d0	FUN_005ba5d0	override	0x0074dae0	0x00afc4e0	backend_basetype	0x00afbb90	backend_basetype__vslot_000	0.95
0x00afc4e0	backend_basetype	0x00b0e82c	backend_dataflow	0x00afbb90	1	0	0x0076fdcf	FUN_0076fdcf	inherited	0x0076fdcf	0x00b0e82c	backend_dataflow	0x00b0e53c	backend_dataflow__vslot_001	0.82
0x00afc4e0	backend_basetype	0x00b0e82c	backend_dataflow	0x00afbb90	2	0	0x005ba5d5	FUN_005ba5d5	override	0x0074dae5	0x00afc4e0	backend_basetype	0x00afbb90	backend_basetype__vslot_002	0.95
0x00afc4e0	backend_basetype	0x00b0e82c	backend_dataflow	0x00afbb90	3	0	0x005ba5da	FUN_005ba5da	override	0x0074daea	0x00afc4e0	backend_basetype	0x00afbb90	backend_basetype__vslot_003	0.95
0x00afc4e0	backend_basetype	0x00b0e82c	backend_dataflow	0x00afbb90	4	0	0x005ba5e3	FUN_005ba5e3	override	0x0074daf3	0x00afc4e0	backend_basetype	0x00afbb90	backend_basetype__vslot_004	0.95
0x00afc4e0	backend_basetype	0x00b0e82c	backend_dataflow	0x00afbb90	5	0	0x0076fd8c	FUN_0076fd8c	inherited	0x0076fd8c	0x00b0e82c	backend_dataflow	0x00b0e53c	backend_dataflow__vslot_005	0.82
0x00afc4e0	backend_basetype	0x00b0e82c	backend_dataflow	0x00afbb90	6	0	0x007692da	FUN_007692da	inherited	0x007692da	0x00b0e82c	backend_dataflow	0x00b0e53c	backend_dataflow__vslot_006	0.82
0x00afc4e0	backend_basetype	0x00b0e82c	backend_dataflow	0x00afbb90	7	0	0x0076fd44	FUN_0076fd44	inherited	0x0076fd44	0x00b0e82c	backend_dataflow	0x00b0e53c	backend_dataflow__vslot_007	0.82
0x00afc4e0	backend_basetype	0x00b0e82c	backend_dataflow	0x00afbb90	8	0	0x00766cae	FUN_00766cae	inherited	0x00766cae	0x00b0e82c	backend_dataflow	0x00b0e53c	backend_dataflow__vslot_008	0.82
0x00afc4e0	backend_basetype	0x00b0e82c	backend_dataflow	0x00afbb90	9	0	0x005ba5ec	FUN_005ba5ec	override	0x0074dafc	0x00afc4e0	backend_basetype	0x00afbb90	backend_basetype__vslot_009	0.95
0x00afc4e0	backend_basetype	0x00b0e82c	backend_dataflow	0x00afbb90	10	0	0x007700a6	FUN_007700a6	inherited	0x007700a6	0x00b0e82c	backend_dataflow	0x00b0e53c	backend_dataflow__vslot_010	0.82
0x00afc4e0	backend_basetype	0x00b0e82c	backend_dataflow	0x00afbb90	11	0	0x005ba5f5	FUN_005ba5f5	override	0x0074db05	0x00afc4e0	backend_basetype	0x00afbb90	backend_basetype__vslot_011	0.95
0x00afc4e0	backend_basetype	0x00b0e82c	backend_dataflow	0x00afbb90	12	0	0x0076fd2e	FUN_0076fd2e	inherited	0x0076fd2e	0x00b0e82c	backend_dataflow	0x00b0e53c	backend_dataflow__vslot_012	0.82
0x00afc4e0	backend_basetype	0x00b0e82c	backend_dataflow	0x00afbb90	13	0	0x005ba609	FUN_005ba609	override	0x0074db19	0x00afc4e0	backend_basetype	0x00afbb90	backend_basetype__vslot_013	0.95
0x00afc4e0	backend_basetype	0x00b0e82c	backend_dataflow	0x00afbb90	14	0	0x005ba612	FUN_005ba612	override	0x0074db22	0x00afc4e0	backend_basetype	0x00afbb90	backend_basetype__vslot_014	0.95
0x00afc4e0	backend_basetype	0x00b0e82c	backend_dataflow	0x00afbb90	15	0	0x005ba61b	FUN_005ba61b	override	0x0074db2b	0x00afc4e0	backend_basetype	0x00afbb90	backend_basetype__vslot_015	0.95
0x00afc4e0	backend_basetype	0x00b0e82c	backend_dataflow	0x00afbb90	16	0	0x005ba624	FUN_005ba624	override	0x0074db34	0x00afc4e0	backend_basetype	0x00afbb90	backend_basetype__vslot_016	0.95
0x00afc4e0	backend_basetype	0x00b0e82c	backend_dataflow	0x00afbb90	17	0	0x005ba633	FUN_005ba633	override	0x0074db43	0x00afc4e0	backend_basetype	0x00afbb90	backend_basetype__vslot_017	0.95
0x00afc4e0	backend_basetype	0x00b0e82c	backend_dataflow	0x00afbb90	18	0	0x005ba660	FUN_005ba660	override	0x0074db70	0x00afc4e0	backend_basetype	0x00afbb90	backend_basetype__vslot_018	0.95
0x00afc4e0	backend_basetype	0x00b0e82c	backend_dataflow	0x00afbb90	19	0	0x005bab1f	FUN_005bab1f	override	0x0076c5f7	0x00afc4e0	backend_basetype	0x00afbb90	backend_basetype__vslot_019	0.95
0x00afc4e0	backend_basetype	0x00b0e82c	backend_dataflow	0x00afbb90	20	0	0x005bab28	FUN_005bab28	override	0x0076c612	0x00afc4e0	backend_basetype	0x00afbb90	backend_basetype__vslot_020	0.95
0x00afc4e0	backend_basetype	0x00b0e82c	backend_dataflow	0x00afbb90	21	0	0x005bab31	FUN_005bab31	override	0x0074db7a	0x00afc4e0	backend_basetype	0x00afbb90	backend_basetype__vslot_021	0.95
0x00afc4e0	backend_basetype	0x00b0e82c	backend_dataflow	0x00afbb90	22	0	0x005bab3f	FUN_005bab3f	override	0x0076ce1e	0x00afc4e0	backend_basetype	0x00afbb90	backend_basetype__vslot_022	0.95
0x00afc4e0	backend_basetype	0x00b0e82c	backend_dataflow	0x00afbb90	23	0	0x005bab4e	FUN_005bab4e	override	0x0074db88	0x00afc4e0	backend_basetype	0x00afbb90	backend_basetype__vslot_023	0.95
0x00afc4e0	backend_basetype	0x00b0e82c	backend_dataflow	0x00afbb90	24	0	0x0077017f	FUN_0077017f	inherited	0x0077017f	0x00b0e82c	backend_dataflow	0x00b0e53c	backend_dataflow__vslot_024	0.82
0x00afc4e0	backend_basetype	0x00b0e82c	backend_dataflow	0x00afbb90	25	0	0x007711eb	FUN_007711eb	inherited	0x007711eb	0x00b0e82c	backend_dataflow	0x00b0e53c	backend_dataflow__vslot_025	0.82
0x00afc4e0	backend_basetype	0x00b0e82c	backend_dataflow	0x00afbb90	26	0	0x005ba66a	FUN_005ba66a	override	0x0074db91	0x00afc4e0	backend_basetype	0x00afbb90	backend_basetype__vslot_026	0.95
0x00afc4e0	backend_basetype	0x00b0e82c	backend_dataflow	0x00afbb90	27	0	0x005ba67f	FUN_005ba67f	override	0x0074dba6	0x00afc4e0	backend_basetype	0x00afbb90	backend_basetype__vslot_027	0.95
0x00afc4e0	backend_basetype	0x00b0e82c	backend_dataflow	0x00afbb90	28	0	0x005bc53a	FUN_005bc53a	introduced		0x00afc4e0	backend_basetype	0x00afbb90	backend_basetype__vslot_028	0.95
0x00afc4e0	backend_basetype	0x00b0e82c	backend_dataflow	0x00afbb90	29	0	0x005ba688	FUN_005ba688	introduced		0x00afc4e0	backend_basetype	0x00afbb90	backend_basetype__vslot_029	0.95
0x00afc4e0	backend_basetype	0x00b0e82c	backend_dataflow	0x00afbb90	30	0	0x005bc5d3	FUN_005bc5d3	introduced		0x00afc4e0	backend_basetype	0x00afbb90	backend_basetype__vslot_030	0.95
0x00afc4e0	backend_basetype	0x00b0e82c	backend_dataflow	0x00afbb90	31	0	0x005bc608	FUN_005bc608	introduced		0x00afc4e0	backend_basetype	0x00afbb90	backend_basetype__vslot_031	0.95
0x00afc4e0	backend_basetype	0x00b0e82c	backend_dataflow	0x00afbb90	32	0	0x005bc63d	FUN_005bc63d	introduced		0x00afc4e0	backend_basetype	0x00afbb90	backend_basetype__vslot_032	0.95
0x00afc4e0	backend_basetype	0x00b0e82c	backend_dataflow	0x00afbb90	33	0	0x005bc6a7	FUN_005bc6a7	introduced		0x00afc4e0	backend_basetype	0x00afbb90	backend_basetype__vslot_033	0.95
0x00afc4e0	backend_basetype	0x00b0e82c	backend_dataflow	0x00afbb90	34	0	0x005ba692	FUN_005ba692	introduced		0x00afc4e0	backend_basetype	0x00afbb90	backend_basetype__vslot_034	0.95
0x00afc4e0	backend_basetype	0x00b0e82c	backend_dataflow	0x00afbb90	35	0	0x005bc801	FUN_005bc801	introduced		0x00afc4e0	backend_basetype	0x00afbb90	backend_basetype__vslot_035	0.95
0x00afc4e0	backend_basetype	0x00b0e82c	backend_dataflow	0x00afbb90	36	0	0x005bc8c2	FUN_005bc8c2	introduced		0x00afc4e0	backend_basetype	0x00afbb90	backend_basetype__vslot_036	0.95
0x00afc4e0	backend_basetype	0x00b0e82c	backend_dataflow	0x00afbb90	37	0	0x005bc947	FUN_005bc947	introduced		0x00afc4e0	backend_basetype	0x00afbb90	backend_basetype__vslot_037	0.95
0x00afc4e0	backend_basetype	0x00b0e82c	backend_dataflow	0x00afbb90	38	0	0x005bca13	FUN_005bca13	introduced		0x00afc4e0	backend_basetype	0x00afbb90	backend_basetype__vslot_038	0.95
0x00afc4e0	backend_basetype	0x00b0e82c	backend_dataflow	0x00afbb90	39	0	0x005bca59	FUN_005bca59	introduced		0x00afc4e0	backend_basetype	0x00afbb90	backend_basetype__vslot_039	0.95
0x00afc4e0	backend_basetype	0x00b0e82c	backend_dataflow	0x00afbb90	40	0	0x005ba69c	FUN_005ba69c	introduced		0x00afc4e0	backend_basetype	0x00afbb90	backend_basetype__vslot_040	0.95
0x00afc4e0	backend_basetype	0x00b0e82c	backend_dataflow	0x00afbb90	41	0	0x005bca8e	FUN_005bca8e	introduced		0x00afc4e0	backend_basetype	0x00afbb90	backend_basetype__vslot_041	0.95
0x00afc4e0	backend_basetype	0x00b0e82c	backend_dataflow	0x00afbb90	42	0	0x005bca93	FUN_005bca93	introduced		0x00afc4e0	backend_basetype	0x00afbb90	backend_basetype__vslot_042	0.95
0x00afc4e0	backend_basetype	0x00b0e82c	backend_dataflow	0x00afbb90	43	0	0x005ba6a5	FUN_005ba6a5	introduced		0x00afc4e0	backend_basetype	0x00afbb90	backend_basetype__vslot_043	0.95
0x00afc4e0	backend_basetype	0x00b0e82c	backend_dataflow	0x00afbb90	44	0	0x005ba6ae	FUN_005ba6ae	introduced		0x00afc4e0	backend_basetype	0x00afbb90	backend_basetype__vslot_044	0.95
0x00afc4e0	backend_basetype	0x00b0e82c	backend_dataflow	0x00afbb90	45	0	0x005bca9c	FUN_005bca9c	introduced		0x00afc4e0	backend_basetype	0x00afbb90	backend_basetype__vslot_045	0.95
0x00afc4e0	backend_basetype	0x00b0e82c	backend_dataflow	0x00afbb90	46	0	0x005bcaa5	FUN_005bcaa5	introduced		0x00afc4e0	backend_basetype	0x00afbb90	backend_basetype__vslot_046	0.95
0x00afc4e0	backend_basetype	0x00b0e82c	backend_dataflow	0x00afbb90	47	0	0x005bcaae	FUN_005bcaae	introduced		0x00afc4e0	backend_basetype	0x00afbb90	backend_basetype__vslot_047	0.95
0x00afc4e0	backend_basetype	0x00b0e82c	backend_dataflow	0x00afbb90	48	0	0x005bcab7	FUN_005bcab7	introduced		0x00afc4e0	backend_basetype	0x00afbb90	backend_basetype__vslot_048	0.95
0x00afc4e0	backend_basetype	0x00b0e82c	backend_dataflow	0x00afbb90	49	0	0x005bcac0	FUN_005bcac0	introduced		0x00afc4e0	backend_basetype	0x00afbb90	backend_basetype__vslot_049	0.95
0x00afc4e0	backend_basetype	0x00b0e82c	backend_dataflow	0x00afbb90	50	0	0x005bcac9	FUN_005bcac9	introduced		0x00afc4e0	backend_basetype	0x00afbb90	backend_basetype__vslot_050	0.95
0x00afc4e0	backend_basetype	0x00b0e82c	backend_dataflow	0x00afbb90	51	0	0x005bcad2	FUN_005bcad2	introduced		0x00afc4e0	backend_basetype	0x00afbb90	backend_basetype__vslot_051	0.95
0x00afc4e0	backend_basetype	0x00b0e82c	backend_dataflow	0x00afbb90	52	0	0x005bcadc	FUN_005bcadc	introduced		0x00afc4e0	backend_basetype	0x00afbb90	backend_basetype__vslot_052	0.95
0x00afc4e0	backend_basetype	0x00b0e82c	backend_dataflow	0x00afbb90	53	0	0x005bcae5	FUN_005bcae5	introduced		0x00afc4e0	backend_basetype	0x00afbb90	backend_basetype__vslot_053	0.95
0x00afc4e0	backend_basetype	0x00b0e82c	backend_dataflow	0x00afbb90	54	0	0x005bcaee	FUN_005bcaee	introduced		0x00afc4e0	backend_basetype	0x00afbb90	backend_basetype__vslot_054	0.95
0x00afc4e0	backend_basetype	0x00b0e82c	backend_dataflow	0x00afbb90	55	0	0x005bde39	FUN_005bde39	introduced		0x00afc4e0	backend_basetype	0x00afbb90	backend_basetype__vslot_055	0.95
0x00afc4e0	backend_basetype	0x00b0e82c	backend_dataflow	0x00afbb90	56	0	0x005bde42	FUN_005bde42	introduced		0x00afc4e0	backend_basetype	0x00afbb90	backend_basetype__vslot_056	0.95
0x00afc4e0	backend_basetype	0x00b0e82c	backend_dataflow	0x00afbb90	57	0	0x005bde4b	FUN_005bde4b	introduced		0x00afc4e0	backend_basetype	0x00afbb90	backend_basetype__vslot_057	0.95
0x00afc4e0	backend_basetype	0x00b0e82c	backend_dataflow	0x00afbb90	58	0	0x005ba6b7	FUN_005ba6b7	introduced		0x00afc4e0	backend_basetype	0x00afbb90	backend_basetype__vslot_058	0.95
0x00afc4e0	backend_basetype	0x00b0e82c	backend_dataflow	0x00afbb90	59	0	0x005bcaf7	FUN_005bcaf7	introduced		0x00afc4e0	backend_basetype	0x00afbb90	backend_basetype__vslot_059	0.95
0x00afc4e0	backend_basetype	0x00b0e82c	backend_dataflow	0x00afbb90	60	0	0x005bcb00	FUN_005bcb00	introduced		0x00afc4e0	backend_basetype	0x00afbb90	backend_basetype__vslot_060	0.95
0x00afc4e0	backend_basetype	0x00b0e82c	backend_dataflow	0x00afbb90	61	0	0x0072f96d	FUN_0072f96d	introduced		0x00afc4e0	backend_basetype	0x00afbb90	backend_basetype__vslot_061	0.95
0x00afc4e0	backend_basetype	0x00b0e82c	backend_dataflow	0x00afbb90	62	0	0x005ba6c0	FUN_005ba6c0	introduced		0x00afc4e0	backend_basetype	0x00afbb90	backend_basetype__vslot_062	0.95
0x00afc4e0	backend_basetype	0x00b0e82c	backend_dataflow	0x00afbb90	63	0	0x005bca85	FUN_005bca85	introduced		0x00afc4e0	backend_basetype	0x00afbb90	backend_basetype__vslot_063	0.95
0x00afc4e0	backend_basetype	0x00b0e82c	backend_dataflow	0x00afbb90	64	0	0x005bcb05	FUN_005bcb05	introduced		0x00afc4e0	backend_basetype	0x00afbb90	backend_basetype__vslot_064	0.95
0x00afc4e0	backend_basetype	0x00b0e82c	backend_dataflow	0x00afbb90	65	0	0x005ba6c5	FUN_005ba6c5	introduced		0x00afc4e0	backend_basetype	0x00afbb90	backend_basetype__vslot_065	0.95
0x00afc4e0	backend_basetype	0x00b0e82c	backend_dataflow	0x00afbb90	66	0	0x005ba6ce	FUN_005ba6ce	introduced		0x00afc4e0	backend_basetype	0x00afbb90	backend_basetype__vslot_066	0.95
0x00afc4e0	backend_basetype	0x00b0e82c	backend_dataflow	0x00afbb90	67	0	0x005ba6d7	FUN_005ba6d7	introduced		0x00afc4e0	backend_basetype	0x00afbb90	backend_basetype__vslot_067	0.95
0x00afc4e0	backend_basetype	0x00b0e82c	backend_dataflow	0x00afbb90	68	0	0x005ba6e0	FUN_005ba6e0	introduced		0x00afc4e0	backend_basetype	0x00afbb90	backend_basetype__vslot_068	0.95
0x00afc4e0	backend_basetype	0x00b0e82c	backend_dataflow	0x00afbb90	69	0	0x005ba6ea	FUN_005ba6ea	introduced		0x00afc4e0	backend_basetype	0x00afbb90	backend_basetype__vslot_069	0.95
0x00afc4e0	backend_basetype	0x00b0e82c	backend_dataflow	0x00afbb90	70	0	0x005ba6f4	FUN_005ba6f4	introduced		0x00afc4e0	backend_basetype	0x00afbb90	backend_basetype__vslot_070	0.95
0x00afc4e0	backend_basetype	0x00b0e82c	backend_dataflow	0x00afbb90	71	0	0x005ba6fd	FUN_005ba6fd	introduced		0x00afc4e0	backend_basetype	0x00afbb90	backend_basetype__vslot_071	0.95
0x00afc4e0	backend_basetype	0x00b0e82c	backend_dataflow	0x00afbb90	72	0	0x005ba706	FUN_005ba706	introduced		0x00afc4e0	backend_basetype	0x00afbb90	backend_basetype__vslot_072	0.95
0x00afc4e0	backend_basetype	0x00b0e82c	backend_dataflow	0x00afbb90	73	0	0x005ba70f	FUN_005ba70f	introduced		0x00afc4e0	backend_basetype	0x00afbb90	backend_basetype__vslot_073	0.95
0x00afc4e0	backend_basetype	0x00b0e82c	backend_dataflow	0x00afbb90	74	0	0x005ba718	FUN_005ba718	introduced		0x00afc4e0	backend_basetype	0x00afbb90	backend_basetype__vslot_074	0.95
0x00afc4e0	backend_basetype	0x00b0e82c	backend_dataflow	0x00afbb90	75	0	0x005ba71d	FUN_005ba71d	introduced		0x00afc4e0	backend_basetype	0x00afbb90	backend_basetype__vslot_075	0.95
0x00afc4e0	backend_basetype	0x00b0e82c	backend_dataflow	0x00afbb90	76	0	0x005ba722	FUN_005ba722	introduced		0x00afc4e0	backend_basetype	0x00afbb90	backend_basetype__vslot_076	0.95
0x00afc4e0	backend_basetype	0x00b0e82c	backend_dataflow	0x00afbb90	77	0	0x005ba727	FUN_005ba727	introduced		0x00afc4e0	backend_basetype	0x00afbb90	backend_basetype__vslot_077	0.95
0x00afc4e0	backend_basetype	0x00b0e82c	backend_dataflow	0x00afbb90	78	0	0x005ba731	FUN_005ba731	introduced		0x00afc4e0	backend_basetype	0x00afbb90	backend_basetype__vslot_078	0.95
0x00afc4e0	backend_basetype	0x00b0e82c	backend_dataflow	0x00afbb90	79	0	0x005ba73f	FUN_005ba73f	introduced		0x00afc4e0	backend_basetype	0x00afbb90	backend_basetype__vslot_079	0.95
0x00afc4e0	backend_basetype	0x00b0e82c	backend_dataflow	0x00afbb90	80	0	0x005ba748	FUN_005ba748	introduced		0x00afc4e0	backend_basetype	0x00afbb90	backend_basetype__vslot_080	0.95
0x00afc4e0	backend_basetype	0x00b0e82c	backend_dataflow	0x00afbb90	81	0	0x005ba758	FUN_005ba758	introduced		0x00afc4e0	backend_basetype	0x00afbb90	backend_basetype__vslot_081	0.95
0x00afc4e0	backend_basetype	0x00b0e82c	backend_dataflow	0x00afbb90	82	0	0x005bcf2f	FUN_005bcf2f	introduced		0x00afc4e0	backend_basetype	0x00afbb90	backend_basetype__vslot_082	0.95
0x00afc4e0	backend_basetype	0x00b0e82c	backend_dataflow	0x00afbb90	83	0	0x005ba762	FUN_005ba762	introduced		0x00afc4e0	backend_basetype	0x00afbb90	backend_basetype__vslot_083	0.95
0x00afc4e0	backend_basetype	0x00b0e82c	backend_dataflow	0x00afbb90	84	0	0x005ba76b	FUN_005ba76b	introduced		0x00afc4e0	backend_basetype	0x00afbb90	backend_basetype__vslot_084	0.95
0x00afc4e0	backend_basetype	0x00b0e82c	backend_dataflow	0x00afbb90	85	0	0x0077f001	FUN_0077f001	introduced		0x00afc4e0	backend_basetype	0x00afbb90	backend_basetype__vslot_085	0.95
0x00afc4e0	backend_basetype	0x00b0e82c	backend_dataflow	0x00afbb90	86	0	0x0077f05d	FUN_0077f05d	introduced		0x00afc4e0	backend_basetype	0x00afbb90	backend_basetype__vslot_086	0.95
0x00afc4e0	backend_basetype	0x00b0e82c	backend_dataflow	0x00afbb90	87	0	0x005ba770	FUN_005ba770	introduced		0x00afc4e0	backend_basetype	0x00afbb90	backend_basetype__vslot_087	0.95
0x00afc4e0	backend_basetype	0x00b0e82c	backend_dataflow	0x00afbb90	88	0	0x005ba779	FUN_005ba779	introduced		0x00afc4e0	backend_basetype	0x00afbb90	backend_basetype__vslot_088	0.95
0x00afc4e0	backend_basetype	0x00b0e82c	backend_dataflow	0x00afbb90	89	0	0x005ba77e	FUN_005ba77e	introduced		0x00afc4e0	backend_basetype	0x00afbb90	backend_basetype__vslot_089	0.95
0x00afc4e0	backend_basetype	0x00b0e82c	backend_dataflow	0x00afbb90	90	0	0x005ba783	FUN_005ba783	introduced		0x00afc4e0	backend_basetype	0x00afbb90	backend_basetype__vslot_090	0.95
0x00afc4e0	backend_basetype	0x00b0e82c	backend_dataflow	0x00afbb90	91	0	0x005bdbcd	FUN_005bdbcd	introduced		0x00afc4e0	backend_basetype	0x00afbb90	backend_basetype__vslot_091	0.95
0x00afc4e0	backend_basetype	0x00b0e82c	backend_dataflow	0x00afbb90	92	0	0x006cd518	FUN_006cd518	introduced		0x00afc4e0	backend_basetype	0x00afbb90	backend_basetype__vslot_092	0.95
0x00afc4e0	backend_basetype	0x00b0e82c	backend_dataflow	0x00afbb90	93	0	0x005ba78d	FUN_005ba78d	introduced		0x00afc4e0	backend_basetype	0x00afbb90	backend_basetype__vslot_093	0.95
0x00afc4e0	backend_basetype	0x00b0e82c	backend_dataflow	0x00afbb90	94	0	0x006fc36e	FUN_006fc36e	introduced		0x00afc4e0	backend_basetype	0x00afbb90	backend_basetype__vslot_094	0.95
0x00afc4e0	backend_basetype	0x00b0e82c	backend_dataflow	0x00afbb90	95	0	0x006fc4f2	FUN_006fc4f2	introduced		0x00afc4e0	backend_basetype	0x00afbb90	backend_basetype__vslot_095	0.95
0x00afc4e0	backend_basetype	0x00b0e82c	backend_dataflow	0x00afbb90	96	0	0x006c8f2b	FUN_006c8f2b	introduced		0x00afc4e0	backend_basetype	0x00afbb90	backend_basetype__vslot_096	0.95
0x00afc4e0	backend_basetype	0x00b0e82c	backend_dataflow	0x00afbb90	97	0	0x005ba797	FUN_005ba797	introduced		0x00afc4e0	backend_basetype	0x00afbb90	backend_basetype__vslot_097	0.95
0x00afc4e0	backend_basetype	0x00b0e82c	backend_dataflow	0x00afbb90	98	0	0x005ba7a5	FUN_005ba7a5	introduced		0x00afc4e0	backend_basetype	0x00afbb90	backend_basetype__vslot_098	0.95
0x00afc4e0	backend_basetype	0x00b0e82c	backend_dataflow	0x00afbb90	99	0	0x005ba7b3	FUN_005ba7b3	introduced		0x00afc4e0	backend_basetype	0x00afbb90	backend_basetype__vslot_099	0.95
0x00afc4e0	backend_basetype	0x00b0e82c	backend_dataflow	0x00afbb90	100	0	0x005ba7c1	FUN_005ba7c1	introduced		0x00afc4e0	backend_basetype	0x00afbb90	backend_basetype__vslot_100	0.95
0x00afc4e0	backend_basetype	0x00b0e82c	backend_dataflow	0x00afbb90	101	0	0x005bd9df	FUN_005bd9df	introduced		0x00afc4e0	backend_basetype	0x00afbb90	backend_basetype__vslot_101	0.95
0x00afc4e0	backend_basetype	0x00b0e82c	backend_dataflow	0x00afbb90	102	0	0x005bd9e8	FUN_005bd9e8	introduced		0x00afc4e0	backend_basetype	0x00afbb90	backend_basetype__vslot_102	0.95
0x00afc4e0	backend_basetype	0x00b0e82c	backend_dataflow	0x00afbb90	103	0	0x005ba7cf	FUN_005ba7cf	introduced		0x00afc4e0	backend_basetype	0x00afbb90	backend_basetype__vslot_103	0.95
0x00afc4e0	backend_basetype	0x00b0e82c	backend_dataflow	0x00afbb90	104	0	0x005ba7de	FUN_005ba7de	introduced		0x00afc4e0	backend_basetype	0x00afbb90	backend_basetype__vslot_104	0.95
0x00afc4e0	backend_basetype	0x00b0e82c	backend_dataflow	0x00afbb90	105	0	0x005ba7e8	FUN_005ba7e8	introduced		0x00afc4e0	backend_basetype	0x00afbb90	backend_basetype__vslot_105	0.95
0x00afc4e0	backend_basetype	0x00b0e82c	backend_dataflow	0x00afbb90	106	0	0x005ba852	FUN_005ba852	introduced		0x00afc4e0	backend_basetype	0x00afbb90	backend_basetype__vslot_106	0.95
0x00afc4e0	backend_basetype	0x00b0e82c	backend_dataflow	0x00afbb90	107	0	0x005ba860	FUN_005ba860	introduced		0x00afc4e0	backend_basetype	0x00afbb90	backend_basetype__vslot_107	0.95
0x00afc4e0	backend_basetype	0x00b0e82c	backend_dataflow	0x00afbb90	108	0	0x005ba86e	FUN_005ba86e	introduced		0x00afc4e0	backend_basetype	0x00afbb90	backend_basetype__vslot_108	0.95
0x00afc4e0	backend_basetype	0x00b0e82c	backend_dataflow	0x00afbb90	109	0	0x005ba87c	FUN_005ba87c	introduced		0x00afc4e0	backend_basetype	0x00afbb90	backend_basetype__vslot_109	0.95
0x00afc4e0	backend_basetype	0x00b0e82c	backend_dataflow	0x00afbb90	110	0	0x005bcb18	FUN_005bcb18	introduced		0x00afc4e0	backend_basetype	0x00afbb90	backend_basetype__vslot_110	0.95
0x00afc4e0	backend_basetype	0x00b0e82c	backend_dataflow	0x00afbb90	111	0	0x005bcb51	FUN_005bcb51	introduced		0x00afc4e0	backend_basetype	0x00afbb90	backend_basetype__vslot_111	0.95
0x00afc4e0	backend_basetype	0x00b0e82c	backend_dataflow	0x00afbb90	112	0	0x005bdbaa	FUN_005bdbaa	introduced		0x00afc4e0	backend_basetype	0x00afbb90	backend_basetype__vslot_112	0.95
0x00afc4e0	backend_basetype	0x00b0e82c	backend_dataflow	0x00afbb90	113	0	0x00739d9d	FUN_00739d9d	introduced		0x00afc4e0	backend_basetype	0x00afbb90	backend_basetype__vslot_113	0.95
0x00afc4e0	backend_basetype	0x00b0e82c	backend_dataflow	0x00afbb90	114	0	0x005bcb13	FUN_005bcb13	introduced		0x00afc4e0	backend_basetype	0x00afbb90	backend_basetype__vslot_114	0.95
0x00afc4e0	backend_basetype	0x00b0e82c	backend_dataflow	0x00afbb90	115	0	0x005bccd3	FUN_005bccd3	introduced		0x00afc4e0	backend_basetype	0x00afbb90	backend_basetype__vslot_115	0.95
0x00afc4e0	backend_basetype	0x00b0e82c	backend_dataflow	0x00afbb90	116	0	0x005bcb0a	FUN_005bcb0a	introduced		0x00afc4e0	backend_basetype	0x00afbb90	backend_basetype__vslot_116	0.95
0x00afc4e0	backend_basetype	0x00b0e82c	backend_dataflow	0x00afbb90	117	0	0x005ba88a	FUN_005ba88a	introduced		0x00afc4e0	backend_basetype	0x00afbb90	backend_basetype__vslot_117	0.95
0x00afc4e0	backend_basetype	0x00b0e82c	backend_dataflow	0x00afbb90	118	0	0x005bccd8	FUN_005bccd8	introduced		0x00afc4e0	backend_basetype	0x00afbb90	backend_basetype__vslot_118	0.95
0x00afc4e0	backend_basetype	0x00b0e82c	backend_dataflow	0x00afbb90	119	0	0x005bcce1	FUN_005bcce1	introduced		0x00afc4e0	backend_basetype	0x00afbb90	backend_basetype__vslot_119	0.95
0x00afc4e0	backend_basetype	0x00b0e82c	backend_dataflow	0x00afbb90	120	0	0x005ba893	FUN_005ba893	introduced		0x00afc4e0	backend_basetype	0x00afbb90	backend_basetype__vslot_120	0.95
0x00afc4e0	backend_basetype	0x00b0e82c	backend_dataflow	0x00afbb90	121	0	0x005ba89c	FUN_005ba89c	introduced		0x00afc4e0	backend_basetype	0x00afbb90	backend_basetype__vslot_121	0.95
0x00afc4e0	backend_basetype	0x00b0e82c	backend_dataflow	0x00afbb90	122	0	0x005ba8a5	FUN_005ba8a5	introduced		0x00afc4e0	backend_basetype	0x00afbb90	backend_basetype__vslot_122	0.95
0x00afc4e0	backend_basetype	0x00b0e82c	backend_dataflow	0x00afbb90	123	0	0x005ba8ae	FUN_005ba8ae	introduced		0x00afc4e0	backend_basetype	0x00afbb90	backend_basetype__vslot_123	0.95
0x00afc4e0	backend_basetype	0x00b0e82c	backend_dataflow	0x00afbb90	124	0	0x005ba8b7	FUN_005ba8b7	introduced		0x00afc4e0	backend_basetype	0x00afbb90	backend_basetype__vslot_124	0.95
0x00afc4e0	backend_basetype	0x00b0e82c	backend_dataflow	0x00afbb90	125	0	0x005ba8c0	FUN_005ba8c0	introduced		0x00afc4e0	backend_basetype	0x00afbb90	backend_basetype__vslot_125	0.95
0x00afc4e0	backend_basetype	0x00b0e82c	backend_dataflow	0x00afbb90	126	0	0x005ba8c9	FUN_005ba8c9	introduced		0x00afc4e0	backend_basetype	0x00afbb90	backend_basetype__vslot_126	0.95
0x00afc4e0	backend_basetype	0x00b0e82c	backend_dataflow	0x00afbb90	127	0	0x005bde20	FUN_005bde20	introduced		0x00afc4e0	backend_basetype	0x00afbb90	backend_basetype__vslot_127	0.95
0x00afc4e0	backend_basetype	0x00b0e82c	backend_dataflow	0x00afbb90	128	0	0x005ba8d2	FUN_005ba8d2	introduced		0x00afc4e0	backend_basetype	0x00afbb90	backend_basetype__vslot_128	0.95
0x00afc4e0	backend_basetype	0x00b0e82c	backend_dataflow	0x00afbb90	129	0	0x005ba935	FUN_005ba935	introduced		0x00afc4e0	backend_basetype	0x00afbb90	backend_basetype__vslot_129	0.95
0x00afc4e0	backend_basetype	0x00b0e82c	backend_dataflow	0x00afbb90	130	0	0x005bccea	FUN_005bccea	introduced		0x00afc4e0	backend_basetype	0x00afbb90	backend_basetype__vslot_130	0.95
0x00afc4e0	backend_basetype	0x00b0e82c	backend_dataflow	0x00afbb90	131	0	0x005bce00	FUN_005bce00	introduced		0x00afc4e0	backend_basetype	0x00afbb90	backend_basetype__vslot_131	0.95
0x00afc4e0	backend_basetype	0x00b0e82c	backend_dataflow	0x00afbb90	132	0	0x005ba93a	FUN_005ba93a	introduced		0x00afc4e0	backend_basetype	0x00afbb90	backend_basetype__vslot_132	0.95
0x00afc4e0	backend_basetype	0x00b0e82c	backend_dataflow	0x00afbb90	133	0	0x005bce2d	FUN_005bce2d	introduced		0x00afc4e0	backend_basetype	0x00afbb90	backend_basetype__vslot_133	0.95
0x00afc4e0	backend_basetype	0x00b0e82c	backend_dataflow	0x00afbb90	134	0	0x005bce7d	FUN_005bce7d	introduced		0x00afc4e0	backend_basetype	0x00afbb90	backend_basetype__vslot_134	0.95
0x00afc4e0	backend_basetype	0x00b0e82c	backend_dataflow	0x00afbb90	135	0	0x005bceca	FUN_005bceca	introduced		0x00afc4e0	backend_basetype	0x00afbb90	backend_basetype__vslot_135	0.95
0x00afc4e0	backend_basetype	0x00b0e82c	backend_dataflow	0x00afbb90	136	0	0x005bcecf	FUN_005bcecf	introduced		0x00afc4e0	backend_basetype	0x00afbb90	backend_basetype__vslot_136	0.95
0x00afc4e0	backend_basetype	0x00b0e82c	backend_dataflow	0x00afbb90	137	0	0x005bcef3	FUN_005bcef3	introduced		0x00afc4e0	backend_basetype	0x00afbb90	backend_basetype__vslot_137	0.95
0x00afc4e0	backend_basetype	0x00b0e82c	backend_dataflow	0x00afbb90	138	0	0x005ba943	FUN_005ba943	introduced		0x00afc4e0	backend_basetype	0x00afbb90	backend_basetype__vslot_138	0.95
0x00afc4e0	backend_basetype	0x00b0e82c	backend_dataflow	0x00afbb90	139	0	0x005bd353	FUN_005bd353	introduced		0x00afc4e0	backend_basetype	0x00afbb90	backend_basetype__vslot_139	0.95
0x00afc4e0	backend_basetype	0x00b0e82c	backend_dataflow	0x00afbb90	140	0	0x005ba94c	FUN_005ba94c	introduced		0x00afc4e0	backend_basetype	0x00afbb90	backend_basetype__vslot_140	0.95
0x00afc4e0	backend_basetype	0x00b0e82c	backend_dataflow	0x00afbb90	141	0	0x005ba951	FUN_005ba951	introduced		0x00afc4e0	backend_basetype	0x00afbb90	backend_basetype__vslot_141	0.95
0x00afc4e0	backend_basetype	0x00b0e82c	backend_dataflow	0x00afbb90	142	0	0x005ba956	FUN_005ba956	introduced		0x00afc4e0	backend_basetype	0x00afbb90	backend_basetype__vslot_142	0.95
0x00afc4e0	backend_basetype	0x00b0e82c	backend_dataflow	0x00afbb90	143	0	0x005ba95b	FUN_005ba95b	introduced		0x00afc4e0	backend_basetype	0x00afbb90	backend_basetype__vslot_143	0.95
0x00afc4e0	backend_basetype	0x00b0e82c	backend_dataflow	0x00afbb90	144	0	0x005ba960	FUN_005ba960	introduced		0x00afc4e0	backend_basetype	0x00afbb90	backend_basetype__vslot_144	0.95
0x00afc4e0	backend_basetype	0x00b0e82c	backend_dataflow	0x00afbb90	145	0	0x005ba965	FUN_005ba965	introduced		0x00afc4e0	backend_basetype	0x00afbb90	backend_basetype__vslot_145	0.95
0x00afc4e0	backend_basetype	0x00b0e82c	backend_dataflow	0x00afbb90	146	0	0x005ba974	FUN_005ba974	introduced		0x00afc4e0	backend_basetype	0x00afbb90	backend_basetype__vslot_146	0.95
0x00afc4e0	backend_basetype	0x00b0e82c	backend_dataflow	0x00afbb90	147	0	0x005ba979	FUN_005ba979	introduced		0x00afc4e0	backend_basetype	0x00afbb90	backend_basetype__vslot_147	0.95
0x00afc4e0	backend_basetype	0x00b0e82c	backend_dataflow	0x00afbb90	148	0	0x005ba97e	FUN_005ba97e	introduced		0x00afc4e0	backend_basetype	0x00afbb90	backend_basetype__vslot_148	0.95
0x00afc4e0	backend_basetype	0x00b0e82c	backend_dataflow	0x00afbb90	149	0	0x0073bd67	FUN_0073bd67	introduced		0x00afc4e0	backend_basetype	0x00afbb90	backend_basetype__vslot_149	0.95
0x00afc4e0	backend_basetype	0x00b0e82c	backend_dataflow	0x00afbb90	150	0	0x0073befc	FUN_0073befc	introduced		0x00afc4e0	backend_basetype	0x00afbb90	backend_basetype__vslot_150	0.95
0x00afc4e0	backend_basetype	0x00b0e82c	backend_dataflow	0x00afbb90	151	0	0x0073c694	FUN_0073c694	introduced		0x00afc4e0	backend_basetype	0x00afbb90	backend_basetype__vslot_151	0.95
0x00afc4e0	backend_basetype	0x00b0e82c	backend_dataflow	0x00afbb90	152	0	0x005ba988	FUN_005ba988	introduced		0x00afc4e0	backend_basetype	0x00afbb90	backend_basetype__vslot_152	0.95
0x00afc4e0	backend_basetype	0x00b0e82c	backend_dataflow	0x00afbb90	153	0	0x005ba991	FUN_005ba991	introduced		0x00afc4e0	backend_basetype	0x00afbb90	backend_basetype__vslot_153	0.95
0x00afc4e0	backend_basetype	0x00b0e82c	backend_dataflow	0x00afbb90	154	0	0x005ba99b	FUN_005ba99b	introduced		0x00afc4e0	backend_basetype	0x00afbb90	backend_basetype__vslot_154	0.95
0x00afc4e0	backend_basetype	0x00b0e82c	backend_dataflow	0x00afbb90	155	0	0x0073e08f	FUN_0073e08f	introduced		0x00afc4e0	backend_basetype	0x00afbb90	backend_basetype__vslot_155	0.95
0x00afc4e0	backend_basetype	0x00b0e82c	backend_dataflow	0x00afbb90	156	0	0x0073ef61	FUN_0073ef61	introduced		0x00afc4e0	backend_basetype	0x00afbb90	backend_basetype__vslot_156	0.95
0x00afc4e0	backend_basetype	0x00b0e82c	backend_dataflow	0x00afbb90	157	0	0x0073f585	FUN_0073f585	introduced		0x00afc4e0	backend_basetype	0x00afbb90	backend_basetype__vslot_157	0.95
0x00afc4e0	backend_basetype	0x00b0e82c	backend_dataflow	0x00afbb90	158	0	0x0073ea02	FUN_0073ea02	introduced		0x00afc4e0	backend_basetype	0x00afbb90	backend_basetype__vslot_158	0.95
0x00afc4e0	backend_basetype	0x00b0e82c	backend_dataflow	0x00afbb90	159	0	0x005ba9a5	FUN_005ba9a5	introduced		0x00afc4e0	backend_basetype	0x00afbb90	backend_basetype__vslot_159	0.95
0x00afc4e0	backend_basetype	0x00b0e82c	backend_dataflow	0x00afbb90	160	0	0x005ba9af	FUN_005ba9af	introduced		0x00afc4e0	backend_basetype	0x00afbb90	backend_basetype__vslot_160	0.95
0x00afc4e0	backend_basetype	0x00b0e82c	backend_dataflow	0x00afbb90	161	0	0x005ba9b9	FUN_005ba9b9	introduced		0x00afc4e0	backend_basetype	0x00afbb90	backend_basetype__vslot_161	0.95
0x00afc4e0	backend_basetype	0x00b0e82c	backend_dataflow	0x00afbb90	162	0	0x005ba9be	FUN_005ba9be	introduced		0x00afc4e0	backend_basetype	0x00afbb90	backend_basetype__vslot_162	0.95
0x00afc4e0	backend_basetype	0x00b0e82c	backend_dataflow	0x00afbb90	163	0	0x005ba9c3	FUN_005ba9c3	introduced		0x00afc4e0	backend_basetype	0x00afbb90	backend_basetype__vslot_163	0.95
0x00afc4e0	backend_basetype	0x00b0e82c	backend_dataflow	0x00afbb90	164	0	0x005ba9c8	FUN_005ba9c8	introduced		0x00afc4e0	backend_basetype	0x00afbb90	backend_basetype__vslot_164	0.95
0x00afc4e0	backend_basetype	0x00b0e82c	backend_dataflow	0x00afbb90	165	0	0x005bd358	FUN_005bd358	introduced		0x00afc4e0	backend_basetype	0x00afbb90	backend_basetype__vslot_165	0.95
0x00afc4e0	backend_basetype	0x00b0e82c	backend_dataflow	0x00afbb90	166	0	0x005bd6a3	FUN_005bd6a3	introduced		0x00afc4e0	backend_basetype	0x00afbb90	backend_basetype__vslot_166	0.95
0x00afc4e0	backend_basetype	0x00b0e82c	backend_dataflow	0x00afbb90	167	0	0x005bd73a	FUN_005bd73a	introduced		0x00afc4e0	backend_basetype	0x00afbb90	backend_basetype__vslot_167	0.95
0x00afc4e0	backend_basetype	0x00b0e82c	backend_dataflow	0x00afbb90	168	0	0x005bd82a	FUN_005bd82a	introduced		0x00afc4e0	backend_basetype	0x00afbb90	backend_basetype__vslot_168	0.95
0x00afc4e0	backend_basetype	0x00b0e82c	backend_dataflow	0x00afbb90	169	0	0x005bca1d	FUN_005bca1d	introduced		0x00afc4e0	backend_basetype	0x00afbb90	backend_basetype__vslot_169	0.95
0x00afc4e0	backend_basetype	0x00b0e82c	backend_dataflow	0x00afbb90	170	0	0x005bca2c	FUN_005bca2c	introduced		0x00afc4e0	backend_basetype	0x00afbb90	backend_basetype__vslot_170	0.95
0x00afc4e0	backend_basetype	0x00b0e82c	backend_dataflow	0x00afbb90	171	0	0x005bca3b	FUN_005bca3b	introduced		0x00afc4e0	backend_basetype	0x00afbb90	backend_basetype__vslot_171	0.95
0x00afc4e0	backend_basetype	0x00b0e82c	backend_dataflow	0x00afbb90	172	0	0x005bca4a	FUN_005bca4a	introduced		0x00afc4e0	backend_basetype	0x00afbb90	backend_basetype__vslot_172	0.95
0x00afc4e0	backend_basetype	0x00b0e82c	backend_dataflow	0x00afbb90	173	0	0x005bd393	FUN_005bd393	introduced		0x00afc4e0	backend_basetype	0x00afbb90	backend_basetype__vslot_173	0.95
0x00afc4e0	backend_basetype	0x00b0e82c	backend_dataflow	0x00afbb90	174	0	0x005bd398	FUN_005bd398	introduced		0x00afc4e0	backend_basetype	0x00afbb90	backend_basetype__vslot_174	0.95
0x00afc4e0	backend_basetype	0x00b0e82c	backend_dataflow	0x00afbb90	175	0	0x005bd3a0	FUN_005bd3a0	introduced		0x00afc4e0	backend_basetype	0x00afbb90	backend_basetype__vslot_175	0.95
0x00afc4e0	backend_basetype	0x00b0e82c	backend_dataflow	0x00afbb90	176	0	0x005bd3a9	FUN_005bd3a9	introduced		0x00afc4e0	backend_basetype	0x00afbb90	backend_basetype__vslot_176	0.95
0x00afc4e0	backend_basetype	0x00b0e82c	backend_dataflow	0x00afbb90	177	0	0x005bd3b2	FUN_005bd3b2	introduced		0x00afc4e0	backend_basetype	0x00afbb90	backend_basetype__vslot_177	0.95
0x00afc4e0	backend_basetype	0x00b0e82c	backend_dataflow	0x00afbb90	178	0	0x005bd3bb	FUN_005bd3bb	introduced		0x00afc4e0	backend_basetype	0x00afbb90	backend_basetype__vslot_178	0.95
0x00afc4e0	backend_basetype	0x00b0e82c	backend_dataflow	0x00afbb90	179	0	0x005bd3c5	FUN_005bd3c5	introduced		0x00afc4e0	backend_basetype	0x00afbb90	backend_basetype__vslot_179	0.95
0x00afc4e0	backend_basetype	0x00b0e82c	backend_dataflow	0x00afbb90	180	0	0x005bd3ca	FUN_005bd3ca	introduced		0x00afc4e0	backend_basetype	0x00afbb90	backend_basetype__vslot_180	0.95
0x00afc4e0	backend_basetype	0x00b0e82c	backend_dataflow	0x00afbb90	181	0	0x005bd3cf	FUN_005bd3cf	introduced		0x00afc4e0	backend_basetype	0x00afbb90	backend_basetype__vslot_181	0.95
0x00afc4e0	backend_basetype	0x00b0e82c	backend_dataflow	0x00afbb90	182	0	0x005ba9d2	FUN_005ba9d2	introduced		0x00afc4e0	backend_basetype	0x00afbb90	backend_basetype__vslot_182	0.95
0x00afc4e0	backend_basetype	0x00b0e82c	backend_dataflow	0x00afbb90	183	0	0x005bd3d8	FUN_005bd3d8	introduced		0x00afc4e0	backend_basetype	0x00afbb90	backend_basetype__vslot_183	0.95
0x00afc4e0	backend_basetype	0x00b0e82c	backend_dataflow	0x00afbb90	184	0	0x005bd3dd	FUN_005bd3dd	introduced		0x00afc4e0	backend_basetype	0x00afbb90	backend_basetype__vslot_184	0.95
0x00afc4e0	backend_basetype	0x00b0e82c	backend_dataflow	0x00afbb90	185	0	0x005bd3e7	FUN_005bd3e7	introduced		0x00afc4e0	backend_basetype	0x00afbb90	backend_basetype__vslot_185	0.95
0x00afc4e0	backend_basetype	0x00b0e82c	backend_dataflow	0x00afbb90	186	0	0x005bd65c	FUN_005bd65c	introduced		0x00afc4e0	backend_basetype	0x00afbb90	backend_basetype__vslot_186	0.95
0x00afc4e0	backend_basetype	0x00b0e82c	backend_dataflow	0x00afbb90	187	0	0x005ba9d7	FUN_005ba9d7	introduced		0x00afc4e0	backend_basetype	0x00afbb90	backend_basetype__vslot_187	0.95
0x00afc4e0	backend_basetype	0x00b0e82c	backend_dataflow	0x00afbb90	188	0	0x005ba9dc	FUN_005ba9dc	introduced		0x00afc4e0	backend_basetype	0x00afbb90	backend_basetype__vslot_188	0.95
0x00afc4e0	backend_basetype	0x00b0e82c	backend_dataflow	0x00afbb90	189	0	0x005ba9e6	FUN_005ba9e6	introduced		0x00afc4e0	backend_basetype	0x00afbb90	backend_basetype__vslot_189	0.95
0x00afc4e0	backend_basetype	0x00b0e82c	backend_dataflow	0x00afbb90	190	0	0x005ba9eb	FUN_005ba9eb	introduced		0x00afc4e0	backend_basetype	0x00afbb90	backend_basetype__vslot_190	0.95
0x00afc4e0	backend_basetype	0x00b0e82c	backend_dataflow	0x00afbb90	191	0	0x005ba9f3	FUN_005ba9f3	introduced		0x00afc4e0	backend_basetype	0x00afbb90	backend_basetype__vslot_191	0.95
0x00afc4e0	backend_basetype	0x00b0e82c	backend_dataflow	0x00afbb90	192	0	0x005ba9fc	FUN_005ba9fc	introduced		0x00afc4e0	backend_basetype	0x00afbb90	backend_basetype__vslot_192	0.95
0x00afc4e0	backend_basetype	0x00b0e82c	backend_dataflow	0x00afbb90	193	0	0x005baa05	FUN_005baa05	introduced		0x00afc4e0	backend_basetype	0x00afbb90	backend_basetype__vslot_193	0.95
0x00afc4e0	backend_basetype	0x00b0e82c	backend_dataflow	0x00afbb90	194	0	0x005bd89d	FUN_005bd89d	introduced		0x00afc4e0	backend_basetype	0x00afbb90	backend_basetype__vslot_194	0.95
0x00afc4e0	backend_basetype	0x00b0e82c	backend_dataflow	0x00afbb90	195	0	0x005baa0e	FUN_005baa0e	introduced		0x00afc4e0	backend_basetype	0x00afbb90	backend_basetype__vslot_195	0.95
0x00afc4e0	backend_basetype	0x00b0e82c	backend_dataflow	0x00afbb90	196	0	0x005bd972	FUN_005bd972	introduced		0x00afc4e0	backend_basetype	0x00afbb90	backend_basetype__vslot_196	0.95
0x00afc4e0	backend_basetype	0x00b0e82c	backend_dataflow	0x00afbb90	197	0	0x005bd9f1	FUN_005bd9f1	introduced		0x00afc4e0	backend_basetype	0x00afbb90	backend_basetype__vslot_197	0.95
0x00afc4e0	backend_basetype	0x00b0e82c	backend_dataflow	0x00afbb90	198	0	0x005baa18	FUN_005baa18	introduced		0x00afc4e0	backend_basetype	0x00afbb90	backend_basetype__vslot_198	0.95
0x00afc4e0	backend_basetype	0x00b0e82c	backend_dataflow	0x00afbb90	199	0	0x005bda6a	FUN_005bda6a	introduced		0x00afc4e0	backend_basetype	0x00afbb90	backend_basetype__vslot_199	0.95
0x00afc4e0	backend_basetype	0x00b0e82c	backend_dataflow	0x00afbb90	200	0	0x005baa21	FUN_005baa21	introduced		0x00afc4e0	backend_basetype	0x00afbb90	backend_basetype__vslot_200	0.95
0x00afc4e0	backend_basetype	0x00b0e82c	backend_dataflow	0x00afbb90	201	0	0x005baa2d	FUN_005baa2d	introduced		0x00afc4e0	backend_basetype	0x00afbb90	backend_basetype__vslot_201	0.95
0x00afc4e0	backend_basetype	0x00b0e82c	backend_dataflow	0x00afbb90	202	0	0x005baa36	FUN_005baa36	introduced		0x00afc4e0	backend_basetype	0x00afbb90	backend_basetype__vslot_202	0.95
0x00afc4e0	backend_basetype	0x00b0e82c	backend_dataflow	0x00afbb90	203	0	0x005baa40	FUN_005baa40	introduced		0x00afc4e0	backend_basetype	0x00afbb90	backend_basetype__vslot_203	0.95
0x00afc4e0	backend_basetype	0x00b0e82c	backend_dataflow	0x00afbb90	204	0	0x005baa4a	FUN_005baa4a	introduced		0x00afc4e0	backend_basetype	0x00afbb90	backend_basetype__vslot_204	0.95
0x00afc4e0	backend_basetype	0x00b0e82c	backend_dataflow	0x00afbb90	205	0	0x005baa4f	FUN_005baa4f	introduced		0x00afc4e0	backend_basetype	0x00afbb90	backend_basetype__vslot_205	0.95
0x00afc4e0	backend_basetype	0x00b0e82c	backend_dataflow	0x00afbb90	206	0	0x005bd98d	FUN_005bd98d	introduced		0x00afc4e0	backend_basetype	0x00afbb90	backend_basetype__vslot_206	0.95
0x00afc4e0	backend_basetype	0x00b0e82c	backend_dataflow	0x00afbb90	207	0	0x005baa54	FUN_005baa54	introduced		0x00afc4e0	backend_basetype	0x00afbb90	backend_basetype__vslot_207	0.95
0x00afc4e0	backend_basetype	0x00b0e82c	backend_dataflow	0x00afbb90	208	0	0x005baa59	FUN_005baa59	introduced		0x00afc4e0	backend_basetype	0x00afbb90	backend_basetype__vslot_208	0.95
0x00afc4e0	backend_basetype	0x00b0e82c	backend_dataflow	0x00afbb90	209	0	0x005baa62	FUN_005baa62	introduced		0x00afc4e0	backend_basetype	0x00afbb90	backend_basetype__vslot_209	0.95
0x00afc4e0	backend_basetype	0x00b0e82c	backend_dataflow	0x00afbb90	210	0	0x005bdb08	FUN_005bdb08	introduced		0x00afc4e0	backend_basetype	0x00afbb90	backend_basetype__vslot_210	0.95
0x00afc4e0	backend_basetype	0x00b0e82c	backend_dataflow	0x00afbb90	211	0	0x005baa6b	FUN_005baa6b	introduced		0x00afc4e0	backend_basetype	0x00afbb90	backend_basetype__vslot_211	0.95
0x00afc4e0	backend_basetype	0x00b0e82c	backend_dataflow	0x00afbb90	212	0	0x004e2d50	FUN_004e2d50	introduced		0x00afc4e0	backend_basetype	0x00afbb90	backend_basetype__vslot_212	0.95
0x00afc4e0	backend_basetype	0x00b0e82c	backend_dataflow	0x00afbb90	213	0	0x005baa75	FUN_005baa75	introduced		0x00afc4e0	backend_basetype	0x00afbb90	backend_basetype__vslot_213	0.95
0x00afc4e0	backend_basetype	0x00b0e82c	backend_dataflow	0x00afbb90	214	0	0x005baa7a	FUN_005baa7a	introduced		0x00afc4e0	backend_basetype	0x00afbb90	backend_basetype__vslot_214	0.95
0x00afc4e0	backend_basetype	0x00b0e82c	backend_dataflow	0x00afbb90	215	0	0x005baa83	FUN_005baa83	introduced		0x00afc4e0	backend_basetype	0x00afbb90	backend_basetype__vslot_215	0.95
0x00afc4e0	backend_basetype	0x00b0e82c	backend_dataflow	0x00afbb90	216	0	0x005bdd08	FUN_005bdd08	introduced		0x00afc4e0	backend_basetype	0x00afbb90	backend_basetype__vslot_216	0.95
0x00afc4e0	backend_basetype	0x00b0e82c	backend_dataflow	0x00afbb90	217	0	0x005baa88	FUN_005baa88	introduced		0x00afc4e0	backend_basetype	0x00afbb90	backend_basetype__vslot_217	0.95
0x00afc4e0	backend_basetype	0x00b0e82c	backend_dataflow	0x00afbb90	218	0	0x005baa91	FUN_005baa91	introduced		0x00afc4e0	backend_basetype	0x00afbb90	backend_basetype__vslot_218	0.95
0x00afc4e0	backend_basetype	0x00b0e82c	backend_dataflow	0x00afbb90	219	0	0x005baa9a	FUN_005baa9a	introduced		0x00afc4e0	backend_basetype	0x00afbb90	backend_basetype__vslot_219	0.95
0x00afc4e0	backend_basetype	0x00b0e82c	backend_dataflow	0x00afbb90	220	0	0x005baaa3	FUN_005baaa3	introduced		0x00afc4e0	backend_basetype	0x00afbb90	backend_basetype__vslot_220	0.95
0x00afc4e0	backend_basetype	0x00b0e82c	backend_dataflow	0x00afbb90	221	0	0x005baaad	FUN_005baaad	introduced		0x00afc4e0	backend_basetype	0x00afbb90	backend_basetype__vslot_221	0.95
0x00afc4e0	backend_basetype	0x00b0e82c	backend_dataflow	0x00afbb90	222	0	0x005baab2	FUN_005baab2	introduced		0x00afc4e0	backend_basetype	0x00afbb90	backend_basetype__vslot_222	0.95
0x00afc4e0	backend_basetype	0x00b0e82c	backend_dataflow	0x00afbb90	223	0	0x005baabc	FUN_005baabc	introduced		0x00afc4e0	backend_basetype	0x00afbb90	backend_basetype__vslot_223	0.95
0x00afc4e0	backend_basetype	0x00b0e82c	backend_dataflow	0x00afbb90	224	0	0x005baac6	FUN_005baac6	introduced		0x00afc4e0	backend_basetype	0x00afbb90	backend_basetype__vslot_224	0.95
0x00afc4e0	backend_basetype	0x00b0e82c	backend_dataflow	0x00afbb90	225	0	0x005baacf	FUN_005baacf	introduced		0x00afc4e0	backend_basetype	0x00afbb90	backend_basetype__vslot_225	0.95
0x00afc4e0	backend_basetype	0x00b0e82c	backend_dataflow	0x00afbb90	226	0	0x005baad4	FUN_005baad4	introduced		0x00afc4e0	backend_basetype	0x00afbb90	backend_basetype__vslot_226	0.95
0x00afc4e0	backend_basetype	0x00b0e82c	backend_dataflow	0x00afbb90	227	0	0x005baad9	FUN_005baad9	introduced		0x00afc4e0	backend_basetype	0x00afbb90	backend_basetype__vslot_227	0.95
0x00afc4e0	backend_basetype	0x00b0e82c	backend_dataflow	0x00afbb90	228	0	0x005baade	FUN_005baade	introduced		0x00afc4e0	backend_basetype	0x00afbb90	backend_basetype__vslot_228	0.95
0x00afc4e0	backend_basetype	0x00b0e82c	backend_dataflow	0x00afbb90	229	0	0x0074249b	FUN_0074249b	introduced		0x00afc4e0	backend_basetype	0x00afbb90	backend_basetype__vslot_229	0.95
0x00afc4e0	backend_basetype	0x00b0e82c	backend_dataflow	0x00afbb90	230	0	0x005baae7	FUN_005baae7	introduced		0x00afc4e0	backend_basetype	0x00afbb90	backend_basetype__vslot_230	0.95
0x00afc4e0	backend_basetype	0x00b0e82c	backend_dataflow	0x00afbb90	231	0	0x005baaf0	FUN_005baaf0	introduced		0x00afc4e0	backend_basetype	0x00afbb90	backend_basetype__vslot_231	0.95
0x00afc4e0	backend_basetype	0x00b0e82c	backend_dataflow	0x00afbb90	232	0	0x005baaff	FUN_005baaff	introduced		0x00afc4e0	backend_basetype	0x00afbb90	backend_basetype__vslot_232	0.95
0x00afc4e0	backend_basetype	0x00b0e82c	backend_dataflow	0x00afbb90	233	0	0x005bab08	FUN_005bab08	introduced		0x00afc4e0	backend_basetype	0x00afbb90	backend_basetype__vslot_233	0.95
0x00afc4e0	backend_basetype	0x00b0e82c	backend_dataflow	0x00afbb90	234	0	0x005bdcc7	FUN_005bdcc7	introduced		0x00afc4e0	backend_basetype	0x00afbb90	backend_basetype__vslot_234	0.95
0x00afc4e0	backend_basetype	0x00b0e82c	backend_dataflow	0x00afbb90	235	0	0x005bdcdc	FUN_005bdcdc	introduced		0x00afc4e0	backend_basetype	0x00afbb90	backend_basetype__vslot_235	0.95
0x00afc4e0	backend_basetype	0x00b0e82c	backend_dataflow	0x00afbb90	236	0	0x005bab0d	FUN_005bab0d	introduced		0x00afc4e0	backend_basetype	0x00afbb90	backend_basetype__vslot_236	0.95
0x00afc4e0	backend_basetype	0x00b0e82c	backend_dataflow	0x00afbb90	237	0	0x005bab16	FUN_005bab16	introduced		0x00afc4e0	backend_basetype	0x00afbb90	backend_basetype__vslot_237	0.95
0x00afc4e0	backend_basetype	0x00b0e82c	backend_dataflow	0x00afbb90	238	0	0x005bdbe6	FUN_005bdbe6	introduced		0x00afc4e0	backend_basetype	0x00afbb90	backend_basetype__vslot_238	0.95
0x00afc4e0	backend_basetype	0x00b0e82c	backend_dataflow	0x00afbb90	239	0	0x005bab57	FUN_005bab57	introduced		0x00afc4e0	backend_basetype	0x00afbb90	backend_basetype__vslot_239	0.95
0x00afc4e0	backend_basetype	0x00b0e82c	backend_dataflow	0x00afbb90	240	0	0x005bab60	FUN_005bab60	introduced		0x00afc4e0	backend_basetype	0x00afbb90	backend_basetype__vslot_240	0.95
0x00afc4e0	backend_basetype	0x00b0e82c	backend_dataflow	0x00afbb90	241	0	0x005bde11	FUN_005bde11	introduced		0x00afc4e0	backend_basetype	0x00afbb90	backend_basetype__vslot_241	0.95
0x00afc4e0	backend_basetype	0x00b0e82c	backend_dataflow	0x00afbb90	242	0	0x005bab65	FUN_005bab65	introduced		0x00afc4e0	backend_basetype	0x00afbb90	backend_basetype__vslot_242	0.95
0x00afc4e0	backend_basetype	0x00b0e82c	backend_dataflow	0x00afbb90	243	0	0x005bab6e	FUN_005bab6e	introduced		0x00afc4e0	backend_basetype	0x00afbb90	backend_basetype__vslot_243	0.95
0x00afc4e0	backend_basetype	0x00b0e82c	backend_dataflow	0x00afbb90	244	0	0x005bab77	FUN_005bab77	introduced		0x00afc4e0	backend_basetype	0x00afbb90	backend_basetype__vslot_244	0.95
0x00afc4e0	backend_basetype	0x00b0e82c	backend_dataflow	0x00afbb90	245	0	0x005bab80	FUN_005bab80	introduced		0x00afc4e0	backend_basetype	0x00afbb90	backend_basetype__vslot_245	0.95
0x00afc4e0	backend_basetype	0x00b0e82c	backend_dataflow	0x00afbb90	246	0	0x009947c2	FUN_009947c2	introduced		0x00afc4e0	backend_basetype	0x00afbb90	backend_basetype__vslot_246	0.95
0x00afc4e0	backend_basetype	0x00b0e82c	backend_dataflow	0x00afbb90	247	0	0x006c4c04	FUN_006c4c04	introduced		0x00afc4e0	backend_basetype	0x00afbb90	backend_basetype__vslot_247	0.95
0x00afc4e0	backend_basetype	0x00b0e82c	backend_dataflow	0x00afbb90	248	0	0x005bab85	FUN_005bab85	introduced		0x00afc4e0	backend_basetype	0x00afbb90	backend_basetype__vslot_248	0.95
0x00afc4e0	backend_basetype	0x00b0e82c	backend_dataflow	0x00afbb90	249	0	0x005bab8e	FUN_005bab8e	introduced		0x00afc4e0	backend_basetype	0x00afbb90	backend_basetype__vslot_249	0.95
0x00afc4e0	backend_basetype	0x00b0e82c	backend_dataflow	0x00afbb90	250	0	0x005bab97	FUN_005bab97	introduced		0x00afc4e0	backend_basetype	0x00afbb90	backend_basetype__vslot_250	0.95
0x00afc4e0	backend_basetype	0x00b0e82c	backend_dataflow	0x00afbb90	251	0	0x005bab9c	FUN_005bab9c	introduced		0x00afc4e0	backend_basetype	0x00afbb90	backend_basetype__vslot_251	0.95
0x00afc4e0	backend_basetype	0x00b0e82c	backend_dataflow	0x00afbb90	252	0	0x005baba4	FUN_005baba4	introduced		0x00afc4e0	backend_basetype	0x00afbb90	backend_basetype__vslot_252	0.95
0x00afc4e0	backend_basetype	0x00b0e82c	backend_dataflow	0x00afbb90	253	0	0x005babad	FUN_005babad	introduced		0x00afc4e0	backend_basetype	0x00afbb90	backend_basetype__vslot_253	0.95
0x00afc4e0	backend_basetype	0x00b0e82c	backend_dataflow	0x00afbb90	254	0	0x0061eb3f	FUN_0061eb3f	introduced		0x00afc4e0	backend_basetype	0x00afbb90	backend_basetype__vslot_254	0.95
0x00afc4e0	backend_basetype	0x00b0e82c	backend_dataflow	0x00afbb90	255	0	0x0061ea6d	FUN_0061ea6d	introduced		0x00afc4e0	backend_basetype	0x00afbb90	backend_basetype__vslot_255	0.95
0x00afc4e0	backend_basetype	0x00b0e82c	backend_dataflow	0x00afbb90	256	0	0x0061ea04	FUN_0061ea04	introduced		0x00afc4e0	backend_basetype	0x00afbb90	backend_basetype__vslot_256	0.95
0x00afc4e0	backend_basetype	0x00b0e82c	backend_dataflow	0x00afbb90	257	0	0x0061ead6	FUN_0061ead6	introduced		0x00afc4e0	backend_basetype	0x00afbb90	backend_basetype__vslot_257	0.95
0x00afc4e0	backend_basetype	0x00b0e82c	backend_dataflow	0x00afbb90	258	0	0x0077f082	FUN_0077f082	introduced		0x00afc4e0	backend_basetype	0x00afbb90	backend_basetype__vslot_258	0.95
0x00afc4e0	backend_basetype	0x00b0e82c	backend_dataflow	0x00afbb90	259	0	0x005babb6	FUN_005babb6	introduced		0x00afc4e0	backend_basetype	0x00afbb90	backend_basetype__vslot_259	0.95
0x00afc4e0	backend_basetype	0x00b0e82c	backend_dataflow	0x00afbb90	260	0	0x005babbf	FUN_005babbf	introduced		0x00afc4e0	backend_basetype	0x00afbb90	backend_basetype__vslot_260	0.95
0x00afc4e0	backend_basetype	0x00b0e82c	backend_dataflow	0x00afbb90	261	0	0x005babc8	FUN_005babc8	introduced		0x00afc4e0	backend_basetype	0x00afbb90	backend_basetype__vslot_261	0.95
0x00afd5b8	InterblockDf	0x00afd5b8	InterblockDf	0x00afd2c0	0	0	0x00a92860	FUN_00a92860	root_slot		0x00afd5b8	InterblockDf	0x00afd2c0	InterblockDf__vslot_000	0.82
0x00afd5b8	InterblockDf	0x00afd5b8	InterblockDf	0x00afd2c0	1	0	0x00a92860	FUN_00a92860	root_slot		0x00afd5b8	InterblockDf	0x00afd2c0	InterblockDf__vslot_001	0.82
0x00afd638	DownSafetyDf	0x00afd5b8	InterblockDf	0x00afd388	0	0	0x005d940a	FUN_005d940a	override	0x00a92860	0x00afd638	DownSafetyDf	0x00afd388	DownSafetyDf__vslot_000	0.95
0x00afd638	DownSafetyDf	0x00afd5b8	InterblockDf	0x00afd388	1	0	0x005d9425	FUN_005d9425	override	0x00a92860	0x00afd638	DownSafetyDf	0x00afd388	DownSafetyDf__vslot_001	0.95
0x00afd648	UpSafetyDf	0x00afd5b8	InterblockDf	0x00afd3a0	0	0	0x005d9566	FUN_005d9566	override	0x00a92860	0x00afd648	UpSafetyDf	0x00afd3a0	UpSafetyDf__vslot_000	0.95
0x00afd648	UpSafetyDf	0x00afd5b8	InterblockDf	0x00afd3a0	1	0	0x005d9581	FUN_005d9581	override	0x00a92860	0x00afd648	UpSafetyDf	0x00afd3a0	UpSafetyDf__vslot_001	0.95
0x00afd658	EarliestDf	0x00afd5b8	InterblockDf	0x00afd3b8	0	0	0x005d96aa	FUN_005d96aa	override	0x00a92860	0x00afd658	EarliestDf	0x00afd3b8	EarliestDf__vslot_000	0.95
0x00afd658	EarliestDf	0x00afd5b8	InterblockDf	0x00afd3b8	1	0	0x005d96af	FUN_005d96af	override	0x00a92860	0x00afd658	EarliestDf	0x00afd3b8	EarliestDf__vslot_001	0.95
0x00afd668	DelayedDf	0x00afd5b8	InterblockDf	0x00afd3d0	0	0	0x005d9789	FUN_005d9789	override	0x00a92860	0x00afd668	DelayedDf	0x00afd3d0	DelayedDf__vslot_000	0.95
0x00afd668	DelayedDf	0x00afd5b8	InterblockDf	0x00afd3d0	1	0	0x005d97a4	FUN_005d97a4	override	0x00a92860	0x00afd668	DelayedDf	0x00afd3d0	DelayedDf__vslot_001	0.95
0x00afd678	LatestDf	0x00afd5b8	InterblockDf	0x00afd3e8	0	0	0x005d98f5	FUN_005d98f5	override	0x00a92860	0x00afd678	LatestDf	0x00afd3e8	LatestDf__vslot_000	0.95
0x00afd678	LatestDf	0x00afd5b8	InterblockDf	0x00afd3e8	1	0	0x005d98fa	FUN_005d98fa	override	0x00a92860	0x00afd678	LatestDf	0x00afd3e8	LatestDf__vslot_001	0.95
0x00afd688	IsolatedDf	0x00afd5b8	InterblockDf	0x00afd400	0	0	0x005d9a1d	FUN_005d9a1d	override	0x00a92860	0x00afd688	IsolatedDf	0x00afd400	IsolatedDf__vslot_000	0.95
0x00afd688	IsolatedDf	0x00afd5b8	InterblockDf	0x00afd400	1	0	0x005d9a38	FUN_005d9a38	override	0x00a92860	0x00afd688	IsolatedDf	0x00afd400	IsolatedDf__vslot_001	0.95
0x00afd698	FinalDf	0x00afd5b8	InterblockDf	0x00afd418	0	0	0x005d9b39	FUN_005d9b39	override	0x00a92860	0x00afd698	FinalDf	0x00afd418	FinalDf__vslot_000	0.95
0x00afd698	FinalDf	0x00afd5b8	InterblockDf	0x00afd418	1	0	0x005d9b3e	FUN_005d9b3e	override	0x00a92860	0x00afd698	FinalDf	0x00afd418	FinalDf__vslot_001	0.95
0x00afd6a8	GcseSelectDf	0x00afd5b8	InterblockDf	0x00afd430	0	0	0x005d9c3c	FUN_005d9c3c	override	0x00a92860	0x00afd6a8	GcseSelectDf	0x00afd430	GcseSelectDf__vslot_000	0.95
0x00afd6a8	GcseSelectDf	0x00afd5b8	InterblockDf	0x00afd430	1	0	0x005d9caf	FUN_005d9caf	override	0x00a92860	0x00afd6a8	GcseSelectDf	0x00afd430	GcseSelectDf__vslot_001	0.95
0x00afd6b8	GcseLiveDf	0x00afd5b8	InterblockDf	0x00afd448	0	0	0x005d9d5b	FUN_005d9d5b	override	0x00a92860	0x00afd6b8	GcseLiveDf	0x00afd448	GcseLiveDf__vslot_000	0.95
0x00afd6b8	GcseLiveDf	0x00afd5b8	InterblockDf	0x00afd448	1	0	0x005d9d7b	FUN_005d9d7b	override	0x00a92860	0x00afd6b8	GcseLiveDf	0x00afd448	GcseLiveDf__vslot_001	0.95
0x00afd6c8	GcseFinalDf	0x00afd5b8	InterblockDf	0x00afd460	0	0	0x005d9e6d	FUN_005d9e6d	override	0x00a92860	0x00afd6c8	GcseFinalDf	0x00afd460	GcseFinalDf__vslot_000	0.95
0x00afd6c8	GcseFinalDf	0x00afd5b8	InterblockDf	0x00afd460	1	0	0x005d9e72	FUN_005d9e72	override	0x00a92860	0x00afd6c8	GcseFinalDf	0x00afd460	GcseFinalDf__vslot_001	0.95
0x00afd738	HoistAvailDf	0x00afd5b8	InterblockDf	0x00afd4f8	0	0	0x005f9a83	FUN_005f9a83	override	0x00a92860	0x00afd738	HoistAvailDf	0x00afd4f8	HoistAvailDf__vslot_000	0.95
0x00afd738	HoistAvailDf	0x00afd5b8	InterblockDf	0x00afd4f8	1	0	0x005f9adc	FUN_005f9adc	override	0x00a92860	0x00afd738	HoistAvailDf	0x00afd4f8	HoistAvailDf__vslot_001	0.95
0x00afd748	HoistHelpfulDf	0x00afd5b8	InterblockDf	0x00afd510	0	0	0x005f9bdf	FUN_005f9bdf	override	0x00a92860	0x00afd748	HoistHelpfulDf	0x00afd510	HoistHelpfulDf__vslot_000	0.95
0x00afd748	HoistHelpfulDf	0x00afd5b8	InterblockDf	0x00afd510	1	0	0x005f9be4	FUN_005f9be4	override	0x00a92860	0x00afd748	HoistHelpfulDf	0x00afd510	HoistHelpfulDf__vslot_001	0.95
0x00afd758	HoistRedundantDf	0x00afd5b8	InterblockDf	0x00afd528	0	0	0x005f9c19	FUN_005f9c19	override	0x00a92860	0x00afd758	HoistRedundantDf	0x00afd528	HoistRedundantDf__vslot_000	0.95
0x00afd758	HoistRedundantDf	0x00afd5b8	InterblockDf	0x00afd528	1	0	0x005f9c39	FUN_005f9c39	override	0x00a92860	0x00afd758	HoistRedundantDf	0x00afd528	HoistRedundantDf__vslot_001	0.95
0x00afd768	HoistFinalDf	0x00afd5b8	InterblockDf	0x00afd540	0	0	0x005f9d89	FUN_005f9d89	override	0x00a92860	0x00afd768	HoistFinalDf	0x00afd540	HoistFinalDf__vslot_000	0.95
0x00afd768	HoistFinalDf	0x00afd5b8	InterblockDf	0x00afd540	1	0	0x005f9d8e	FUN_005f9d8e	override	0x00a92860	0x00afd768	HoistFinalDf	0x00afd540	HoistFinalDf__vslot_001	0.95
0x00afd778	HoistDelayDf	0x00afd5b8	InterblockDf	0x00afd558	0	0	0x005f9e3d	FUN_005f9e3d	override	0x00a92860	0x00afd778	HoistDelayDf	0x00afd558	HoistDelayDf__vslot_000	0.95
0x00afd778	HoistDelayDf	0x00afd5b8	InterblockDf	0x00afd558	1	0	0x005f9e65	FUN_005f9e65	override	0x00a92860	0x00afd778	HoistDelayDf	0x00afd558	HoistDelayDf__vslot_001	0.95
0x00afd788	HoistFinal2Df	0x00afd5b8	InterblockDf	0x00afd570	0	0	0x005f9fc1	FUN_005f9fc1	override	0x00a92860	0x00afd788	HoistFinal2Df	0x00afd570	HoistFinal2Df__vslot_000	0.95
0x00afd788	HoistFinal2Df	0x00afd5b8	InterblockDf	0x00afd570	1	0	0x005fa09b	FUN_005fa09b	override	0x00a92860	0x00afd788	HoistFinal2Df	0x00afd570	HoistFinal2Df__vslot_001	0.95
0x00afd798	HoistUsableDf	0x00afd5b8	InterblockDf	0x00afd588	0	0	0x005fa155	FUN_005fa155	override	0x00a92860	0x00afd798	HoistUsableDf	0x00afd588	HoistUsableDf__vslot_000	0.95
0x00afd798	HoistUsableDf	0x00afd5b8	InterblockDf	0x00afd588	1	0	0x005fa170	FUN_005fa170	override	0x00a92860	0x00afd798	HoistUsableDf	0x00afd588	HoistUsableDf__vslot_001	0.95
0x00afd7a8	HoistFinal3Df	0x00afd5b8	InterblockDf	0x00afd5a0	0	0	0x005fa269	FUN_005fa269	override	0x00a92860	0x00afd7a8	HoistFinal3Df	0x00afd5a0	HoistFinal3Df__vslot_000	0.95
0x00afd7a8	HoistFinal3Df	0x00afd5b8	InterblockDf	0x00afd5a0	1	0	0x005fa26e	FUN_005fa26e	override	0x00a92860	0x00afd7a8	HoistFinal3Df	0x00afd5a0	HoistFinal3Df__vslot_001	0.95
0x00aff0cc	AliasAnalyzer	0x00aff0cc	AliasAnalyzer	0x00afef5c	0	0	0x005cf400	FUN_005cf400	root_slot		0x00aff0cc	AliasAnalyzer	0x00afef5c	AliasAnalyzer__vslot_000	0.82
0x00aff0cc	AliasAnalyzer	0x00aff0cc	AliasAnalyzer	0x00afef5c	1	0	0x005cf409	FUN_005cf409	root_slot		0x00aff0cc	AliasAnalyzer	0x00afef5c	AliasAnalyzer__vslot_001	0.82
0x00aff0dc	TimeAccurateAliasAnalyzer	0x00aff0cc	AliasAnalyzer	0x00afef74	0	0	0x005cf40e	FUN_005cf40e	override	0x005cf400	0x00aff0dc	TimeAccurateAliasAnalyzer	0x00afef74	TimeAccurateAliasAnalyzer__vslot_000	0.95
0x00aff0dc	TimeAccurateAliasAnalyzer	0x00aff0cc	AliasAnalyzer	0x00afef74	1	0	0x005cf451	FUN_005cf451	override	0x005cf409	0x00aff0dc	TimeAccurateAliasAnalyzer	0x00afef74	TimeAccurateAliasAnalyzer__vslot_001	0.95
0x00aff0ec	BooleanAccurateAliasAnalyzer	0x00aff0cc	AliasAnalyzer	0x00afef8c	0	0	0x005db3f1	FUN_005db3f1	override	0x005cf400	0x00aff0ec	BooleanAccurateAliasAnalyzer	0x00afef8c	BooleanAccurateAliasAnalyzer__vslot_000	0.95
0x00aff0ec	BooleanAccurateAliasAnalyzer	0x00aff0cc	AliasAnalyzer	0x00afef8c	1	0	0x005db4b8	FUN_005db4b8	override	0x005cf409	0x00aff0ec	BooleanAccurateAliasAnalyzer	0x00afef8c	BooleanAccurateAliasAnalyzer__vslot_001	0.95
0x00aff16c	ValueNeededDf	0x00afd5b8	InterblockDf	0x00aff004	0	0	0x005ea90a	FUN_005ea90a	override	0x00a92860	0x00aff16c	ValueNeededDf	0x00aff004	ValueNeededDf__vslot_000	0.95
0x00aff16c	ValueNeededDf	0x00afd5b8	InterblockDf	0x00aff004	1	0	0x005ea96a	FUN_005ea96a	override	0x00a92860	0x00aff16c	ValueNeededDf	0x00aff004	ValueNeededDf__vslot_001	0.95
0x00aff19c	FCEReachingWriteDf	0x00afd5b8	InterblockDf	0x00aff04c	0	0	0x005f5279	FUN_005f5279	override	0x00a92860	0x00aff19c	FCEReachingWriteDf	0x00aff04c	FCEReachingWriteDf__vslot_000	0.95
0x00aff19c	FCEReachingWriteDf	0x00afd5b8	InterblockDf	0x00aff04c	1	0	0x005f5c56	FUN_005f5c56	override	0x00a92860	0x00aff19c	FCEReachingWriteDf	0x00aff04c	FCEReachingWriteDf__vslot_001	0.95
0x00aff1ec	CopyPropDf	0x00afd5b8	InterblockDf	0x00aff0a4	0	0	0x005fc273	FUN_005fc273	override	0x00a92860	0x00aff1ec	CopyPropDf	0x00aff0a4	CopyPropDf__vslot_000	0.95
0x00aff1ec	CopyPropDf	0x00afd5b8	InterblockDf	0x00aff0a4	1	0	0x005fc3a0	FUN_005fc3a0	override	0x00a92860	0x00aff1ec	CopyPropDf	0x00aff0a4	CopyPropDf__vslot_001	0.95
0x00aff4ac	InterblockDf	0x00aff4ac	InterblockDf	0x00aff434	0	0	0x00a92860	FUN_00a92860	root_slot		0x00aff4ac	InterblockDf	0x00aff434	InterblockDf__vslot_000	0.82
0x00aff4ac	InterblockDf	0x00aff4ac	InterblockDf	0x00aff434	1	0	0x00a92860	FUN_00a92860	root_slot		0x00aff4ac	InterblockDf	0x00aff434	InterblockDf__vslot_001	0.82
0x00aff4ec	Checker	0x00aff4ec	Checker	0x00aff810	0	0	0x00a92860	FUN_00a92860	root_slot		0x00aff4ec	Checker	0x00aff810	Checker__vslot_000	0.82
0x00aff4ec	Checker	0x00aff4ec	Checker	0x00aff810	1	0	0x00a92860	FUN_00a92860	root_slot		0x00aff4ec	Checker	0x00aff810	Checker__vslot_001	0.82
0x00aff4ec	Checker	0x00aff4ec	Checker	0x00aff810	2	0	0x00a92860	FUN_00a92860	root_slot		0x00aff4ec	Checker	0x00aff810	Checker__vslot_002	0.82
0x00aff4ec	Checker	0x00aff4ec	Checker	0x00aff810	3	0	0x00a92860	FUN_00a92860	root_slot		0x00aff4ec	Checker	0x00aff810	Checker__vslot_003	0.82
0x00aff4ec	Checker	0x00aff4ec	Checker	0x00aff810	4	0	0x00a92860	FUN_00a92860	root_slot		0x00aff4ec	Checker	0x00aff810	Checker__vslot_004	0.82
0x00aff4ec	Checker	0x00aff4ec	Checker	0x00aff810	5	0	0x00a92860	FUN_00a92860	root_slot		0x00aff4ec	Checker	0x00aff810	Checker__vslot_005	0.82
0x00aff4ec	Checker	0x00aff4ec	Checker	0x00aff810	6	0	0x00a92860	FUN_00a92860	root_slot		0x00aff4ec	Checker	0x00aff810	Checker__vslot_006	0.82
0x00aff4ec	Checker	0x00aff4ec	Checker	0x00aff810	7	0	0x00a92860	FUN_00a92860	root_slot		0x00aff4ec	Checker	0x00aff810	Checker__vslot_007	0.82
0x00aff4fc	CheckerIntStateLValue	0x00aff4ec	Checker	0x00aff858	0	0	0x00a92860	FUN_00a92860	inherited	0x00a92860	0x00aff4ec	Checker	0x00aff810	Checker__vslot_000	0.82
0x00aff4fc	CheckerIntStateLValue	0x00aff4ec	Checker	0x00aff858	1	0	0x00a92860	FUN_00a92860	inherited	0x00a92860	0x00aff4ec	Checker	0x00aff810	Checker__vslot_001	0.82
0x00aff4fc	CheckerIntStateLValue	0x00aff4ec	Checker	0x00aff858	2	0	0x0060ecc6	FUN_0060ecc6	inherited	0x0060ecc6	0x00b01690	CheckerIntState	0x00b00d2c	CheckerIntState__vslot_002	0.82
0x00aff4fc	CheckerIntStateLValue	0x00aff4ec	Checker	0x00aff858	3	0	0x0060d30f	FUN_0060d30f	inherited	0x0060d30f	0x00b01690	CheckerIntState	0x00b00d2c	CheckerIntState__vslot_003	0.82
0x00aff4fc	CheckerIntStateLValue	0x00aff4ec	Checker	0x00aff858	4	0	0x0060ee8f	FUN_0060ee8f	inherited	0x0060ee8f	0x00b01690	CheckerIntState	0x00b00d2c	CheckerIntState__vslot_004	0.82
0x00aff4fc	CheckerIntStateLValue	0x00aff4ec	Checker	0x00aff858	5	0	0x00a92860	FUN_00a92860	inherited	0x00a92860	0x00aff4ec	Checker	0x00aff810	Checker__vslot_005	0.82
0x00aff4fc	CheckerIntStateLValue	0x00aff4ec	Checker	0x00aff858	6	0	0x00606438	FUN_00606438	inherited	0x00606438	0x00b01690	CheckerIntState	0x00b00d2c	CheckerIntState__vslot_006	0.82
0x00aff4fc	CheckerIntStateLValue	0x00aff4ec	Checker	0x00aff858	7	0	0x006034e2	FUN_006034e2	override	0x00a92860	0x00aff4fc	CheckerIntStateLValue	0x00aff858	CheckerIntStateLValue__vslot_007	0.95
0x00aff4fc	CheckerIntStateLValue	0x00aff4ec	Checker	0x00aff858	8	0	0x00a92860	FUN_00a92860	inherited	0x00a92860	0x00b01690	CheckerIntState	0x00b00d2c	CheckerIntState__vslot_008	0.82
0x00aff4fc	CheckerIntStateLValue	0x00aff4ec	Checker	0x00aff858	9	0	0x00a92860	FUN_00a92860	inherited	0x00a92860	0x00b01690	CheckerIntState	0x00b00d2c	CheckerIntState__vslot_009	0.82
0x00aff4fc	CheckerIntStateLValue	0x00aff4ec	Checker	0x00aff858	10	0	0x00a92860	FUN_00a92860	inherited	0x00a92860	0x00b01690	CheckerIntState	0x00b00d2c	CheckerIntState__vslot_010	0.82
0x00aff4fc	CheckerIntStateLValue	0x00aff4ec	Checker	0x00aff858	11	0	0x00a92860	FUN_00a92860	inherited	0x00a92860	0x00b01690	CheckerIntState	0x00b00d2c	CheckerIntState__vslot_011	0.82
0x00aff50c	CheckerLValue	0x00aff4ec	Checker	0x00aff8c0	0	0	0x00a92860	FUN_00a92860	inherited	0x00a92860	0x00aff4ec	Checker	0x00aff810	Checker__vslot_000	0.82
0x00aff50c	CheckerLValue	0x00aff4ec	Checker	0x00aff8c0	1	0	0x00a92860	FUN_00a92860	inherited	0x00a92860	0x00aff4ec	Checker	0x00aff810	Checker__vslot_001	0.82
0x00aff50c	CheckerLValue	0x00aff4ec	Checker	0x00aff8c0	2	0	0x00a92860	FUN_00a92860	inherited	0x00a92860	0x00aff4ec	Checker	0x00aff810	Checker__vslot_002	0.82
0x00aff50c	CheckerLValue	0x00aff4ec	Checker	0x00aff8c0	3	0	0x00a92860	FUN_00a92860	inherited	0x00a92860	0x00aff4ec	Checker	0x00aff810	Checker__vslot_003	0.82
0x00aff50c	CheckerLValue	0x00aff4ec	Checker	0x00aff8c0	4	0	0x00a92860	FUN_00a92860	inherited	0x00a92860	0x00aff4ec	Checker	0x00aff810	Checker__vslot_004	0.82
0x00aff50c	CheckerLValue	0x00aff4ec	Checker	0x00aff8c0	5	0	0x00a92860	FUN_00a92860	inherited	0x00a92860	0x00aff4ec	Checker	0x00aff810	Checker__vslot_005	0.82
0x00aff50c	CheckerLValue	0x00aff4ec	Checker	0x00aff8c0	6	0	0x00a92860	FUN_00a92860	inherited	0x00a92860	0x00aff4ec	Checker	0x00aff810	Checker__vslot_006	0.82
0x00aff50c	CheckerLValue	0x00aff4ec	Checker	0x00aff8c0	7	0	0x006034f7	FUN_006034f7	override	0x00a92860	0x00aff50c	CheckerLValue	0x00aff8c0	CheckerLValue__vslot_007	0.95
0x00aff51c	CheckerIntStateSafevar	0x00aff4ec	Checker	0x00aff908	0	0	0x00a92860	FUN_00a92860	inherited	0x00a92860	0x00aff4ec	Checker	0x00aff810	Checker__vslot_000	0.82
0x00aff51c	CheckerIntStateSafevar	0x00aff4ec	Checker	0x00aff908	1	0	0x00a92860	FUN_00a92860	inherited	0x00a92860	0x00aff4ec	Checker	0x00aff810	Checker__vslot_001	0.82
0x00aff51c	CheckerIntStateSafevar	0x00aff4ec	Checker	0x00aff908	2	0	0x0060ecc6	FUN_0060ecc6	inherited	0x0060ecc6	0x00b01690	CheckerIntState	0x00b00d2c	CheckerIntState__vslot_002	0.82
0x00aff51c	CheckerIntStateSafevar	0x00aff4ec	Checker	0x00aff908	3	0	0x0060d30f	FUN_0060d30f	inherited	0x0060d30f	0x00b01690	CheckerIntState	0x00b00d2c	CheckerIntState__vslot_003	0.82
0x00aff51c	CheckerIntStateSafevar	0x00aff4ec	Checker	0x00aff908	4	0	0x0060ee8f	FUN_0060ee8f	inherited	0x0060ee8f	0x00b01690	CheckerIntState	0x00b00d2c	CheckerIntState__vslot_004	0.82
0x00aff51c	CheckerIntStateSafevar	0x00aff4ec	Checker	0x00aff908	5	0	0x00a92860	FUN_00a92860	inherited	0x00a92860	0x00aff4ec	Checker	0x00aff810	Checker__vslot_005	0.82
0x00aff51c	CheckerIntStateSafevar	0x00aff4ec	Checker	0x00aff908	6	0	0x00606438	FUN_00606438	inherited	0x00606438	0x00b01690	CheckerIntState	0x00b00d2c	CheckerIntState__vslot_006	0.82
0x00aff51c	CheckerIntStateSafevar	0x00aff4ec	Checker	0x00aff908	7	0	0x0060350c	FUN_0060350c	override	0x00a92860	0x00aff51c	CheckerIntStateSafevar	0x00aff908	CheckerIntStateSafevar__vslot_007	0.95
0x00aff51c	CheckerIntStateSafevar	0x00aff4ec	Checker	0x00aff908	8	0	0x00a92860	FUN_00a92860	inherited	0x00a92860	0x00b01690	CheckerIntState	0x00b00d2c	CheckerIntState__vslot_008	0.82
0x00aff51c	CheckerIntStateSafevar	0x00aff4ec	Checker	0x00aff908	9	0	0x00a92860	FUN_00a92860	inherited	0x00a92860	0x00b01690	CheckerIntState	0x00b00d2c	CheckerIntState__vslot_009	0.82
0x00aff51c	CheckerIntStateSafevar	0x00aff4ec	Checker	0x00aff908	10	0	0x00a92860	FUN_00a92860	inherited	0x00a92860	0x00b01690	CheckerIntState	0x00b00d2c	CheckerIntState__vslot_010	0.82
0x00aff51c	CheckerIntStateSafevar	0x00aff4ec	Checker	0x00aff908	11	0	0x00a92860	FUN_00a92860	inherited	0x00a92860	0x00b01690	CheckerIntState	0x00b00d2c	CheckerIntState__vslot_011	0.82
0x00aff52c	CheckerIntStateAll	0x00aff4ec	Checker	0x00aff970	0	0	0x00a92860	FUN_00a92860	inherited	0x00a92860	0x00aff4ec	Checker	0x00aff810	Checker__vslot_000	0.82
0x00aff52c	CheckerIntStateAll	0x00aff4ec	Checker	0x00aff970	1	0	0x00a92860	FUN_00a92860	inherited	0x00a92860	0x00aff4ec	Checker	0x00aff810	Checker__vslot_001	0.82
0x00aff52c	CheckerIntStateAll	0x00aff4ec	Checker	0x00aff970	2	0	0x0060ecc6	FUN_0060ecc6	inherited	0x0060ecc6	0x00b01690	CheckerIntState	0x00b00d2c	CheckerIntState__vslot_002	0.82
0x00aff52c	CheckerIntStateAll	0x00aff4ec	Checker	0x00aff970	3	0	0x0060d30f	FUN_0060d30f	inherited	0x0060d30f	0x00b01690	CheckerIntState	0x00b00d2c	CheckerIntState__vslot_003	0.82
0x00aff52c	CheckerIntStateAll	0x00aff4ec	Checker	0x00aff970	4	0	0x0060ee8f	FUN_0060ee8f	inherited	0x0060ee8f	0x00b01690	CheckerIntState	0x00b00d2c	CheckerIntState__vslot_004	0.82
0x00aff52c	CheckerIntStateAll	0x00aff4ec	Checker	0x00aff970	5	0	0x00a92860	FUN_00a92860	inherited	0x00a92860	0x00aff4ec	Checker	0x00aff810	Checker__vslot_005	0.82
0x00aff52c	CheckerIntStateAll	0x00aff4ec	Checker	0x00aff970	6	0	0x00606438	FUN_00606438	inherited	0x00606438	0x00b01690	CheckerIntState	0x00b00d2c	CheckerIntState__vslot_006	0.82
0x00aff52c	CheckerIntStateAll	0x00aff4ec	Checker	0x00aff970	7	0	0x00603521	FUN_00603521	override	0x00a92860	0x00aff52c	CheckerIntStateAll	0x00aff970	CheckerIntStateAll__vslot_007	0.95
0x00aff52c	CheckerIntStateAll	0x00aff4ec	Checker	0x00aff970	8	0	0x00a92860	FUN_00a92860	inherited	0x00a92860	0x00b01690	CheckerIntState	0x00b00d2c	CheckerIntState__vslot_008	0.82
0x00aff52c	CheckerIntStateAll	0x00aff4ec	Checker	0x00aff970	9	0	0x00a92860	FUN_00a92860	inherited	0x00a92860	0x00b01690	CheckerIntState	0x00b00d2c	CheckerIntState__vslot_009	0.82
0x00aff52c	CheckerIntStateAll	0x00aff4ec	Checker	0x00aff970	10	0	0x00a92860	FUN_00a92860	inherited	0x00a92860	0x00b01690	CheckerIntState	0x00b00d2c	CheckerIntState__vslot_010	0.82
0x00aff52c	CheckerIntStateAll	0x00aff4ec	Checker	0x00aff970	11	0	0x00a92860	FUN_00a92860	inherited	0x00a92860	0x00b01690	CheckerIntState	0x00b00d2c	CheckerIntState__vslot_011	0.82
0x00b01680	CheckerFlow	0x00aff4ac	InterblockDf	0x00b00d14	0	0	0x006032db	FUN_006032db	override	0x00a92860	0x00b01680	CheckerFlow	0x00b00d14	CheckerFlow__vslot_000	0.95
0x00b01680	CheckerFlow	0x00aff4ac	InterblockDf	0x00b00d14	1	0	0x00611205	FUN_00611205	override	0x00a92860	0x00b01680	CheckerFlow	0x00b00d14	CheckerFlow__vslot_001	0.95
0x00b01690	CheckerIntState	0x00aff4ec	Checker	0x00b00d2c	0	0	0x00a92860	FUN_00a92860	inherited	0x00a92860	0x00aff4ec	Checker	0x00aff810	Checker__vslot_000	0.82
0x00b01690	CheckerIntState	0x00aff4ec	Checker	0x00b00d2c	1	0	0x00a92860	FUN_00a92860	inherited	0x00a92860	0x00aff4ec	Checker	0x00aff810	Checker__vslot_001	0.82
0x00b01690	CheckerIntState	0x00aff4ec	Checker	0x00b00d2c	2	0	0x0060ecc6	FUN_0060ecc6	override	0x00a92860	0x00b01690	CheckerIntState	0x00b00d2c	CheckerIntState__vslot_002	0.95
0x00b01690	CheckerIntState	0x00aff4ec	Checker	0x00b00d2c	3	0	0x0060d30f	FUN_0060d30f	override	0x00a92860	0x00b01690	CheckerIntState	0x00b00d2c	CheckerIntState__vslot_003	0.95
0x00b01690	CheckerIntState	0x00aff4ec	Checker	0x00b00d2c	4	0	0x0060ee8f	FUN_0060ee8f	override	0x00a92860	0x00b01690	CheckerIntState	0x00b00d2c	CheckerIntState__vslot_004	0.95
0x00b01690	CheckerIntState	0x00aff4ec	Checker	0x00b00d2c	5	0	0x00a92860	FUN_00a92860	inherited	0x00a92860	0x00aff4ec	Checker	0x00aff810	Checker__vslot_005	0.82
0x00b01690	CheckerIntState	0x00aff4ec	Checker	0x00b00d2c	6	0	0x00606438	FUN_00606438	override	0x00a92860	0x00b01690	CheckerIntState	0x00b00d2c	CheckerIntState__vslot_006	0.95
0x00b01690	CheckerIntState	0x00aff4ec	Checker	0x00b00d2c	7	0	0x00a92860	FUN_00a92860	inherited	0x00a92860	0x00aff4ec	Checker	0x00aff810	Checker__vslot_007	0.82
0x00b01690	CheckerIntState	0x00aff4ec	Checker	0x00b00d2c	8	0	0x00a92860	FUN_00a92860	introduced		0x00b01690	CheckerIntState	0x00b00d2c	CheckerIntState__vslot_008	0.95
0x00b01690	CheckerIntState	0x00aff4ec	Checker	0x00b00d2c	9	0	0x00a92860	FUN_00a92860	introduced		0x00b01690	CheckerIntState	0x00b00d2c	CheckerIntState__vslot_009	0.95
0x00b01690	CheckerIntState	0x00aff4ec	Checker	0x00b00d2c	10	0	0x00a92860	FUN_00a92860	introduced		0x00b01690	CheckerIntState	0x00b00d2c	CheckerIntState__vslot_010	0.95
0x00b01690	CheckerIntState	0x00aff4ec	Checker	0x00b00d2c	11	0	0x00a92860	FUN_00a92860	introduced		0x00b01690	CheckerIntState	0x00b00d2c	CheckerIntState__vslot_011	0.95
0x00b016a0	ConstChecker	0x00aff4ec	Checker	0x00b00d94	0	0	0x006044a2	FUN_006044a2	override	0x00a92860	0x00b016a0	ConstChecker	0x00b00d94	ConstChecker__vslot_000	0.95
0x00b016a0	ConstChecker	0x00aff4ec	Checker	0x00b00d94	1	0	0x00604574	FUN_00604574	override	0x00a92860	0x00b016a0	ConstChecker	0x00b00d94	ConstChecker__vslot_001	0.95
0x00b016a0	ConstChecker	0x00aff4ec	Checker	0x00b00d94	2	0	0x0060486e	FUN_0060486e	override	0x00a92860	0x00b016a0	ConstChecker	0x00b00d94	ConstChecker__vslot_002	0.95
0x00b016a0	ConstChecker	0x00aff4ec	Checker	0x00b00d94	3	0	0x00606284	FUN_00606284	override	0x00a92860	0x00b016a0	ConstChecker	0x00b00d94	ConstChecker__vslot_003	0.95
0x00b016a0	ConstChecker	0x00aff4ec	Checker	0x00b00d94	4	0	0x006035fe	FUN_006035fe	override	0x00a92860	0x00b016a0	ConstChecker	0x00b00d94	ConstChecker__vslot_004	0.95
0x00b016a0	ConstChecker	0x00aff4ec	Checker	0x00b00d94	5	0	0x00606087	FUN_00606087	override	0x00a92860	0x00b016a0	ConstChecker	0x00b00d94	ConstChecker__vslot_005	0.95
0x00b016a0	ConstChecker	0x00aff4ec	Checker	0x00b00d94	6	0	0x00606314	FUN_00606314	override	0x00a92860	0x00b016a0	ConstChecker	0x00b00d94	ConstChecker__vslot_006	0.95
0x00b016a0	ConstChecker	0x00aff4ec	Checker	0x00b00d94	7	0	0x006034f7	FUN_006034f7	inherited	0x006034f7	0x00aff50c	CheckerLValue	0x00aff8c0	CheckerLValue__vslot_007	0.82
0x00b016b0	EquivChecker	0x00aff4ec	Checker	0x00b00ddc	0	0	0x00603603	FUN_00603603	override	0x00a92860	0x00b016b0	EquivChecker	0x00b00ddc	EquivChecker__vslot_000	0.95
0x00b016b0	EquivChecker	0x00aff4ec	Checker	0x00b00ddc	1	0	0x00606e3f	FUN_00606e3f	override	0x00a92860	0x00b016b0	EquivChecker	0x00b00ddc	EquivChecker__vslot_001	0.95
0x00b016b0	EquivChecker	0x00aff4ec	Checker	0x00b00ddc	2	0	0x00606f1d	FUN_00606f1d	override	0x00a92860	0x00b016b0	EquivChecker	0x00b00ddc	EquivChecker__vslot_002	0.95
0x00b016b0	EquivChecker	0x00aff4ec	Checker	0x00b00ddc	3	0	0x00607059	FUN_00607059	override	0x00a92860	0x00b016b0	EquivChecker	0x00b00ddc	EquivChecker__vslot_003	0.95
0x00b016b0	EquivChecker	0x00aff4ec	Checker	0x00b00ddc	4	0	0x00603608	FUN_00603608	override	0x00a92860	0x00b016b0	EquivChecker	0x00b00ddc	EquivChecker__vslot_004	0.95
0x00b016b0	EquivChecker	0x00aff4ec	Checker	0x00b00ddc	5	0	0x006074e6	FUN_006074e6	override	0x00a92860	0x00b016b0	EquivChecker	0x00b00ddc	EquivChecker__vslot_005	0.95
0x00b016b0	EquivChecker	0x00aff4ec	Checker	0x00b00ddc	6	0	0x00607581	FUN_00607581	override	0x00a92860	0x00b016b0	EquivChecker	0x00b00ddc	EquivChecker__vslot_006	0.95
0x00b016b0	EquivChecker	0x00aff4ec	Checker	0x00b00ddc	7	0	0x006034f7	FUN_006034f7	inherited	0x006034f7	0x00aff50c	CheckerLValue	0x00aff8c0	CheckerLValue__vslot_007	0.82
0x00b016c0	UninitMemChecker	0x00aff4ec	Checker	0x00b00e24	0	0	0x00607766	FUN_00607766	override	0x00a92860	0x00b016c0	UninitMemChecker	0x00b00e24	UninitMemChecker__vslot_000	0.95
0x00b016c0	UninitMemChecker	0x00aff4ec	Checker	0x00b00e24	1	0	0x00607cad	FUN_00607cad	override	0x00a92860	0x00b016c0	UninitMemChecker	0x00b00e24	UninitMemChecker__vslot_001	0.95
0x00b016c0	UninitMemChecker	0x00aff4ec	Checker	0x00b00e24	2	0	0x00607e6d	FUN_00607e6d	override	0x00a92860	0x00b016c0	UninitMemChecker	0x00b00e24	UninitMemChecker__vslot_002	0.95
0x00b016c0	UninitMemChecker	0x00aff4ec	Checker	0x00b00e24	3	0	0x00607de5	FUN_00607de5	override	0x00a92860	0x00b016c0	UninitMemChecker	0x00b00e24	UninitMemChecker__vslot_003	0.95
0x00b016c0	UninitMemChecker	0x00aff4ec	Checker	0x00b00e24	4	0	0x0060375a	FUN_0060375a	override	0x00a92860	0x00b016c0	UninitMemChecker	0x00b00e24	UninitMemChecker__vslot_004	0.95
0x00b016c0	UninitMemChecker	0x00aff4ec	Checker	0x00b00e24	5	0	0x0060375f	FUN_0060375f	override	0x00a92860	0x00b016c0	UninitMemChecker	0x00b00e24	UninitMemChecker__vslot_005	0.95
0x00b016c0	UninitMemChecker	0x00aff4ec	Checker	0x00b00e24	6	0	0x006080a8	FUN_006080a8	override	0x00a92860	0x00b016c0	UninitMemChecker	0x00b00e24	UninitMemChecker__vslot_006	0.95
0x00b016c0	UninitMemChecker	0x00aff4ec	Checker	0x00b00e24	7	0	0x006034f7	FUN_006034f7	inherited	0x006034f7	0x00aff50c	CheckerLValue	0x00aff8c0	CheckerLValue__vslot_007	0.82
0x00b016d0	RangeChecker	0x00aff4ec	Checker	0x00b00e6c	0	0	0x006051cb	FUN_006051cb	override	0x00a92860	0x00b016d0	RangeChecker	0x00b00e6c	RangeChecker__vslot_000	0.95
0x00b016d0	RangeChecker	0x00aff4ec	Checker	0x00b00e6c	1	0	0x006059b7	FUN_006059b7	override	0x00a92860	0x00b016d0	RangeChecker	0x00b00e6c	RangeChecker__vslot_001	0.95
0x00b016d0	RangeChecker	0x00aff4ec	Checker	0x00b00e6c	2	0	0x00605b0b	FUN_00605b0b	override	0x00a92860	0x00b016d0	RangeChecker	0x00b00e6c	RangeChecker__vslot_002	0.95
0x00b016d0	RangeChecker	0x00aff4ec	Checker	0x00b00e6c	3	0	0x006062d2	FUN_006062d2	override	0x00a92860	0x00b016d0	RangeChecker	0x00b00e6c	RangeChecker__vslot_003	0.95
0x00b016d0	RangeChecker	0x00aff4ec	Checker	0x00b00e6c	4	0	0x00603764	FUN_00603764	override	0x00a92860	0x00b016d0	RangeChecker	0x00b00e6c	RangeChecker__vslot_004	0.95
0x00b016d0	RangeChecker	0x00aff4ec	Checker	0x00b00e6c	5	0	0x00605d43	FUN_00605d43	override	0x00a92860	0x00b016d0	RangeChecker	0x00b00e6c	RangeChecker__vslot_005	0.95
0x00b016d0	RangeChecker	0x00aff4ec	Checker	0x00b00e6c	6	0	0x006063ad	FUN_006063ad	override	0x00a92860	0x00b016d0	RangeChecker	0x00b00e6c	RangeChecker__vslot_006	0.95
0x00b016d0	RangeChecker	0x00aff4ec	Checker	0x00b00e6c	7	0	0x006034f7	FUN_006034f7	inherited	0x006034f7	0x00aff50c	CheckerLValue	0x00aff8c0	CheckerLValue__vslot_007	0.82
0x00b016e0	MemLeakChecker	0x00aff4ec	Checker	0x00b00eb4	0	0	0x006066b8	FUN_006066b8	override	0x00a92860	0x00b016e0	MemLeakChecker	0x00b00eb4	MemLeakChecker__vslot_000	0.95
0x00b016e0	MemLeakChecker	0x00aff4ec	Checker	0x00b00eb4	1	0	0x0060677f	FUN_0060677f	override	0x00a92860	0x00b016e0	MemLeakChecker	0x00b00eb4	MemLeakChecker__vslot_001	0.95
0x00b016e0	MemLeakChecker	0x00aff4ec	Checker	0x00b00eb4	2	0	0x0060ecc6	FUN_0060ecc6	inherited	0x0060ecc6	0x00b01690	CheckerIntState	0x00b00d2c	CheckerIntState__vslot_002	0.82
0x00b016e0	MemLeakChecker	0x00aff4ec	Checker	0x00b00eb4	3	0	0x0060d30f	FUN_0060d30f	inherited	0x0060d30f	0x00b01690	CheckerIntState	0x00b00d2c	CheckerIntState__vslot_003	0.82
0x00b016e0	MemLeakChecker	0x00aff4ec	Checker	0x00b00eb4	4	0	0x0060ee8f	FUN_0060ee8f	inherited	0x0060ee8f	0x00b01690	CheckerIntState	0x00b00d2c	CheckerIntState__vslot_004	0.82
0x00b016e0	MemLeakChecker	0x00aff4ec	Checker	0x00b00eb4	5	0	0x00606982	FUN_00606982	override	0x00a92860	0x00b016e0	MemLeakChecker	0x00b00eb4	MemLeakChecker__vslot_005	0.95
0x00b016e0	MemLeakChecker	0x00aff4ec	Checker	0x00b00eb4	6	0	0x00606438	FUN_00606438	inherited	0x00606438	0x00b01690	CheckerIntState	0x00b00d2c	CheckerIntState__vslot_006	0.82
0x00b016e0	MemLeakChecker	0x00aff4ec	Checker	0x00b00eb4	7	0	0x0060350c	FUN_0060350c	inherited	0x0060350c	0x00aff51c	CheckerIntStateSafevar	0x00aff908	CheckerIntStateSafevar__vslot_007	0.82
0x00b016e0	MemLeakChecker	0x00aff4ec	Checker	0x00b00eb4	8	0	0x006068a3	FUN_006068a3	override	0x00a92860	0x00b016e0	MemLeakChecker	0x00b00eb4	MemLeakChecker__vslot_008	0.95
0x00b016e0	MemLeakChecker	0x00aff4ec	Checker	0x00b00eb4	9	0	0x00606908	FUN_00606908	override	0x00a92860	0x00b016e0	MemLeakChecker	0x00b00eb4	MemLeakChecker__vslot_009	0.95
0x00b016e0	MemLeakChecker	0x00aff4ec	Checker	0x00b00eb4	10	0	0x00603769	FUN_00603769	override	0x00a92860	0x00b016e0	MemLeakChecker	0x00b00eb4	MemLeakChecker__vslot_010	0.95
0x00b016e0	MemLeakChecker	0x00aff4ec	Checker	0x00b00eb4	11	0	0x00603773	FUN_00603773	override	0x00a92860	0x00b016e0	MemLeakChecker	0x00b00eb4	MemLeakChecker__vslot_011	0.95
0x00b016f0	MemLeakCheckerBackwards	0x00aff4ec	Checker	0x00b00f1c	0	0	0x0060648e	FUN_0060648e	override	0x00a92860	0x00b016f0	MemLeakCheckerBackwards	0x00b00f1c	MemLeakCheckerBackwards__vslot_000	0.95
0x00b016f0	MemLeakCheckerBackwards	0x00aff4ec	Checker	0x00b00f1c	1	0	0x0060652a	FUN_0060652a	override	0x00a92860	0x00b016f0	MemLeakCheckerBackwards	0x00b00f1c	MemLeakCheckerBackwards__vslot_001	0.95
0x00b016f0	MemLeakCheckerBackwards	0x00aff4ec	Checker	0x00b00f1c	2	0	0x0060ecc6	FUN_0060ecc6	inherited	0x0060ecc6	0x00b01690	CheckerIntState	0x00b00d2c	CheckerIntState__vslot_002	0.82
0x00b016f0	MemLeakCheckerBackwards	0x00aff4ec	Checker	0x00b00f1c	3	0	0x0060d30f	FUN_0060d30f	inherited	0x0060d30f	0x00b01690	CheckerIntState	0x00b00d2c	CheckerIntState__vslot_003	0.82
0x00b016f0	MemLeakCheckerBackwards	0x00aff4ec	Checker	0x00b00f1c	4	0	0x0060ee8f	FUN_0060ee8f	inherited	0x0060ee8f	0x00b01690	CheckerIntState	0x00b00d2c	CheckerIntState__vslot_004	0.82
0x00b016f0	MemLeakCheckerBackwards	0x00aff4ec	Checker	0x00b00f1c	5	0	0x006037fc	FUN_006037fc	override	0x00a92860	0x00b016f0	MemLeakCheckerBackwards	0x00b00f1c	MemLeakCheckerBackwards__vslot_005	0.95
0x00b016f0	MemLeakCheckerBackwards	0x00aff4ec	Checker	0x00b00f1c	6	0	0x00606438	FUN_00606438	inherited	0x00606438	0x00b01690	CheckerIntState	0x00b00d2c	CheckerIntState__vslot_006	0.82
0x00b016f0	MemLeakCheckerBackwards	0x00aff4ec	Checker	0x00b00f1c	7	0	0x0060350c	FUN_0060350c	inherited	0x0060350c	0x00aff51c	CheckerIntStateSafevar	0x00aff908	CheckerIntStateSafevar__vslot_007	0.82
0x00b016f0	MemLeakCheckerBackwards	0x00aff4ec	Checker	0x00b00f1c	8	0	0x00606659	FUN_00606659	override	0x00a92860	0x00b016f0	MemLeakCheckerBackwards	0x00b00f1c	MemLeakCheckerBackwards__vslot_008	0.95
0x00b016f0	MemLeakCheckerBackwards	0x00aff4ec	Checker	0x00b00f1c	9	0	0x006037f7	FUN_006037f7	override	0x00a92860	0x00b016f0	MemLeakCheckerBackwards	0x00b00f1c	MemLeakCheckerBackwards__vslot_009	0.95
0x00b016f0	MemLeakCheckerBackwards	0x00aff4ec	Checker	0x00b00f1c	10	0	0x006037b0	FUN_006037b0	override	0x00a92860	0x00b016f0	MemLeakCheckerBackwards	0x00b00f1c	MemLeakCheckerBackwards__vslot_010	0.95
0x00b016f0	MemLeakCheckerBackwards	0x00aff4ec	Checker	0x00b00f1c	11	0	0x006037ba	FUN_006037ba	override	0x00a92860	0x00b016f0	MemLeakCheckerBackwards	0x00b00f1c	MemLeakCheckerBackwards__vslot_011	0.95
0x00b01700	NULLCheckChecker	0x00aff4ec	Checker	0x00b00f84	0	0	0x0060ad2b	FUN_0060ad2b	override	0x00a92860	0x00b01700	NULLCheckChecker	0x00b00f84	NULLCheckChecker__vslot_000	0.95
0x00b01700	NULLCheckChecker	0x00aff4ec	Checker	0x00b00f84	1	0	0x0060ae91	FUN_0060ae91	override	0x00a92860	0x00b01700	NULLCheckChecker	0x00b00f84	NULLCheckChecker__vslot_001	0.95
0x00b01700	NULLCheckChecker	0x00aff4ec	Checker	0x00b00f84	2	0	0x0060ecc6	FUN_0060ecc6	inherited	0x0060ecc6	0x00b01690	CheckerIntState	0x00b00d2c	CheckerIntState__vslot_002	0.82
0x00b01700	NULLCheckChecker	0x00aff4ec	Checker	0x00b00f84	3	0	0x0060d30f	FUN_0060d30f	inherited	0x0060d30f	0x00b01690	CheckerIntState	0x00b00d2c	CheckerIntState__vslot_003	0.82
0x00b01700	NULLCheckChecker	0x00aff4ec	Checker	0x00b00f84	4	0	0x0060ee8f	FUN_0060ee8f	inherited	0x0060ee8f	0x00b01690	CheckerIntState	0x00b00d2c	CheckerIntState__vslot_004	0.82
0x00b01700	NULLCheckChecker	0x00aff4ec	Checker	0x00b00f84	5	0	0x0060384d	FUN_0060384d	override	0x00a92860	0x00b01700	NULLCheckChecker	0x00b00f84	NULLCheckChecker__vslot_005	0.95
0x00b01700	NULLCheckChecker	0x00aff4ec	Checker	0x00b00f84	6	0	0x00606438	FUN_00606438	inherited	0x00606438	0x00b01690	CheckerIntState	0x00b00d2c	CheckerIntState__vslot_006	0.82
0x00b01700	NULLCheckChecker	0x00aff4ec	Checker	0x00b00f84	7	0	0x006034e2	FUN_006034e2	inherited	0x006034e2	0x00aff4fc	CheckerIntStateLValue	0x00aff858	CheckerIntStateLValue__vslot_007	0.82
0x00b01700	NULLCheckChecker	0x00aff4ec	Checker	0x00b00f84	8	0	0x0060af20	FUN_0060af20	override	0x00a92860	0x00b01700	NULLCheckChecker	0x00b00f84	NULLCheckChecker__vslot_008	0.95
0x00b01700	NULLCheckChecker	0x00aff4ec	Checker	0x00b00f84	9	0	0x00603848	FUN_00603848	override	0x00a92860	0x00b01700	NULLCheckChecker	0x00b00f84	NULLCheckChecker__vslot_009	0.95
0x00b01700	NULLCheckChecker	0x00aff4ec	Checker	0x00b00f84	10	0	0x00603801	FUN_00603801	override	0x00a92860	0x00b01700	NULLCheckChecker	0x00b00f84	NULLCheckChecker__vslot_010	0.95
0x00b01700	NULLCheckChecker	0x00aff4ec	Checker	0x00b00f84	11	0	0x0060380b	FUN_0060380b	override	0x00a92860	0x00b01700	NULLCheckChecker	0x00b00f84	NULLCheckChecker__vslot_011	0.95
0x00b01710	NULLCheckCheckerBackwards	0x00aff4ec	Checker	0x00b00fec	0	0	0x0060af85	FUN_0060af85	override	0x00a92860	0x00b01710	NULLCheckCheckerBackwards	0x00b00fec	NULLCheckCheckerBackwards__vslot_000	0.95
0x00b01710	NULLCheckCheckerBackwards	0x00aff4ec	Checker	0x00b00fec	1	0	0x0060afe1	FUN_0060afe1	override	0x00a92860	0x00b01710	NULLCheckCheckerBackwards	0x00b00fec	NULLCheckCheckerBackwards__vslot_001	0.95
0x00b01710	NULLCheckCheckerBackwards	0x00aff4ec	Checker	0x00b00fec	2	0	0x0060ecc6	FUN_0060ecc6	inherited	0x0060ecc6	0x00b01690	CheckerIntState	0x00b00d2c	CheckerIntState__vslot_002	0.82
0x00b01710	NULLCheckCheckerBackwards	0x00aff4ec	Checker	0x00b00fec	3	0	0x0060d30f	FUN_0060d30f	inherited	0x0060d30f	0x00b01690	CheckerIntState	0x00b00d2c	CheckerIntState__vslot_003	0.82
0x00b01710	NULLCheckCheckerBackwards	0x00aff4ec	Checker	0x00b00fec	4	0	0x0060ee8f	FUN_0060ee8f	inherited	0x0060ee8f	0x00b01690	CheckerIntState	0x00b00d2c	CheckerIntState__vslot_004	0.82
0x00b01710	NULLCheckCheckerBackwards	0x00aff4ec	Checker	0x00b00fec	5	0	0x0060386b	FUN_0060386b	override	0x00a92860	0x00b01710	NULLCheckCheckerBackwards	0x00b00fec	NULLCheckCheckerBackwards__vslot_005	0.95
0x00b01710	NULLCheckCheckerBackwards	0x00aff4ec	Checker	0x00b00fec	6	0	0x00606438	FUN_00606438	inherited	0x00606438	0x00b01690	CheckerIntState	0x00b00d2c	CheckerIntState__vslot_006	0.82
0x00b01710	NULLCheckCheckerBackwards	0x00aff4ec	Checker	0x00b00fec	7	0	0x006034e2	FUN_006034e2	inherited	0x006034e2	0x00aff4fc	CheckerIntStateLValue	0x00aff858	CheckerIntStateLValue__vslot_007	0.82
0x00b01710	NULLCheckCheckerBackwards	0x00aff4ec	Checker	0x00b00fec	8	0	0x0060b0eb	FUN_0060b0eb	override	0x00a92860	0x00b01710	NULLCheckCheckerBackwards	0x00b00fec	NULLCheckCheckerBackwards__vslot_008	0.95
0x00b01710	NULLCheckCheckerBackwards	0x00aff4ec	Checker	0x00b00fec	9	0	0x00603866	FUN_00603866	override	0x00a92860	0x00b01710	NULLCheckCheckerBackwards	0x00b00fec	NULLCheckCheckerBackwards__vslot_009	0.95
0x00b01710	NULLCheckCheckerBackwards	0x00aff4ec	Checker	0x00b00fec	10	0	0x00603852	FUN_00603852	override	0x00a92860	0x00b01710	NULLCheckCheckerBackwards	0x00b00fec	NULLCheckCheckerBackwards__vslot_010	0.95
0x00b01710	NULLCheckCheckerBackwards	0x00aff4ec	Checker	0x00b00fec	11	0	0x0060385c	FUN_0060385c	override	0x00a92860	0x00b01710	NULLCheckCheckerBackwards	0x00b00fec	NULLCheckCheckerBackwards__vslot_011	0.95
0x00b01720	FreeChecker	0x00aff4ec	Checker	0x00b01054	0	0	0x0060b123	FUN_0060b123	override	0x00a92860	0x00b01720	FreeChecker	0x00b01054	FreeChecker__vslot_000	0.95
0x00b01720	FreeChecker	0x00aff4ec	Checker	0x00b01054	1	0	0x0060b29e	FUN_0060b29e	override	0x00a92860	0x00b01720	FreeChecker	0x00b01054	FreeChecker__vslot_001	0.95
0x00b01720	FreeChecker	0x00aff4ec	Checker	0x00b01054	2	0	0x0060ecc6	FUN_0060ecc6	inherited	0x0060ecc6	0x00b01690	CheckerIntState	0x00b00d2c	CheckerIntState__vslot_002	0.82
0x00b01720	FreeChecker	0x00aff4ec	Checker	0x00b01054	3	0	0x0060d30f	FUN_0060d30f	inherited	0x0060d30f	0x00b01690	CheckerIntState	0x00b00d2c	CheckerIntState__vslot_003	0.82
0x00b01720	FreeChecker	0x00aff4ec	Checker	0x00b01054	4	0	0x0060ee8f	FUN_0060ee8f	inherited	0x0060ee8f	0x00b01690	CheckerIntState	0x00b00d2c	CheckerIntState__vslot_004	0.82
0x00b01720	FreeChecker	0x00aff4ec	Checker	0x00b01054	5	0	0x0060389d	FUN_0060389d	override	0x00a92860	0x00b01720	FreeChecker	0x00b01054	FreeChecker__vslot_005	0.95
0x00b01720	FreeChecker	0x00aff4ec	Checker	0x00b01054	6	0	0x00606438	FUN_00606438	inherited	0x00606438	0x00b01690	CheckerIntState	0x00b00d2c	CheckerIntState__vslot_006	0.82
0x00b01720	FreeChecker	0x00aff4ec	Checker	0x00b01054	7	0	0x00603521	FUN_00603521	inherited	0x00603521	0x00aff52c	CheckerIntStateAll	0x00aff970	CheckerIntStateAll__vslot_007	0.82
0x00b01720	FreeChecker	0x00aff4ec	Checker	0x00b01054	8	0	0x0060b30d	FUN_0060b30d	override	0x00a92860	0x00b01720	FreeChecker	0x00b01054	FreeChecker__vslot_008	0.95
0x00b01720	FreeChecker	0x00aff4ec	Checker	0x00b01054	9	0	0x00603898	FUN_00603898	override	0x00a92860	0x00b01720	FreeChecker	0x00b01054	FreeChecker__vslot_009	0.95
0x00b01720	FreeChecker	0x00aff4ec	Checker	0x00b01054	10	0	0x00603870	FUN_00603870	override	0x00a92860	0x00b01720	FreeChecker	0x00b01054	FreeChecker__vslot_010	0.95
0x00b01720	FreeChecker	0x00aff4ec	Checker	0x00b01054	11	0	0x0060387a	FUN_0060387a	override	0x00a92860	0x00b01720	FreeChecker	0x00b01054	FreeChecker__vslot_011	0.95
0x00b01730	FreeCheckerBackwards	0x00aff4ec	Checker	0x00b010bc	0	0	0x0060b317	FUN_0060b317	override	0x00a92860	0x00b01730	FreeCheckerBackwards	0x00b010bc	FreeCheckerBackwards__vslot_000	0.95
0x00b01730	FreeCheckerBackwards	0x00aff4ec	Checker	0x00b010bc	1	0	0x0060b430	FUN_0060b430	override	0x00a92860	0x00b01730	FreeCheckerBackwards	0x00b010bc	FreeCheckerBackwards__vslot_001	0.95
0x00b01730	FreeCheckerBackwards	0x00aff4ec	Checker	0x00b010bc	2	0	0x0060ecc6	FUN_0060ecc6	inherited	0x0060ecc6	0x00b01690	CheckerIntState	0x00b00d2c	CheckerIntState__vslot_002	0.82
0x00b01730	FreeCheckerBackwards	0x00aff4ec	Checker	0x00b010bc	3	0	0x0060d30f	FUN_0060d30f	inherited	0x0060d30f	0x00b01690	CheckerIntState	0x00b00d2c	CheckerIntState__vslot_003	0.82
0x00b01730	FreeCheckerBackwards	0x00aff4ec	Checker	0x00b010bc	4	0	0x0060ee8f	FUN_0060ee8f	inherited	0x0060ee8f	0x00b01690	CheckerIntState	0x00b00d2c	CheckerIntState__vslot_004	0.82
0x00b01730	FreeCheckerBackwards	0x00aff4ec	Checker	0x00b010bc	5	0	0x006038bb	FUN_006038bb	override	0x00a92860	0x00b01730	FreeCheckerBackwards	0x00b010bc	FreeCheckerBackwards__vslot_005	0.95
0x00b01730	FreeCheckerBackwards	0x00aff4ec	Checker	0x00b010bc	6	0	0x00606438	FUN_00606438	inherited	0x00606438	0x00b01690	CheckerIntState	0x00b00d2c	CheckerIntState__vslot_006	0.82
0x00b01730	FreeCheckerBackwards	0x00aff4ec	Checker	0x00b010bc	7	0	0x00603521	FUN_00603521	inherited	0x00603521	0x00aff52c	CheckerIntStateAll	0x00aff970	CheckerIntStateAll__vslot_007	0.82
0x00b01730	FreeCheckerBackwards	0x00aff4ec	Checker	0x00b010bc	8	0	0x0060b448	FUN_0060b448	override	0x00a92860	0x00b01730	FreeCheckerBackwards	0x00b010bc	FreeCheckerBackwards__vslot_008	0.95
0x00b01730	FreeCheckerBackwards	0x00aff4ec	Checker	0x00b010bc	9	0	0x006038b6	FUN_006038b6	override	0x00a92860	0x00b01730	FreeCheckerBackwards	0x00b010bc	FreeCheckerBackwards__vslot_009	0.95
0x00b01730	FreeCheckerBackwards	0x00aff4ec	Checker	0x00b010bc	10	0	0x006038a2	FUN_006038a2	override	0x00a92860	0x00b01730	FreeCheckerBackwards	0x00b010bc	FreeCheckerBackwards__vslot_010	0.95
0x00b01730	FreeCheckerBackwards	0x00aff4ec	Checker	0x00b010bc	11	0	0x006038ac	FUN_006038ac	override	0x00a92860	0x00b01730	FreeCheckerBackwards	0x00b010bc	FreeCheckerBackwards__vslot_011	0.95
0x00b01740	DerefNULLChecker	0x00aff4ec	Checker	0x00b01124	0	0	0x0060b452	FUN_0060b452	override	0x00a92860	0x00b01740	DerefNULLChecker	0x00b01124	DerefNULLChecker__vslot_000	0.95
0x00b01740	DerefNULLChecker	0x00aff4ec	Checker	0x00b01124	1	0	0x0060b615	FUN_0060b615	override	0x00a92860	0x00b01740	DerefNULLChecker	0x00b01124	DerefNULLChecker__vslot_001	0.95
0x00b01740	DerefNULLChecker	0x00aff4ec	Checker	0x00b01124	2	0	0x0060ecc6	FUN_0060ecc6	inherited	0x0060ecc6	0x00b01690	CheckerIntState	0x00b00d2c	CheckerIntState__vslot_002	0.82
0x00b01740	DerefNULLChecker	0x00aff4ec	Checker	0x00b01124	3	0	0x0060d30f	FUN_0060d30f	inherited	0x0060d30f	0x00b01690	CheckerIntState	0x00b00d2c	CheckerIntState__vslot_003	0.82
0x00b01740	DerefNULLChecker	0x00aff4ec	Checker	0x00b01124	4	0	0x0060ee8f	FUN_0060ee8f	inherited	0x0060ee8f	0x00b01690	CheckerIntState	0x00b00d2c	CheckerIntState__vslot_004	0.82
0x00b01740	DerefNULLChecker	0x00aff4ec	Checker	0x00b01124	5	0	0x006038d9	FUN_006038d9	override	0x00a92860	0x00b01740	DerefNULLChecker	0x00b01124	DerefNULLChecker__vslot_005	0.95
0x00b01740	DerefNULLChecker	0x00aff4ec	Checker	0x00b01124	6	0	0x00606438	FUN_00606438	inherited	0x00606438	0x00b01690	CheckerIntState	0x00b00d2c	CheckerIntState__vslot_006	0.82
0x00b01740	DerefNULLChecker	0x00aff4ec	Checker	0x00b01124	7	0	0x006034e2	FUN_006034e2	inherited	0x006034e2	0x00aff4fc	CheckerIntStateLValue	0x00aff858	CheckerIntStateLValue__vslot_007	0.82
0x00b01740	DerefNULLChecker	0x00aff4ec	Checker	0x00b01124	8	0	0x0060b64b	FUN_0060b64b	override	0x00a92860	0x00b01740	DerefNULLChecker	0x00b01124	DerefNULLChecker__vslot_008	0.95
0x00b01740	DerefNULLChecker	0x00aff4ec	Checker	0x00b01124	9	0	0x006038d4	FUN_006038d4	override	0x00a92860	0x00b01740	DerefNULLChecker	0x00b01124	DerefNULLChecker__vslot_009	0.95
0x00b01740	DerefNULLChecker	0x00aff4ec	Checker	0x00b01124	10	0	0x006038c0	FUN_006038c0	override	0x00a92860	0x00b01740	DerefNULLChecker	0x00b01124	DerefNULLChecker__vslot_010	0.95
0x00b01740	DerefNULLChecker	0x00aff4ec	Checker	0x00b01124	11	0	0x006038ca	FUN_006038ca	override	0x00a92860	0x00b01740	DerefNULLChecker	0x00b01124	DerefNULLChecker__vslot_011	0.95
0x00b01750	LocalScopeChecker	0x00aff4ec	Checker	0x00b0118c	0	0	0x0060b655	FUN_0060b655	override	0x00a92860	0x00b01750	LocalScopeChecker	0x00b0118c	LocalScopeChecker__vslot_000	0.95
0x00b01750	LocalScopeChecker	0x00aff4ec	Checker	0x00b0118c	1	0	0x0060b702	FUN_0060b702	override	0x00a92860	0x00b01750	LocalScopeChecker	0x00b0118c	LocalScopeChecker__vslot_001	0.95
0x00b01750	LocalScopeChecker	0x00aff4ec	Checker	0x00b0118c	2	0	0x0060ecc6	FUN_0060ecc6	inherited	0x0060ecc6	0x00b01690	CheckerIntState	0x00b00d2c	CheckerIntState__vslot_002	0.82
0x00b01750	LocalScopeChecker	0x00aff4ec	Checker	0x00b0118c	3	0	0x0060d30f	FUN_0060d30f	inherited	0x0060d30f	0x00b01690	CheckerIntState	0x00b00d2c	CheckerIntState__vslot_003	0.82
0x00b01750	LocalScopeChecker	0x00aff4ec	Checker	0x00b0118c	4	0	0x0060ee8f	FUN_0060ee8f	inherited	0x0060ee8f	0x00b01690	CheckerIntState	0x00b00d2c	CheckerIntState__vslot_004	0.82
0x00b01750	LocalScopeChecker	0x00aff4ec	Checker	0x00b0118c	5	0	0x006038f7	FUN_006038f7	override	0x00a92860	0x00b01750	LocalScopeChecker	0x00b0118c	LocalScopeChecker__vslot_005	0.95
0x00b01750	LocalScopeChecker	0x00aff4ec	Checker	0x00b0118c	6	0	0x00606438	FUN_00606438	inherited	0x00606438	0x00b01690	CheckerIntState	0x00b00d2c	CheckerIntState__vslot_006	0.82
0x00b01750	LocalScopeChecker	0x00aff4ec	Checker	0x00b0118c	7	0	0x006034e2	FUN_006034e2	inherited	0x006034e2	0x00aff4fc	CheckerIntStateLValue	0x00aff858	CheckerIntStateLValue__vslot_007	0.82
0x00b01750	LocalScopeChecker	0x00aff4ec	Checker	0x00b0118c	8	0	0x0060b8bd	FUN_0060b8bd	override	0x00a92860	0x00b01750	LocalScopeChecker	0x00b0118c	LocalScopeChecker__vslot_008	0.95
0x00b01750	LocalScopeChecker	0x00aff4ec	Checker	0x00b0118c	9	0	0x006038f2	FUN_006038f2	override	0x00a92860	0x00b01750	LocalScopeChecker	0x00b0118c	LocalScopeChecker__vslot_009	0.95
0x00b01750	LocalScopeChecker	0x00aff4ec	Checker	0x00b0118c	10	0	0x006038de	FUN_006038de	override	0x00a92860	0x00b01750	LocalScopeChecker	0x00b0118c	LocalScopeChecker__vslot_010	0.95
0x00b01750	LocalScopeChecker	0x00aff4ec	Checker	0x00b0118c	11	0	0x006038e8	FUN_006038e8	override	0x00a92860	0x00b01750	LocalScopeChecker	0x00b0118c	LocalScopeChecker__vslot_011	0.95
0x00b01760	ReadOnlyWriteChecker	0x00aff4ec	Checker	0x00b011f4	0	0	0x0060b8f5	FUN_0060b8f5	override	0x00a92860	0x00b01760	ReadOnlyWriteChecker	0x00b011f4	ReadOnlyWriteChecker__vslot_000	0.95
0x00b01760	ReadOnlyWriteChecker	0x00aff4ec	Checker	0x00b011f4	1	0	0x0060b983	FUN_0060b983	override	0x00a92860	0x00b01760	ReadOnlyWriteChecker	0x00b011f4	ReadOnlyWriteChecker__vslot_001	0.95
0x00b01760	ReadOnlyWriteChecker	0x00aff4ec	Checker	0x00b011f4	2	0	0x0060ecc6	FUN_0060ecc6	inherited	0x0060ecc6	0x00b01690	CheckerIntState	0x00b00d2c	CheckerIntState__vslot_002	0.82
0x00b01760	ReadOnlyWriteChecker	0x00aff4ec	Checker	0x00b011f4	3	0	0x0060d30f	FUN_0060d30f	inherited	0x0060d30f	0x00b01690	CheckerIntState	0x00b00d2c	CheckerIntState__vslot_003	0.82
0x00b01760	ReadOnlyWriteChecker	0x00aff4ec	Checker	0x00b011f4	4	0	0x0060ee8f	FUN_0060ee8f	inherited	0x0060ee8f	0x00b01690	CheckerIntState	0x00b00d2c	CheckerIntState__vslot_004	0.82
0x00b01760	ReadOnlyWriteChecker	0x00aff4ec	Checker	0x00b011f4	5	0	0x00603915	FUN_00603915	override	0x00a92860	0x00b01760	ReadOnlyWriteChecker	0x00b011f4	ReadOnlyWriteChecker__vslot_005	0.95
0x00b01760	ReadOnlyWriteChecker	0x00aff4ec	Checker	0x00b011f4	6	0	0x00606438	FUN_00606438	inherited	0x00606438	0x00b01690	CheckerIntState	0x00b00d2c	CheckerIntState__vslot_006	0.82
0x00b01760	ReadOnlyWriteChecker	0x00aff4ec	Checker	0x00b011f4	7	0	0x006034e2	FUN_006034e2	inherited	0x006034e2	0x00aff4fc	CheckerIntStateLValue	0x00aff858	CheckerIntStateLValue__vslot_007	0.82
0x00b01760	ReadOnlyWriteChecker	0x00aff4ec	Checker	0x00b011f4	8	0	0x0060ba1b	FUN_0060ba1b	override	0x00a92860	0x00b01760	ReadOnlyWriteChecker	0x00b011f4	ReadOnlyWriteChecker__vslot_008	0.95
0x00b01760	ReadOnlyWriteChecker	0x00aff4ec	Checker	0x00b011f4	9	0	0x00603910	FUN_00603910	override	0x00a92860	0x00b01760	ReadOnlyWriteChecker	0x00b011f4	ReadOnlyWriteChecker__vslot_009	0.95
0x00b01760	ReadOnlyWriteChecker	0x00aff4ec	Checker	0x00b011f4	10	0	0x006038fc	FUN_006038fc	override	0x00a92860	0x00b01760	ReadOnlyWriteChecker	0x00b011f4	ReadOnlyWriteChecker__vslot_010	0.95
0x00b01760	ReadOnlyWriteChecker	0x00aff4ec	Checker	0x00b011f4	11	0	0x00603906	FUN_00603906	override	0x00a92860	0x00b01760	ReadOnlyWriteChecker	0x00b011f4	ReadOnlyWriteChecker__vslot_011	0.95
0x00b01770	NewSingleChecker	0x00aff4ec	Checker	0x00b0125c	0	0	0x0060ba53	FUN_0060ba53	override	0x00a92860	0x00b01770	NewSingleChecker	0x00b0125c	NewSingleChecker__vslot_000	0.95
0x00b01770	NewSingleChecker	0x00aff4ec	Checker	0x00b0125c	1	0	0x0060bb55	FUN_0060bb55	override	0x00a92860	0x00b01770	NewSingleChecker	0x00b0125c	NewSingleChecker__vslot_001	0.95
0x00b01770	NewSingleChecker	0x00aff4ec	Checker	0x00b0125c	2	0	0x0060ecc6	FUN_0060ecc6	inherited	0x0060ecc6	0x00b01690	CheckerIntState	0x00b00d2c	CheckerIntState__vslot_002	0.82
0x00b01770	NewSingleChecker	0x00aff4ec	Checker	0x00b0125c	3	0	0x0060d30f	FUN_0060d30f	inherited	0x0060d30f	0x00b01690	CheckerIntState	0x00b00d2c	CheckerIntState__vslot_003	0.82
0x00b01770	NewSingleChecker	0x00aff4ec	Checker	0x00b0125c	4	0	0x0060ee8f	FUN_0060ee8f	inherited	0x0060ee8f	0x00b01690	CheckerIntState	0x00b00d2c	CheckerIntState__vslot_004	0.82
0x00b01770	NewSingleChecker	0x00aff4ec	Checker	0x00b0125c	5	0	0x00603933	FUN_00603933	override	0x00a92860	0x00b01770	NewSingleChecker	0x00b0125c	NewSingleChecker__vslot_005	0.95
0x00b01770	NewSingleChecker	0x00aff4ec	Checker	0x00b0125c	6	0	0x00606438	FUN_00606438	inherited	0x00606438	0x00b01690	CheckerIntState	0x00b00d2c	CheckerIntState__vslot_006	0.82
0x00b01770	NewSingleChecker	0x00aff4ec	Checker	0x00b0125c	7	0	0x006034e2	FUN_006034e2	inherited	0x006034e2	0x00aff4fc	CheckerIntStateLValue	0x00aff858	CheckerIntStateLValue__vslot_007	0.82
0x00b01770	NewSingleChecker	0x00aff4ec	Checker	0x00b0125c	8	0	0x0060bc06	FUN_0060bc06	override	0x00a92860	0x00b01770	NewSingleChecker	0x00b0125c	NewSingleChecker__vslot_008	0.95
0x00b01770	NewSingleChecker	0x00aff4ec	Checker	0x00b0125c	9	0	0x0060392e	FUN_0060392e	override	0x00a92860	0x00b01770	NewSingleChecker	0x00b0125c	NewSingleChecker__vslot_009	0.95
0x00b01770	NewSingleChecker	0x00aff4ec	Checker	0x00b0125c	10	0	0x0060391a	FUN_0060391a	override	0x00a92860	0x00b01770	NewSingleChecker	0x00b0125c	NewSingleChecker__vslot_010	0.95
0x00b01770	NewSingleChecker	0x00aff4ec	Checker	0x00b0125c	11	0	0x00603924	FUN_00603924	override	0x00a92860	0x00b01770	NewSingleChecker	0x00b0125c	NewSingleChecker__vslot_011	0.95
0x00b01780	NewArrayChecker	0x00aff4ec	Checker	0x00b012c4	0	0	0x0060bc3e	FUN_0060bc3e	override	0x00a92860	0x00b01780	NewArrayChecker	0x00b012c4	NewArrayChecker__vslot_000	0.95
0x00b01780	NewArrayChecker	0x00aff4ec	Checker	0x00b012c4	1	0	0x0060bd02	FUN_0060bd02	override	0x00a92860	0x00b01780	NewArrayChecker	0x00b012c4	NewArrayChecker__vslot_001	0.95
0x00b01780	NewArrayChecker	0x00aff4ec	Checker	0x00b012c4	2	0	0x0060ecc6	FUN_0060ecc6	inherited	0x0060ecc6	0x00b01690	CheckerIntState	0x00b00d2c	CheckerIntState__vslot_002	0.82
0x00b01780	NewArrayChecker	0x00aff4ec	Checker	0x00b012c4	3	0	0x0060d30f	FUN_0060d30f	inherited	0x0060d30f	0x00b01690	CheckerIntState	0x00b00d2c	CheckerIntState__vslot_003	0.82
0x00b01780	NewArrayChecker	0x00aff4ec	Checker	0x00b012c4	4	0	0x0060ee8f	FUN_0060ee8f	inherited	0x0060ee8f	0x00b01690	CheckerIntState	0x00b00d2c	CheckerIntState__vslot_004	0.82
0x00b01780	NewArrayChecker	0x00aff4ec	Checker	0x00b012c4	5	0	0x00603951	FUN_00603951	override	0x00a92860	0x00b01780	NewArrayChecker	0x00b012c4	NewArrayChecker__vslot_005	0.95
0x00b01780	NewArrayChecker	0x00aff4ec	Checker	0x00b012c4	6	0	0x00606438	FUN_00606438	inherited	0x00606438	0x00b01690	CheckerIntState	0x00b00d2c	CheckerIntState__vslot_006	0.82
0x00b01780	NewArrayChecker	0x00aff4ec	Checker	0x00b012c4	7	0	0x006034e2	FUN_006034e2	inherited	0x006034e2	0x00aff4fc	CheckerIntStateLValue	0x00aff858	CheckerIntStateLValue__vslot_007	0.82
0x00b01780	NewArrayChecker	0x00aff4ec	Checker	0x00b012c4	8	0	0x0060bded	FUN_0060bded	override	0x00a92860	0x00b01780	NewArrayChecker	0x00b012c4	NewArrayChecker__vslot_008	0.95
0x00b01780	NewArrayChecker	0x00aff4ec	Checker	0x00b012c4	9	0	0x0060394c	FUN_0060394c	override	0x00a92860	0x00b01780	NewArrayChecker	0x00b012c4	NewArrayChecker__vslot_009	0.95
0x00b01780	NewArrayChecker	0x00aff4ec	Checker	0x00b012c4	10	0	0x00603938	FUN_00603938	override	0x00a92860	0x00b01780	NewArrayChecker	0x00b012c4	NewArrayChecker__vslot_010	0.95
0x00b01780	NewArrayChecker	0x00aff4ec	Checker	0x00b012c4	11	0	0x00603942	FUN_00603942	override	0x00a92860	0x00b01780	NewArrayChecker	0x00b012c4	NewArrayChecker__vslot_011	0.95
0x00b01790	NoReturnChecker	0x00aff4ec	Checker	0x00b0132c	0	0	0x0060bfb2	FUN_0060bfb2	override	0x00a92860	0x00b01790	NoReturnChecker	0x00b0132c	NoReturnChecker__vslot_000	0.95
0x00b01790	NoReturnChecker	0x00aff4ec	Checker	0x00b0132c	1	0	0x0060396a	FUN_0060396a	override	0x00a92860	0x00b01790	NoReturnChecker	0x00b0132c	NoReturnChecker__vslot_001	0.95
0x00b01790	NoReturnChecker	0x00aff4ec	Checker	0x00b0132c	2	0	0x0060ecc6	FUN_0060ecc6	inherited	0x0060ecc6	0x00b01690	CheckerIntState	0x00b00d2c	CheckerIntState__vslot_002	0.82
0x00b01790	NoReturnChecker	0x00aff4ec	Checker	0x00b0132c	3	0	0x0060d30f	FUN_0060d30f	inherited	0x0060d30f	0x00b01690	CheckerIntState	0x00b00d2c	CheckerIntState__vslot_003	0.82
0x00b01790	NoReturnChecker	0x00aff4ec	Checker	0x00b0132c	4	0	0x0060ee8f	FUN_0060ee8f	inherited	0x0060ee8f	0x00b01690	CheckerIntState	0x00b00d2c	CheckerIntState__vslot_004	0.82
0x00b01790	NoReturnChecker	0x00aff4ec	Checker	0x00b0132c	5	0	0x00603979	FUN_00603979	override	0x00a92860	0x00b01790	NoReturnChecker	0x00b0132c	NoReturnChecker__vslot_005	0.95
0x00b01790	NoReturnChecker	0x00aff4ec	Checker	0x00b0132c	6	0	0x00606438	FUN_00606438	inherited	0x00606438	0x00b01690	CheckerIntState	0x00b00d2c	CheckerIntState__vslot_006	0.82
0x00b01790	NoReturnChecker	0x00aff4ec	Checker	0x00b0132c	7	0	0x00603521	FUN_00603521	inherited	0x00603521	0x00aff52c	CheckerIntStateAll	0x00aff970	CheckerIntStateAll__vslot_007	0.82
0x00b01790	NoReturnChecker	0x00aff4ec	Checker	0x00b0132c	8	0	0x0060396f	FUN_0060396f	override	0x00a92860	0x00b01790	NoReturnChecker	0x00b0132c	NoReturnChecker__vslot_008	0.95
0x00b01790	NoReturnChecker	0x00aff4ec	Checker	0x00b0132c	9	0	0x0060bffe	FUN_0060bffe	override	0x00a92860	0x00b01790	NoReturnChecker	0x00b0132c	NoReturnChecker__vslot_009	0.95
0x00b01790	NoReturnChecker	0x00aff4ec	Checker	0x00b0132c	10	0	0x00603956	FUN_00603956	override	0x00a92860	0x00b01790	NoReturnChecker	0x00b0132c	NoReturnChecker__vslot_010	0.95
0x00b01790	NoReturnChecker	0x00aff4ec	Checker	0x00b0132c	11	0	0x00603960	FUN_00603960	override	0x00a92860	0x00b01790	NoReturnChecker	0x00b0132c	NoReturnChecker__vslot_011	0.95
0x00b017a0	UnreadChecker	0x00aff4ec	Checker	0x00b01394	0	0	0x0060c05a	FUN_0060c05a	override	0x00a92860	0x00b017a0	UnreadChecker	0x00b01394	UnreadChecker__vslot_000	0.95
0x00b017a0	UnreadChecker	0x00aff4ec	Checker	0x00b01394	1	0	0x0060c08e	FUN_0060c08e	override	0x00a92860	0x00b017a0	UnreadChecker	0x00b01394	UnreadChecker__vslot_001	0.95
0x00b017a0	UnreadChecker	0x00aff4ec	Checker	0x00b01394	2	0	0x0060ecc6	FUN_0060ecc6	inherited	0x0060ecc6	0x00b01690	CheckerIntState	0x00b00d2c	CheckerIntState__vslot_002	0.82
0x00b017a0	UnreadChecker	0x00aff4ec	Checker	0x00b01394	3	0	0x0060d30f	FUN_0060d30f	inherited	0x0060d30f	0x00b01690	CheckerIntState	0x00b00d2c	CheckerIntState__vslot_003	0.82
0x00b017a0	UnreadChecker	0x00aff4ec	Checker	0x00b01394	4	0	0x0060ee8f	FUN_0060ee8f	inherited	0x0060ee8f	0x00b01690	CheckerIntState	0x00b00d2c	CheckerIntState__vslot_004	0.82
0x00b017a0	UnreadChecker	0x00aff4ec	Checker	0x00b01394	5	0	0x00603997	FUN_00603997	override	0x00a92860	0x00b017a0	UnreadChecker	0x00b01394	UnreadChecker__vslot_005	0.95
0x00b017a0	UnreadChecker	0x00aff4ec	Checker	0x00b01394	6	0	0x00606438	FUN_00606438	inherited	0x00606438	0x00b01690	CheckerIntState	0x00b00d2c	CheckerIntState__vslot_006	0.82
0x00b017a0	UnreadChecker	0x00aff4ec	Checker	0x00b01394	7	0	0x0060350c	FUN_0060350c	inherited	0x0060350c	0x00aff51c	CheckerIntStateSafevar	0x00aff908	CheckerIntStateSafevar__vslot_007	0.82
0x00b017a0	UnreadChecker	0x00aff4ec	Checker	0x00b01394	8	0	0x0060c0f0	FUN_0060c0f0	override	0x00a92860	0x00b017a0	UnreadChecker	0x00b01394	UnreadChecker__vslot_008	0.95
0x00b017a0	UnreadChecker	0x00aff4ec	Checker	0x00b01394	9	0	0x00603992	FUN_00603992	override	0x00a92860	0x00b017a0	UnreadChecker	0x00b01394	UnreadChecker__vslot_009	0.95
0x00b017a0	UnreadChecker	0x00aff4ec	Checker	0x00b01394	10	0	0x0060397e	FUN_0060397e	override	0x00a92860	0x00b017a0	UnreadChecker	0x00b01394	UnreadChecker__vslot_010	0.95
0x00b017a0	UnreadChecker	0x00aff4ec	Checker	0x00b01394	11	0	0x00603988	FUN_00603988	override	0x00a92860	0x00b017a0	UnreadChecker	0x00b01394	UnreadChecker__vslot_011	0.95
0x00b017b0	UnreadCheckerBackwards	0x00aff4ec	Checker	0x00b013fc	0	0	0x0060c128	FUN_0060c128	override	0x00a92860	0x00b017b0	UnreadCheckerBackwards	0x00b013fc	UnreadCheckerBackwards__vslot_000	0.95
0x00b017b0	UnreadCheckerBackwards	0x00aff4ec	Checker	0x00b013fc	1	0	0x0060c140	FUN_0060c140	override	0x00a92860	0x00b017b0	UnreadCheckerBackwards	0x00b013fc	UnreadCheckerBackwards__vslot_001	0.95
0x00b017b0	UnreadCheckerBackwards	0x00aff4ec	Checker	0x00b013fc	2	0	0x0060ecc6	FUN_0060ecc6	inherited	0x0060ecc6	0x00b01690	CheckerIntState	0x00b00d2c	CheckerIntState__vslot_002	0.82
0x00b017b0	UnreadCheckerBackwards	0x00aff4ec	Checker	0x00b013fc	3	0	0x0060d30f	FUN_0060d30f	inherited	0x0060d30f	0x00b01690	CheckerIntState	0x00b00d2c	CheckerIntState__vslot_003	0.82
0x00b017b0	UnreadCheckerBackwards	0x00aff4ec	Checker	0x00b013fc	4	0	0x0060ee8f	FUN_0060ee8f	inherited	0x0060ee8f	0x00b01690	CheckerIntState	0x00b00d2c	CheckerIntState__vslot_004	0.82
0x00b017b0	UnreadCheckerBackwards	0x00aff4ec	Checker	0x00b013fc	5	0	0x006039c9	FUN_006039c9	override	0x00a92860	0x00b017b0	UnreadCheckerBackwards	0x00b013fc	UnreadCheckerBackwards__vslot_005	0.95
0x00b017b0	UnreadCheckerBackwards	0x00aff4ec	Checker	0x00b013fc	6	0	0x00606438	FUN_00606438	inherited	0x00606438	0x00b01690	CheckerIntState	0x00b00d2c	CheckerIntState__vslot_006	0.82
0x00b017b0	UnreadCheckerBackwards	0x00aff4ec	Checker	0x00b013fc	7	0	0x0060350c	FUN_0060350c	inherited	0x0060350c	0x00aff51c	CheckerIntStateSafevar	0x00aff908	CheckerIntStateSafevar__vslot_007	0.82
0x00b017b0	UnreadCheckerBackwards	0x00aff4ec	Checker	0x00b013fc	8	0	0x0060c2f2	FUN_0060c2f2	override	0x00a92860	0x00b017b0	UnreadCheckerBackwards	0x00b013fc	UnreadCheckerBackwards__vslot_008	0.95
0x00b017b0	UnreadCheckerBackwards	0x00aff4ec	Checker	0x00b013fc	9	0	0x006039c4	FUN_006039c4	override	0x00a92860	0x00b017b0	UnreadCheckerBackwards	0x00b013fc	UnreadCheckerBackwards__vslot_009	0.95
0x00b017b0	UnreadCheckerBackwards	0x00aff4ec	Checker	0x00b013fc	10	0	0x0060399c	FUN_0060399c	override	0x00a92860	0x00b017b0	UnreadCheckerBackwards	0x00b013fc	UnreadCheckerBackwards__vslot_010	0.95
0x00b017b0	UnreadCheckerBackwards	0x00aff4ec	Checker	0x00b013fc	11	0	0x006039a6	FUN_006039a6	override	0x00a92860	0x00b017b0	UnreadCheckerBackwards	0x00b013fc	UnreadCheckerBackwards__vslot_011	0.95
0x00b017c0	NULLCheckDerefChecker	0x00aff4ec	Checker	0x00b01464	0	0	0x0060c34e	FUN_0060c34e	override	0x00a92860	0x00b017c0	NULLCheckDerefChecker	0x00b01464	NULLCheckDerefChecker__vslot_000	0.95
0x00b017c0	NULLCheckDerefChecker	0x00aff4ec	Checker	0x00b01464	1	0	0x0060c41a	FUN_0060c41a	override	0x00a92860	0x00b017c0	NULLCheckDerefChecker	0x00b01464	NULLCheckDerefChecker__vslot_001	0.95
0x00b017c0	NULLCheckDerefChecker	0x00aff4ec	Checker	0x00b01464	2	0	0x0060ecc6	FUN_0060ecc6	inherited	0x0060ecc6	0x00b01690	CheckerIntState	0x00b00d2c	CheckerIntState__vslot_002	0.82
0x00b017c0	NULLCheckDerefChecker	0x00aff4ec	Checker	0x00b01464	3	0	0x0060d30f	FUN_0060d30f	inherited	0x0060d30f	0x00b01690	CheckerIntState	0x00b00d2c	CheckerIntState__vslot_003	0.82
0x00b017c0	NULLCheckDerefChecker	0x00aff4ec	Checker	0x00b01464	4	0	0x0060ee8f	FUN_0060ee8f	inherited	0x0060ee8f	0x00b01690	CheckerIntState	0x00b00d2c	CheckerIntState__vslot_004	0.82
0x00b017c0	NULLCheckDerefChecker	0x00aff4ec	Checker	0x00b01464	5	0	0x0060c46a	FUN_0060c46a	override	0x00a92860	0x00b017c0	NULLCheckDerefChecker	0x00b01464	NULLCheckDerefChecker__vslot_005	0.95
0x00b017c0	NULLCheckDerefChecker	0x00aff4ec	Checker	0x00b01464	6	0	0x00606438	FUN_00606438	inherited	0x00606438	0x00b01690	CheckerIntState	0x00b00d2c	CheckerIntState__vslot_006	0.82
0x00b017c0	NULLCheckDerefChecker	0x00aff4ec	Checker	0x00b01464	7	0	0x006034e2	FUN_006034e2	inherited	0x006034e2	0x00aff4fc	CheckerIntStateLValue	0x00aff858	CheckerIntStateLValue__vslot_007	0.82
0x00b017c0	NULLCheckDerefChecker	0x00aff4ec	Checker	0x00b01464	8	0	0x0060c432	FUN_0060c432	override	0x00a92860	0x00b017c0	NULLCheckDerefChecker	0x00b01464	NULLCheckDerefChecker__vslot_008	0.95
0x00b017c0	NULLCheckDerefChecker	0x00aff4ec	Checker	0x00b01464	9	0	0x006039e2	FUN_006039e2	override	0x00a92860	0x00b017c0	NULLCheckDerefChecker	0x00b01464	NULLCheckDerefChecker__vslot_009	0.95
0x00b017c0	NULLCheckDerefChecker	0x00aff4ec	Checker	0x00b01464	10	0	0x006039ce	FUN_006039ce	override	0x00a92860	0x00b017c0	NULLCheckDerefChecker	0x00b01464	NULLCheckDerefChecker__vslot_010	0.95
0x00b017c0	NULLCheckDerefChecker	0x00aff4ec	Checker	0x00b01464	11	0	0x006039d8	FUN_006039d8	override	0x00a92860	0x00b017c0	NULLCheckDerefChecker	0x00b01464	NULLCheckDerefChecker__vslot_011	0.95
0x00b017d0	UninitReadChecker	0x00aff4ec	Checker	0x00b014cc	0	0	0x0060c4ca	FUN_0060c4ca	override	0x00a92860	0x00b017d0	UninitReadChecker	0x00b014cc	UninitReadChecker__vslot_000	0.95
0x00b017d0	UninitReadChecker	0x00aff4ec	Checker	0x00b014cc	1	0	0x0060c517	FUN_0060c517	override	0x00a92860	0x00b017d0	UninitReadChecker	0x00b014cc	UninitReadChecker__vslot_001	0.95
0x00b017d0	UninitReadChecker	0x00aff4ec	Checker	0x00b014cc	2	0	0x0060ecc6	FUN_0060ecc6	inherited	0x0060ecc6	0x00b01690	CheckerIntState	0x00b00d2c	CheckerIntState__vslot_002	0.82
0x00b017d0	UninitReadChecker	0x00aff4ec	Checker	0x00b014cc	3	0	0x0060d30f	FUN_0060d30f	inherited	0x0060d30f	0x00b01690	CheckerIntState	0x00b00d2c	CheckerIntState__vslot_003	0.82
0x00b017d0	UninitReadChecker	0x00aff4ec	Checker	0x00b014cc	4	0	0x0060ee8f	FUN_0060ee8f	inherited	0x0060ee8f	0x00b01690	CheckerIntState	0x00b00d2c	CheckerIntState__vslot_004	0.82
0x00b017d0	UninitReadChecker	0x00aff4ec	Checker	0x00b014cc	5	0	0x00603a00	FUN_00603a00	override	0x00a92860	0x00b017d0	UninitReadChecker	0x00b014cc	UninitReadChecker__vslot_005	0.95
0x00b017d0	UninitReadChecker	0x00aff4ec	Checker	0x00b014cc	6	0	0x00606438	FUN_00606438	inherited	0x00606438	0x00b01690	CheckerIntState	0x00b00d2c	CheckerIntState__vslot_006	0.82
0x00b017d0	UninitReadChecker	0x00aff4ec	Checker	0x00b014cc	7	0	0x0060350c	FUN_0060350c	inherited	0x0060350c	0x00aff51c	CheckerIntStateSafevar	0x00aff908	CheckerIntStateSafevar__vslot_007	0.82
0x00b017d0	UninitReadChecker	0x00aff4ec	Checker	0x00b014cc	8	0	0x0060c53a	FUN_0060c53a	override	0x00a92860	0x00b017d0	UninitReadChecker	0x00b014cc	UninitReadChecker__vslot_008	0.95
0x00b017d0	UninitReadChecker	0x00aff4ec	Checker	0x00b014cc	9	0	0x006039fb	FUN_006039fb	override	0x00a92860	0x00b017d0	UninitReadChecker	0x00b014cc	UninitReadChecker__vslot_009	0.95
0x00b017d0	UninitReadChecker	0x00aff4ec	Checker	0x00b014cc	10	0	0x006039e7	FUN_006039e7	override	0x00a92860	0x00b017d0	UninitReadChecker	0x00b014cc	UninitReadChecker__vslot_010	0.95
0x00b017d0	UninitReadChecker	0x00aff4ec	Checker	0x00b014cc	11	0	0x006039f1	FUN_006039f1	override	0x00a92860	0x00b017d0	UninitReadChecker	0x00b014cc	UninitReadChecker__vslot_011	0.95
0x00b017e0	UninitReadCheckerBackwards	0x00aff4ec	Checker	0x00b01534	0	0	0x0060c578	FUN_0060c578	override	0x00a92860	0x00b017e0	UninitReadCheckerBackwards	0x00b01534	UninitReadCheckerBackwards__vslot_000	0.95
0x00b017e0	UninitReadCheckerBackwards	0x00aff4ec	Checker	0x00b01534	1	0	0x0060c5c0	FUN_0060c5c0	override	0x00a92860	0x00b017e0	UninitReadCheckerBackwards	0x00b01534	UninitReadCheckerBackwards__vslot_001	0.95
0x00b017e0	UninitReadCheckerBackwards	0x00aff4ec	Checker	0x00b01534	2	0	0x0060ecc6	FUN_0060ecc6	inherited	0x0060ecc6	0x00b01690	CheckerIntState	0x00b00d2c	CheckerIntState__vslot_002	0.82
0x00b017e0	UninitReadCheckerBackwards	0x00aff4ec	Checker	0x00b01534	3	0	0x0060d30f	FUN_0060d30f	inherited	0x0060d30f	0x00b01690	CheckerIntState	0x00b00d2c	CheckerIntState__vslot_003	0.82
0x00b017e0	UninitReadCheckerBackwards	0x00aff4ec	Checker	0x00b01534	4	0	0x0060ee8f	FUN_0060ee8f	inherited	0x0060ee8f	0x00b01690	CheckerIntState	0x00b00d2c	CheckerIntState__vslot_004	0.82
0x00b017e0	UninitReadCheckerBackwards	0x00aff4ec	Checker	0x00b01534	5	0	0x00603aa4	FUN_00603aa4	override	0x00a92860	0x00b017e0	UninitReadCheckerBackwards	0x00b01534	UninitReadCheckerBackwards__vslot_005	0.95
0x00b017e0	UninitReadCheckerBackwards	0x00aff4ec	Checker	0x00b01534	6	0	0x00606438	FUN_00606438	inherited	0x00606438	0x00b01690	CheckerIntState	0x00b00d2c	CheckerIntState__vslot_006	0.82
0x00b017e0	UninitReadCheckerBackwards	0x00aff4ec	Checker	0x00b01534	7	0	0x0060350c	FUN_0060350c	inherited	0x0060350c	0x00aff51c	CheckerIntStateSafevar	0x00aff908	CheckerIntStateSafevar__vslot_007	0.82
0x00b017e0	UninitReadCheckerBackwards	0x00aff4ec	Checker	0x00b01534	8	0	0x0060c628	FUN_0060c628	override	0x00a92860	0x00b017e0	UninitReadCheckerBackwards	0x00b01534	UninitReadCheckerBackwards__vslot_008	0.95
0x00b017e0	UninitReadCheckerBackwards	0x00aff4ec	Checker	0x00b01534	9	0	0x0060c694	FUN_0060c694	override	0x00a92860	0x00b017e0	UninitReadCheckerBackwards	0x00b01534	UninitReadCheckerBackwards__vslot_009	0.95
0x00b017e0	UninitReadCheckerBackwards	0x00aff4ec	Checker	0x00b01534	10	0	0x00603a05	FUN_00603a05	override	0x00a92860	0x00b017e0	UninitReadCheckerBackwards	0x00b01534	UninitReadCheckerBackwards__vslot_010	0.95
0x00b017e0	UninitReadCheckerBackwards	0x00aff4ec	Checker	0x00b01534	11	0	0x00603a0f	FUN_00603a0f	override	0x00a92860	0x00b017e0	UninitReadCheckerBackwards	0x00b01534	UninitReadCheckerBackwards__vslot_011	0.95
0x00b017f0	NoFlowChecker	0x00aff4ec	Checker	0x00b0159c	0	0	0x00606a4a	FUN_00606a4a	override	0x00a92860	0x00b017f0	NoFlowChecker	0x00b0159c	NoFlowChecker__vslot_000	0.95
0x00b017f0	NoFlowChecker	0x00aff4ec	Checker	0x00b0159c	1	0	0x00603abd	FUN_00603abd	override	0x00a92860	0x00b017f0	NoFlowChecker	0x00b0159c	NoFlowChecker__vslot_001	0.95
0x00b017f0	NoFlowChecker	0x00aff4ec	Checker	0x00b0159c	2	0	0x0060ecc6	FUN_0060ecc6	inherited	0x0060ecc6	0x00b01690	CheckerIntState	0x00b00d2c	CheckerIntState__vslot_002	0.82
0x00b017f0	NoFlowChecker	0x00aff4ec	Checker	0x00b0159c	3	0	0x0060d30f	FUN_0060d30f	inherited	0x0060d30f	0x00b01690	CheckerIntState	0x00b00d2c	CheckerIntState__vslot_003	0.82
0x00b017f0	NoFlowChecker	0x00aff4ec	Checker	0x00b0159c	4	0	0x0060ee8f	FUN_0060ee8f	inherited	0x0060ee8f	0x00b01690	CheckerIntState	0x00b00d2c	CheckerIntState__vslot_004	0.82
0x00b017f0	NoFlowChecker	0x00aff4ec	Checker	0x00b0159c	5	0	0x00603ad1	FUN_00603ad1	override	0x00a92860	0x00b017f0	NoFlowChecker	0x00b0159c	NoFlowChecker__vslot_005	0.95
0x00b017f0	NoFlowChecker	0x00aff4ec	Checker	0x00b0159c	6	0	0x00606438	FUN_00606438	inherited	0x00606438	0x00b01690	CheckerIntState	0x00b00d2c	CheckerIntState__vslot_006	0.82
0x00b017f0	NoFlowChecker	0x00aff4ec	Checker	0x00b0159c	7	0	0x00603521	FUN_00603521	inherited	0x00603521	0x00aff52c	CheckerIntStateAll	0x00aff970	CheckerIntStateAll__vslot_007	0.82
0x00b017f0	NoFlowChecker	0x00aff4ec	Checker	0x00b0159c	8	0	0x00603ac2	FUN_00603ac2	override	0x00a92860	0x00b017f0	NoFlowChecker	0x00b0159c	NoFlowChecker__vslot_008	0.95
0x00b017f0	NoFlowChecker	0x00aff4ec	Checker	0x00b0159c	9	0	0x00603acc	FUN_00603acc	override	0x00a92860	0x00b017f0	NoFlowChecker	0x00b0159c	NoFlowChecker__vslot_009	0.95
0x00b017f0	NoFlowChecker	0x00aff4ec	Checker	0x00b0159c	10	0	0x00603aa9	FUN_00603aa9	override	0x00a92860	0x00b017f0	NoFlowChecker	0x00b0159c	NoFlowChecker__vslot_010	0.95
0x00b017f0	NoFlowChecker	0x00aff4ec	Checker	0x00b0159c	11	0	0x00603ab3	FUN_00603ab3	override	0x00a92860	0x00b017f0	NoFlowChecker	0x00b0159c	NoFlowChecker__vslot_011	0.95
0x00b01800	StrictUninitChecker	0x00aff4ec	Checker	0x00b01604	0	0	0x0060810e	FUN_0060810e	override	0x00a92860	0x00b01800	StrictUninitChecker	0x00b01604	StrictUninitChecker__vslot_000	0.95
0x00b01800	StrictUninitChecker	0x00aff4ec	Checker	0x00b01604	1	0	0x00608433	FUN_00608433	override	0x00a92860	0x00b01800	StrictUninitChecker	0x00b01604	StrictUninitChecker__vslot_001	0.95
0x00b01800	StrictUninitChecker	0x00aff4ec	Checker	0x00b01604	2	0	0x0060ecc6	FUN_0060ecc6	inherited	0x0060ecc6	0x00b01690	CheckerIntState	0x00b00d2c	CheckerIntState__vslot_002	0.82
0x00b01800	StrictUninitChecker	0x00aff4ec	Checker	0x00b01604	3	0	0x0060d30f	FUN_0060d30f	inherited	0x0060d30f	0x00b01690	CheckerIntState	0x00b00d2c	CheckerIntState__vslot_003	0.82
0x00b01800	StrictUninitChecker	0x00aff4ec	Checker	0x00b01604	4	0	0x0060ee8f	FUN_0060ee8f	inherited	0x0060ee8f	0x00b01690	CheckerIntState	0x00b00d2c	CheckerIntState__vslot_004	0.82
0x00b01800	StrictUninitChecker	0x00aff4ec	Checker	0x00b01604	5	0	0x00603af4	FUN_00603af4	override	0x00a92860	0x00b01800	StrictUninitChecker	0x00b01604	StrictUninitChecker__vslot_005	0.95
0x00b01800	StrictUninitChecker	0x00aff4ec	Checker	0x00b01604	6	0	0x00606438	FUN_00606438	inherited	0x00606438	0x00b01690	CheckerIntState	0x00b00d2c	CheckerIntState__vslot_006	0.82
0x00b01800	StrictUninitChecker	0x00aff4ec	Checker	0x00b01604	7	0	0x00603521	FUN_00603521	inherited	0x00603521	0x00aff52c	CheckerIntStateAll	0x00aff970	CheckerIntStateAll__vslot_007	0.82
0x00b01800	StrictUninitChecker	0x00aff4ec	Checker	0x00b01604	8	0	0x00603aea	FUN_00603aea	override	0x00a92860	0x00b01800	StrictUninitChecker	0x00b01604	StrictUninitChecker__vslot_008	0.95
0x00b01800	StrictUninitChecker	0x00aff4ec	Checker	0x00b01604	9	0	0x006084ef	FUN_006084ef	override	0x00a92860	0x00b01800	StrictUninitChecker	0x00b01604	StrictUninitChecker__vslot_009	0.95
0x00b01800	StrictUninitChecker	0x00aff4ec	Checker	0x00b01604	10	0	0x00603ad6	FUN_00603ad6	override	0x00a92860	0x00b01800	StrictUninitChecker	0x00b01604	StrictUninitChecker__vslot_010	0.95
0x00b01800	StrictUninitChecker	0x00aff4ec	Checker	0x00b01604	11	0	0x00603ae0	FUN_00603ae0	override	0x00a92860	0x00b01800	StrictUninitChecker	0x00b01604	StrictUninitChecker__vslot_011	0.95
0x00b01e58	peep_transformer	0x00b01e58	peep_transformer	0x00b01cc8	0	0	0x0061fe61	FUN_0061fe61	root_slot		0x00b01e58	peep_transformer	0x00b01cc8	peep_transformer__vslot_000	0.82
0x00b01e58	peep_transformer	0x00b01e58	peep_transformer	0x00b01cc8	1	0	0x0061fe6a	FUN_0061fe6a	root_slot		0x00b01e58	peep_transformer	0x00b01cc8	peep_transformer__vslot_001	0.82
0x00b01e58	peep_transformer	0x00b01e58	peep_transformer	0x00b01cc8	2	0	0x0061fe73	FUN_0061fe73	root_slot		0x00b01e58	peep_transformer	0x00b01cc8	peep_transformer__vslot_002	0.82
0x00b01e58	peep_transformer	0x00b01e58	peep_transformer	0x00b01cc8	3	0	0x0061fe7c	FUN_0061fe7c	root_slot		0x00b01e58	peep_transformer	0x00b01cc8	peep_transformer__vslot_003	0.82
0x00b01e58	peep_transformer	0x00b01e58	peep_transformer	0x00b01cc8	4	0	0x0061fe85	FUN_0061fe85	root_slot		0x00b01e58	peep_transformer	0x00b01cc8	peep_transformer__vslot_004	0.82
0x00b01e58	peep_transformer	0x00b01e58	peep_transformer	0x00b01cc8	5	0	0x0061fe8e	FUN_0061fe8e	root_slot		0x00b01e58	peep_transformer	0x00b01cc8	peep_transformer__vslot_005	0.82
0x00b01e58	peep_transformer	0x00b01e58	peep_transformer	0x00b01cc8	6	0	0x0061fc27	FUN_0061fc27	root_slot		0x00b01e58	peep_transformer	0x00b01cc8	peep_transformer__vslot_006	0.82
0x00b01e58	peep_transformer	0x00b01e58	peep_transformer	0x00b01cc8	7	0	0x0061fd8a	FUN_0061fd8a	root_slot		0x00b01e58	peep_transformer	0x00b01cc8	peep_transformer__vslot_007	0.82
0x00b01e58	peep_transformer	0x00b01e58	peep_transformer	0x00b01cc8	8	0	0x0061fe5c	FUN_0061fe5c	root_slot		0x00b01e58	peep_transformer	0x00b01cc8	peep_transformer__vslot_008	0.82
0x00b01e68	pt_condcodes	0x00b01e58	peep_transformer	0x00b01d18	0	0	0x0061fe61	FUN_0061fe61	inherited	0x0061fe61	0x00b01e58	peep_transformer	0x00b01cc8	peep_transformer__vslot_000	0.82
0x00b01e68	pt_condcodes	0x00b01e58	peep_transformer	0x00b01d18	1	0	0x0061fe6a	FUN_0061fe6a	inherited	0x0061fe6a	0x00b01e58	peep_transformer	0x00b01cc8	peep_transformer__vslot_001	0.82
0x00b01e68	pt_condcodes	0x00b01e58	peep_transformer	0x00b01d18	2	0	0x0061fe73	FUN_0061fe73	inherited	0x0061fe73	0x00b01e58	peep_transformer	0x00b01cc8	peep_transformer__vslot_002	0.82
0x00b01e68	pt_condcodes	0x00b01e58	peep_transformer	0x00b01d18	3	0	0x0061eb9b	FUN_0061eb9b	override	0x0061fe7c	0x00b01e68	pt_condcodes	0x00b01d18	pt_condcodes__vslot_003	0.95
0x00b01e68	pt_condcodes	0x00b01e58	peep_transformer	0x00b01d18	4	0	0x0061eba4	FUN_0061eba4	override	0x0061fe85	0x00b01e68	pt_condcodes	0x00b01d18	pt_condcodes__vslot_004	0.95
0x00b01e68	pt_condcodes	0x00b01e58	peep_transformer	0x00b01d18	5	0	0x0061ebad	FUN_0061ebad	override	0x0061fe8e	0x00b01e68	pt_condcodes	0x00b01d18	pt_condcodes__vslot_005	0.95
0x00b01e68	pt_condcodes	0x00b01e58	peep_transformer	0x00b01d18	6	0	0x0061fc27	FUN_0061fc27	inherited	0x0061fc27	0x00b01e58	peep_transformer	0x00b01cc8	peep_transformer__vslot_006	0.82
0x00b01e68	pt_condcodes	0x00b01e58	peep_transformer	0x00b01d18	7	0	0x0061ebb6	FUN_0061ebb6	override	0x0061fd8a	0x00b01e68	pt_condcodes	0x00b01d18	pt_condcodes__vslot_007	0.95
0x00b01e68	pt_condcodes	0x00b01e58	peep_transformer	0x00b01d18	8	0	0x0061fe5c	FUN_0061fe5c	inherited	0x0061fe5c	0x00b01e58	peep_transformer	0x00b01cc8	peep_transformer__vslot_008	0.82
0x00b01e78	pt_dead	0x00b01e58	peep_transformer	0x00b01d68	0	0	0x0061ed9a	FUN_0061ed9a	override	0x0061fe61	0x00b01e78	pt_dead	0x00b01d68	pt_dead__vslot_000	0.95
0x00b01e78	pt_dead	0x00b01e58	peep_transformer	0x00b01d68	1	0	0x0061ee81	FUN_0061ee81	override	0x0061fe6a	0x00b01e78	pt_dead	0x00b01d68	pt_dead__vslot_001	0.95
0x00b01e78	pt_dead	0x00b01e58	peep_transformer	0x00b01d68	2	0	0x0061fe73	FUN_0061fe73	inherited	0x0061fe73	0x00b01e58	peep_transformer	0x00b01cc8	peep_transformer__vslot_002	0.82
0x00b01e78	pt_dead	0x00b01e58	peep_transformer	0x00b01d68	3	0	0x0061ed77	FUN_0061ed77	override	0x0061fe7c	0x00b01e78	pt_dead	0x00b01d68	pt_dead__vslot_003	0.95
0x00b01e78	pt_dead	0x00b01e58	peep_transformer	0x00b01d68	4	0	0x0061ed88	FUN_0061ed88	override	0x0061fe85	0x00b01e78	pt_dead	0x00b01d68	pt_dead__vslot_004	0.95
0x00b01e78	pt_dead	0x00b01e58	peep_transformer	0x00b01d68	5	0	0x0061ed91	FUN_0061ed91	override	0x0061fe8e	0x00b01e78	pt_dead	0x00b01d68	pt_dead__vslot_005	0.95
0x00b01e78	pt_dead	0x00b01e58	peep_transformer	0x00b01d68	6	0	0x0061fc27	FUN_0061fc27	inherited	0x0061fc27	0x00b01e58	peep_transformer	0x00b01cc8	peep_transformer__vslot_006	0.82
0x00b01e78	pt_dead	0x00b01e58	peep_transformer	0x00b01d68	7	0	0x0061ef23	FUN_0061ef23	override	0x0061fd8a	0x00b01e78	pt_dead	0x00b01d68	pt_dead__vslot_007	0.95
0x00b01e78	pt_dead	0x00b01e58	peep_transformer	0x00b01d68	8	0	0x0061fe5c	FUN_0061fe5c	inherited	0x0061fe5c	0x00b01e58	peep_transformer	0x00b01cc8	peep_transformer__vslot_008	0.82
0x00b01e88	pt_alias	0x00b01e58	peep_transformer	0x00b01db8	0	0	0x0061fe61	FUN_0061fe61	inherited	0x0061fe61	0x00b01e58	peep_transformer	0x00b01cc8	peep_transformer__vslot_000	0.82
0x00b01e88	pt_alias	0x00b01e58	peep_transformer	0x00b01db8	1	0	0x0061fe6a	FUN_0061fe6a	inherited	0x0061fe6a	0x00b01e58	peep_transformer	0x00b01cc8	peep_transformer__vslot_001	0.82
0x00b01e88	pt_alias	0x00b01e58	peep_transformer	0x00b01db8	2	0	0x0061f062	FUN_0061f062	override	0x0061fe73	0x00b01e88	pt_alias	0x00b01db8	pt_alias__vslot_002	0.95
0x00b01e88	pt_alias	0x00b01e58	peep_transformer	0x00b01db8	3	0	0x0061f047	FUN_0061f047	override	0x0061fe7c	0x00b01e88	pt_alias	0x00b01db8	pt_alias__vslot_003	0.95
0x00b01e88	pt_alias	0x00b01e58	peep_transformer	0x00b01db8	4	0	0x0061f050	FUN_0061f050	override	0x0061fe85	0x00b01e88	pt_alias	0x00b01db8	pt_alias__vslot_004	0.95
0x00b01e88	pt_alias	0x00b01e58	peep_transformer	0x00b01db8	5	0	0x0061f059	FUN_0061f059	override	0x0061fe8e	0x00b01e88	pt_alias	0x00b01db8	pt_alias__vslot_005	0.95
0x00b01e88	pt_alias	0x00b01e58	peep_transformer	0x00b01db8	6	0	0x0061fc27	FUN_0061fc27	inherited	0x0061fc27	0x00b01e58	peep_transformer	0x00b01cc8	peep_transformer__vslot_006	0.82
0x00b01e88	pt_alias	0x00b01e58	peep_transformer	0x00b01db8	7	0	0x0061fd8a	FUN_0061fd8a	inherited	0x0061fd8a	0x00b01e58	peep_transformer	0x00b01cc8	peep_transformer__vslot_007	0.82
0x00b01e88	pt_alias	0x00b01e58	peep_transformer	0x00b01db8	8	0	0x0061f226	FUN_0061f226	override	0x0061fe5c	0x00b01e88	pt_alias	0x00b01db8	pt_alias__vslot_008	0.95
0x00b01e98	pt_const	0x00b01e58	peep_transformer	0x00b01e08	0	0	0x0061fe61	FUN_0061fe61	inherited	0x0061fe61	0x00b01e58	peep_transformer	0x00b01cc8	peep_transformer__vslot_000	0.82
0x00b01e98	pt_const	0x00b01e58	peep_transformer	0x00b01e08	1	0	0x0061fe6a	FUN_0061fe6a	inherited	0x0061fe6a	0x00b01e58	peep_transformer	0x00b01cc8	peep_transformer__vslot_001	0.82
0x00b01e98	pt_const	0x00b01e58	peep_transformer	0x00b01e08	2	0	0x0061fe73	FUN_0061fe73	inherited	0x0061fe73	0x00b01e58	peep_transformer	0x00b01cc8	peep_transformer__vslot_002	0.82
0x00b01e98	pt_const	0x00b01e58	peep_transformer	0x00b01e08	3	0	0x0061fe41	FUN_0061fe41	override	0x0061fe7c	0x00b01e98	pt_const	0x00b01e08	pt_const__vslot_003	0.95
0x00b01e98	pt_const	0x00b01e58	peep_transformer	0x00b01e08	4	0	0x0061fe4a	FUN_0061fe4a	override	0x0061fe85	0x00b01e98	pt_const	0x00b01e08	pt_const__vslot_004	0.95
0x00b01e98	pt_const	0x00b01e58	peep_transformer	0x00b01e08	5	0	0x0061fe53	FUN_0061fe53	override	0x0061fe8e	0x00b01e98	pt_const	0x00b01e08	pt_const__vslot_005	0.95
0x00b01e98	pt_const	0x00b01e58	peep_transformer	0x00b01e08	6	0	0x0061fc27	FUN_0061fc27	inherited	0x0061fc27	0x00b01e58	peep_transformer	0x00b01cc8	peep_transformer__vslot_006	0.82
0x00b01e98	pt_const	0x00b01e58	peep_transformer	0x00b01e08	7	0	0x0061fd8a	FUN_0061fd8a	inherited	0x0061fd8a	0x00b01e58	peep_transformer	0x00b01cc8	peep_transformer__vslot_007	0.82
0x00b01e98	pt_const	0x00b01e58	peep_transformer	0x00b01e08	8	0	0x0061fb3d	FUN_0061fb3d	override	0x0061fe5c	0x00b01e98	pt_const	0x00b01e08	pt_const__vslot_008	0.95
0x00b020a0	nonstandard_type_handler	0x00b01ed0	ObjectVisitor	0x00b02060	0	0	0x0061fea0	FUN_0061fea0	root_slot		0x00b020a0	nonstandard_type_handler	0x00b02060	nonstandard_type_handler__vslot_000	0.82
0x00b020a0	nonstandard_type_handler	0x00b01ed0	ObjectVisitor	0x00b02060	1	0	0x00a92860	FUN_00a92860	root_slot		0x00b020a0	nonstandard_type_handler	0x00b02060	nonstandard_type_handler__vslot_001	0.82
0x00b020a0	nonstandard_type_handler	0x00b01ed0	ObjectVisitor	0x00b02060	2	0	0x00a92860	FUN_00a92860	root_slot		0x00b020a0	nonstandard_type_handler	0x00b02060	nonstandard_type_handler__vslot_002	0.82
0x00b020b0	bytereverser	0x00b01ed0	ObjectVisitor	0x00b02080	0	0	0x0061fea0	FUN_0061fea0	inherited	0x0061fea0	0x00b020a0	nonstandard_type_handler	0x00b02060	nonstandard_type_handler__vslot_000	0.82
0x00b020b0	bytereverser	0x00b01ed0	ObjectVisitor	0x00b02080	1	0	0x0062036f	FUN_0062036f	override	0x00a92860	0x00b020b0	bytereverser	0x00b02080	bytereverser__vslot_001	0.95
0x00b020b0	bytereverser	0x00b01ed0	ObjectVisitor	0x00b02080	2	0	0x006204c7	FUN_006204c7	override	0x00a92860	0x00b020b0	bytereverser	0x00b02080	bytereverser__vslot_002	0.95
0x00b05b34	vn_advisor_consol	0x00b053a8	vn_advisor	0x00b05934	0	0	0x00665891	FUN_00665891	root_slot		0x00b05b34	vn_advisor_consol	0x00b05934	vn_advisor_consol__vslot_000	0.82
0x00b05b34	vn_advisor_consol	0x00b053a8	vn_advisor	0x00b05934	1	0	0x00665c91	FUN_00665c91	root_slot		0x00b05b34	vn_advisor_consol	0x00b05934	vn_advisor_consol__vslot_001	0.82
0x00b05b34	vn_advisor_consol	0x00b053a8	vn_advisor	0x00b05934	2	0	0x00665d24	FUN_00665d24	root_slot		0x00b05b34	vn_advisor_consol	0x00b05934	vn_advisor_consol__vslot_002	0.82
0x00b05b34	vn_advisor_consol	0x00b053a8	vn_advisor	0x00b05934	3	0	0x00a92860	FUN_00a92860	root_slot		0x00b05b34	vn_advisor_consol	0x00b05934	vn_advisor_consol__vslot_003	0.82
0x00b05b34	vn_advisor_consol	0x00b053a8	vn_advisor	0x00b05934	4	0	0x00a92860	FUN_00a92860	root_slot		0x00b05b34	vn_advisor_consol	0x00b05934	vn_advisor_consol__vslot_004	0.82
0x00b05b34	vn_advisor_consol	0x00b053a8	vn_advisor	0x00b05934	5	0	0x00a92860	FUN_00a92860	root_slot		0x00b05b34	vn_advisor_consol	0x00b05934	vn_advisor_consol__vslot_005	0.82
0x00b05b34	vn_advisor_consol	0x00b053a8	vn_advisor	0x00b05934	6	0	0x00a92860	FUN_00a92860	root_slot		0x00b05b34	vn_advisor_consol	0x00b05934	vn_advisor_consol__vslot_006	0.82
0x00b05b44	vn_advisor_consoladd	0x00b053a8	vn_advisor	0x00b05974	0	0	0x00665891	FUN_00665891	inherited	0x00665891	0x00b05b34	vn_advisor_consol	0x00b05934	vn_advisor_consol__vslot_000	0.82
0x00b05b44	vn_advisor_consoladd	0x00b053a8	vn_advisor	0x00b05974	1	0	0x00665c91	FUN_00665c91	inherited	0x00665c91	0x00b05b34	vn_advisor_consol	0x00b05934	vn_advisor_consol__vslot_001	0.82
0x00b05b44	vn_advisor_consoladd	0x00b053a8	vn_advisor	0x00b05974	2	0	0x00665d24	FUN_00665d24	inherited	0x00665d24	0x00b05b34	vn_advisor_consol	0x00b05934	vn_advisor_consol__vslot_002	0.82
0x00b05b44	vn_advisor_consoladd	0x00b053a8	vn_advisor	0x00b05974	3	0	0x00665f01	FUN_00665f01	override	0x00a92860	0x00b05b44	vn_advisor_consoladd	0x00b05974	vn_advisor_consoladd__vslot_003	0.95
0x00b05b44	vn_advisor_consoladd	0x00b053a8	vn_advisor	0x00b05974	4	0	0x00665e82	FUN_00665e82	override	0x00a92860	0x00b05b44	vn_advisor_consoladd	0x00b05974	vn_advisor_consoladd__vslot_004	0.95
0x00b05b44	vn_advisor_consoladd	0x00b053a8	vn_advisor	0x00b05974	5	0	0x00665e3b	FUN_00665e3b	override	0x00a92860	0x00b05b44	vn_advisor_consoladd	0x00b05974	vn_advisor_consoladd__vslot_005	0.95
0x00b05b44	vn_advisor_consoladd	0x00b053a8	vn_advisor	0x00b05974	6	0	0x00665f70	FUN_00665f70	override	0x00a92860	0x00b05b44	vn_advisor_consoladd	0x00b05974	vn_advisor_consoladd__vslot_006	0.95
0x00b05b54	vn_advisor_consolshift	0x00b053a8	vn_advisor	0x00b059b4	0	0	0x00665891	FUN_00665891	inherited	0x00665891	0x00b05b34	vn_advisor_consol	0x00b05934	vn_advisor_consol__vslot_000	0.82
0x00b05b54	vn_advisor_consolshift	0x00b053a8	vn_advisor	0x00b059b4	1	0	0x0066616f	FUN_0066616f	override	0x00665c91	0x00b05b54	vn_advisor_consolshift	0x00b059b4	vn_advisor_consolshift__vslot_001	0.95
0x00b05b54	vn_advisor_consolshift	0x00b053a8	vn_advisor	0x00b059b4	2	0	0x006661ce	FUN_006661ce	override	0x00665d24	0x00b05b54	vn_advisor_consolshift	0x00b059b4	vn_advisor_consolshift__vslot_002	0.95
0x00b05b54	vn_advisor_consolshift	0x00b053a8	vn_advisor	0x00b059b4	3	0	0x00665fc4	FUN_00665fc4	override	0x00a92860	0x00b05b54	vn_advisor_consolshift	0x00b059b4	vn_advisor_consolshift__vslot_003	0.95
0x00b05b54	vn_advisor_consolshift	0x00b053a8	vn_advisor	0x00b059b4	4	0	0x00666295	FUN_00666295	override	0x00a92860	0x00b05b54	vn_advisor_consolshift	0x00b059b4	vn_advisor_consolshift__vslot_004	0.95
0x00b05b54	vn_advisor_consolshift	0x00b053a8	vn_advisor	0x00b059b4	5	0	0x006662e1	FUN_006662e1	override	0x00a92860	0x00b05b54	vn_advisor_consolshift	0x00b059b4	vn_advisor_consolshift__vslot_005	0.95
0x00b05b54	vn_advisor_consolshift	0x00b053a8	vn_advisor	0x00b059b4	6	0	0x006660fd	FUN_006660fd	override	0x00a92860	0x00b05b54	vn_advisor_consolshift	0x00b059b4	vn_advisor_consolshift__vslot_006	0.95
0x00b06c2c	MachopVisitor	0x00b06c2c	MachopVisitor	0x00b06bbc	0	0	0x00a92860	FUN_00a92860	root_slot		0x00b06c2c	MachopVisitor	0x00b06bbc	MachopVisitor__vslot_000	0.82
0x00b06c2c	MachopVisitor	0x00b06c2c	MachopVisitor	0x00b06bbc	1	0	0x00696dd5	FUN_00696dd5	root_slot		0x00b06c2c	MachopVisitor	0x00b06bbc	MachopVisitor__vslot_001	0.82
0x00b06c2c	MachopVisitor	0x00b06c2c	MachopVisitor	0x00b06bbc	2	0	0x00696df1	FUN_00696df1	root_slot		0x00b06c2c	MachopVisitor	0x00b06bbc	MachopVisitor__vslot_002	0.82
0x00b06c5c	Split64TestVisitor	0x00b06c2c	MachopVisitor	0x00b06bfc	0	0	0x006abe80	FUN_006abe80	override	0x00a92860	0x00b06c5c	Split64TestVisitor	0x00b06bfc	Split64TestVisitor__vslot_000	0.95
0x00b06c5c	Split64TestVisitor	0x00b06c2c	MachopVisitor	0x00b06bfc	1	0	0x006abfb6	FUN_006abfb6	override	0x00696dd5	0x00b06c5c	Split64TestVisitor	0x00b06bfc	Split64TestVisitor__vslot_001	0.95
0x00b06c5c	Split64TestVisitor	0x00b06c2c	MachopVisitor	0x00b06bfc	2	0	0x00696df1	FUN_00696df1	inherited	0x00696df1	0x00b06c2c	MachopVisitor	0x00b06bbc	MachopVisitor__vslot_002	0.82
0x00b06c6c	std::exception	0x00b06c6c	std::exception	0x00b06b2c	0	0	0x00695a04	FUN_00695a04	root_slot		0x00b06c6c	std::exception	0x00b06b2c	std_exception__vslot_000	0.82
0x00b06c6c	std::exception	0x00b06c6c	std::exception	0x00b06b2c	1	0	0x00695a2b	FUN_00695a2b	root_slot		0x00b06c6c	std::exception	0x00b06b2c	std_exception__vslot_001	0.82
0x00b06c6c	std::exception	0x00b06c6c	std::exception	0x00b06b2c	2	0	0x00695a37	FUN_00695a37	root_slot		0x00b06c6c	std::exception	0x00b06b2c	std_exception__vslot_002	0.82
0x00b06c7c	std::bad_alloc	0x00b06c6c	std::exception	0x00b06b4c	0	0	0x00695a3c	FUN_00695a3c	override	0x00695a04	0x00b06c7c	std::bad_alloc	0x00b06b4c	std_bad_alloc__vslot_000	0.95
0x00b06c7c	std::bad_alloc	0x00b06c6c	std::exception	0x00b06b4c	1	0	0x00695a2b	FUN_00695a2b	inherited	0x00695a2b	0x00b06c6c	std::exception	0x00b06b2c	std_exception__vslot_001	0.82
0x00b06c7c	std::bad_alloc	0x00b06c6c	std::exception	0x00b06b4c	2	0	0x00695a63	FUN_00695a63	override	0x00695a37	0x00b06c7c	std::bad_alloc	0x00b06b4c	std_bad_alloc__vslot_002	0.95
0x00b06c8c	std::logic_error	0x00b06c6c	std::exception	0x00b06b6c	0	0	0x006960ea	FUN_006960ea	override	0x00695a04	0x00b06c8c	std::logic_error	0x00b06b6c	std_logic_error__vslot_000	0.95
0x00b06c8c	std::logic_error	0x00b06c6c	std::exception	0x00b06b6c	1	0	0x00696123	FUN_00696123	override	0x00695a2b	0x00b06c8c	std::logic_error	0x00b06b6c	std_logic_error__vslot_001	0.95
0x00b06c8c	std::logic_error	0x00b06c6c	std::exception	0x00b06b6c	2	0	0x00696140	FUN_00696140	override	0x00695a37	0x00b06c8c	std::logic_error	0x00b06b6c	std_logic_error__vslot_002	0.95
0x00b06c9c	std::out_of_range	0x00b06c6c	std::exception	0x00b06b8c	0	0	0x00696151	FUN_00696151	override	0x006960ea	0x00b06c9c	std::out_of_range	0x00b06b8c	std_out_of_range__vslot_000	0.95
0x00b06c9c	std::out_of_range	0x00b06c6c	std::exception	0x00b06b8c	1	0	0x00696123	FUN_00696123	inherited	0x00696123	0x00b06c8c	std::logic_error	0x00b06b6c	std_logic_error__vslot_001	0.82
0x00b06c9c	std::out_of_range	0x00b06c6c	std::exception	0x00b06b8c	2	0	0x0069618a	FUN_0069618a	override	0x00696140	0x00b06c9c	std::out_of_range	0x00b06b8c	std_out_of_range__vslot_002	0.95
0x00b07ef0	Split64DoVisitor	0x00b06c2c	MachopVisitor	0x00b07e3c	0	0	0x006ac165	FUN_006ac165	override	0x00a92860	0x00b07ef0	Split64DoVisitor	0x00b07e3c	Split64DoVisitor__vslot_000	0.95
0x00b07ef0	Split64DoVisitor	0x00b06c2c	MachopVisitor	0x00b07e3c	1	0	0x006ac246	FUN_006ac246	override	0x00696dd5	0x00b07ef0	Split64DoVisitor	0x00b07e3c	Split64DoVisitor__vslot_001	0.95
0x00b07ef0	Split64DoVisitor	0x00b06c2c	MachopVisitor	0x00b07e3c	2	0	0x00696df1	FUN_00696df1	inherited	0x00696df1	0x00b06c2c	MachopVisitor	0x00b06bbc	MachopVisitor__vslot_002	0.82
0x00b080a0	MachopVisitor	0x00b080a0	MachopVisitor	0x00b08040	0	0	0x00a92860	FUN_00a92860	root_slot		0x00b080a0	MachopVisitor	0x00b08040	MachopVisitor__vslot_000	0.82
0x00b080a0	MachopVisitor	0x00b080a0	MachopVisitor	0x00b08040	1	0	0x006cfb36	FUN_006cfb36	root_slot		0x00b080a0	MachopVisitor	0x00b08040	MachopVisitor__vslot_001	0.82
0x00b080a0	MachopVisitor	0x00b080a0	MachopVisitor	0x00b08040	2	0	0x006cfb52	FUN_006cfb52	root_slot		0x00b080a0	MachopVisitor	0x00b08040	MachopVisitor__vslot_002	0.82
0x00b080b0	MachopObjectInvalidator	0x00b080a0	MachopVisitor	0x00b08060	0	0	0x006d77d0	FUN_006d77d0	override	0x00a92860	0x00b080b0	MachopObjectInvalidator	0x00b08060	MachopObjectInvalidator__vslot_000	0.95
0x00b080b0	MachopObjectInvalidator	0x00b080a0	MachopVisitor	0x00b08060	1	0	0x006cfb36	FUN_006cfb36	inherited	0x006cfb36	0x00b080a0	MachopVisitor	0x00b08040	MachopVisitor__vslot_001	0.82
0x00b080b0	MachopObjectInvalidator	0x00b080a0	MachopVisitor	0x00b08060	2	0	0x006cfb52	FUN_006cfb52	inherited	0x006cfb52	0x00b080a0	MachopVisitor	0x00b08040	MachopVisitor__vslot_002	0.82
0x00b080c0	MachopImmpropClearer	0x00b080a0	MachopVisitor	0x00b08080	0	0	0x006d7ef3	FUN_006d7ef3	override	0x00a92860	0x00b080c0	MachopImmpropClearer	0x00b08080	MachopImmpropClearer__vslot_000	0.95
0x00b080c0	MachopImmpropClearer	0x00b080a0	MachopVisitor	0x00b08080	1	0	0x006cfb36	FUN_006cfb36	inherited	0x006cfb36	0x00b080a0	MachopVisitor	0x00b08040	MachopVisitor__vslot_001	0.82
0x00b080c0	MachopImmpropClearer	0x00b080a0	MachopVisitor	0x00b08080	2	0	0x006cfb52	FUN_006cfb52	inherited	0x006cfb52	0x00b080a0	MachopVisitor	0x00b08040	MachopVisitor__vslot_002	0.82
0x00b09ac8	MachopVisitor	0x00b09ac8	MachopVisitor	0x00b09a48	0	0	0x00a92860	FUN_00a92860	root_slot		0x00b09ac8	MachopVisitor	0x00b09a48	MachopVisitor__vslot_000	0.82
0x00b09ac8	MachopVisitor	0x00b09ac8	MachopVisitor	0x00b09a48	1	0	0x00700460	FUN_00700460	root_slot		0x00b09ac8	MachopVisitor	0x00b09a48	MachopVisitor__vslot_001	0.82
0x00b09ac8	MachopVisitor	0x00b09ac8	MachopVisitor	0x00b09a48	2	0	0x0070047c	FUN_0070047c	root_slot		0x00b09ac8	MachopVisitor	0x00b09a48	MachopVisitor__vslot_002	0.82
0x00b09ad8	MachopChecker	0x00b09ac8	MachopVisitor	0x00b09a68	0	0	0x007005b0	FUN_007005b0	override	0x00a92860	0x00b09ad8	MachopChecker	0x00b09a68	MachopChecker__vslot_000	0.95
0x00b09ad8	MachopChecker	0x00b09ac8	MachopVisitor	0x00b09a68	1	0	0x007005ed	FUN_007005ed	override	0x00700460	0x00b09ad8	MachopChecker	0x00b09a68	MachopChecker__vslot_001	0.95
0x00b09ad8	MachopChecker	0x00b09ac8	MachopVisitor	0x00b09a68	2	0	0x0070047c	FUN_0070047c	inherited	0x0070047c	0x00b09ac8	MachopVisitor	0x00b09a48	MachopVisitor__vslot_002	0.82
0x00b09ae8	MachopBitoffsetClearer	0x00b09ac8	MachopVisitor	0x00b09a88	0	0	0x0070136d	FUN_0070136d	override	0x00a92860	0x00b09ae8	MachopBitoffsetClearer	0x00b09a88	MachopBitoffsetClearer__vslot_000	0.95
0x00b09ae8	MachopBitoffsetClearer	0x00b09ac8	MachopVisitor	0x00b09a88	1	0	0x00700460	FUN_00700460	inherited	0x00700460	0x00b09ac8	MachopVisitor	0x00b09a48	MachopVisitor__vslot_001	0.82
0x00b09ae8	MachopBitoffsetClearer	0x00b09ac8	MachopVisitor	0x00b09a88	2	0	0x0070047c	FUN_0070047c	inherited	0x0070047c	0x00b09ac8	MachopVisitor	0x00b09a48	MachopVisitor__vslot_002	0.82
0x00b09af8	AddMachopVisitor	0x00b09ac8	MachopVisitor	0x00b09aa8	0	0	0x007013f2	FUN_007013f2	override	0x00a92860	0x00b09af8	AddMachopVisitor	0x00b09aa8	AddMachopVisitor__vslot_000	0.95
0x00b09af8	AddMachopVisitor	0x00b09ac8	MachopVisitor	0x00b09aa8	1	0	0x00700460	FUN_00700460	inherited	0x00700460	0x00b09ac8	MachopVisitor	0x00b09a48	MachopVisitor__vslot_001	0.82
0x00b09af8	AddMachopVisitor	0x00b09ac8	MachopVisitor	0x00b09aa8	2	0	0x0070047c	FUN_0070047c	inherited	0x0070047c	0x00b09ac8	MachopVisitor	0x00b09a48	MachopVisitor__vslot_002	0.82
0x00b0a500	alloc_table	0x00b0a500	alloc_table	0x00b0a4d8	0	0	0x0071dcd0	FUN_0071dcd0	root_slot		0x00b0a500	alloc_table	0x00b0a4d8	alloc_table__vslot_000	0.82
0x00b0a500	alloc_table	0x00b0a500	alloc_table	0x00b0a4d8	1	0	0x00a92860	FUN_00a92860	root_slot		0x00b0a500	alloc_table	0x00b0a4d8	alloc_table__vslot_001	0.82
0x00b0a500	alloc_table	0x00b0a500	alloc_table	0x00b0a4d8	2	0	0x00a92860	FUN_00a92860	root_slot		0x00b0a500	alloc_table	0x00b0a4d8	alloc_table__vslot_002	0.82
0x00b0a500	alloc_table	0x00b0a500	alloc_table	0x00b0a4d8	3	0	0x00a92860	FUN_00a92860	root_slot		0x00b0a500	alloc_table	0x00b0a4d8	alloc_table__vslot_003	0.82
0x00b0a5c8	alloc_table_hash	0x00b0a500	alloc_table	0x00b0a550	0	0	0x0071dfdd	FUN_0071dfdd	override	0x0071dcd0	0x00b0a5c8	alloc_table_hash	0x00b0a550	alloc_table_hash__vslot_000	0.95
0x00b0a5c8	alloc_table_hash	0x00b0a500	alloc_table	0x00b0a550	1	0	0x0071ea8f	FUN_0071ea8f	override	0x00a92860	0x00b0a5c8	alloc_table_hash	0x00b0a550	alloc_table_hash__vslot_001	0.95
0x00b0a5c8	alloc_table_hash	0x00b0a500	alloc_table	0x00b0a550	2	0	0x0071f1a1	FUN_0071f1a1	override	0x00a92860	0x00b0a5c8	alloc_table_hash	0x00b0a550	alloc_table_hash__vslot_002	0.95
0x00b0a5c8	alloc_table_hash	0x00b0a500	alloc_table	0x00b0a550	3	0	0x0071f38a	FUN_0071f38a	override	0x00a92860	0x00b0a5c8	alloc_table_hash	0x00b0a550	alloc_table_hash__vslot_003	0.95
0x00b0a5d8	alloc_table_btree	0x00b0a500	alloc_table	0x00b0a578	0	0	0x0071e0a4	FUN_0071e0a4	override	0x0071dcd0	0x00b0a5d8	alloc_table_btree	0x00b0a578	alloc_table_btree__vslot_000	0.95
0x00b0a5d8	alloc_table_btree	0x00b0a500	alloc_table	0x00b0a578	1	0	0x0071f0b7	FUN_0071f0b7	override	0x00a92860	0x00b0a5d8	alloc_table_btree	0x00b0a578	alloc_table_btree__vslot_001	0.95
0x00b0a5d8	alloc_table_btree	0x00b0a500	alloc_table	0x00b0a578	2	0	0x0071f33f	FUN_0071f33f	override	0x00a92860	0x00b0a5d8	alloc_table_btree	0x00b0a578	alloc_table_btree__vslot_002	0.95
0x00b0a5d8	alloc_table_btree	0x00b0a500	alloc_table	0x00b0a578	3	0	0x0071f497	FUN_0071f497	override	0x00a92860	0x00b0a5d8	alloc_table_btree	0x00b0a578	alloc_table_btree__vslot_003	0.95
0x00b0a5e8	alloc_table_bcl	0x00b0a500	alloc_table	0x00b0a5a0	0	0	0x0071e19f	FUN_0071e19f	override	0x0071dcd0	0x00b0a5e8	alloc_table_bcl	0x00b0a5a0	alloc_table_bcl__vslot_000	0.95
0x00b0a5e8	alloc_table_bcl	0x00b0a500	alloc_table	0x00b0a5a0	1	0	0x0071e1f5	FUN_0071e1f5	override	0x00a92860	0x00b0a5e8	alloc_table_bcl	0x00b0a5a0	alloc_table_bcl__vslot_001	0.95
0x00b0a5e8	alloc_table_bcl	0x00b0a500	alloc_table	0x00b0a5a0	2	0	0x0071e320	FUN_0071e320	override	0x00a92860	0x00b0a5e8	alloc_table_bcl	0x00b0a5a0	alloc_table_bcl__vslot_002	0.95
0x00b0a5e8	alloc_table_bcl	0x00b0a500	alloc_table	0x00b0a5a0	3	0	0x0071e388	FUN_0071e388	override	0x00a92860	0x00b0a5e8	alloc_table_bcl	0x00b0a5a0	alloc_table_bcl__vslot_003	0.95
0x00b0b784	backend_basetype2	0x00b0e82c	backend_dataflow	0x00b0af4c	0	0	0x00734b30	FUN_00734b30	override	0x005ba5d0	0x00b0b784	backend_basetype2	0x00b0af4c	backend_basetype2__vslot_000	0.95
0x00b0b784	backend_basetype2	0x00b0e82c	backend_dataflow	0x00b0af4c	1	0	0x0076fdcf	FUN_0076fdcf	inherited	0x0076fdcf	0x00b0e82c	backend_dataflow	0x00b0e53c	backend_dataflow__vslot_001	0.82
0x00b0b784	backend_basetype2	0x00b0e82c	backend_dataflow	0x00b0af4c	2	0	0x00734b35	FUN_00734b35	override	0x005ba5d5	0x00b0b784	backend_basetype2	0x00b0af4c	backend_basetype2__vslot_002	0.95
0x00b0b784	backend_basetype2	0x00b0e82c	backend_dataflow	0x00b0af4c	3	0	0x00734b3a	FUN_00734b3a	override	0x005ba5da	0x00b0b784	backend_basetype2	0x00b0af4c	backend_basetype2__vslot_003	0.95
0x00b0b784	backend_basetype2	0x00b0e82c	backend_dataflow	0x00b0af4c	4	0	0x00734b43	FUN_00734b43	override	0x005ba5e3	0x00b0b784	backend_basetype2	0x00b0af4c	backend_basetype2__vslot_004	0.95
0x00b0b784	backend_basetype2	0x00b0e82c	backend_dataflow	0x00b0af4c	5	0	0x0076fd8c	FUN_0076fd8c	inherited	0x0076fd8c	0x00b0e82c	backend_dataflow	0x00b0e53c	backend_dataflow__vslot_005	0.82
0x00b0b784	backend_basetype2	0x00b0e82c	backend_dataflow	0x00b0af4c	6	0	0x007692da	FUN_007692da	inherited	0x007692da	0x00b0e82c	backend_dataflow	0x00b0e53c	backend_dataflow__vslot_006	0.82
0x00b0b784	backend_basetype2	0x00b0e82c	backend_dataflow	0x00b0af4c	7	0	0x0076fd44	FUN_0076fd44	inherited	0x0076fd44	0x00b0e82c	backend_dataflow	0x00b0e53c	backend_dataflow__vslot_007	0.82
0x00b0b784	backend_basetype2	0x00b0e82c	backend_dataflow	0x00b0af4c	8	0	0x00766cae	FUN_00766cae	inherited	0x00766cae	0x00b0e82c	backend_dataflow	0x00b0e53c	backend_dataflow__vslot_008	0.82
0x00b0b784	backend_basetype2	0x00b0e82c	backend_dataflow	0x00b0af4c	9	0	0x00734b4c	FUN_00734b4c	override	0x005ba5ec	0x00b0b784	backend_basetype2	0x00b0af4c	backend_basetype2__vslot_009	0.95
0x00b0b784	backend_basetype2	0x00b0e82c	backend_dataflow	0x00b0af4c	10	0	0x007700a6	FUN_007700a6	inherited	0x007700a6	0x00b0e82c	backend_dataflow	0x00b0e53c	backend_dataflow__vslot_010	0.82
0x00b0b784	backend_basetype2	0x00b0e82c	backend_dataflow	0x00b0af4c	11	0	0x00734b55	FUN_00734b55	override	0x005ba5f5	0x00b0b784	backend_basetype2	0x00b0af4c	backend_basetype2__vslot_011	0.95
0x00b0b784	backend_basetype2	0x00b0e82c	backend_dataflow	0x00b0af4c	12	0	0x0076fd2e	FUN_0076fd2e	inherited	0x0076fd2e	0x00b0e82c	backend_dataflow	0x00b0e53c	backend_dataflow__vslot_012	0.82
0x00b0b784	backend_basetype2	0x00b0e82c	backend_dataflow	0x00b0af4c	13	0	0x00734b69	FUN_00734b69	override	0x005ba609	0x00b0b784	backend_basetype2	0x00b0af4c	backend_basetype2__vslot_013	0.95
0x00b0b784	backend_basetype2	0x00b0e82c	backend_dataflow	0x00b0af4c	14	0	0x00734b72	FUN_00734b72	override	0x005ba612	0x00b0b784	backend_basetype2	0x00b0af4c	backend_basetype2__vslot_014	0.95
0x00b0b784	backend_basetype2	0x00b0e82c	backend_dataflow	0x00b0af4c	15	0	0x00734b7b	FUN_00734b7b	override	0x005ba61b	0x00b0b784	backend_basetype2	0x00b0af4c	backend_basetype2__vslot_015	0.95
0x00b0b784	backend_basetype2	0x00b0e82c	backend_dataflow	0x00b0af4c	16	0	0x00734b84	FUN_00734b84	override	0x005ba624	0x00b0b784	backend_basetype2	0x00b0af4c	backend_basetype2__vslot_016	0.95
0x00b0b784	backend_basetype2	0x00b0e82c	backend_dataflow	0x00b0af4c	17	0	0x00734b93	FUN_00734b93	override	0x005ba633	0x00b0b784	backend_basetype2	0x00b0af4c	backend_basetype2__vslot_017	0.95
0x00b0b784	backend_basetype2	0x00b0e82c	backend_dataflow	0x00b0af4c	18	0	0x00734bc0	FUN_00734bc0	override	0x005ba660	0x00b0b784	backend_basetype2	0x00b0af4c	backend_basetype2__vslot_018	0.95
0x00b0b784	backend_basetype2	0x00b0e82c	backend_dataflow	0x00b0af4c	19	0	0x00734fee	FUN_00734fee	override	0x005bab1f	0x00b0b784	backend_basetype2	0x00b0af4c	backend_basetype2__vslot_019	0.95
0x00b0b784	backend_basetype2	0x00b0e82c	backend_dataflow	0x00b0af4c	20	0	0x00734ff7	FUN_00734ff7	override	0x005bab28	0x00b0b784	backend_basetype2	0x00b0af4c	backend_basetype2__vslot_020	0.95
0x00b0b784	backend_basetype2	0x00b0e82c	backend_dataflow	0x00b0af4c	21	0	0x00735000	FUN_00735000	override	0x005bab31	0x00b0b784	backend_basetype2	0x00b0af4c	backend_basetype2__vslot_021	0.95
0x00b0b784	backend_basetype2	0x00b0e82c	backend_dataflow	0x00b0af4c	22	0	0x0073500e	FUN_0073500e	override	0x005bab3f	0x00b0b784	backend_basetype2	0x00b0af4c	backend_basetype2__vslot_022	0.95
0x00b0b784	backend_basetype2	0x00b0e82c	backend_dataflow	0x00b0af4c	23	0	0x0073501d	FUN_0073501d	override	0x005bab4e	0x00b0b784	backend_basetype2	0x00b0af4c	backend_basetype2__vslot_023	0.95
0x00b0b784	backend_basetype2	0x00b0e82c	backend_dataflow	0x00b0af4c	24	0	0x0077017f	FUN_0077017f	inherited	0x0077017f	0x00b0e82c	backend_dataflow	0x00b0e53c	backend_dataflow__vslot_024	0.82
0x00b0b784	backend_basetype2	0x00b0e82c	backend_dataflow	0x00b0af4c	25	0	0x007711eb	FUN_007711eb	inherited	0x007711eb	0x00b0e82c	backend_dataflow	0x00b0e53c	backend_dataflow__vslot_025	0.82
0x00b0b784	backend_basetype2	0x00b0e82c	backend_dataflow	0x00b0af4c	26	0	0x00734bca	FUN_00734bca	override	0x005ba66a	0x00b0b784	backend_basetype2	0x00b0af4c	backend_basetype2__vslot_026	0.95
0x00b0b784	backend_basetype2	0x00b0e82c	backend_dataflow	0x00b0af4c	27	0	0x00734bdf	FUN_00734bdf	override	0x005ba67f	0x00b0b784	backend_basetype2	0x00b0af4c	backend_basetype2__vslot_027	0.95
0x00b0b784	backend_basetype2	0x00b0e82c	backend_dataflow	0x00b0af4c	28	0	0x005bc53a	FUN_005bc53a	inherited	0x005bc53a	0x00afc4e0	backend_basetype	0x00afbb90	backend_basetype__vslot_028	0.82
0x00b0b784	backend_basetype2	0x00b0e82c	backend_dataflow	0x00b0af4c	29	0	0x00734be8	FUN_00734be8	override	0x005ba688	0x00b0b784	backend_basetype2	0x00b0af4c	backend_basetype2__vslot_029	0.95
0x00b0b784	backend_basetype2	0x00b0e82c	backend_dataflow	0x00b0af4c	30	0	0x005bc5d3	FUN_005bc5d3	inherited	0x005bc5d3	0x00afc4e0	backend_basetype	0x00afbb90	backend_basetype__vslot_030	0.82
0x00b0b784	backend_basetype2	0x00b0e82c	backend_dataflow	0x00b0af4c	31	0	0x005bc608	FUN_005bc608	inherited	0x005bc608	0x00afc4e0	backend_basetype	0x00afbb90	backend_basetype__vslot_031	0.82
0x00b0b784	backend_basetype2	0x00b0e82c	backend_dataflow	0x00b0af4c	32	0	0x005bc63d	FUN_005bc63d	inherited	0x005bc63d	0x00afc4e0	backend_basetype	0x00afbb90	backend_basetype__vslot_032	0.82
0x00b0b784	backend_basetype2	0x00b0e82c	backend_dataflow	0x00b0af4c	33	0	0x005bc6a7	FUN_005bc6a7	inherited	0x005bc6a7	0x00afc4e0	backend_basetype	0x00afbb90	backend_basetype__vslot_033	0.82
0x00b0b784	backend_basetype2	0x00b0e82c	backend_dataflow	0x00b0af4c	34	0	0x00734bf2	FUN_00734bf2	override	0x005ba692	0x00b0b784	backend_basetype2	0x00b0af4c	backend_basetype2__vslot_034	0.95
0x00b0b784	backend_basetype2	0x00b0e82c	backend_dataflow	0x00b0af4c	35	0	0x005bc801	FUN_005bc801	inherited	0x005bc801	0x00afc4e0	backend_basetype	0x00afbb90	backend_basetype__vslot_035	0.82
0x00b0b784	backend_basetype2	0x00b0e82c	backend_dataflow	0x00b0af4c	36	0	0x005bc8c2	FUN_005bc8c2	inherited	0x005bc8c2	0x00afc4e0	backend_basetype	0x00afbb90	backend_basetype__vslot_036	0.82
0x00b0b784	backend_basetype2	0x00b0e82c	backend_dataflow	0x00b0af4c	37	0	0x005bc947	FUN_005bc947	inherited	0x005bc947	0x00afc4e0	backend_basetype	0x00afbb90	backend_basetype__vslot_037	0.82
0x00b0b784	backend_basetype2	0x00b0e82c	backend_dataflow	0x00b0af4c	38	0	0x005bca13	FUN_005bca13	inherited	0x005bca13	0x00afc4e0	backend_basetype	0x00afbb90	backend_basetype__vslot_038	0.82
0x00b0b784	backend_basetype2	0x00b0e82c	backend_dataflow	0x00b0af4c	39	0	0x005bca59	FUN_005bca59	inherited	0x005bca59	0x00afc4e0	backend_basetype	0x00afbb90	backend_basetype__vslot_039	0.82
0x00b0b784	backend_basetype2	0x00b0e82c	backend_dataflow	0x00b0af4c	40	0	0x00734bfc	FUN_00734bfc	override	0x005ba69c	0x00b0b784	backend_basetype2	0x00b0af4c	backend_basetype2__vslot_040	0.95
0x00b0b784	backend_basetype2	0x00b0e82c	backend_dataflow	0x00b0af4c	41	0	0x005bca8e	FUN_005bca8e	inherited	0x005bca8e	0x00afc4e0	backend_basetype	0x00afbb90	backend_basetype__vslot_041	0.82
0x00b0b784	backend_basetype2	0x00b0e82c	backend_dataflow	0x00b0af4c	42	0	0x005bca93	FUN_005bca93	inherited	0x005bca93	0x00afc4e0	backend_basetype	0x00afbb90	backend_basetype__vslot_042	0.82
0x00b0b784	backend_basetype2	0x00b0e82c	backend_dataflow	0x00b0af4c	43	0	0x00734c05	FUN_00734c05	override	0x005ba6a5	0x00b0b784	backend_basetype2	0x00b0af4c	backend_basetype2__vslot_043	0.95
0x00b0b784	backend_basetype2	0x00b0e82c	backend_dataflow	0x00b0af4c	44	0	0x00734c0e	FUN_00734c0e	override	0x005ba6ae	0x00b0b784	backend_basetype2	0x00b0af4c	backend_basetype2__vslot_044	0.95
0x00b0b784	backend_basetype2	0x00b0e82c	backend_dataflow	0x00b0af4c	45	0	0x005bca9c	FUN_005bca9c	inherited	0x005bca9c	0x00afc4e0	backend_basetype	0x00afbb90	backend_basetype__vslot_045	0.82
0x00b0b784	backend_basetype2	0x00b0e82c	backend_dataflow	0x00b0af4c	46	0	0x005bcaa5	FUN_005bcaa5	inherited	0x005bcaa5	0x00afc4e0	backend_basetype	0x00afbb90	backend_basetype__vslot_046	0.82
0x00b0b784	backend_basetype2	0x00b0e82c	backend_dataflow	0x00b0af4c	47	0	0x005bcaae	FUN_005bcaae	inherited	0x005bcaae	0x00afc4e0	backend_basetype	0x00afbb90	backend_basetype__vslot_047	0.82
0x00b0b784	backend_basetype2	0x00b0e82c	backend_dataflow	0x00b0af4c	48	0	0x005bcab7	FUN_005bcab7	inherited	0x005bcab7	0x00afc4e0	backend_basetype	0x00afbb90	backend_basetype__vslot_048	0.82
0x00b0b784	backend_basetype2	0x00b0e82c	backend_dataflow	0x00b0af4c	49	0	0x005bcac0	FUN_005bcac0	inherited	0x005bcac0	0x00afc4e0	backend_basetype	0x00afbb90	backend_basetype__vslot_049	0.82
0x00b0b784	backend_basetype2	0x00b0e82c	backend_dataflow	0x00b0af4c	50	0	0x005bcac9	FUN_005bcac9	inherited	0x005bcac9	0x00afc4e0	backend_basetype	0x00afbb90	backend_basetype__vslot_050	0.82
0x00b0b784	backend_basetype2	0x00b0e82c	backend_dataflow	0x00b0af4c	51	0	0x005bcad2	FUN_005bcad2	inherited	0x005bcad2	0x00afc4e0	backend_basetype	0x00afbb90	backend_basetype__vslot_051	0.82
0x00b0b784	backend_basetype2	0x00b0e82c	backend_dataflow	0x00b0af4c	52	0	0x005bcadc	FUN_005bcadc	inherited	0x005bcadc	0x00afc4e0	backend_basetype	0x00afbb90	backend_basetype__vslot_052	0.82
0x00b0b784	backend_basetype2	0x00b0e82c	backend_dataflow	0x00b0af4c	53	0	0x005bcae5	FUN_005bcae5	inherited	0x005bcae5	0x00afc4e0	backend_basetype	0x00afbb90	backend_basetype__vslot_053	0.82
0x00b0b784	backend_basetype2	0x00b0e82c	backend_dataflow	0x00b0af4c	54	0	0x005bcaee	FUN_005bcaee	inherited	0x005bcaee	0x00afc4e0	backend_basetype	0x00afbb90	backend_basetype__vslot_054	0.82
0x00b0b784	backend_basetype2	0x00b0e82c	backend_dataflow	0x00b0af4c	55	0	0x005bde39	FUN_005bde39	inherited	0x005bde39	0x00afc4e0	backend_basetype	0x00afbb90	backend_basetype__vslot_055	0.82
0x00b0b784	backend_basetype2	0x00b0e82c	backend_dataflow	0x00b0af4c	56	0	0x005bde42	FUN_005bde42	inherited	0x005bde42	0x00afc4e0	backend_basetype	0x00afbb90	backend_basetype__vslot_056	0.82
0x00b0b784	backend_basetype2	0x00b0e82c	backend_dataflow	0x00b0af4c	57	0	0x005bde4b	FUN_005bde4b	inherited	0x005bde4b	0x00afc4e0	backend_basetype	0x00afbb90	backend_basetype__vslot_057	0.82
0x00b0b784	backend_basetype2	0x00b0e82c	backend_dataflow	0x00b0af4c	58	0	0x00734c17	FUN_00734c17	override	0x005ba6b7	0x00b0b784	backend_basetype2	0x00b0af4c	backend_basetype2__vslot_058	0.95
0x00b0b784	backend_basetype2	0x00b0e82c	backend_dataflow	0x00b0af4c	59	0	0x005bcaf7	FUN_005bcaf7	inherited	0x005bcaf7	0x00afc4e0	backend_basetype	0x00afbb90	backend_basetype__vslot_059	0.82
0x00b0b784	backend_basetype2	0x00b0e82c	backend_dataflow	0x00b0af4c	60	0	0x005bcb00	FUN_005bcb00	inherited	0x005bcb00	0x00afc4e0	backend_basetype	0x00afbb90	backend_basetype__vslot_060	0.82
0x00b0b784	backend_basetype2	0x00b0e82c	backend_dataflow	0x00b0af4c	61	0	0x0072f96d	FUN_0072f96d	inherited	0x0072f96d	0x00afc4e0	backend_basetype	0x00afbb90	backend_basetype__vslot_061	0.82
0x00b0b784	backend_basetype2	0x00b0e82c	backend_dataflow	0x00b0af4c	62	0	0x00734c20	FUN_00734c20	override	0x005ba6c0	0x00b0b784	backend_basetype2	0x00b0af4c	backend_basetype2__vslot_062	0.95
0x00b0b784	backend_basetype2	0x00b0e82c	backend_dataflow	0x00b0af4c	63	0	0x005bca85	FUN_005bca85	inherited	0x005bca85	0x00afc4e0	backend_basetype	0x00afbb90	backend_basetype__vslot_063	0.82
0x00b0b784	backend_basetype2	0x00b0e82c	backend_dataflow	0x00b0af4c	64	0	0x005bcb05	FUN_005bcb05	inherited	0x005bcb05	0x00afc4e0	backend_basetype	0x00afbb90	backend_basetype__vslot_064	0.82
0x00b0b784	backend_basetype2	0x00b0e82c	backend_dataflow	0x00b0af4c	65	0	0x00734c25	FUN_00734c25	override	0x005ba6c5	0x00b0b784	backend_basetype2	0x00b0af4c	backend_basetype2__vslot_065	0.95
0x00b0b784	backend_basetype2	0x00b0e82c	backend_dataflow	0x00b0af4c	66	0	0x00735592	FUN_00735592	override	0x005ba6ce	0x00b0b784	backend_basetype2	0x00b0af4c	backend_basetype2__vslot_066	0.95
0x00b0b784	backend_basetype2	0x00b0e82c	backend_dataflow	0x00b0af4c	67	0	0x00734c2e	FUN_00734c2e	override	0x005ba6d7	0x00b0b784	backend_basetype2	0x00b0af4c	backend_basetype2__vslot_067	0.95
0x00b0b784	backend_basetype2	0x00b0e82c	backend_dataflow	0x00b0af4c	68	0	0x007353e2	FUN_007353e2	override	0x005ba6e0	0x00b0b784	backend_basetype2	0x00b0af4c	backend_basetype2__vslot_068	0.95
0x00b0b784	backend_basetype2	0x00b0e82c	backend_dataflow	0x00b0af4c	69	0	0x0073542d	FUN_0073542d	override	0x005ba6ea	0x00b0b784	backend_basetype2	0x00b0af4c	backend_basetype2__vslot_069	0.95
0x00b0b784	backend_basetype2	0x00b0e82c	backend_dataflow	0x00b0af4c	70	0	0x00734c37	FUN_00734c37	override	0x005ba6f4	0x00b0b784	backend_basetype2	0x00b0af4c	backend_basetype2__vslot_070	0.95
0x00b0b784	backend_basetype2	0x00b0e82c	backend_dataflow	0x00b0af4c	71	0	0x00734c40	FUN_00734c40	override	0x005ba6fd	0x00b0b784	backend_basetype2	0x00b0af4c	backend_basetype2__vslot_071	0.95
0x00b0b784	backend_basetype2	0x00b0e82c	backend_dataflow	0x00b0af4c	72	0	0x007354ed	FUN_007354ed	override	0x005ba706	0x00b0b784	backend_basetype2	0x00b0af4c	backend_basetype2__vslot_072	0.95
0x00b0b784	backend_basetype2	0x00b0e82c	backend_dataflow	0x00b0af4c	73	0	0x00734c49	FUN_00734c49	override	0x005ba70f	0x00b0b784	backend_basetype2	0x00b0af4c	backend_basetype2__vslot_073	0.95
0x00b0b784	backend_basetype2	0x00b0e82c	backend_dataflow	0x00b0af4c	74	0	0x00734c52	FUN_00734c52	override	0x005ba718	0x00b0b784	backend_basetype2	0x00b0af4c	backend_basetype2__vslot_074	0.95
0x00b0b784	backend_basetype2	0x00b0e82c	backend_dataflow	0x00b0af4c	75	0	0x00734c57	FUN_00734c57	override	0x005ba71d	0x00b0b784	backend_basetype2	0x00b0af4c	backend_basetype2__vslot_075	0.95
0x00b0b784	backend_basetype2	0x00b0e82c	backend_dataflow	0x00b0af4c	76	0	0x00734c5c	FUN_00734c5c	override	0x005ba722	0x00b0b784	backend_basetype2	0x00b0af4c	backend_basetype2__vslot_076	0.95
0x00b0b784	backend_basetype2	0x00b0e82c	backend_dataflow	0x00b0af4c	77	0	0x007355be	FUN_007355be	override	0x005ba727	0x00b0b784	backend_basetype2	0x00b0af4c	backend_basetype2__vslot_077	0.95
0x00b0b784	backend_basetype2	0x00b0e82c	backend_dataflow	0x00b0af4c	78	0	0x00734c61	FUN_00734c61	override	0x005ba731	0x00b0b784	backend_basetype2	0x00b0af4c	backend_basetype2__vslot_078	0.95
0x00b0b784	backend_basetype2	0x00b0e82c	backend_dataflow	0x00b0af4c	79	0	0x00734c6f	FUN_00734c6f	override	0x005ba73f	0x00b0b784	backend_basetype2	0x00b0af4c	backend_basetype2__vslot_079	0.95
0x00b0b784	backend_basetype2	0x00b0e82c	backend_dataflow	0x00b0af4c	80	0	0x00734c78	FUN_00734c78	override	0x005ba748	0x00b0b784	backend_basetype2	0x00b0af4c	backend_basetype2__vslot_080	0.95
0x00b0b784	backend_basetype2	0x00b0e82c	backend_dataflow	0x00b0af4c	81	0	0x00734c88	FUN_00734c88	override	0x005ba758	0x00b0b784	backend_basetype2	0x00b0af4c	backend_basetype2__vslot_081	0.95
0x00b0b784	backend_basetype2	0x00b0e82c	backend_dataflow	0x00b0af4c	82	0	0x005bcf2f	FUN_005bcf2f	inherited	0x005bcf2f	0x00afc4e0	backend_basetype	0x00afbb90	backend_basetype__vslot_082	0.82
0x00b0b784	backend_basetype2	0x00b0e82c	backend_dataflow	0x00b0af4c	83	0	0x00734c92	FUN_00734c92	override	0x005ba762	0x00b0b784	backend_basetype2	0x00b0af4c	backend_basetype2__vslot_083	0.95
0x00b0b784	backend_basetype2	0x00b0e82c	backend_dataflow	0x00b0af4c	84	0	0x00735743	FUN_00735743	override	0x005ba76b	0x00b0b784	backend_basetype2	0x00b0af4c	backend_basetype2__vslot_084	0.95
0x00b0b784	backend_basetype2	0x00b0e82c	backend_dataflow	0x00b0af4c	85	0	0x0077f001	FUN_0077f001	inherited	0x0077f001	0x00afc4e0	backend_basetype	0x00afbb90	backend_basetype__vslot_085	0.82
0x00b0b784	backend_basetype2	0x00b0e82c	backend_dataflow	0x00b0af4c	86	0	0x0077f05d	FUN_0077f05d	inherited	0x0077f05d	0x00afc4e0	backend_basetype	0x00afbb90	backend_basetype__vslot_086	0.82
0x00b0b784	backend_basetype2	0x00b0e82c	backend_dataflow	0x00b0af4c	87	0	0x00734c9b	FUN_00734c9b	override	0x005ba770	0x00b0b784	backend_basetype2	0x00b0af4c	backend_basetype2__vslot_087	0.95
0x00b0b784	backend_basetype2	0x00b0e82c	backend_dataflow	0x00b0af4c	88	0	0x00734ca4	FUN_00734ca4	override	0x005ba779	0x00b0b784	backend_basetype2	0x00b0af4c	backend_basetype2__vslot_088	0.95
0x00b0b784	backend_basetype2	0x00b0e82c	backend_dataflow	0x00b0af4c	89	0	0x00734ca9	FUN_00734ca9	override	0x005ba77e	0x00b0b784	backend_basetype2	0x00b0af4c	backend_basetype2__vslot_089	0.95
0x00b0b784	backend_basetype2	0x00b0e82c	backend_dataflow	0x00b0af4c	90	0	0x00734cae	FUN_00734cae	override	0x005ba783	0x00b0b784	backend_basetype2	0x00b0af4c	backend_basetype2__vslot_090	0.95
0x00b0b784	backend_basetype2	0x00b0e82c	backend_dataflow	0x00b0af4c	91	0	0x005bdbcd	FUN_005bdbcd	inherited	0x005bdbcd	0x00afc4e0	backend_basetype	0x00afbb90	backend_basetype__vslot_091	0.82
0x00b0b784	backend_basetype2	0x00b0e82c	backend_dataflow	0x00b0af4c	92	0	0x006cd518	FUN_006cd518	inherited	0x006cd518	0x00afc4e0	backend_basetype	0x00afbb90	backend_basetype__vslot_092	0.82
0x00b0b784	backend_basetype2	0x00b0e82c	backend_dataflow	0x00b0af4c	93	0	0x00734cb8	FUN_00734cb8	override	0x005ba78d	0x00b0b784	backend_basetype2	0x00b0af4c	backend_basetype2__vslot_093	0.95
0x00b0b784	backend_basetype2	0x00b0e82c	backend_dataflow	0x00b0af4c	94	0	0x006fc36e	FUN_006fc36e	inherited	0x006fc36e	0x00afc4e0	backend_basetype	0x00afbb90	backend_basetype__vslot_094	0.82
0x00b0b784	backend_basetype2	0x00b0e82c	backend_dataflow	0x00b0af4c	95	0	0x006fc4f2	FUN_006fc4f2	inherited	0x006fc4f2	0x00afc4e0	backend_basetype	0x00afbb90	backend_basetype__vslot_095	0.82
0x00b0b784	backend_basetype2	0x00b0e82c	backend_dataflow	0x00b0af4c	96	0	0x006c8f2b	FUN_006c8f2b	inherited	0x006c8f2b	0x00afc4e0	backend_basetype	0x00afbb90	backend_basetype__vslot_096	0.82
0x00b0b784	backend_basetype2	0x00b0e82c	backend_dataflow	0x00b0af4c	97	0	0x007352a0	FUN_007352a0	override	0x005ba797	0x00b0b784	backend_basetype2	0x00b0af4c	backend_basetype2__vslot_097	0.95
0x00b0b784	backend_basetype2	0x00b0e82c	backend_dataflow	0x00b0af4c	98	0	0x007352ea	FUN_007352ea	override	0x005ba7a5	0x00b0b784	backend_basetype2	0x00b0af4c	backend_basetype2__vslot_098	0.95
0x00b0b784	backend_basetype2	0x00b0e82c	backend_dataflow	0x00b0af4c	99	0	0x00735341	FUN_00735341	override	0x005ba7b3	0x00b0b784	backend_basetype2	0x00b0af4c	backend_basetype2__vslot_099	0.95
0x00b0b784	backend_basetype2	0x00b0e82c	backend_dataflow	0x00b0af4c	100	0	0x0073538b	FUN_0073538b	override	0x005ba7c1	0x00b0b784	backend_basetype2	0x00b0af4c	backend_basetype2__vslot_100	0.95
0x00b0b784	backend_basetype2	0x00b0e82c	backend_dataflow	0x00b0af4c	101	0	0x00735612	FUN_00735612	override	0x005bd9df	0x00b0b784	backend_basetype2	0x00b0af4c	backend_basetype2__vslot_101	0.95
0x00b0b784	backend_basetype2	0x00b0e82c	backend_dataflow	0x00b0af4c	102	0	0x0073561b	FUN_0073561b	override	0x005bd9e8	0x00b0b784	backend_basetype2	0x00b0af4c	backend_basetype2__vslot_102	0.95
0x00b0b784	backend_basetype2	0x00b0e82c	backend_dataflow	0x00b0af4c	103	0	0x00734cc2	FUN_00734cc2	override	0x005ba7cf	0x00b0b784	backend_basetype2	0x00b0af4c	backend_basetype2__vslot_103	0.95
0x00b0b784	backend_basetype2	0x00b0e82c	backend_dataflow	0x00b0af4c	104	0	0x00734cd1	FUN_00734cd1	override	0x005ba7de	0x00b0b784	backend_basetype2	0x00b0af4c	backend_basetype2__vslot_104	0.95
0x00b0b784	backend_basetype2	0x00b0e82c	backend_dataflow	0x00b0af4c	105	0	0x00734cdb	FUN_00734cdb	override	0x005ba7e8	0x00b0b784	backend_basetype2	0x00b0af4c	backend_basetype2__vslot_105	0.95
0x00b0b784	backend_basetype2	0x00b0e82c	backend_dataflow	0x00b0af4c	106	0	0x00734d45	FUN_00734d45	override	0x005ba852	0x00b0b784	backend_basetype2	0x00b0af4c	backend_basetype2__vslot_106	0.95
0x00b0b784	backend_basetype2	0x00b0e82c	backend_dataflow	0x00b0af4c	107	0	0x00734d53	FUN_00734d53	override	0x005ba860	0x00b0b784	backend_basetype2	0x00b0af4c	backend_basetype2__vslot_107	0.95
0x00b0b784	backend_basetype2	0x00b0e82c	backend_dataflow	0x00b0af4c	108	0	0x00734d61	FUN_00734d61	override	0x005ba86e	0x00b0b784	backend_basetype2	0x00b0af4c	backend_basetype2__vslot_108	0.95
0x00b0b784	backend_basetype2	0x00b0e82c	backend_dataflow	0x00b0af4c	109	0	0x00734d6f	FUN_00734d6f	override	0x005ba87c	0x00b0b784	backend_basetype2	0x00b0af4c	backend_basetype2__vslot_109	0.95
0x00b0b784	backend_basetype2	0x00b0e82c	backend_dataflow	0x00b0af4c	110	0	0x005bcb18	FUN_005bcb18	inherited	0x005bcb18	0x00afc4e0	backend_basetype	0x00afbb90	backend_basetype__vslot_110	0.82
0x00b0b784	backend_basetype2	0x00b0e82c	backend_dataflow	0x00b0af4c	111	0	0x005bcb51	FUN_005bcb51	inherited	0x005bcb51	0x00afc4e0	backend_basetype	0x00afbb90	backend_basetype__vslot_111	0.82
0x00b0b784	backend_basetype2	0x00b0e82c	backend_dataflow	0x00b0af4c	112	0	0x005bdbaa	FUN_005bdbaa	inherited	0x005bdbaa	0x00afc4e0	backend_basetype	0x00afbb90	backend_basetype__vslot_112	0.82
0x00b0b784	backend_basetype2	0x00b0e82c	backend_dataflow	0x00b0af4c	113	0	0x00739d9d	FUN_00739d9d	inherited	0x00739d9d	0x00afc4e0	backend_basetype	0x00afbb90	backend_basetype__vslot_113	0.82
0x00b0b784	backend_basetype2	0x00b0e82c	backend_dataflow	0x00b0af4c	114	0	0x005bcb13	FUN_005bcb13	inherited	0x005bcb13	0x00afc4e0	backend_basetype	0x00afbb90	backend_basetype__vslot_114	0.82
0x00b0b784	backend_basetype2	0x00b0e82c	backend_dataflow	0x00b0af4c	115	0	0x005bccd3	FUN_005bccd3	inherited	0x005bccd3	0x00afc4e0	backend_basetype	0x00afbb90	backend_basetype__vslot_115	0.82
0x00b0b784	backend_basetype2	0x00b0e82c	backend_dataflow	0x00b0af4c	116	0	0x005bcb0a	FUN_005bcb0a	inherited	0x005bcb0a	0x00afc4e0	backend_basetype	0x00afbb90	backend_basetype__vslot_116	0.82
0x00b0b784	backend_basetype2	0x00b0e82c	backend_dataflow	0x00b0af4c	117	0	0x00734d7d	FUN_00734d7d	override	0x005ba88a	0x00b0b784	backend_basetype2	0x00b0af4c	backend_basetype2__vslot_117	0.95
0x00b0b784	backend_basetype2	0x00b0e82c	backend_dataflow	0x00b0af4c	118	0	0x005bccd8	FUN_005bccd8	inherited	0x005bccd8	0x00afc4e0	backend_basetype	0x00afbb90	backend_basetype__vslot_118	0.82
0x00b0b784	backend_basetype2	0x00b0e82c	backend_dataflow	0x00b0af4c	119	0	0x005bcce1	FUN_005bcce1	inherited	0x005bcce1	0x00afc4e0	backend_basetype	0x00afbb90	backend_basetype__vslot_119	0.82
0x00b0b784	backend_basetype2	0x00b0e82c	backend_dataflow	0x00b0af4c	120	0	0x00735098	FUN_00735098	override	0x005ba893	0x00b0b784	backend_basetype2	0x00b0af4c	backend_basetype2__vslot_120	0.95
0x00b0b784	backend_basetype2	0x00b0e82c	backend_dataflow	0x00b0af4c	121	0	0x007350d0	FUN_007350d0	override	0x005ba89c	0x00b0b784	backend_basetype2	0x00b0af4c	backend_basetype2__vslot_121	0.95
0x00b0b784	backend_basetype2	0x00b0e82c	backend_dataflow	0x00b0af4c	122	0	0x00734d86	FUN_00734d86	override	0x005ba8a5	0x00b0b784	backend_basetype2	0x00b0af4c	backend_basetype2__vslot_122	0.95
0x00b0b784	backend_basetype2	0x00b0e82c	backend_dataflow	0x00b0af4c	123	0	0x00734d8f	FUN_00734d8f	override	0x005ba8ae	0x00b0b784	backend_basetype2	0x00b0af4c	backend_basetype2__vslot_123	0.95
0x00b0b784	backend_basetype2	0x00b0e82c	backend_dataflow	0x00b0af4c	124	0	0x00734d98	FUN_00734d98	override	0x005ba8b7	0x00b0b784	backend_basetype2	0x00b0af4c	backend_basetype2__vslot_124	0.95
0x00b0b784	backend_basetype2	0x00b0e82c	backend_dataflow	0x00b0af4c	125	0	0x00734da1	FUN_00734da1	override	0x005ba8c0	0x00b0b784	backend_basetype2	0x00b0af4c	backend_basetype2__vslot_125	0.95
0x00b0b784	backend_basetype2	0x00b0e82c	backend_dataflow	0x00b0af4c	126	0	0x00734daa	FUN_00734daa	override	0x005ba8c9	0x00b0b784	backend_basetype2	0x00b0af4c	backend_basetype2__vslot_126	0.95
0x00b0b784	backend_basetype2	0x00b0e82c	backend_dataflow	0x00b0af4c	127	0	0x005bde20	FUN_005bde20	inherited	0x005bde20	0x00afc4e0	backend_basetype	0x00afbb90	backend_basetype__vslot_127	0.82
0x00b0b784	backend_basetype2	0x00b0e82c	backend_dataflow	0x00b0af4c	128	0	0x00734db3	FUN_00734db3	override	0x005ba8d2	0x00b0b784	backend_basetype2	0x00b0af4c	backend_basetype2__vslot_128	0.95
0x00b0b784	backend_basetype2	0x00b0e82c	backend_dataflow	0x00b0af4c	129	0	0x00734e16	FUN_00734e16	override	0x005ba935	0x00b0b784	backend_basetype2	0x00b0af4c	backend_basetype2__vslot_129	0.95
0x00b0b784	backend_basetype2	0x00b0e82c	backend_dataflow	0x00b0af4c	130	0	0x005bccea	FUN_005bccea	inherited	0x005bccea	0x00afc4e0	backend_basetype	0x00afbb90	backend_basetype__vslot_130	0.82
0x00b0b784	backend_basetype2	0x00b0e82c	backend_dataflow	0x00b0af4c	131	0	0x005bce00	FUN_005bce00	inherited	0x005bce00	0x00afc4e0	backend_basetype	0x00afbb90	backend_basetype__vslot_131	0.82
0x00b0b784	backend_basetype2	0x00b0e82c	backend_dataflow	0x00b0af4c	132	0	0x00734e1b	FUN_00734e1b	override	0x005ba93a	0x00b0b784	backend_basetype2	0x00b0af4c	backend_basetype2__vslot_132	0.95
0x00b0b784	backend_basetype2	0x00b0e82c	backend_dataflow	0x00b0af4c	133	0	0x005bce2d	FUN_005bce2d	inherited	0x005bce2d	0x00afc4e0	backend_basetype	0x00afbb90	backend_basetype__vslot_133	0.82
0x00b0b784	backend_basetype2	0x00b0e82c	backend_dataflow	0x00b0af4c	134	0	0x005bce7d	FUN_005bce7d	inherited	0x005bce7d	0x00afc4e0	backend_basetype	0x00afbb90	backend_basetype__vslot_134	0.82
0x00b0b784	backend_basetype2	0x00b0e82c	backend_dataflow	0x00b0af4c	135	0	0x005bceca	FUN_005bceca	inherited	0x005bceca	0x00afc4e0	backend_basetype	0x00afbb90	backend_basetype__vslot_135	0.82
0x00b0b784	backend_basetype2	0x00b0e82c	backend_dataflow	0x00b0af4c	136	0	0x005bcecf	FUN_005bcecf	inherited	0x005bcecf	0x00afc4e0	backend_basetype	0x00afbb90	backend_basetype__vslot_136	0.82
0x00b0b784	backend_basetype2	0x00b0e82c	backend_dataflow	0x00b0af4c	137	0	0x005bcef3	FUN_005bcef3	inherited	0x005bcef3	0x00afc4e0	backend_basetype	0x00afbb90	backend_basetype__vslot_137	0.82
0x00b0b784	backend_basetype2	0x00b0e82c	backend_dataflow	0x00b0af4c	138	0	0x00734e24	FUN_00734e24	override	0x005ba943	0x00b0b784	backend_basetype2	0x00b0af4c	backend_basetype2__vslot_138	0.95
0x00b0b784	backend_basetype2	0x00b0e82c	backend_dataflow	0x00b0af4c	139	0	0x005bd353	FUN_005bd353	inherited	0x005bd353	0x00afc4e0	backend_basetype	0x00afbb90	backend_basetype__vslot_139	0.82
0x00b0b784	backend_basetype2	0x00b0e82c	backend_dataflow	0x00b0af4c	140	0	0x00734e2d	FUN_00734e2d	override	0x005ba94c	0x00b0b784	backend_basetype2	0x00b0af4c	backend_basetype2__vslot_140	0.95
0x00b0b784	backend_basetype2	0x00b0e82c	backend_dataflow	0x00b0af4c	141	0	0x00734e32	FUN_00734e32	override	0x005ba951	0x00b0b784	backend_basetype2	0x00b0af4c	backend_basetype2__vslot_141	0.95
0x00b0b784	backend_basetype2	0x00b0e82c	backend_dataflow	0x00b0af4c	142	0	0x00734e37	FUN_00734e37	override	0x005ba956	0x00b0b784	backend_basetype2	0x00b0af4c	backend_basetype2__vslot_142	0.95
0x00b0b784	backend_basetype2	0x00b0e82c	backend_dataflow	0x00b0af4c	143	0	0x00734e3c	FUN_00734e3c	override	0x005ba95b	0x00b0b784	backend_basetype2	0x00b0af4c	backend_basetype2__vslot_143	0.95
0x00b0b784	backend_basetype2	0x00b0e82c	backend_dataflow	0x00b0af4c	144	0	0x00734e41	FUN_00734e41	override	0x005ba960	0x00b0b784	backend_basetype2	0x00b0af4c	backend_basetype2__vslot_144	0.95
0x00b0b784	backend_basetype2	0x00b0e82c	backend_dataflow	0x00b0af4c	145	0	0x00734e46	FUN_00734e46	override	0x005ba965	0x00b0b784	backend_basetype2	0x00b0af4c	backend_basetype2__vslot_145	0.95
0x00b0b784	backend_basetype2	0x00b0e82c	backend_dataflow	0x00b0af4c	146	0	0x00734e55	FUN_00734e55	override	0x005ba974	0x00b0b784	backend_basetype2	0x00b0af4c	backend_basetype2__vslot_146	0.95
0x00b0b784	backend_basetype2	0x00b0e82c	backend_dataflow	0x00b0af4c	147	0	0x00734e5a	FUN_00734e5a	override	0x005ba979	0x00b0b784	backend_basetype2	0x00b0af4c	backend_basetype2__vslot_147	0.95
0x00b0b784	backend_basetype2	0x00b0e82c	backend_dataflow	0x00b0af4c	148	0	0x00734e5f	FUN_00734e5f	override	0x005ba97e	0x00b0b784	backend_basetype2	0x00b0af4c	backend_basetype2__vslot_148	0.95
0x00b0b784	backend_basetype2	0x00b0e82c	backend_dataflow	0x00b0af4c	149	0	0x0073bd67	FUN_0073bd67	inherited	0x0073bd67	0x00afc4e0	backend_basetype	0x00afbb90	backend_basetype__vslot_149	0.82
0x00b0b784	backend_basetype2	0x00b0e82c	backend_dataflow	0x00b0af4c	150	0	0x0073befc	FUN_0073befc	inherited	0x0073befc	0x00afc4e0	backend_basetype	0x00afbb90	backend_basetype__vslot_150	0.82
0x00b0b784	backend_basetype2	0x00b0e82c	backend_dataflow	0x00b0af4c	151	0	0x0073c694	FUN_0073c694	inherited	0x0073c694	0x00afc4e0	backend_basetype	0x00afbb90	backend_basetype__vslot_151	0.82
0x00b0b784	backend_basetype2	0x00b0e82c	backend_dataflow	0x00b0af4c	152	0	0x00734e69	FUN_00734e69	override	0x005ba988	0x00b0b784	backend_basetype2	0x00b0af4c	backend_basetype2__vslot_152	0.95
0x00b0b784	backend_basetype2	0x00b0e82c	backend_dataflow	0x00b0af4c	153	0	0x00734e72	FUN_00734e72	override	0x005ba991	0x00b0b784	backend_basetype2	0x00b0af4c	backend_basetype2__vslot_153	0.95
0x00b0b784	backend_basetype2	0x00b0e82c	backend_dataflow	0x00b0af4c	154	0	0x00734e7c	FUN_00734e7c	override	0x005ba99b	0x00b0b784	backend_basetype2	0x00b0af4c	backend_basetype2__vslot_154	0.95
0x00b0b784	backend_basetype2	0x00b0e82c	backend_dataflow	0x00b0af4c	155	0	0x0073e08f	FUN_0073e08f	inherited	0x0073e08f	0x00afc4e0	backend_basetype	0x00afbb90	backend_basetype__vslot_155	0.82
0x00b0b784	backend_basetype2	0x00b0e82c	backend_dataflow	0x00b0af4c	156	0	0x0073ef61	FUN_0073ef61	inherited	0x0073ef61	0x00afc4e0	backend_basetype	0x00afbb90	backend_basetype__vslot_156	0.82
0x00b0b784	backend_basetype2	0x00b0e82c	backend_dataflow	0x00b0af4c	157	0	0x0073f585	FUN_0073f585	inherited	0x0073f585	0x00afc4e0	backend_basetype	0x00afbb90	backend_basetype__vslot_157	0.82
0x00b0b784	backend_basetype2	0x00b0e82c	backend_dataflow	0x00b0af4c	158	0	0x0073ea02	FUN_0073ea02	inherited	0x0073ea02	0x00afc4e0	backend_basetype	0x00afbb90	backend_basetype__vslot_158	0.82
0x00b0b784	backend_basetype2	0x00b0e82c	backend_dataflow	0x00b0af4c	159	0	0x00734e86	FUN_00734e86	override	0x005ba9a5	0x00b0b784	backend_basetype2	0x00b0af4c	backend_basetype2__vslot_159	0.95
0x00b0b784	backend_basetype2	0x00b0e82c	backend_dataflow	0x00b0af4c	160	0	0x00734e90	FUN_00734e90	override	0x005ba9af	0x00b0b784	backend_basetype2	0x00b0af4c	backend_basetype2__vslot_160	0.95
0x00b0b784	backend_basetype2	0x00b0e82c	backend_dataflow	0x00b0af4c	161	0	0x00734e9a	FUN_00734e9a	override	0x005ba9b9	0x00b0b784	backend_basetype2	0x00b0af4c	backend_basetype2__vslot_161	0.95
0x00b0b784	backend_basetype2	0x00b0e82c	backend_dataflow	0x00b0af4c	162	0	0x00734e9f	FUN_00734e9f	override	0x005ba9be	0x00b0b784	backend_basetype2	0x00b0af4c	backend_basetype2__vslot_162	0.95
0x00b0b784	backend_basetype2	0x00b0e82c	backend_dataflow	0x00b0af4c	163	0	0x00734ea4	FUN_00734ea4	override	0x005ba9c3	0x00b0b784	backend_basetype2	0x00b0af4c	backend_basetype2__vslot_163	0.95
0x00b0b784	backend_basetype2	0x00b0e82c	backend_dataflow	0x00b0af4c	164	0	0x00734ea9	FUN_00734ea9	override	0x005ba9c8	0x00b0b784	backend_basetype2	0x00b0af4c	backend_basetype2__vslot_164	0.95
0x00b0b784	backend_basetype2	0x00b0e82c	backend_dataflow	0x00b0af4c	165	0	0x005bd358	FUN_005bd358	inherited	0x005bd358	0x00afc4e0	backend_basetype	0x00afbb90	backend_basetype__vslot_165	0.82
0x00b0b784	backend_basetype2	0x00b0e82c	backend_dataflow	0x00b0af4c	166	0	0x005bd6a3	FUN_005bd6a3	inherited	0x005bd6a3	0x00afc4e0	backend_basetype	0x00afbb90	backend_basetype__vslot_166	0.82
0x00b0b784	backend_basetype2	0x00b0e82c	backend_dataflow	0x00b0af4c	167	0	0x005bd73a	FUN_005bd73a	inherited	0x005bd73a	0x00afc4e0	backend_basetype	0x00afbb90	backend_basetype__vslot_167	0.82
0x00b0b784	backend_basetype2	0x00b0e82c	backend_dataflow	0x00b0af4c	168	0	0x005bd82a	FUN_005bd82a	inherited	0x005bd82a	0x00afc4e0	backend_basetype	0x00afbb90	backend_basetype__vslot_168	0.82
0x00b0b784	backend_basetype2	0x00b0e82c	backend_dataflow	0x00b0af4c	169	0	0x007351e2	FUN_007351e2	override	0x005bca1d	0x00b0b784	backend_basetype2	0x00b0af4c	backend_basetype2__vslot_169	0.95
0x00b0b784	backend_basetype2	0x00b0e82c	backend_dataflow	0x00b0af4c	170	0	0x0073522e	FUN_0073522e	override	0x005bca2c	0x00b0b784	backend_basetype2	0x00b0af4c	backend_basetype2__vslot_170	0.95
0x00b0b784	backend_basetype2	0x00b0e82c	backend_dataflow	0x00b0af4c	171	0	0x00735254	FUN_00735254	override	0x005bca3b	0x00b0b784	backend_basetype2	0x00b0af4c	backend_basetype2__vslot_171	0.95
0x00b0b784	backend_basetype2	0x00b0e82c	backend_dataflow	0x00b0af4c	172	0	0x0073527a	FUN_0073527a	override	0x005bca4a	0x00b0b784	backend_basetype2	0x00b0af4c	backend_basetype2__vslot_172	0.95
0x00b0b784	backend_basetype2	0x00b0e82c	backend_dataflow	0x00b0af4c	173	0	0x005bd393	FUN_005bd393	inherited	0x005bd393	0x00afc4e0	backend_basetype	0x00afbb90	backend_basetype__vslot_173	0.82
0x00b0b784	backend_basetype2	0x00b0e82c	backend_dataflow	0x00b0af4c	174	0	0x005bd398	FUN_005bd398	inherited	0x005bd398	0x00afc4e0	backend_basetype	0x00afbb90	backend_basetype__vslot_174	0.82
0x00b0b784	backend_basetype2	0x00b0e82c	backend_dataflow	0x00b0af4c	175	0	0x005bd3a0	FUN_005bd3a0	inherited	0x005bd3a0	0x00afc4e0	backend_basetype	0x00afbb90	backend_basetype__vslot_175	0.82
0x00b0b784	backend_basetype2	0x00b0e82c	backend_dataflow	0x00b0af4c	176	0	0x005bd3a9	FUN_005bd3a9	inherited	0x005bd3a9	0x00afc4e0	backend_basetype	0x00afbb90	backend_basetype__vslot_176	0.82
0x00b0b784	backend_basetype2	0x00b0e82c	backend_dataflow	0x00b0af4c	177	0	0x005bd3b2	FUN_005bd3b2	inherited	0x005bd3b2	0x00afc4e0	backend_basetype	0x00afbb90	backend_basetype__vslot_177	0.82
0x00b0b784	backend_basetype2	0x00b0e82c	backend_dataflow	0x00b0af4c	178	0	0x005bd3bb	FUN_005bd3bb	inherited	0x005bd3bb	0x00afc4e0	backend_basetype	0x00afbb90	backend_basetype__vslot_178	0.82
0x00b0b784	backend_basetype2	0x00b0e82c	backend_dataflow	0x00b0af4c	179	0	0x005bd3c5	FUN_005bd3c5	inherited	0x005bd3c5	0x00afc4e0	backend_basetype	0x00afbb90	backend_basetype__vslot_179	0.82
0x00b0b784	backend_basetype2	0x00b0e82c	backend_dataflow	0x00b0af4c	180	0	0x005bd3ca	FUN_005bd3ca	inherited	0x005bd3ca	0x00afc4e0	backend_basetype	0x00afbb90	backend_basetype__vslot_180	0.82
0x00b0b784	backend_basetype2	0x00b0e82c	backend_dataflow	0x00b0af4c	181	0	0x005bd3cf	FUN_005bd3cf	inherited	0x005bd3cf	0x00afc4e0	backend_basetype	0x00afbb90	backend_basetype__vslot_181	0.82
0x00b0b784	backend_basetype2	0x00b0e82c	backend_dataflow	0x00b0af4c	182	0	0x00734eb3	FUN_00734eb3	override	0x005ba9d2	0x00b0b784	backend_basetype2	0x00b0af4c	backend_basetype2__vslot_182	0.95
0x00b0b784	backend_basetype2	0x00b0e82c	backend_dataflow	0x00b0af4c	183	0	0x005bd3d8	FUN_005bd3d8	inherited	0x005bd3d8	0x00afc4e0	backend_basetype	0x00afbb90	backend_basetype__vslot_183	0.82
0x00b0b784	backend_basetype2	0x00b0e82c	backend_dataflow	0x00b0af4c	184	0	0x005bd3dd	FUN_005bd3dd	inherited	0x005bd3dd	0x00afc4e0	backend_basetype	0x00afbb90	backend_basetype__vslot_184	0.82
0x00b0b784	backend_basetype2	0x00b0e82c	backend_dataflow	0x00b0af4c	185	0	0x005bd3e7	FUN_005bd3e7	inherited	0x005bd3e7	0x00afc4e0	backend_basetype	0x00afbb90	backend_basetype__vslot_185	0.82
0x00b0b784	backend_basetype2	0x00b0e82c	backend_dataflow	0x00b0af4c	186	0	0x005bd65c	FUN_005bd65c	inherited	0x005bd65c	0x00afc4e0	backend_basetype	0x00afbb90	backend_basetype__vslot_186	0.82
0x00b0b784	backend_basetype2	0x00b0e82c	backend_dataflow	0x00b0af4c	187	0	0x00734eb8	FUN_00734eb8	override	0x005ba9d7	0x00b0b784	backend_basetype2	0x00b0af4c	backend_basetype2__vslot_187	0.95
0x00b0b784	backend_basetype2	0x00b0e82c	backend_dataflow	0x00b0af4c	188	0	0x00734ebd	FUN_00734ebd	override	0x005ba9dc	0x00b0b784	backend_basetype2	0x00b0af4c	backend_basetype2__vslot_188	0.95
0x00b0b784	backend_basetype2	0x00b0e82c	backend_dataflow	0x00b0af4c	189	0	0x00734ec7	FUN_00734ec7	override	0x005ba9e6	0x00b0b784	backend_basetype2	0x00b0af4c	backend_basetype2__vslot_189	0.95
0x00b0b784	backend_basetype2	0x00b0e82c	backend_dataflow	0x00b0af4c	190	0	0x00734ecc	FUN_00734ecc	override	0x005ba9eb	0x00b0b784	backend_basetype2	0x00b0af4c	backend_basetype2__vslot_190	0.95
0x00b0b784	backend_basetype2	0x00b0e82c	backend_dataflow	0x00b0af4c	191	0	0x00734ed4	FUN_00734ed4	override	0x005ba9f3	0x00b0b784	backend_basetype2	0x00b0af4c	backend_basetype2__vslot_191	0.95
0x00b0b784	backend_basetype2	0x00b0e82c	backend_dataflow	0x00b0af4c	192	0	0x00734edd	FUN_00734edd	override	0x005ba9fc	0x00b0b784	backend_basetype2	0x00b0af4c	backend_basetype2__vslot_192	0.95
0x00b0b784	backend_basetype2	0x00b0e82c	backend_dataflow	0x00b0af4c	193	0	0x00734ee6	FUN_00734ee6	override	0x005baa05	0x00b0b784	backend_basetype2	0x00b0af4c	backend_basetype2__vslot_193	0.95
0x00b0b784	backend_basetype2	0x00b0e82c	backend_dataflow	0x00b0af4c	194	0	0x005bd89d	FUN_005bd89d	inherited	0x005bd89d	0x00afc4e0	backend_basetype	0x00afbb90	backend_basetype__vslot_194	0.82
0x00b0b784	backend_basetype2	0x00b0e82c	backend_dataflow	0x00b0af4c	195	0	0x00734eef	FUN_00734eef	override	0x005baa0e	0x00b0b784	backend_basetype2	0x00b0af4c	backend_basetype2__vslot_195	0.95
0x00b0b784	backend_basetype2	0x00b0e82c	backend_dataflow	0x00b0af4c	196	0	0x005bd972	FUN_005bd972	inherited	0x005bd972	0x00afc4e0	backend_basetype	0x00afbb90	backend_basetype__vslot_196	0.82
0x00b0b784	backend_basetype2	0x00b0e82c	backend_dataflow	0x00b0af4c	197	0	0x005bd9f1	FUN_005bd9f1	inherited	0x005bd9f1	0x00afc4e0	backend_basetype	0x00afbb90	backend_basetype__vslot_197	0.82
0x00b0b784	backend_basetype2	0x00b0e82c	backend_dataflow	0x00b0af4c	198	0	0x00734ef9	FUN_00734ef9	override	0x005baa18	0x00b0b784	backend_basetype2	0x00b0af4c	backend_basetype2__vslot_198	0.95
0x00b0b784	backend_basetype2	0x00b0e82c	backend_dataflow	0x00b0af4c	199	0	0x005bda6a	FUN_005bda6a	inherited	0x005bda6a	0x00afc4e0	backend_basetype	0x00afbb90	backend_basetype__vslot_199	0.82
0x00b0b784	backend_basetype2	0x00b0e82c	backend_dataflow	0x00b0af4c	200	0	0x00734f02	FUN_00734f02	override	0x005baa21	0x00b0b784	backend_basetype2	0x00b0af4c	backend_basetype2__vslot_200	0.95
0x00b0b784	backend_basetype2	0x00b0e82c	backend_dataflow	0x00b0af4c	201	0	0x00734f0e	FUN_00734f0e	override	0x005baa2d	0x00b0b784	backend_basetype2	0x00b0af4c	backend_basetype2__vslot_201	0.95
0x00b0b784	backend_basetype2	0x00b0e82c	backend_dataflow	0x00b0af4c	202	0	0x00734f17	FUN_00734f17	override	0x005baa36	0x00b0b784	backend_basetype2	0x00b0af4c	backend_basetype2__vslot_202	0.95
0x00b0b784	backend_basetype2	0x00b0e82c	backend_dataflow	0x00b0af4c	203	0	0x00734f21	FUN_00734f21	override	0x005baa40	0x00b0b784	backend_basetype2	0x00b0af4c	backend_basetype2__vslot_203	0.95
0x00b0b784	backend_basetype2	0x00b0e82c	backend_dataflow	0x00b0af4c	204	0	0x00734f2b	FUN_00734f2b	override	0x005baa4a	0x00b0b784	backend_basetype2	0x00b0af4c	backend_basetype2__vslot_204	0.95
0x00b0b784	backend_basetype2	0x00b0e82c	backend_dataflow	0x00b0af4c	205	0	0x00734f30	FUN_00734f30	override	0x005baa4f	0x00b0b784	backend_basetype2	0x00b0af4c	backend_basetype2__vslot_205	0.95
0x00b0b784	backend_basetype2	0x00b0e82c	backend_dataflow	0x00b0af4c	206	0	0x005bd98d	FUN_005bd98d	inherited	0x005bd98d	0x00afc4e0	backend_basetype	0x00afbb90	backend_basetype__vslot_206	0.82
0x00b0b784	backend_basetype2	0x00b0e82c	backend_dataflow	0x00b0af4c	207	0	0x00734f35	FUN_00734f35	override	0x005baa54	0x00b0b784	backend_basetype2	0x00b0af4c	backend_basetype2__vslot_207	0.95
0x00b0b784	backend_basetype2	0x00b0e82c	backend_dataflow	0x00b0af4c	208	0	0x00734f3a	FUN_00734f3a	override	0x005baa59	0x00b0b784	backend_basetype2	0x00b0af4c	backend_basetype2__vslot_208	0.95
0x00b0b784	backend_basetype2	0x00b0e82c	backend_dataflow	0x00b0af4c	209	0	0x00734f43	FUN_00734f43	override	0x005baa62	0x00b0b784	backend_basetype2	0x00b0af4c	backend_basetype2__vslot_209	0.95
0x00b0b784	backend_basetype2	0x00b0e82c	backend_dataflow	0x00b0af4c	210	0	0x005bdb08	FUN_005bdb08	inherited	0x005bdb08	0x00afc4e0	backend_basetype	0x00afbb90	backend_basetype__vslot_210	0.82
0x00b0b784	backend_basetype2	0x00b0e82c	backend_dataflow	0x00b0af4c	211	0	0x00734f4c	FUN_00734f4c	override	0x005baa6b	0x00b0b784	backend_basetype2	0x00b0af4c	backend_basetype2__vslot_211	0.95
0x00b0b784	backend_basetype2	0x00b0e82c	backend_dataflow	0x00b0af4c	212	0	0x004e2d50	FUN_004e2d50	inherited	0x004e2d50	0x00afc4e0	backend_basetype	0x00afbb90	backend_basetype__vslot_212	0.82
0x00b0b784	backend_basetype2	0x00b0e82c	backend_dataflow	0x00b0af4c	213	0	0x00734f56	FUN_00734f56	override	0x005baa75	0x00b0b784	backend_basetype2	0x00b0af4c	backend_basetype2__vslot_213	0.95
0x00b0b784	backend_basetype2	0x00b0e82c	backend_dataflow	0x00b0af4c	214	0	0x00734f5b	FUN_00734f5b	override	0x005baa7a	0x00b0b784	backend_basetype2	0x00b0af4c	backend_basetype2__vslot_214	0.95
0x00b0b784	backend_basetype2	0x00b0e82c	backend_dataflow	0x00b0af4c	215	0	0x00734f64	FUN_00734f64	override	0x005baa83	0x00b0b784	backend_basetype2	0x00b0af4c	backend_basetype2__vslot_215	0.95
0x00b0b784	backend_basetype2	0x00b0e82c	backend_dataflow	0x00b0af4c	216	0	0x005bdd08	FUN_005bdd08	inherited	0x005bdd08	0x00afc4e0	backend_basetype	0x00afbb90	backend_basetype__vslot_216	0.82
0x00b0b784	backend_basetype2	0x00b0e82c	backend_dataflow	0x00b0af4c	217	0	0x00734f69	FUN_00734f69	override	0x005baa88	0x00b0b784	backend_basetype2	0x00b0af4c	backend_basetype2__vslot_217	0.95
0x00b0b784	backend_basetype2	0x00b0e82c	backend_dataflow	0x00b0af4c	218	0	0x00734f72	FUN_00734f72	override	0x005baa91	0x00b0b784	backend_basetype2	0x00b0af4c	backend_basetype2__vslot_218	0.95
0x00b0b784	backend_basetype2	0x00b0e82c	backend_dataflow	0x00b0af4c	219	0	0x00734f7b	FUN_00734f7b	override	0x005baa9a	0x00b0b784	backend_basetype2	0x00b0af4c	backend_basetype2__vslot_219	0.95
0x00b0b784	backend_basetype2	0x00b0e82c	backend_dataflow	0x00b0af4c	220	0	0x00734f84	FUN_00734f84	override	0x005baaa3	0x00b0b784	backend_basetype2	0x00b0af4c	backend_basetype2__vslot_220	0.95
0x00b0b784	backend_basetype2	0x00b0e82c	backend_dataflow	0x00b0af4c	221	0	0x00734f8e	FUN_00734f8e	override	0x005baaad	0x00b0b784	backend_basetype2	0x00b0af4c	backend_basetype2__vslot_221	0.95
0x00b0b784	backend_basetype2	0x00b0e82c	backend_dataflow	0x00b0af4c	222	0	0x00734f93	FUN_00734f93	override	0x005baab2	0x00b0b784	backend_basetype2	0x00b0af4c	backend_basetype2__vslot_222	0.95
0x00b0b784	backend_basetype2	0x00b0e82c	backend_dataflow	0x00b0af4c	223	0	0x00734f9d	FUN_00734f9d	override	0x005baabc	0x00b0b784	backend_basetype2	0x00b0af4c	backend_basetype2__vslot_223	0.95
0x00b0b784	backend_basetype2	0x00b0e82c	backend_dataflow	0x00b0af4c	224	0	0x00734fa7	FUN_00734fa7	override	0x005baac6	0x00b0b784	backend_basetype2	0x00b0af4c	backend_basetype2__vslot_224	0.95
0x00b0b784	backend_basetype2	0x00b0e82c	backend_dataflow	0x00b0af4c	225	0	0x00734fb0	FUN_00734fb0	override	0x005baacf	0x00b0b784	backend_basetype2	0x00b0af4c	backend_basetype2__vslot_225	0.95
0x00b0b784	backend_basetype2	0x00b0e82c	backend_dataflow	0x00b0af4c	226	0	0x00734fb5	FUN_00734fb5	override	0x005baad4	0x00b0b784	backend_basetype2	0x00b0af4c	backend_basetype2__vslot_226	0.95
0x00b0b784	backend_basetype2	0x00b0e82c	backend_dataflow	0x00b0af4c	227	0	0x00734fba	FUN_00734fba	override	0x005baad9	0x00b0b784	backend_basetype2	0x00b0af4c	backend_basetype2__vslot_227	0.95
0x00b0b784	backend_basetype2	0x00b0e82c	backend_dataflow	0x00b0af4c	228	0	0x00734fbf	FUN_00734fbf	override	0x005baade	0x00b0b784	backend_basetype2	0x00b0af4c	backend_basetype2__vslot_228	0.95
0x00b0b784	backend_basetype2	0x00b0e82c	backend_dataflow	0x00b0af4c	229	0	0x0074249b	FUN_0074249b	inherited	0x0074249b	0x00afc4e0	backend_basetype	0x00afbb90	backend_basetype__vslot_229	0.82
0x00b0b784	backend_basetype2	0x00b0e82c	backend_dataflow	0x00b0af4c	230	0	0x00734fc8	FUN_00734fc8	override	0x005baae7	0x00b0b784	backend_basetype2	0x00b0af4c	backend_basetype2__vslot_230	0.95
0x00b0b784	backend_basetype2	0x00b0e82c	backend_dataflow	0x00b0af4c	231	0	0x00734fd1	FUN_00734fd1	override	0x005baaf0	0x00b0b784	backend_basetype2	0x00b0af4c	backend_basetype2__vslot_231	0.95
0x00b0b784	backend_basetype2	0x00b0e82c	backend_dataflow	0x00b0af4c	232	0	0x00734fe0	FUN_00734fe0	override	0x005baaff	0x00b0b784	backend_basetype2	0x00b0af4c	backend_basetype2__vslot_232	0.95
0x00b0b784	backend_basetype2	0x00b0e82c	backend_dataflow	0x00b0af4c	233	0	0x00734fe9	FUN_00734fe9	override	0x005bab08	0x00b0b784	backend_basetype2	0x00b0af4c	backend_basetype2__vslot_233	0.95
0x00b0b784	backend_basetype2	0x00b0e82c	backend_dataflow	0x00b0af4c	234	0	0x005bdcc7	FUN_005bdcc7	inherited	0x005bdcc7	0x00afc4e0	backend_basetype	0x00afbb90	backend_basetype__vslot_234	0.82
0x00b0b784	backend_basetype2	0x00b0e82c	backend_dataflow	0x00b0af4c	235	0	0x005bdcdc	FUN_005bdcdc	inherited	0x005bdcdc	0x00afc4e0	backend_basetype	0x00afbb90	backend_basetype__vslot_235	0.82
0x00b0b784	backend_basetype2	0x00b0e82c	backend_dataflow	0x00b0af4c	236	0	0x0077ef6e	FUN_0077ef6e	override	0x005bab0d	0x00b0b784	backend_basetype2	0x00b0af4c	backend_basetype2__vslot_236	0.95
0x00b0b784	backend_basetype2	0x00b0e82c	backend_dataflow	0x00b0af4c	237	0	0x0077efbe	FUN_0077efbe	override	0x005bab16	0x00b0b784	backend_basetype2	0x00b0af4c	backend_basetype2__vslot_237	0.95
0x00b0b784	backend_basetype2	0x00b0e82c	backend_dataflow	0x00b0af4c	238	0	0x005bdbe6	FUN_005bdbe6	inherited	0x005bdbe6	0x00afc4e0	backend_basetype	0x00afbb90	backend_basetype__vslot_238	0.82
0x00b0b784	backend_basetype2	0x00b0e82c	backend_dataflow	0x00b0af4c	239	0	0x00735673	FUN_00735673	override	0x005bab57	0x00b0b784	backend_basetype2	0x00b0af4c	backend_basetype2__vslot_239	0.95
0x00b0b784	backend_basetype2	0x00b0e82c	backend_dataflow	0x00b0af4c	240	0	0x00735026	FUN_00735026	override	0x005bab60	0x00b0b784	backend_basetype2	0x00b0af4c	backend_basetype2__vslot_240	0.95
0x00b0b784	backend_basetype2	0x00b0e82c	backend_dataflow	0x00b0af4c	241	0	0x005bde11	FUN_005bde11	inherited	0x005bde11	0x00afc4e0	backend_basetype	0x00afbb90	backend_basetype__vslot_241	0.82
0x00b0b784	backend_basetype2	0x00b0e82c	backend_dataflow	0x00b0af4c	242	0	0x0073502b	FUN_0073502b	override	0x005bab65	0x00b0b784	backend_basetype2	0x00b0af4c	backend_basetype2__vslot_242	0.95
0x00b0b784	backend_basetype2	0x00b0e82c	backend_dataflow	0x00b0af4c	243	0	0x00735034	FUN_00735034	override	0x005bab6e	0x00b0b784	backend_basetype2	0x00b0af4c	backend_basetype2__vslot_243	0.95
0x00b0b784	backend_basetype2	0x00b0e82c	backend_dataflow	0x00b0af4c	244	0	0x0073503d	FUN_0073503d	override	0x005bab77	0x00b0b784	backend_basetype2	0x00b0af4c	backend_basetype2__vslot_244	0.95
0x00b0b784	backend_basetype2	0x00b0e82c	backend_dataflow	0x00b0af4c	245	0	0x00735046	FUN_00735046	override	0x005bab80	0x00b0b784	backend_basetype2	0x00b0af4c	backend_basetype2__vslot_245	0.95
0x00b0b784	backend_basetype2	0x00b0e82c	backend_dataflow	0x00b0af4c	246	0	0x009947c2	FUN_009947c2	inherited	0x009947c2	0x00afc4e0	backend_basetype	0x00afbb90	backend_basetype__vslot_246	0.82
0x00b0b784	backend_basetype2	0x00b0e82c	backend_dataflow	0x00b0af4c	247	0	0x006c4c04	FUN_006c4c04	inherited	0x006c4c04	0x00afc4e0	backend_basetype	0x00afbb90	backend_basetype__vslot_247	0.82
0x00b0b784	backend_basetype2	0x00b0e82c	backend_dataflow	0x00b0af4c	248	0	0x0073504b	FUN_0073504b	override	0x005bab85	0x00b0b784	backend_basetype2	0x00b0af4c	backend_basetype2__vslot_248	0.95
0x00b0b784	backend_basetype2	0x00b0e82c	backend_dataflow	0x00b0af4c	249	0	0x00735054	FUN_00735054	override	0x005bab8e	0x00b0b784	backend_basetype2	0x00b0af4c	backend_basetype2__vslot_249	0.95
0x00b0b784	backend_basetype2	0x00b0e82c	backend_dataflow	0x00b0af4c	250	0	0x0073505d	FUN_0073505d	override	0x005bab97	0x00b0b784	backend_basetype2	0x00b0af4c	backend_basetype2__vslot_250	0.95
0x00b0b784	backend_basetype2	0x00b0e82c	backend_dataflow	0x00b0af4c	251	0	0x00735062	FUN_00735062	override	0x005bab9c	0x00b0b784	backend_basetype2	0x00b0af4c	backend_basetype2__vslot_251	0.95
0x00b0b784	backend_basetype2	0x00b0e82c	backend_dataflow	0x00b0af4c	252	0	0x0073506a	FUN_0073506a	override	0x005baba4	0x00b0b784	backend_basetype2	0x00b0af4c	backend_basetype2__vslot_252	0.95
0x00b0b784	backend_basetype2	0x00b0e82c	backend_dataflow	0x00b0af4c	253	0	0x00735073	FUN_00735073	override	0x005babad	0x00b0b784	backend_basetype2	0x00b0af4c	backend_basetype2__vslot_253	0.95
0x00b0b784	backend_basetype2	0x00b0e82c	backend_dataflow	0x00b0af4c	254	0	0x0061eb3f	FUN_0061eb3f	inherited	0x0061eb3f	0x00afc4e0	backend_basetype	0x00afbb90	backend_basetype__vslot_254	0.82
0x00b0b784	backend_basetype2	0x00b0e82c	backend_dataflow	0x00b0af4c	255	0	0x0061ea6d	FUN_0061ea6d	inherited	0x0061ea6d	0x00afc4e0	backend_basetype	0x00afbb90	backend_basetype__vslot_255	0.82
0x00b0b784	backend_basetype2	0x00b0e82c	backend_dataflow	0x00b0af4c	256	0	0x0061ea04	FUN_0061ea04	inherited	0x0061ea04	0x00afc4e0	backend_basetype	0x00afbb90	backend_basetype__vslot_256	0.82
0x00b0b784	backend_basetype2	0x00b0e82c	backend_dataflow	0x00b0af4c	257	0	0x0061ead6	FUN_0061ead6	inherited	0x0061ead6	0x00afc4e0	backend_basetype	0x00afbb90	backend_basetype__vslot_257	0.82
0x00b0b784	backend_basetype2	0x00b0e82c	backend_dataflow	0x00b0af4c	258	0	0x0077f082	FUN_0077f082	inherited	0x0077f082	0x00afc4e0	backend_basetype	0x00afbb90	backend_basetype__vslot_258	0.82
0x00b0b784	backend_basetype2	0x00b0e82c	backend_dataflow	0x00b0af4c	259	0	0x0073507c	FUN_0073507c	override	0x005babb6	0x00b0b784	backend_basetype2	0x00b0af4c	backend_basetype2__vslot_259	0.95
0x00b0b784	backend_basetype2	0x00b0e82c	backend_dataflow	0x00b0af4c	260	0	0x00735085	FUN_00735085	override	0x005babbf	0x00b0b784	backend_basetype2	0x00b0af4c	backend_basetype2__vslot_260	0.95
0x00b0b784	backend_basetype2	0x00b0e82c	backend_dataflow	0x00b0af4c	261	0	0x0073508e	FUN_0073508e	override	0x005babc8	0x00b0b784	backend_basetype2	0x00b0af4c	backend_basetype2__vslot_261	0.95
0x00b0b7b8	ws_interface	0x00b0b7b8	ws_interface	0x00b0b828	0	0	0x00a92860	FUN_00a92860	root_slot		0x00b0b7b8	ws_interface	0x00b0b828	ws_interface__vslot_000	0.82
0x00b0b7b8	ws_interface	0x00b0b7b8	ws_interface	0x00b0b828	1	0	0x00a92860	FUN_00a92860	root_slot		0x00b0b7b8	ws_interface	0x00b0b828	ws_interface__vslot_001	0.82
0x00b0b7b8	ws_interface	0x00b0b7b8	ws_interface	0x00b0b828	2	0	0x00a92860	FUN_00a92860	root_slot		0x00b0b7b8	ws_interface	0x00b0b828	ws_interface__vslot_002	0.82
0x00b0b7b8	ws_interface	0x00b0b7b8	ws_interface	0x00b0b828	3	0	0x00a92860	FUN_00a92860	root_slot		0x00b0b7b8	ws_interface	0x00b0b828	ws_interface__vslot_003	0.82
0x00b0b7b8	ws_interface	0x00b0b7b8	ws_interface	0x00b0b828	4	0	0x00a92860	FUN_00a92860	root_slot		0x00b0b7b8	ws_interface	0x00b0b828	ws_interface__vslot_004	0.82
0x00b0b7b8	ws_interface	0x00b0b7b8	ws_interface	0x00b0b828	5	0	0x00a92860	FUN_00a92860	root_slot		0x00b0b7b8	ws_interface	0x00b0b828	ws_interface__vslot_005	0.82
0x00b0b7b8	ws_interface	0x00b0b7b8	ws_interface	0x00b0b828	6	0	0x00a92860	FUN_00a92860	root_slot		0x00b0b7b8	ws_interface	0x00b0b828	ws_interface__vslot_006	0.82
0x00b0b7b8	ws_interface	0x00b0b7b8	ws_interface	0x00b0b828	7	0	0x00a92860	FUN_00a92860	root_slot		0x00b0b7b8	ws_interface	0x00b0b828	ws_interface__vslot_007	0.82
0x00b0b7b8	ws_interface	0x00b0b7b8	ws_interface	0x00b0b828	8	0	0x00a92860	FUN_00a92860	root_slot		0x00b0b7b8	ws_interface	0x00b0b828	ws_interface__vslot_008	0.82
0x00b0b7b8	ws_interface	0x00b0b7b8	ws_interface	0x00b0b828	9	0	0x00a92860	FUN_00a92860	root_slot		0x00b0b7b8	ws_interface	0x00b0b828	ws_interface__vslot_009	0.82
0x00b0b7b8	ws_interface	0x00b0b7b8	ws_interface	0x00b0b828	10	0	0x00a92860	FUN_00a92860	root_slot		0x00b0b7b8	ws_interface	0x00b0b828	ws_interface__vslot_010	0.82
0x00b0b7b8	ws_interface	0x00b0b7b8	ws_interface	0x00b0b828	11	0	0x00a92860	FUN_00a92860	root_slot		0x00b0b7b8	ws_interface	0x00b0b828	ws_interface__vslot_011	0.82
0x00b0b7b8	ws_interface	0x00b0b7b8	ws_interface	0x00b0b828	12	0	0x00a92860	FUN_00a92860	root_slot		0x00b0b7b8	ws_interface	0x00b0b828	ws_interface__vslot_012	0.82
0x00b0c0e4	list_scheduler	0x00b0c0e4	list_scheduler	0x00b0bf40	0	0	0x00735ab0	FUN_00735ab0	root_slot		0x00b0c0e4	list_scheduler	0x00b0bf40	list_scheduler__vslot_000	0.82
0x00b0c0e4	list_scheduler	0x00b0c0e4	list_scheduler	0x00b0bf40	1	0	0x00737c92	FUN_00737c92	root_slot		0x00b0c0e4	list_scheduler	0x00b0bf40	list_scheduler__vslot_001	0.82
0x00b0c0e4	list_scheduler	0x00b0c0e4	list_scheduler	0x00b0bf40	2	0	0x00736fa6	FUN_00736fa6	root_slot		0x00b0c0e4	list_scheduler	0x00b0bf40	list_scheduler__vslot_002	0.82
0x00b0c0e4	list_scheduler	0x00b0c0e4	list_scheduler	0x00b0bf40	3	0	0x00737736	FUN_00737736	root_slot		0x00b0c0e4	list_scheduler	0x00b0bf40	list_scheduler__vslot_003	0.82
0x00b0c0e4	list_scheduler	0x00b0c0e4	list_scheduler	0x00b0bf40	4	0	0x00a92860	FUN_00a92860	root_slot		0x00b0c0e4	list_scheduler	0x00b0bf40	list_scheduler__vslot_004	0.82
0x00b0c0e4	list_scheduler	0x00b0c0e4	list_scheduler	0x00b0bf40	5	0	0x00737b5c	FUN_00737b5c	root_slot		0x00b0c0e4	list_scheduler	0x00b0bf40	list_scheduler__vslot_005	0.82
0x00b0c0e4	list_scheduler	0x00b0c0e4	list_scheduler	0x00b0bf40	6	0	0x00a92860	FUN_00a92860	root_slot		0x00b0c0e4	list_scheduler	0x00b0bf40	list_scheduler__vslot_006	0.82
0x00b0c0e4	list_scheduler	0x00b0c0e4	list_scheduler	0x00b0bf40	7	0	0x00735ab9	FUN_00735ab9	root_slot		0x00b0c0e4	list_scheduler	0x00b0bf40	list_scheduler__vslot_007	0.82
0x00b0c0e4	list_scheduler	0x00b0c0e4	list_scheduler	0x00b0bf40	8	0	0x00735abe	FUN_00735abe	root_slot		0x00b0c0e4	list_scheduler	0x00b0bf40	list_scheduler__vslot_008	0.82
0x00b0c0e4	list_scheduler	0x00b0c0e4	list_scheduler	0x00b0bf40	9	0	0x007385f8	FUN_007385f8	root_slot		0x00b0c0e4	list_scheduler	0x00b0bf40	list_scheduler__vslot_009	0.82
0x00b0c0e4	list_scheduler	0x00b0c0e4	list_scheduler	0x00b0bf40	10	0	0x00738528	FUN_00738528	root_slot		0x00b0c0e4	list_scheduler	0x00b0bf40	list_scheduler__vslot_010	0.82
0x00b0c0f4	resource_model_scheduler	0x00b0c0e4	list_scheduler	0x00b0bfa0	0	0	0x00735ab0	FUN_00735ab0	inherited	0x00735ab0	0x00b0c0e4	list_scheduler	0x00b0bf40	list_scheduler__vslot_000	0.82
0x00b0c0f4	resource_model_scheduler	0x00b0c0e4	list_scheduler	0x00b0bfa0	1	0	0x0073950f	FUN_0073950f	override	0x00737c92	0x00b0c0f4	resource_model_scheduler	0x00b0bfa0	resource_model_scheduler__vslot_001	0.95
0x00b0c0f4	resource_model_scheduler	0x00b0c0e4	list_scheduler	0x00b0bfa0	2	0	0x007387cf	FUN_007387cf	override	0x00736fa6	0x00b0c0f4	resource_model_scheduler	0x00b0bfa0	resource_model_scheduler__vslot_002	0.95
0x00b0c0f4	resource_model_scheduler	0x00b0c0e4	list_scheduler	0x00b0bfa0	3	0	0x00738de5	FUN_00738de5	override	0x00737736	0x00b0c0f4	resource_model_scheduler	0x00b0bfa0	resource_model_scheduler__vslot_003	0.95
0x00b0c0f4	resource_model_scheduler	0x00b0c0e4	list_scheduler	0x00b0bfa0	4	0	0x00738772	FUN_00738772	override	0x00a92860	0x00b0c0f4	resource_model_scheduler	0x00b0bfa0	resource_model_scheduler__vslot_004	0.95
0x00b0c0f4	resource_model_scheduler	0x00b0c0e4	list_scheduler	0x00b0bfa0	5	0	0x00738d12	FUN_00738d12	override	0x00737b5c	0x00b0c0f4	resource_model_scheduler	0x00b0bfa0	resource_model_scheduler__vslot_005	0.95
0x00b0c0f4	resource_model_scheduler	0x00b0c0e4	list_scheduler	0x00b0bfa0	6	0	0x00739097	FUN_00739097	override	0x00a92860	0x00b0c0f4	resource_model_scheduler	0x00b0bfa0	resource_model_scheduler__vslot_006	0.95
0x00b0c0f4	resource_model_scheduler	0x00b0c0e4	list_scheduler	0x00b0bfa0	7	0	0x00739679	FUN_00739679	override	0x00735ab9	0x00b0c0f4	resource_model_scheduler	0x00b0bfa0	resource_model_scheduler__vslot_007	0.95
0x00b0c0f4	resource_model_scheduler	0x00b0c0e4	list_scheduler	0x00b0bfa0	8	0	0x00739659	FUN_00739659	override	0x00735abe	0x00b0c0f4	resource_model_scheduler	0x00b0bfa0	resource_model_scheduler__vslot_008	0.95
0x00b0c0f4	resource_model_scheduler	0x00b0c0e4	list_scheduler	0x00b0bfa0	9	0	0x00739ae2	FUN_00739ae2	override	0x007385f8	0x00b0c0f4	resource_model_scheduler	0x00b0bfa0	resource_model_scheduler__vslot_009	0.95
0x00b0c0f4	resource_model_scheduler	0x00b0c0e4	list_scheduler	0x00b0bfa0	10	0	0x00739824	FUN_00739824	override	0x00738528	0x00b0c0f4	resource_model_scheduler	0x00b0bfa0	resource_model_scheduler__vslot_010	0.95
0x00b0c0f4	resource_model_scheduler	0x00b0c0e4	list_scheduler	0x00b0bfa0	11	0	0x00a92860	FUN_00a92860	introduced		0x00b0c0f4	resource_model_scheduler	0x00b0bfa0	resource_model_scheduler__vslot_011	0.95
0x00b0c0f4	resource_model_scheduler	0x00b0c0e4	list_scheduler	0x00b0bfa0	12	0	0x007399dd	FUN_007399dd	introduced		0x00b0c0f4	resource_model_scheduler	0x00b0bfa0	resource_model_scheduler__vslot_012	0.95
0x00b0c104	compat_list_scheduler	0x00b0c0e4	list_scheduler	0x00b0c084	0	0	0x00735ab0	FUN_00735ab0	inherited	0x00735ab0	0x00b0c0e4	list_scheduler	0x00b0bf40	list_scheduler__vslot_000	0.82
0x00b0c104	compat_list_scheduler	0x00b0c0e4	list_scheduler	0x00b0c084	1	0	0x0073a81f	FUN_0073a81f	override	0x00737c92	0x00b0c104	compat_list_scheduler	0x00b0c084	compat_list_scheduler__vslot_001	0.95
0x00b0c104	compat_list_scheduler	0x00b0c0e4	list_scheduler	0x00b0c084	2	0	0x00736fa6	FUN_00736fa6	inherited	0x00736fa6	0x00b0c0e4	list_scheduler	0x00b0bf40	list_scheduler__vslot_002	0.82
0x00b0c104	compat_list_scheduler	0x00b0c0e4	list_scheduler	0x00b0c084	3	0	0x00737736	FUN_00737736	inherited	0x00737736	0x00b0c0e4	list_scheduler	0x00b0bf40	list_scheduler__vslot_003	0.82
0x00b0c104	compat_list_scheduler	0x00b0c0e4	list_scheduler	0x00b0c084	4	0	0x0073a849	FUN_0073a849	override	0x00a92860	0x00b0c104	compat_list_scheduler	0x00b0c084	compat_list_scheduler__vslot_004	0.95
0x00b0c104	compat_list_scheduler	0x00b0c0e4	list_scheduler	0x00b0c084	5	0	0x00737b5c	FUN_00737b5c	inherited	0x00737b5c	0x00b0c0e4	list_scheduler	0x00b0bf40	list_scheduler__vslot_005	0.82
0x00b0c104	compat_list_scheduler	0x00b0c0e4	list_scheduler	0x00b0c084	6	0	0x0073a7f7	FUN_0073a7f7	override	0x00a92860	0x00b0c104	compat_list_scheduler	0x00b0c084	compat_list_scheduler__vslot_006	0.95
0x00b0c104	compat_list_scheduler	0x00b0c0e4	list_scheduler	0x00b0c084	7	0	0x00735ab9	FUN_00735ab9	inherited	0x00735ab9	0x00b0c0e4	list_scheduler	0x00b0bf40	list_scheduler__vslot_007	0.82
0x00b0c104	compat_list_scheduler	0x00b0c0e4	list_scheduler	0x00b0c084	8	0	0x00735abe	FUN_00735abe	inherited	0x00735abe	0x00b0c0e4	list_scheduler	0x00b0bf40	list_scheduler__vslot_008	0.82
0x00b0c104	compat_list_scheduler	0x00b0c0e4	list_scheduler	0x00b0c084	9	0	0x007385f8	FUN_007385f8	inherited	0x007385f8	0x00b0c0e4	list_scheduler	0x00b0bf40	list_scheduler__vslot_009	0.82
0x00b0c104	compat_list_scheduler	0x00b0c0e4	list_scheduler	0x00b0c084	10	0	0x00738528	FUN_00738528	inherited	0x00738528	0x00b0c0e4	list_scheduler	0x00b0bf40	list_scheduler__vslot_010	0.82
0x00b0c114	ls_window_scheduler	0x00b0b7b8	ws_interface	0x00b0c010	0	0	0x0073aa46	FUN_0073aa46	override	0x00a92860	0x00b0c114	ls_window_scheduler	0x00b0c010	ls_window_scheduler__vslot_000	0.95
0x00b0c114	ls_window_scheduler	0x00b0b7b8	ws_interface	0x00b0c010	1	0	0x00735ac3	FUN_00735ac3	override	0x00a92860	0x00b0c114	ls_window_scheduler	0x00b0c010	ls_window_scheduler__vslot_001	0.95
0x00b0c114	ls_window_scheduler	0x00b0b7b8	ws_interface	0x00b0c010	2	0	0x00735ac8	FUN_00735ac8	override	0x00a92860	0x00b0c114	ls_window_scheduler	0x00b0c010	ls_window_scheduler__vslot_002	0.95
0x00b0c114	ls_window_scheduler	0x00b0b7b8	ws_interface	0x00b0c010	3	0	0x0073aa91	FUN_0073aa91	override	0x00a92860	0x00b0c114	ls_window_scheduler	0x00b0c010	ls_window_scheduler__vslot_003	0.95
0x00b0c114	ls_window_scheduler	0x00b0b7b8	ws_interface	0x00b0c010	4	0	0x0073abbc	FUN_0073abbc	override	0x00a92860	0x00b0c114	ls_window_scheduler	0x00b0c010	ls_window_scheduler__vslot_004	0.95
0x00b0c114	ls_window_scheduler	0x00b0b7b8	ws_interface	0x00b0c010	5	0	0x0073abfc	FUN_0073abfc	override	0x00a92860	0x00b0c114	ls_window_scheduler	0x00b0c010	ls_window_scheduler__vslot_005	0.95
0x00b0c114	ls_window_scheduler	0x00b0b7b8	ws_interface	0x00b0c010	6	0	0x0073acce	FUN_0073acce	override	0x00a92860	0x00b0c114	ls_window_scheduler	0x00b0c010	ls_window_scheduler__vslot_006	0.95
0x00b0c114	ls_window_scheduler	0x00b0b7b8	ws_interface	0x00b0c010	7	0	0x0073ad76	FUN_0073ad76	override	0x00a92860	0x00b0c114	ls_window_scheduler	0x00b0c010	ls_window_scheduler__vslot_007	0.95
0x00b0c114	ls_window_scheduler	0x00b0b7b8	ws_interface	0x00b0c010	8	0	0x0073add4	FUN_0073add4	override	0x00a92860	0x00b0c114	ls_window_scheduler	0x00b0c010	ls_window_scheduler__vslot_008	0.95
0x00b0c114	ls_window_scheduler	0x00b0b7b8	ws_interface	0x00b0c010	9	0	0x00735acd	FUN_00735acd	override	0x00a92860	0x00b0c114	ls_window_scheduler	0x00b0c010	ls_window_scheduler__vslot_009	0.95
0x00b0c114	ls_window_scheduler	0x00b0b7b8	ws_interface	0x00b0c010	10	0	0x00735ae0	FUN_00735ae0	override	0x00a92860	0x00b0c114	ls_window_scheduler	0x00b0c010	ls_window_scheduler__vslot_010	0.95
0x00b0c114	ls_window_scheduler	0x00b0b7b8	ws_interface	0x00b0c010	11	0	0x00735af3	FUN_00735af3	override	0x00a92860	0x00b0c114	ls_window_scheduler	0x00b0c010	ls_window_scheduler__vslot_011	0.95
0x00b0c114	ls_window_scheduler	0x00b0b7b8	ws_interface	0x00b0c010	12	0	0x00735b00	FUN_00735b00	override	0x00a92860	0x00b0c114	ls_window_scheduler	0x00b0c010	ls_window_scheduler__vslot_012	0.95
0x00b0c328	empty	0x00b0c7cc	operand_parser	0x00b0c35c	0	0	0x0073b5d2	FUN_0073b5d2	inherited	0x0073b5d2	0x00b0c7cc	operand_parser	0x00b0c64c	operand_parser__vslot_000	0.82
0x00b0c328	empty	0x00b0c7cc	operand_parser	0x00b0c35c	1	0	0x0073b5db	FUN_0073b5db	inherited	0x0073b5db	0x00b0c7cc	operand_parser	0x00b0c64c	operand_parser__vslot_001	0.82
0x00b0c328	empty	0x00b0c7cc	operand_parser	0x00b0c35c	2	0	0x0073b5e0	FUN_0073b5e0	inherited	0x0073b5e0	0x00b0c7cc	operand_parser	0x00b0c64c	operand_parser__vslot_002	0.82
0x00b0c328	empty	0x00b0c7cc	operand_parser	0x00b0c35c	3	0	0x0073b629	FUN_0073b629	inherited	0x0073b629	0x00b0c7cc	operand_parser	0x00b0c64c	operand_parser__vslot_003	0.82
0x00b0c328	empty	0x00b0c7cc	operand_parser	0x00b0c35c	4	0	0x0073b65e	FUN_0073b65e	inherited	0x0073b65e	0x00b0c7cc	operand_parser	0x00b0c64c	operand_parser__vslot_004	0.82
0x00b0c328	empty	0x00b0c7cc	operand_parser	0x00b0c35c	5	0	0x0073b663	FUN_0073b663	inherited	0x0073b663	0x00b0c7cc	operand_parser	0x00b0c64c	operand_parser__vslot_005	0.82
0x00b0c328	empty	0x00b0c7cc	operand_parser	0x00b0c35c	6	0	0x00742622	FUN_00742622	inherited	0x00742622	0x00b0c7cc	operand_parser	0x00b0c64c	operand_parser__vslot_006	0.82
0x00b0c328	empty	0x00b0c7cc	operand_parser	0x00b0c35c	7	0	0x0073b684	FUN_0073b684	inherited	0x0073b684	0x00b0c7cc	operand_parser	0x00b0c64c	operand_parser__vslot_007	0.82
0x00b0c328	empty	0x00b0c7cc	operand_parser	0x00b0c35c	8	0	0x0073b68e	FUN_0073b68e	inherited	0x0073b68e	0x00b0c7cc	operand_parser	0x00b0c64c	operand_parser__vslot_008	0.82
0x00b0c328	empty	0x00b0c7cc	operand_parser	0x00b0c35c	9	0	0x0074281b	FUN_0074281b	inherited	0x0074281b	0x00b0c7cc	operand_parser	0x00b0c64c	operand_parser__vslot_009	0.82
0x00b0c328	empty	0x00b0c7cc	operand_parser	0x00b0c35c	10	0	0x0073b697	FUN_0073b697	inherited	0x0073b697	0x00b0c7cc	operand_parser	0x00b0c64c	operand_parser__vslot_010	0.82
0x00b0c328	empty	0x00b0c7cc	operand_parser	0x00b0c35c	11	0	0x0073b6b8	FUN_0073b6b8	inherited	0x0073b6b8	0x00b0c7cc	operand_parser	0x00b0c64c	operand_parser__vslot_011	0.82
0x00b0c328	empty	0x00b0c7cc	operand_parser	0x00b0c35c	12	0	0x0073b6ce	FUN_0073b6ce	inherited	0x0073b6ce	0x00b0c7cc	operand_parser	0x00b0c64c	operand_parser__vslot_012	0.82
0x00b0c328	empty	0x00b0c7cc	operand_parser	0x00b0c35c	13	0	0x0079b5b0	FUN_0079b5b0	inherited	0x0079b5b0	0x00b0c7cc	operand_parser	0x00b0c64c	operand_parser__vslot_013	0.82
0x00b0c328	empty	0x00b0c7cc	operand_parser	0x00b0c35c	14	0	0x0073b6e2	FUN_0073b6e2	inherited	0x0073b6e2	0x00b0c7cc	operand_parser	0x00b0c64c	operand_parser__vslot_014	0.82
0x00b0c328	empty	0x00b0c7cc	operand_parser	0x00b0c35c	15	0	0x0073b6fc	FUN_0073b6fc	inherited	0x0073b6fc	0x00b0c7cc	operand_parser	0x00b0c64c	operand_parser__vslot_015	0.82
0x00b0c328	empty	0x00b0c7cc	operand_parser	0x00b0c35c	16	0	0x0073b710	FUN_0073b710	inherited	0x0073b710	0x00b0c7cc	operand_parser	0x00b0c64c	operand_parser__vslot_016	0.82
0x00b0c328	empty	0x00b0c7cc	operand_parser	0x00b0c35c	17	0	0x0073b731	FUN_0073b731	inherited	0x0073b731	0x00b0c7cc	operand_parser	0x00b0c64c	operand_parser__vslot_017	0.82
0x00b0c328	empty	0x00b0c7cc	operand_parser	0x00b0c35c	18	0	0x0073b751	FUN_0073b751	inherited	0x0073b751	0x00b0c7cc	operand_parser	0x00b0c64c	operand_parser__vslot_018	0.82
0x00b0c328	empty	0x00b0c7cc	operand_parser	0x00b0c35c	19	0	0x0073b7ac	FUN_0073b7ac	inherited	0x0073b7ac	0x00b0c7cc	operand_parser	0x00b0c64c	operand_parser__vslot_019	0.82
0x00b0c328	empty	0x00b0c7cc	operand_parser	0x00b0c35c	20	0	0x0073b7fb	FUN_0073b7fb	inherited	0x0073b7fb	0x00b0c7cc	operand_parser	0x00b0c64c	operand_parser__vslot_020	0.82
0x00b0c328	empty	0x00b0c7cc	operand_parser	0x00b0c35c	21	0	0x0073b853	FUN_0073b853	inherited	0x0073b853	0x00b0c7cc	operand_parser	0x00b0c64c	operand_parser__vslot_021	0.82
0x00b0c328	empty	0x00b0c7cc	operand_parser	0x00b0c35c	22	0	0x0073b874	FUN_0073b874	inherited	0x0073b874	0x00b0c7cc	operand_parser	0x00b0c64c	operand_parser__vslot_022	0.82
0x00b0c7cc	operand_parser	0x00b0c7cc	operand_parser	0x00b0c64c	0	0	0x0073b5d2	FUN_0073b5d2	root_slot		0x00b0c7cc	operand_parser	0x00b0c64c	operand_parser__vslot_000	0.82
0x00b0c7cc	operand_parser	0x00b0c7cc	operand_parser	0x00b0c64c	1	0	0x0073b5db	FUN_0073b5db	root_slot		0x00b0c7cc	operand_parser	0x00b0c64c	operand_parser__vslot_001	0.82
0x00b0c7cc	operand_parser	0x00b0c7cc	operand_parser	0x00b0c64c	2	0	0x0073b5e0	FUN_0073b5e0	root_slot		0x00b0c7cc	operand_parser	0x00b0c64c	operand_parser__vslot_002	0.82
0x00b0c7cc	operand_parser	0x00b0c7cc	operand_parser	0x00b0c64c	3	0	0x0073b629	FUN_0073b629	root_slot		0x00b0c7cc	operand_parser	0x00b0c64c	operand_parser__vslot_003	0.82
0x00b0c7cc	operand_parser	0x00b0c7cc	operand_parser	0x00b0c64c	4	0	0x0073b65e	FUN_0073b65e	root_slot		0x00b0c7cc	operand_parser	0x00b0c64c	operand_parser__vslot_004	0.82
0x00b0c7cc	operand_parser	0x00b0c7cc	operand_parser	0x00b0c64c	5	0	0x0073b663	FUN_0073b663	root_slot		0x00b0c7cc	operand_parser	0x00b0c64c	operand_parser__vslot_005	0.82
0x00b0c7cc	operand_parser	0x00b0c7cc	operand_parser	0x00b0c64c	6	0	0x00742622	FUN_00742622	root_slot		0x00b0c7cc	operand_parser	0x00b0c64c	operand_parser__vslot_006	0.82
0x00b0c7cc	operand_parser	0x00b0c7cc	operand_parser	0x00b0c64c	7	0	0x0073b684	FUN_0073b684	root_slot		0x00b0c7cc	operand_parser	0x00b0c64c	operand_parser__vslot_007	0.82
0x00b0c7cc	operand_parser	0x00b0c7cc	operand_parser	0x00b0c64c	8	0	0x0073b68e	FUN_0073b68e	root_slot		0x00b0c7cc	operand_parser	0x00b0c64c	operand_parser__vslot_008	0.82
0x00b0c7cc	operand_parser	0x00b0c7cc	operand_parser	0x00b0c64c	9	0	0x0074281b	FUN_0074281b	root_slot		0x00b0c7cc	operand_parser	0x00b0c64c	operand_parser__vslot_009	0.82
0x00b0c7cc	operand_parser	0x00b0c7cc	operand_parser	0x00b0c64c	10	0	0x0073b697	FUN_0073b697	root_slot		0x00b0c7cc	operand_parser	0x00b0c64c	operand_parser__vslot_010	0.82
0x00b0c7cc	operand_parser	0x00b0c7cc	operand_parser	0x00b0c64c	11	0	0x0073b6b8	FUN_0073b6b8	root_slot		0x00b0c7cc	operand_parser	0x00b0c64c	operand_parser__vslot_011	0.82
0x00b0c7cc	operand_parser	0x00b0c7cc	operand_parser	0x00b0c64c	12	0	0x0073b6ce	FUN_0073b6ce	root_slot		0x00b0c7cc	operand_parser	0x00b0c64c	operand_parser__vslot_012	0.82
0x00b0c7cc	operand_parser	0x00b0c7cc	operand_parser	0x00b0c64c	13	0	0x0079b5b0	FUN_0079b5b0	root_slot		0x00b0c7cc	operand_parser	0x00b0c64c	operand_parser__vslot_013	0.82
0x00b0c7cc	operand_parser	0x00b0c7cc	operand_parser	0x00b0c64c	14	0	0x0073b6e2	FUN_0073b6e2	root_slot		0x00b0c7cc	operand_parser	0x00b0c64c	operand_parser__vslot_014	0.82
0x00b0c7cc	operand_parser	0x00b0c7cc	operand_parser	0x00b0c64c	15	0	0x0073b6fc	FUN_0073b6fc	root_slot		0x00b0c7cc	operand_parser	0x00b0c64c	operand_parser__vslot_015	0.82
0x00b0c7cc	operand_parser	0x00b0c7cc	operand_parser	0x00b0c64c	16	0	0x0073b710	FUN_0073b710	root_slot		0x00b0c7cc	operand_parser	0x00b0c64c	operand_parser__vslot_016	0.82
0x00b0c7cc	operand_parser	0x00b0c7cc	operand_parser	0x00b0c64c	17	0	0x0073b731	FUN_0073b731	root_slot		0x00b0c7cc	operand_parser	0x00b0c64c	operand_parser__vslot_017	0.82
0x00b0c7cc	operand_parser	0x00b0c7cc	operand_parser	0x00b0c64c	18	0	0x0073b751	FUN_0073b751	root_slot		0x00b0c7cc	operand_parser	0x00b0c64c	operand_parser__vslot_018	0.82
0x00b0c7cc	operand_parser	0x00b0c7cc	operand_parser	0x00b0c64c	19	0	0x0073b7ac	FUN_0073b7ac	root_slot		0x00b0c7cc	operand_parser	0x00b0c64c	operand_parser__vslot_019	0.82
0x00b0c7cc	operand_parser	0x00b0c7cc	operand_parser	0x00b0c64c	20	0	0x0073b7fb	FUN_0073b7fb	root_slot		0x00b0c7cc	operand_parser	0x00b0c64c	operand_parser__vslot_020	0.82
0x00b0c7cc	operand_parser	0x00b0c7cc	operand_parser	0x00b0c64c	21	0	0x0073b853	FUN_0073b853	root_slot		0x00b0c7cc	operand_parser	0x00b0c64c	operand_parser__vslot_021	0.82
0x00b0c7cc	operand_parser	0x00b0c7cc	operand_parser	0x00b0c64c	22	0	0x0073b874	FUN_0073b874	root_slot		0x00b0c7cc	operand_parser	0x00b0c64c	operand_parser__vslot_022	0.82
0x00b0c7dc	immediate_implicit	0x00b0c7cc	operand_parser	0x00b0c70c	0	0	0x0073b890	FUN_0073b890	override	0x0078c28b	0x00b0c7dc	immediate_implicit	0x00b0c70c	immediate_implicit__vslot_000	0.95
0x00b0c7dc	immediate_implicit	0x00b0c7cc	operand_parser	0x00b0c70c	1	0	0x0073b899	FUN_0073b899	override	0x0078cd07	0x00b0c7dc	immediate_implicit	0x00b0c70c	immediate_implicit__vslot_001	0.95
0x00b0c7dc	immediate_implicit	0x00b0c7cc	operand_parser	0x00b0c70c	2	0	0x0078d31f	FUN_0078d31f	inherited	0x0078d31f	0x00b10d70	immediate	0x00b101e8	immediate__vslot_002	0.82
0x00b0c7dc	immediate_implicit	0x00b0c7cc	operand_parser	0x00b0c70c	3	0	0x0078d4c7	FUN_0078d4c7	inherited	0x0078d4c7	0x00b10d70	immediate	0x00b101e8	immediate__vslot_003	0.82
0x00b0c7dc	immediate_implicit	0x00b0c7cc	operand_parser	0x00b0c70c	4	0	0x0073b65e	FUN_0073b65e	override	0x0078a63f	0x00b0c7dc	immediate_implicit	0x00b0c70c	immediate_implicit__vslot_004	0.95
0x00b0c7dc	immediate_implicit	0x00b0c7cc	operand_parser	0x00b0c70c	5	0	0x00743944	FUN_00743944	override	0x007432aa	0x00b0c7dc	immediate_implicit	0x00b0c70c	immediate_implicit__vslot_005	0.95
0x00b0c7dc	immediate_implicit	0x00b0c7cc	operand_parser	0x00b0c70c	6	0	0x00742622	FUN_00742622	inherited	0x00742622	0x00b0c7cc	operand_parser	0x00b0c64c	operand_parser__vslot_006	0.82
0x00b0c7dc	immediate_implicit	0x00b0c7cc	operand_parser	0x00b0c70c	7	0	0x0074396e	FUN_0074396e	override	0x0078a665	0x00b0c7dc	immediate_implicit	0x00b0c70c	immediate_implicit__vslot_007	0.95
0x00b0c7dc	immediate_implicit	0x00b0c7cc	operand_parser	0x00b0c70c	8	0	0x00743723	FUN_00743723	inherited	0x00743723	0x00b10d70	immediate	0x00b101e8	immediate__vslot_008	0.82
0x00b0c7dc	immediate_implicit	0x00b0c7cc	operand_parser	0x00b0c70c	9	0	0x00743a1f	FUN_00743a1f	override	0x007438b4	0x00b0c7dc	immediate_implicit	0x00b0c70c	immediate_implicit__vslot_009	0.95
0x00b0c7dc	immediate_implicit	0x00b0c7cc	operand_parser	0x00b0c70c	10	0	0x0073b697	FUN_0073b697	override	0x0078a678	0x00b0c7dc	immediate_implicit	0x00b0c70c	immediate_implicit__vslot_010	0.95
0x00b0c7dc	immediate_implicit	0x00b0c7cc	operand_parser	0x00b0c70c	11	0	0x0079b922	FUN_0079b922	inherited	0x0079b922	0x00b10d70	immediate	0x00b101e8	immediate__vslot_011	0.82
0x00b0c7dc	immediate_implicit	0x00b0c7cc	operand_parser	0x00b0c70c	12	0	0x0079bd33	FUN_0079bd33	override	0x0079bc62	0x00b0c7dc	immediate_implicit	0x00b0c70c	immediate_implicit__vslot_012	0.95
0x00b0c7dc	immediate_implicit	0x00b0c7cc	operand_parser	0x00b0c70c	13	0	0x0079b5b0	FUN_0079b5b0	inherited	0x0079b5b0	0x00b0c7cc	operand_parser	0x00b0c64c	operand_parser__vslot_013	0.82
0x00b0c7dc	immediate_implicit	0x00b0c7cc	operand_parser	0x00b0c70c	14	0	0x007a1480	FUN_007a1480	inherited	0x007a1480	0x00b10d70	immediate	0x00b101e8	immediate__vslot_014	0.82
0x00b0c7dc	immediate_implicit	0x00b0c7cc	operand_parser	0x00b0c70c	15	0	0x007a14a0	FUN_007a14a0	inherited	0x007a14a0	0x00b10d70	immediate	0x00b101e8	immediate__vslot_015	0.82
0x00b0c7dc	immediate_implicit	0x00b0c7cc	operand_parser	0x00b0c70c	16	0	0x007a14c0	FUN_007a14c0	inherited	0x007a14c0	0x00b10d70	immediate	0x00b101e8	immediate__vslot_016	0.82
0x00b0c7dc	immediate_implicit	0x00b0c7cc	operand_parser	0x00b0c70c	17	0	0x007a14e1	FUN_007a14e1	inherited	0x007a14e1	0x00b10d70	immediate	0x00b101e8	immediate__vslot_017	0.82
0x00b0c7dc	immediate_implicit	0x00b0c7cc	operand_parser	0x00b0c70c	18	0	0x0078da29	FUN_0078da29	inherited	0x0078da29	0x00b10d70	immediate	0x00b101e8	immediate__vslot_018	0.82
0x00b0c7dc	immediate_implicit	0x00b0c7cc	operand_parser	0x00b0c70c	19	0	0x0078da77	FUN_0078da77	inherited	0x0078da77	0x00b10d70	immediate	0x00b101e8	immediate__vslot_019	0.82
0x00b0c7dc	immediate_implicit	0x00b0c7cc	operand_parser	0x00b0c70c	20	0	0x0073b7fb	FUN_0073b7fb	override	0x0078a7dc	0x00b0c7dc	immediate_implicit	0x00b0c70c	immediate_implicit__vslot_020	0.95
0x00b0c7dc	immediate_implicit	0x00b0c7cc	operand_parser	0x00b0c70c	21	0	0x0078da83	FUN_0078da83	inherited	0x0078da83	0x00b10d70	immediate	0x00b101e8	immediate__vslot_021	0.82
0x00b0c7dc	immediate_implicit	0x00b0c7cc	operand_parser	0x00b0c70c	22	0	0x0078da8f	FUN_0078da8f	inherited	0x0078da8f	0x00b10d70	immediate	0x00b101e8	immediate__vslot_022	0.82
0x00b0c89c	Val	0x00b0d2d4	Exp	0x00b0c92c	0	0	0x00747c41	FUN_00747c41	override	0x00a92860	0x00b0c89c	Val	0x00b0c92c	Val__vslot_000	0.95
0x00b0c89c	Val	0x00b0d2d4	Exp	0x00b0c92c	1	0	0x00748931	FUN_00748931	inherited	0x00748931	0x00b0d2d4	Exp	0x00b0d134	Exp__vslot_001	0.82
0x00b0c89c	Val	0x00b0d2d4	Exp	0x00b0c92c	2	0	0x00746f50	FUN_00746f50	inherited	0x00746f50	0x00b0d2d4	Exp	0x00b0d134	Exp__vslot_002	0.82
0x00b0c89c	Val	0x00b0d2d4	Exp	0x00b0c92c	3	0	0x00746f73	FUN_00746f73	inherited	0x00746f73	0x00b0d2d4	Exp	0x00b0d134	Exp__vslot_003	0.82
0x00b0c89c	Val	0x00b0d2d4	Exp	0x00b0c92c	4	0	0x00746f96	FUN_00746f96	inherited	0x00746f96	0x00b0d2d4	Exp	0x00b0d134	Exp__vslot_004	0.82
0x00b0c89c	Val	0x00b0d2d4	Exp	0x00b0c92c	5	0	0x00746fb9	FUN_00746fb9	inherited	0x00746fb9	0x00b0d2d4	Exp	0x00b0d134	Exp__vslot_005	0.82
0x00b0c89c	Val	0x00b0d2d4	Exp	0x00b0c92c	6	0	0x00746fdc	FUN_00746fdc	inherited	0x00746fdc	0x00b0d2d4	Exp	0x00b0d134	Exp__vslot_006	0.82
0x00b0c89c	Val	0x00b0d2d4	Exp	0x00b0c92c	7	0	0x00746fff	FUN_00746fff	inherited	0x00746fff	0x00b0d2d4	Exp	0x00b0d134	Exp__vslot_007	0.82
0x00b0c89c	Val	0x00b0d2d4	Exp	0x00b0c92c	8	0	0x00747014	FUN_00747014	inherited	0x00747014	0x00b0d2d4	Exp	0x00b0d134	Exp__vslot_008	0.82
0x00b0c89c	Val	0x00b0d2d4	Exp	0x00b0c92c	9	0	0x00747029	FUN_00747029	inherited	0x00747029	0x00b0d2d4	Exp	0x00b0d134	Exp__vslot_009	0.82
0x00b0c89c	Val	0x00b0d2d4	Exp	0x00b0c92c	10	0	0x0074703e	FUN_0074703e	inherited	0x0074703e	0x00b0d2d4	Exp	0x00b0d134	Exp__vslot_010	0.82
0x00b0c89c	Val	0x00b0d2d4	Exp	0x00b0c92c	11	0	0x00747053	FUN_00747053	inherited	0x00747053	0x00b0d2d4	Exp	0x00b0d134	Exp__vslot_011	0.82
0x00b0c89c	Val	0x00b0d2d4	Exp	0x00b0c92c	12	0	0x00747065	FUN_00747065	inherited	0x00747065	0x00b0d2d4	Exp	0x00b0d134	Exp__vslot_012	0.82
0x00b0c89c	Val	0x00b0d2d4	Exp	0x00b0c92c	13	0	0x00747077	FUN_00747077	inherited	0x00747077	0x00b0d2d4	Exp	0x00b0d134	Exp__vslot_013	0.82
0x00b0c89c	Val	0x00b0d2d4	Exp	0x00b0c92c	14	0	0x00747c38	FUN_00747c38	override	0x00747246	0x00b0c89c	Val	0x00b0c92c	Val__vslot_014	0.95
0x00b0c89c	Val	0x00b0d2d4	Exp	0x00b0c92c	15	0	0x0074724f	FUN_0074724f	inherited	0x0074724f	0x00b0d2d4	Exp	0x00b0d134	Exp__vslot_015	0.82
0x00b0c89c	Val	0x00b0d2d4	Exp	0x00b0c92c	16	0	0x00747258	FUN_00747258	inherited	0x00747258	0x00b0d2d4	Exp	0x00b0d134	Exp__vslot_016	0.82
0x00b0c89c	Val	0x00b0d2d4	Exp	0x00b0c92c	17	0	0x00747261	FUN_00747261	inherited	0x00747261	0x00b0d2d4	Exp	0x00b0d134	Exp__vslot_017	0.82
0x00b0c89c	Val	0x00b0d2d4	Exp	0x00b0c92c	18	0	0x0074726a	FUN_0074726a	inherited	0x0074726a	0x00b0d2d4	Exp	0x00b0d134	Exp__vslot_018	0.82
0x00b0c89c	Val	0x00b0d2d4	Exp	0x00b0c92c	19	0	0x00747273	FUN_00747273	inherited	0x00747273	0x00b0d2d4	Exp	0x00b0d134	Exp__vslot_019	0.82
0x00b0c89c	Val	0x00b0d2d4	Exp	0x00b0c92c	20	0	0x0074727c	FUN_0074727c	inherited	0x0074727c	0x00b0d2d4	Exp	0x00b0d134	Exp__vslot_020	0.82
0x00b0c89c	Val	0x00b0d2d4	Exp	0x00b0c92c	21	0	0x00747285	FUN_00747285	inherited	0x00747285	0x00b0d2d4	Exp	0x00b0d134	Exp__vslot_021	0.82
0x00b0c89c	Val	0x00b0d2d4	Exp	0x00b0c92c	22	0	0x0074728e	FUN_0074728e	inherited	0x0074728e	0x00b0d2d4	Exp	0x00b0d134	Exp__vslot_022	0.82
0x00b0c89c	Val	0x00b0d2d4	Exp	0x00b0c92c	23	0	0x00747297	FUN_00747297	inherited	0x00747297	0x00b0d2d4	Exp	0x00b0d134	Exp__vslot_023	0.82
0x00b0c89c	Val	0x00b0d2d4	Exp	0x00b0c92c	24	0	0x00a92860	FUN_00a92860	introduced		0x00b0c89c	Val	0x00b0c92c	Val__vslot_024	0.95
0x00b0c8ac	Num	0x00b0d2d4	Exp	0x00b0c9fc	0	0	0x00747c41	FUN_00747c41	inherited	0x00747c41	0x00b0c89c	Val	0x00b0c92c	Val__vslot_000	0.82
0x00b0c8ac	Num	0x00b0d2d4	Exp	0x00b0c9fc	1	0	0x00748931	FUN_00748931	inherited	0x00748931	0x00b0d2d4	Exp	0x00b0d134	Exp__vslot_001	0.82
0x00b0c8ac	Num	0x00b0d2d4	Exp	0x00b0c9fc	2	0	0x00746f50	FUN_00746f50	inherited	0x00746f50	0x00b0d2d4	Exp	0x00b0d134	Exp__vslot_002	0.82
0x00b0c8ac	Num	0x00b0d2d4	Exp	0x00b0c9fc	3	0	0x00746f73	FUN_00746f73	inherited	0x00746f73	0x00b0d2d4	Exp	0x00b0d134	Exp__vslot_003	0.82
0x00b0c8ac	Num	0x00b0d2d4	Exp	0x00b0c9fc	4	0	0x00746f96	FUN_00746f96	inherited	0x00746f96	0x00b0d2d4	Exp	0x00b0d134	Exp__vslot_004	0.82
0x00b0c8ac	Num	0x00b0d2d4	Exp	0x00b0c9fc	5	0	0x00746fb9	FUN_00746fb9	inherited	0x00746fb9	0x00b0d2d4	Exp	0x00b0d134	Exp__vslot_005	0.82
0x00b0c8ac	Num	0x00b0d2d4	Exp	0x00b0c9fc	6	0	0x00746fdc	FUN_00746fdc	inherited	0x00746fdc	0x00b0d2d4	Exp	0x00b0d134	Exp__vslot_006	0.82
0x00b0c8ac	Num	0x00b0d2d4	Exp	0x00b0c9fc	7	0	0x00746fff	FUN_00746fff	inherited	0x00746fff	0x00b0d2d4	Exp	0x00b0d134	Exp__vslot_007	0.82
0x00b0c8ac	Num	0x00b0d2d4	Exp	0x00b0c9fc	8	0	0x00747014	FUN_00747014	inherited	0x00747014	0x00b0d2d4	Exp	0x00b0d134	Exp__vslot_008	0.82
0x00b0c8ac	Num	0x00b0d2d4	Exp	0x00b0c9fc	9	0	0x00747029	FUN_00747029	inherited	0x00747029	0x00b0d2d4	Exp	0x00b0d134	Exp__vslot_009	0.82
0x00b0c8ac	Num	0x00b0d2d4	Exp	0x00b0c9fc	10	0	0x0074703e	FUN_0074703e	inherited	0x0074703e	0x00b0d2d4	Exp	0x00b0d134	Exp__vslot_010	0.82
0x00b0c8ac	Num	0x00b0d2d4	Exp	0x00b0c9fc	11	0	0x00747053	FUN_00747053	inherited	0x00747053	0x00b0d2d4	Exp	0x00b0d134	Exp__vslot_011	0.82
0x00b0c8ac	Num	0x00b0d2d4	Exp	0x00b0c9fc	12	0	0x00747065	FUN_00747065	inherited	0x00747065	0x00b0d2d4	Exp	0x00b0d134	Exp__vslot_012	0.82
0x00b0c8ac	Num	0x00b0d2d4	Exp	0x00b0c9fc	13	0	0x00747077	FUN_00747077	inherited	0x00747077	0x00b0d2d4	Exp	0x00b0d134	Exp__vslot_013	0.82
0x00b0c8ac	Num	0x00b0d2d4	Exp	0x00b0c9fc	14	0	0x00747c38	FUN_00747c38	inherited	0x00747c38	0x00b0c89c	Val	0x00b0c92c	Val__vslot_014	0.82
0x00b0c8ac	Num	0x00b0d2d4	Exp	0x00b0c9fc	15	0	0x0074724f	FUN_0074724f	inherited	0x0074724f	0x00b0d2d4	Exp	0x00b0d134	Exp__vslot_015	0.82
0x00b0c8ac	Num	0x00b0d2d4	Exp	0x00b0c9fc	16	0	0x00747cd2	FUN_00747cd2	override	0x00747258	0x00b0c8ac	Num	0x00b0c9fc	Num__vslot_016	0.95
0x00b0c8ac	Num	0x00b0d2d4	Exp	0x00b0c9fc	17	0	0x00747261	FUN_00747261	inherited	0x00747261	0x00b0d2d4	Exp	0x00b0d134	Exp__vslot_017	0.82
0x00b0c8ac	Num	0x00b0d2d4	Exp	0x00b0c9fc	18	0	0x0074726a	FUN_0074726a	inherited	0x0074726a	0x00b0d2d4	Exp	0x00b0d134	Exp__vslot_018	0.82
0x00b0c8ac	Num	0x00b0d2d4	Exp	0x00b0c9fc	19	0	0x00747273	FUN_00747273	inherited	0x00747273	0x00b0d2d4	Exp	0x00b0d134	Exp__vslot_019	0.82
0x00b0c8ac	Num	0x00b0d2d4	Exp	0x00b0c9fc	20	0	0x0074727c	FUN_0074727c	inherited	0x0074727c	0x00b0d2d4	Exp	0x00b0d134	Exp__vslot_020	0.82
0x00b0c8ac	Num	0x00b0d2d4	Exp	0x00b0c9fc	21	0	0x00747285	FUN_00747285	inherited	0x00747285	0x00b0d2d4	Exp	0x00b0d134	Exp__vslot_021	0.82
0x00b0c8ac	Num	0x00b0d2d4	Exp	0x00b0c9fc	22	0	0x0074728e	FUN_0074728e	inherited	0x0074728e	0x00b0d2d4	Exp	0x00b0d134	Exp__vslot_022	0.82
0x00b0c8ac	Num	0x00b0d2d4	Exp	0x00b0c9fc	23	0	0x00747297	FUN_00747297	inherited	0x00747297	0x00b0d2d4	Exp	0x00b0d134	Exp__vslot_023	0.82
0x00b0c8ac	Num	0x00b0d2d4	Exp	0x00b0c9fc	24	0	0x00747cdb	FUN_00747cdb	override	0x00a92860	0x00b0c8ac	Num	0x00b0c9fc	Num__vslot_024	0.95
0x00b0c8bc	Unk	0x00b0d2d4	Exp	0x00b0cacc	0	0	0x00747c41	FUN_00747c41	inherited	0x00747c41	0x00b0c89c	Val	0x00b0c92c	Val__vslot_000	0.82
0x00b0c8bc	Unk	0x00b0d2d4	Exp	0x00b0cacc	1	0	0x00748931	FUN_00748931	inherited	0x00748931	0x00b0d2d4	Exp	0x00b0d134	Exp__vslot_001	0.82
0x00b0c8bc	Unk	0x00b0d2d4	Exp	0x00b0cacc	2	0	0x00746f50	FUN_00746f50	inherited	0x00746f50	0x00b0d2d4	Exp	0x00b0d134	Exp__vslot_002	0.82
0x00b0c8bc	Unk	0x00b0d2d4	Exp	0x00b0cacc	3	0	0x00746f73	FUN_00746f73	inherited	0x00746f73	0x00b0d2d4	Exp	0x00b0d134	Exp__vslot_003	0.82
0x00b0c8bc	Unk	0x00b0d2d4	Exp	0x00b0cacc	4	0	0x00746f96	FUN_00746f96	inherited	0x00746f96	0x00b0d2d4	Exp	0x00b0d134	Exp__vslot_004	0.82
0x00b0c8bc	Unk	0x00b0d2d4	Exp	0x00b0cacc	5	0	0x00746fb9	FUN_00746fb9	inherited	0x00746fb9	0x00b0d2d4	Exp	0x00b0d134	Exp__vslot_005	0.82
0x00b0c8bc	Unk	0x00b0d2d4	Exp	0x00b0cacc	6	0	0x00746fdc	FUN_00746fdc	inherited	0x00746fdc	0x00b0d2d4	Exp	0x00b0d134	Exp__vslot_006	0.82
0x00b0c8bc	Unk	0x00b0d2d4	Exp	0x00b0cacc	7	0	0x00746fff	FUN_00746fff	inherited	0x00746fff	0x00b0d2d4	Exp	0x00b0d134	Exp__vslot_007	0.82
0x00b0c8bc	Unk	0x00b0d2d4	Exp	0x00b0cacc	8	0	0x00747014	FUN_00747014	inherited	0x00747014	0x00b0d2d4	Exp	0x00b0d134	Exp__vslot_008	0.82
0x00b0c8bc	Unk	0x00b0d2d4	Exp	0x00b0cacc	9	0	0x00747029	FUN_00747029	inherited	0x00747029	0x00b0d2d4	Exp	0x00b0d134	Exp__vslot_009	0.82
0x00b0c8bc	Unk	0x00b0d2d4	Exp	0x00b0cacc	10	0	0x0074703e	FUN_0074703e	inherited	0x0074703e	0x00b0d2d4	Exp	0x00b0d134	Exp__vslot_010	0.82
0x00b0c8bc	Unk	0x00b0d2d4	Exp	0x00b0cacc	11	0	0x00747053	FUN_00747053	inherited	0x00747053	0x00b0d2d4	Exp	0x00b0d134	Exp__vslot_011	0.82
0x00b0c8bc	Unk	0x00b0d2d4	Exp	0x00b0cacc	12	0	0x00747065	FUN_00747065	inherited	0x00747065	0x00b0d2d4	Exp	0x00b0d134	Exp__vslot_012	0.82
0x00b0c8bc	Unk	0x00b0d2d4	Exp	0x00b0cacc	13	0	0x00747077	FUN_00747077	inherited	0x00747077	0x00b0d2d4	Exp	0x00b0d134	Exp__vslot_013	0.82
0x00b0c8bc	Unk	0x00b0d2d4	Exp	0x00b0cacc	14	0	0x00747c38	FUN_00747c38	inherited	0x00747c38	0x00b0c89c	Val	0x00b0c92c	Val__vslot_014	0.82
0x00b0c8bc	Unk	0x00b0d2d4	Exp	0x00b0cacc	15	0	0x0074724f	FUN_0074724f	inherited	0x0074724f	0x00b0d2d4	Exp	0x00b0d134	Exp__vslot_015	0.82
0x00b0c8bc	Unk	0x00b0d2d4	Exp	0x00b0cacc	16	0	0x00747258	FUN_00747258	inherited	0x00747258	0x00b0d2d4	Exp	0x00b0d134	Exp__vslot_016	0.82
0x00b0c8bc	Unk	0x00b0d2d4	Exp	0x00b0cacc	17	0	0x00747d4a	FUN_00747d4a	override	0x00747261	0x00b0c8bc	Unk	0x00b0cacc	Unk__vslot_017	0.95
0x00b0c8bc	Unk	0x00b0d2d4	Exp	0x00b0cacc	18	0	0x0074726a	FUN_0074726a	inherited	0x0074726a	0x00b0d2d4	Exp	0x00b0d134	Exp__vslot_018	0.82
0x00b0c8bc	Unk	0x00b0d2d4	Exp	0x00b0cacc	19	0	0x00747273	FUN_00747273	inherited	0x00747273	0x00b0d2d4	Exp	0x00b0d134	Exp__vslot_019	0.82
0x00b0c8bc	Unk	0x00b0d2d4	Exp	0x00b0cacc	20	0	0x0074727c	FUN_0074727c	inherited	0x0074727c	0x00b0d2d4	Exp	0x00b0d134	Exp__vslot_020	0.82
0x00b0c8bc	Unk	0x00b0d2d4	Exp	0x00b0cacc	21	0	0x00747285	FUN_00747285	inherited	0x00747285	0x00b0d2d4	Exp	0x00b0d134	Exp__vslot_021	0.82
0x00b0c8bc	Unk	0x00b0d2d4	Exp	0x00b0cacc	22	0	0x0074728e	FUN_0074728e	inherited	0x0074728e	0x00b0d2d4	Exp	0x00b0d134	Exp__vslot_022	0.82
0x00b0c8bc	Unk	0x00b0d2d4	Exp	0x00b0cacc	23	0	0x00747297	FUN_00747297	inherited	0x00747297	0x00b0d2d4	Exp	0x00b0d134	Exp__vslot_023	0.82
0x00b0c8bc	Unk	0x00b0d2d4	Exp	0x00b0cacc	24	0	0x00747d53	FUN_00747d53	override	0x00a92860	0x00b0c8bc	Unk	0x00b0cacc	Unk__vslot_024	0.95
0x00b0c8bc	Unk	0x00b0d2d4	Exp	0x00b0cacc	25	0	0x00a92860	FUN_00a92860	introduced		0x00b0c8bc	Unk	0x00b0cacc	Unk__vslot_025	0.95
0x00b0c8cc	Bot	0x00b0d2d4	Exp	0x00b0cba4	0	0	0x00747c41	FUN_00747c41	inherited	0x00747c41	0x00b0c89c	Val	0x00b0c92c	Val__vslot_000	0.82
0x00b0c8cc	Bot	0x00b0d2d4	Exp	0x00b0cba4	1	0	0x00748931	FUN_00748931	inherited	0x00748931	0x00b0d2d4	Exp	0x00b0d134	Exp__vslot_001	0.82
0x00b0c8cc	Bot	0x00b0d2d4	Exp	0x00b0cba4	2	0	0x00746f50	FUN_00746f50	inherited	0x00746f50	0x00b0d2d4	Exp	0x00b0d134	Exp__vslot_002	0.82
0x00b0c8cc	Bot	0x00b0d2d4	Exp	0x00b0cba4	3	0	0x00746f73	FUN_00746f73	inherited	0x00746f73	0x00b0d2d4	Exp	0x00b0d134	Exp__vslot_003	0.82
0x00b0c8cc	Bot	0x00b0d2d4	Exp	0x00b0cba4	4	0	0x00746f96	FUN_00746f96	inherited	0x00746f96	0x00b0d2d4	Exp	0x00b0d134	Exp__vslot_004	0.82
0x00b0c8cc	Bot	0x00b0d2d4	Exp	0x00b0cba4	5	0	0x00746fb9	FUN_00746fb9	inherited	0x00746fb9	0x00b0d2d4	Exp	0x00b0d134	Exp__vslot_005	0.82
0x00b0c8cc	Bot	0x00b0d2d4	Exp	0x00b0cba4	6	0	0x00746fdc	FUN_00746fdc	inherited	0x00746fdc	0x00b0d2d4	Exp	0x00b0d134	Exp__vslot_006	0.82
0x00b0c8cc	Bot	0x00b0d2d4	Exp	0x00b0cba4	7	0	0x00746fff	FUN_00746fff	inherited	0x00746fff	0x00b0d2d4	Exp	0x00b0d134	Exp__vslot_007	0.82
0x00b0c8cc	Bot	0x00b0d2d4	Exp	0x00b0cba4	8	0	0x00747014	FUN_00747014	inherited	0x00747014	0x00b0d2d4	Exp	0x00b0d134	Exp__vslot_008	0.82
0x00b0c8cc	Bot	0x00b0d2d4	Exp	0x00b0cba4	9	0	0x00747029	FUN_00747029	inherited	0x00747029	0x00b0d2d4	Exp	0x00b0d134	Exp__vslot_009	0.82
0x00b0c8cc	Bot	0x00b0d2d4	Exp	0x00b0cba4	10	0	0x0074703e	FUN_0074703e	inherited	0x0074703e	0x00b0d2d4	Exp	0x00b0d134	Exp__vslot_010	0.82
0x00b0c8cc	Bot	0x00b0d2d4	Exp	0x00b0cba4	11	0	0x00747053	FUN_00747053	inherited	0x00747053	0x00b0d2d4	Exp	0x00b0d134	Exp__vslot_011	0.82
0x00b0c8cc	Bot	0x00b0d2d4	Exp	0x00b0cba4	12	0	0x00747065	FUN_00747065	inherited	0x00747065	0x00b0d2d4	Exp	0x00b0d134	Exp__vslot_012	0.82
0x00b0c8cc	Bot	0x00b0d2d4	Exp	0x00b0cba4	13	0	0x00747077	FUN_00747077	inherited	0x00747077	0x00b0d2d4	Exp	0x00b0d134	Exp__vslot_013	0.82
0x00b0c8cc	Bot	0x00b0d2d4	Exp	0x00b0cba4	14	0	0x00747c38	FUN_00747c38	inherited	0x00747c38	0x00b0c89c	Val	0x00b0c92c	Val__vslot_014	0.82
0x00b0c8cc	Bot	0x00b0d2d4	Exp	0x00b0cba4	15	0	0x0074724f	FUN_0074724f	inherited	0x0074724f	0x00b0d2d4	Exp	0x00b0d134	Exp__vslot_015	0.82
0x00b0c8cc	Bot	0x00b0d2d4	Exp	0x00b0cba4	16	0	0x00747258	FUN_00747258	inherited	0x00747258	0x00b0d2d4	Exp	0x00b0d134	Exp__vslot_016	0.82
0x00b0c8cc	Bot	0x00b0d2d4	Exp	0x00b0cba4	17	0	0x00747d4a	FUN_00747d4a	inherited	0x00747d4a	0x00b0c8bc	Unk	0x00b0cacc	Unk__vslot_017	0.82
0x00b0c8cc	Bot	0x00b0d2d4	Exp	0x00b0cba4	18	0	0x00747dd5	FUN_00747dd5	override	0x0074726a	0x00b0c8cc	Bot	0x00b0cba4	Bot__vslot_018	0.95
0x00b0c8cc	Bot	0x00b0d2d4	Exp	0x00b0cba4	19	0	0x00747273	FUN_00747273	inherited	0x00747273	0x00b0d2d4	Exp	0x00b0d134	Exp__vslot_019	0.82
0x00b0c8cc	Bot	0x00b0d2d4	Exp	0x00b0cba4	20	0	0x0074727c	FUN_0074727c	inherited	0x0074727c	0x00b0d2d4	Exp	0x00b0d134	Exp__vslot_020	0.82
0x00b0c8cc	Bot	0x00b0d2d4	Exp	0x00b0cba4	21	0	0x00747285	FUN_00747285	inherited	0x00747285	0x00b0d2d4	Exp	0x00b0d134	Exp__vslot_021	0.82
0x00b0c8cc	Bot	0x00b0d2d4	Exp	0x00b0cba4	22	0	0x0074728e	FUN_0074728e	inherited	0x0074728e	0x00b0d2d4	Exp	0x00b0d134	Exp__vslot_022	0.82
0x00b0c8cc	Bot	0x00b0d2d4	Exp	0x00b0cba4	23	0	0x00747297	FUN_00747297	inherited	0x00747297	0x00b0d2d4	Exp	0x00b0d134	Exp__vslot_023	0.82
0x00b0c8cc	Bot	0x00b0d2d4	Exp	0x00b0cba4	24	0	0x00747d53	FUN_00747d53	inherited	0x00747d53	0x00b0c8bc	Unk	0x00b0cacc	Unk__vslot_024	0.82
0x00b0c8cc	Bot	0x00b0d2d4	Exp	0x00b0cba4	25	0	0x00747dde	FUN_00747dde	override	0x00a92860	0x00b0c8cc	Bot	0x00b0cba4	Bot__vslot_025	0.95
0x00b0c8dc	Mem	0x00b0d2d4	Exp	0x00b0cc7c	0	0	0x00747c41	FUN_00747c41	inherited	0x00747c41	0x00b0c89c	Val	0x00b0c92c	Val__vslot_000	0.82
0x00b0c8dc	Mem	0x00b0d2d4	Exp	0x00b0cc7c	1	0	0x00748931	FUN_00748931	inherited	0x00748931	0x00b0d2d4	Exp	0x00b0d134	Exp__vslot_001	0.82
0x00b0c8dc	Mem	0x00b0d2d4	Exp	0x00b0cc7c	2	0	0x00746f50	FUN_00746f50	inherited	0x00746f50	0x00b0d2d4	Exp	0x00b0d134	Exp__vslot_002	0.82
0x00b0c8dc	Mem	0x00b0d2d4	Exp	0x00b0cc7c	3	0	0x00746f73	FUN_00746f73	inherited	0x00746f73	0x00b0d2d4	Exp	0x00b0d134	Exp__vslot_003	0.82
0x00b0c8dc	Mem	0x00b0d2d4	Exp	0x00b0cc7c	4	0	0x00746f96	FUN_00746f96	inherited	0x00746f96	0x00b0d2d4	Exp	0x00b0d134	Exp__vslot_004	0.82
0x00b0c8dc	Mem	0x00b0d2d4	Exp	0x00b0cc7c	5	0	0x00746fb9	FUN_00746fb9	inherited	0x00746fb9	0x00b0d2d4	Exp	0x00b0d134	Exp__vslot_005	0.82
0x00b0c8dc	Mem	0x00b0d2d4	Exp	0x00b0cc7c	6	0	0x00746fdc	FUN_00746fdc	inherited	0x00746fdc	0x00b0d2d4	Exp	0x00b0d134	Exp__vslot_006	0.82
0x00b0c8dc	Mem	0x00b0d2d4	Exp	0x00b0cc7c	7	0	0x00746fff	FUN_00746fff	inherited	0x00746fff	0x00b0d2d4	Exp	0x00b0d134	Exp__vslot_007	0.82
0x00b0c8dc	Mem	0x00b0d2d4	Exp	0x00b0cc7c	8	0	0x00747014	FUN_00747014	inherited	0x00747014	0x00b0d2d4	Exp	0x00b0d134	Exp__vslot_008	0.82
0x00b0c8dc	Mem	0x00b0d2d4	Exp	0x00b0cc7c	9	0	0x00747029	FUN_00747029	inherited	0x00747029	0x00b0d2d4	Exp	0x00b0d134	Exp__vslot_009	0.82
0x00b0c8dc	Mem	0x00b0d2d4	Exp	0x00b0cc7c	10	0	0x0074703e	FUN_0074703e	inherited	0x0074703e	0x00b0d2d4	Exp	0x00b0d134	Exp__vslot_010	0.82
0x00b0c8dc	Mem	0x00b0d2d4	Exp	0x00b0cc7c	11	0	0x00747053	FUN_00747053	inherited	0x00747053	0x00b0d2d4	Exp	0x00b0d134	Exp__vslot_011	0.82
0x00b0c8dc	Mem	0x00b0d2d4	Exp	0x00b0cc7c	12	0	0x00747065	FUN_00747065	inherited	0x00747065	0x00b0d2d4	Exp	0x00b0d134	Exp__vslot_012	0.82
0x00b0c8dc	Mem	0x00b0d2d4	Exp	0x00b0cc7c	13	0	0x00747077	FUN_00747077	inherited	0x00747077	0x00b0d2d4	Exp	0x00b0d134	Exp__vslot_013	0.82
0x00b0c8dc	Mem	0x00b0d2d4	Exp	0x00b0cc7c	14	0	0x00747c38	FUN_00747c38	inherited	0x00747c38	0x00b0c89c	Val	0x00b0c92c	Val__vslot_014	0.82
0x00b0c8dc	Mem	0x00b0d2d4	Exp	0x00b0cc7c	15	0	0x0074724f	FUN_0074724f	inherited	0x0074724f	0x00b0d2d4	Exp	0x00b0d134	Exp__vslot_015	0.82
0x00b0c8dc	Mem	0x00b0d2d4	Exp	0x00b0cc7c	16	0	0x00747258	FUN_00747258	inherited	0x00747258	0x00b0d2d4	Exp	0x00b0d134	Exp__vslot_016	0.82
0x00b0c8dc	Mem	0x00b0d2d4	Exp	0x00b0cc7c	17	0	0x00747d4a	FUN_00747d4a	inherited	0x00747d4a	0x00b0c8bc	Unk	0x00b0cacc	Unk__vslot_017	0.82
0x00b0c8dc	Mem	0x00b0d2d4	Exp	0x00b0cc7c	18	0	0x0074726a	FUN_0074726a	inherited	0x0074726a	0x00b0d2d4	Exp	0x00b0d134	Exp__vslot_018	0.82
0x00b0c8dc	Mem	0x00b0d2d4	Exp	0x00b0cc7c	19	0	0x00747ed8	FUN_00747ed8	override	0x00747273	0x00b0c8dc	Mem	0x00b0cc7c	Mem__vslot_019	0.95
0x00b0c8dc	Mem	0x00b0d2d4	Exp	0x00b0cc7c	20	0	0x0074727c	FUN_0074727c	inherited	0x0074727c	0x00b0d2d4	Exp	0x00b0d134	Exp__vslot_020	0.82
0x00b0c8dc	Mem	0x00b0d2d4	Exp	0x00b0cc7c	21	0	0x00747285	FUN_00747285	inherited	0x00747285	0x00b0d2d4	Exp	0x00b0d134	Exp__vslot_021	0.82
0x00b0c8dc	Mem	0x00b0d2d4	Exp	0x00b0cc7c	22	0	0x0074728e	FUN_0074728e	inherited	0x0074728e	0x00b0d2d4	Exp	0x00b0d134	Exp__vslot_022	0.82
0x00b0c8dc	Mem	0x00b0d2d4	Exp	0x00b0cc7c	23	0	0x00747297	FUN_00747297	inherited	0x00747297	0x00b0d2d4	Exp	0x00b0d134	Exp__vslot_023	0.82
0x00b0c8dc	Mem	0x00b0d2d4	Exp	0x00b0cc7c	24	0	0x00747d53	FUN_00747d53	inherited	0x00747d53	0x00b0c8bc	Unk	0x00b0cacc	Unk__vslot_024	0.82
0x00b0c8dc	Mem	0x00b0d2d4	Exp	0x00b0cc7c	25	0	0x00747ee1	FUN_00747ee1	override	0x00a92860	0x00b0c8dc	Mem	0x00b0cc7c	Mem__vslot_025	0.95
0x00b0c8ec	Alu	0x00b0d2d4	Exp	0x00b0cd54	0	0	0x0074812e	FUN_0074812e	override	0x00a92860	0x00b0c8ec	Alu	0x00b0cd54	Alu__vslot_000	0.95
0x00b0c8ec	Alu	0x00b0d2d4	Exp	0x00b0cd54	1	0	0x00748931	FUN_00748931	inherited	0x00748931	0x00b0d2d4	Exp	0x00b0d134	Exp__vslot_001	0.82
0x00b0c8ec	Alu	0x00b0d2d4	Exp	0x00b0cd54	2	0	0x00746f50	FUN_00746f50	inherited	0x00746f50	0x00b0d2d4	Exp	0x00b0d134	Exp__vslot_002	0.82
0x00b0c8ec	Alu	0x00b0d2d4	Exp	0x00b0cd54	3	0	0x00746f73	FUN_00746f73	inherited	0x00746f73	0x00b0d2d4	Exp	0x00b0d134	Exp__vslot_003	0.82
0x00b0c8ec	Alu	0x00b0d2d4	Exp	0x00b0cd54	4	0	0x00746f96	FUN_00746f96	inherited	0x00746f96	0x00b0d2d4	Exp	0x00b0d134	Exp__vslot_004	0.82
0x00b0c8ec	Alu	0x00b0d2d4	Exp	0x00b0cd54	5	0	0x00746fb9	FUN_00746fb9	inherited	0x00746fb9	0x00b0d2d4	Exp	0x00b0d134	Exp__vslot_005	0.82
0x00b0c8ec	Alu	0x00b0d2d4	Exp	0x00b0cd54	6	0	0x00746fdc	FUN_00746fdc	inherited	0x00746fdc	0x00b0d2d4	Exp	0x00b0d134	Exp__vslot_006	0.82
0x00b0c8ec	Alu	0x00b0d2d4	Exp	0x00b0cd54	7	0	0x00746fff	FUN_00746fff	inherited	0x00746fff	0x00b0d2d4	Exp	0x00b0d134	Exp__vslot_007	0.82
0x00b0c8ec	Alu	0x00b0d2d4	Exp	0x00b0cd54	8	0	0x00747014	FUN_00747014	inherited	0x00747014	0x00b0d2d4	Exp	0x00b0d134	Exp__vslot_008	0.82
0x00b0c8ec	Alu	0x00b0d2d4	Exp	0x00b0cd54	9	0	0x00747029	FUN_00747029	inherited	0x00747029	0x00b0d2d4	Exp	0x00b0d134	Exp__vslot_009	0.82
0x00b0c8ec	Alu	0x00b0d2d4	Exp	0x00b0cd54	10	0	0x0074703e	FUN_0074703e	inherited	0x0074703e	0x00b0d2d4	Exp	0x00b0d134	Exp__vslot_010	0.82
0x00b0c8ec	Alu	0x00b0d2d4	Exp	0x00b0cd54	11	0	0x00747053	FUN_00747053	inherited	0x00747053	0x00b0d2d4	Exp	0x00b0d134	Exp__vslot_011	0.82
0x00b0c8ec	Alu	0x00b0d2d4	Exp	0x00b0cd54	12	0	0x00747065	FUN_00747065	inherited	0x00747065	0x00b0d2d4	Exp	0x00b0d134	Exp__vslot_012	0.82
0x00b0c8ec	Alu	0x00b0d2d4	Exp	0x00b0cd54	13	0	0x00747077	FUN_00747077	inherited	0x00747077	0x00b0d2d4	Exp	0x00b0d134	Exp__vslot_013	0.82
0x00b0c8ec	Alu	0x00b0d2d4	Exp	0x00b0cd54	14	0	0x00747246	FUN_00747246	inherited	0x00747246	0x00b0d2d4	Exp	0x00b0d134	Exp__vslot_014	0.82
0x00b0c8ec	Alu	0x00b0d2d4	Exp	0x00b0cd54	15	0	0x00748125	FUN_00748125	override	0x0074724f	0x00b0c8ec	Alu	0x00b0cd54	Alu__vslot_015	0.95
0x00b0c8ec	Alu	0x00b0d2d4	Exp	0x00b0cd54	16	0	0x00747258	FUN_00747258	inherited	0x00747258	0x00b0d2d4	Exp	0x00b0d134	Exp__vslot_016	0.82
0x00b0c8ec	Alu	0x00b0d2d4	Exp	0x00b0cd54	17	0	0x00747261	FUN_00747261	inherited	0x00747261	0x00b0d2d4	Exp	0x00b0d134	Exp__vslot_017	0.82
0x00b0c8ec	Alu	0x00b0d2d4	Exp	0x00b0cd54	18	0	0x0074726a	FUN_0074726a	inherited	0x0074726a	0x00b0d2d4	Exp	0x00b0d134	Exp__vslot_018	0.82
0x00b0c8ec	Alu	0x00b0d2d4	Exp	0x00b0cd54	19	0	0x00747273	FUN_00747273	inherited	0x00747273	0x00b0d2d4	Exp	0x00b0d134	Exp__vslot_019	0.82
0x00b0c8ec	Alu	0x00b0d2d4	Exp	0x00b0cd54	20	0	0x0074727c	FUN_0074727c	inherited	0x0074727c	0x00b0d2d4	Exp	0x00b0d134	Exp__vslot_020	0.82
0x00b0c8ec	Alu	0x00b0d2d4	Exp	0x00b0cd54	21	0	0x00747285	FUN_00747285	inherited	0x00747285	0x00b0d2d4	Exp	0x00b0d134	Exp__vslot_021	0.82
0x00b0c8ec	Alu	0x00b0d2d4	Exp	0x00b0cd54	22	0	0x0074728e	FUN_0074728e	inherited	0x0074728e	0x00b0d2d4	Exp	0x00b0d134	Exp__vslot_022	0.82
0x00b0c8ec	Alu	0x00b0d2d4	Exp	0x00b0cd54	23	0	0x00747297	FUN_00747297	inherited	0x00747297	0x00b0d2d4	Exp	0x00b0d134	Exp__vslot_023	0.82
0x00b0c8ec	Alu	0x00b0d2d4	Exp	0x00b0cd54	24	0	0x00a92860	FUN_00a92860	introduced		0x00b0c8ec	Alu	0x00b0cd54	Alu__vslot_024	0.95
0x00b0c8fc	Bop	0x00b0d2d4	Exp	0x00b0ce24	0	0	0x0074812e	FUN_0074812e	inherited	0x0074812e	0x00b0c8ec	Alu	0x00b0cd54	Alu__vslot_000	0.82
0x00b0c8fc	Bop	0x00b0d2d4	Exp	0x00b0ce24	1	0	0x00748931	FUN_00748931	inherited	0x00748931	0x00b0d2d4	Exp	0x00b0d134	Exp__vslot_001	0.82
0x00b0c8fc	Bop	0x00b0d2d4	Exp	0x00b0ce24	2	0	0x00746f50	FUN_00746f50	inherited	0x00746f50	0x00b0d2d4	Exp	0x00b0d134	Exp__vslot_002	0.82
0x00b0c8fc	Bop	0x00b0d2d4	Exp	0x00b0ce24	3	0	0x00746f73	FUN_00746f73	inherited	0x00746f73	0x00b0d2d4	Exp	0x00b0d134	Exp__vslot_003	0.82
0x00b0c8fc	Bop	0x00b0d2d4	Exp	0x00b0ce24	4	0	0x00746f96	FUN_00746f96	inherited	0x00746f96	0x00b0d2d4	Exp	0x00b0d134	Exp__vslot_004	0.82
0x00b0c8fc	Bop	0x00b0d2d4	Exp	0x00b0ce24	5	0	0x00746fb9	FUN_00746fb9	inherited	0x00746fb9	0x00b0d2d4	Exp	0x00b0d134	Exp__vslot_005	0.82
0x00b0c8fc	Bop	0x00b0d2d4	Exp	0x00b0ce24	6	0	0x00746fdc	FUN_00746fdc	inherited	0x00746fdc	0x00b0d2d4	Exp	0x00b0d134	Exp__vslot_006	0.82
0x00b0c8fc	Bop	0x00b0d2d4	Exp	0x00b0ce24	7	0	0x00746fff	FUN_00746fff	inherited	0x00746fff	0x00b0d2d4	Exp	0x00b0d134	Exp__vslot_007	0.82
0x00b0c8fc	Bop	0x00b0d2d4	Exp	0x00b0ce24	8	0	0x00747014	FUN_00747014	inherited	0x00747014	0x00b0d2d4	Exp	0x00b0d134	Exp__vslot_008	0.82
0x00b0c8fc	Bop	0x00b0d2d4	Exp	0x00b0ce24	9	0	0x00747029	FUN_00747029	inherited	0x00747029	0x00b0d2d4	Exp	0x00b0d134	Exp__vslot_009	0.82
0x00b0c8fc	Bop	0x00b0d2d4	Exp	0x00b0ce24	10	0	0x0074703e	FUN_0074703e	inherited	0x0074703e	0x00b0d2d4	Exp	0x00b0d134	Exp__vslot_010	0.82
0x00b0c8fc	Bop	0x00b0d2d4	Exp	0x00b0ce24	11	0	0x00747053	FUN_00747053	inherited	0x00747053	0x00b0d2d4	Exp	0x00b0d134	Exp__vslot_011	0.82
0x00b0c8fc	Bop	0x00b0d2d4	Exp	0x00b0ce24	12	0	0x00747065	FUN_00747065	inherited	0x00747065	0x00b0d2d4	Exp	0x00b0d134	Exp__vslot_012	0.82
0x00b0c8fc	Bop	0x00b0d2d4	Exp	0x00b0ce24	13	0	0x00747077	FUN_00747077	inherited	0x00747077	0x00b0d2d4	Exp	0x00b0d134	Exp__vslot_013	0.82
0x00b0c8fc	Bop	0x00b0d2d4	Exp	0x00b0ce24	14	0	0x00747246	FUN_00747246	inherited	0x00747246	0x00b0d2d4	Exp	0x00b0d134	Exp__vslot_014	0.82
0x00b0c8fc	Bop	0x00b0d2d4	Exp	0x00b0ce24	15	0	0x00748125	FUN_00748125	inherited	0x00748125	0x00b0c8ec	Alu	0x00b0cd54	Alu__vslot_015	0.82
0x00b0c8fc	Bop	0x00b0d2d4	Exp	0x00b0ce24	16	0	0x00747258	FUN_00747258	inherited	0x00747258	0x00b0d2d4	Exp	0x00b0d134	Exp__vslot_016	0.82
0x00b0c8fc	Bop	0x00b0d2d4	Exp	0x00b0ce24	17	0	0x00747261	FUN_00747261	inherited	0x00747261	0x00b0d2d4	Exp	0x00b0d134	Exp__vslot_017	0.82
0x00b0c8fc	Bop	0x00b0d2d4	Exp	0x00b0ce24	18	0	0x0074726a	FUN_0074726a	inherited	0x0074726a	0x00b0d2d4	Exp	0x00b0d134	Exp__vslot_018	0.82
0x00b0c8fc	Bop	0x00b0d2d4	Exp	0x00b0ce24	19	0	0x00747273	FUN_00747273	inherited	0x00747273	0x00b0d2d4	Exp	0x00b0d134	Exp__vslot_019	0.82
0x00b0c8fc	Bop	0x00b0d2d4	Exp	0x00b0ce24	20	0	0x007481db	FUN_007481db	override	0x0074727c	0x00b0c8fc	Bop	0x00b0ce24	Bop__vslot_020	0.95
0x00b0c8fc	Bop	0x00b0d2d4	Exp	0x00b0ce24	21	0	0x00747285	FUN_00747285	inherited	0x00747285	0x00b0d2d4	Exp	0x00b0d134	Exp__vslot_021	0.82
0x00b0c8fc	Bop	0x00b0d2d4	Exp	0x00b0ce24	22	0	0x0074728e	FUN_0074728e	inherited	0x0074728e	0x00b0d2d4	Exp	0x00b0d134	Exp__vslot_022	0.82
0x00b0c8fc	Bop	0x00b0d2d4	Exp	0x00b0ce24	23	0	0x00747297	FUN_00747297	inherited	0x00747297	0x00b0d2d4	Exp	0x00b0d134	Exp__vslot_023	0.82
0x00b0c8fc	Bop	0x00b0d2d4	Exp	0x00b0ce24	24	0	0x007481e4	FUN_007481e4	override	0x00a92860	0x00b0c8fc	Bop	0x00b0ce24	Bop__vslot_024	0.95
0x00b0c8fc	Bop	0x00b0d2d4	Exp	0x00b0ce24	25	0	0x00a92860	FUN_00a92860	introduced		0x00b0c8fc	Bop	0x00b0ce24	Bop__vslot_025	0.95
0x00b0c90c	Ncm	0x00b0d2d4	Exp	0x00b0cefc	0	0	0x0074812e	FUN_0074812e	inherited	0x0074812e	0x00b0c8ec	Alu	0x00b0cd54	Alu__vslot_000	0.82
0x00b0c90c	Ncm	0x00b0d2d4	Exp	0x00b0cefc	1	0	0x00748931	FUN_00748931	inherited	0x00748931	0x00b0d2d4	Exp	0x00b0d134	Exp__vslot_001	0.82
0x00b0c90c	Ncm	0x00b0d2d4	Exp	0x00b0cefc	2	0	0x00746f50	FUN_00746f50	inherited	0x00746f50	0x00b0d2d4	Exp	0x00b0d134	Exp__vslot_002	0.82
0x00b0c90c	Ncm	0x00b0d2d4	Exp	0x00b0cefc	3	0	0x00746f73	FUN_00746f73	inherited	0x00746f73	0x00b0d2d4	Exp	0x00b0d134	Exp__vslot_003	0.82
0x00b0c90c	Ncm	0x00b0d2d4	Exp	0x00b0cefc	4	0	0x00746f96	FUN_00746f96	inherited	0x00746f96	0x00b0d2d4	Exp	0x00b0d134	Exp__vslot_004	0.82
0x00b0c90c	Ncm	0x00b0d2d4	Exp	0x00b0cefc	5	0	0x00746fb9	FUN_00746fb9	inherited	0x00746fb9	0x00b0d2d4	Exp	0x00b0d134	Exp__vslot_005	0.82
0x00b0c90c	Ncm	0x00b0d2d4	Exp	0x00b0cefc	6	0	0x00746fdc	FUN_00746fdc	inherited	0x00746fdc	0x00b0d2d4	Exp	0x00b0d134	Exp__vslot_006	0.82
0x00b0c90c	Ncm	0x00b0d2d4	Exp	0x00b0cefc	7	0	0x00746fff	FUN_00746fff	inherited	0x00746fff	0x00b0d2d4	Exp	0x00b0d134	Exp__vslot_007	0.82
0x00b0c90c	Ncm	0x00b0d2d4	Exp	0x00b0cefc	8	0	0x00747014	FUN_00747014	inherited	0x00747014	0x00b0d2d4	Exp	0x00b0d134	Exp__vslot_008	0.82
0x00b0c90c	Ncm	0x00b0d2d4	Exp	0x00b0cefc	9	0	0x00747029	FUN_00747029	inherited	0x00747029	0x00b0d2d4	Exp	0x00b0d134	Exp__vslot_009	0.82
0x00b0c90c	Ncm	0x00b0d2d4	Exp	0x00b0cefc	10	0	0x0074703e	FUN_0074703e	inherited	0x0074703e	0x00b0d2d4	Exp	0x00b0d134	Exp__vslot_010	0.82
0x00b0c90c	Ncm	0x00b0d2d4	Exp	0x00b0cefc	11	0	0x00747053	FUN_00747053	inherited	0x00747053	0x00b0d2d4	Exp	0x00b0d134	Exp__vslot_011	0.82
0x00b0c90c	Ncm	0x00b0d2d4	Exp	0x00b0cefc	12	0	0x00747065	FUN_00747065	inherited	0x00747065	0x00b0d2d4	Exp	0x00b0d134	Exp__vslot_012	0.82
0x00b0c90c	Ncm	0x00b0d2d4	Exp	0x00b0cefc	13	0	0x00747077	FUN_00747077	inherited	0x00747077	0x00b0d2d4	Exp	0x00b0d134	Exp__vslot_013	0.82
0x00b0c90c	Ncm	0x00b0d2d4	Exp	0x00b0cefc	14	0	0x00747246	FUN_00747246	inherited	0x00747246	0x00b0d2d4	Exp	0x00b0d134	Exp__vslot_014	0.82
0x00b0c90c	Ncm	0x00b0d2d4	Exp	0x00b0cefc	15	0	0x00748125	FUN_00748125	inherited	0x00748125	0x00b0c8ec	Alu	0x00b0cd54	Alu__vslot_015	0.82
0x00b0c90c	Ncm	0x00b0d2d4	Exp	0x00b0cefc	16	0	0x00747258	FUN_00747258	inherited	0x00747258	0x00b0d2d4	Exp	0x00b0d134	Exp__vslot_016	0.82
0x00b0c90c	Ncm	0x00b0d2d4	Exp	0x00b0cefc	17	0	0x00747261	FUN_00747261	inherited	0x00747261	0x00b0d2d4	Exp	0x00b0d134	Exp__vslot_017	0.82
0x00b0c90c	Ncm	0x00b0d2d4	Exp	0x00b0cefc	18	0	0x0074726a	FUN_0074726a	inherited	0x0074726a	0x00b0d2d4	Exp	0x00b0d134	Exp__vslot_018	0.82
0x00b0c90c	Ncm	0x00b0d2d4	Exp	0x00b0cefc	19	0	0x00747273	FUN_00747273	inherited	0x00747273	0x00b0d2d4	Exp	0x00b0d134	Exp__vslot_019	0.82
0x00b0c90c	Ncm	0x00b0d2d4	Exp	0x00b0cefc	20	0	0x007481db	FUN_007481db	inherited	0x007481db	0x00b0c8fc	Bop	0x00b0ce24	Bop__vslot_020	0.82
0x00b0c90c	Ncm	0x00b0d2d4	Exp	0x00b0cefc	21	0	0x00747285	FUN_00747285	inherited	0x00747285	0x00b0d2d4	Exp	0x00b0d134	Exp__vslot_021	0.82
0x00b0c90c	Ncm	0x00b0d2d4	Exp	0x00b0cefc	22	0	0x007482e8	FUN_007482e8	override	0x0074728e	0x00b0c90c	Ncm	0x00b0cefc	Ncm__vslot_022	0.95
0x00b0c90c	Ncm	0x00b0d2d4	Exp	0x00b0cefc	23	0	0x00747297	FUN_00747297	inherited	0x00747297	0x00b0d2d4	Exp	0x00b0d134	Exp__vslot_023	0.82
0x00b0c90c	Ncm	0x00b0d2d4	Exp	0x00b0cefc	24	0	0x007481e4	FUN_007481e4	inherited	0x007481e4	0x00b0c8fc	Bop	0x00b0ce24	Bop__vslot_024	0.82
0x00b0c90c	Ncm	0x00b0d2d4	Exp	0x00b0cefc	25	0	0x00748388	FUN_00748388	override	0x00a92860	0x00b0c90c	Ncm	0x00b0cefc	Ncm__vslot_025	0.95
0x00b0c91c	Uop	0x00b0d2d4	Exp	0x00b0cfd4	0	0	0x0074812e	FUN_0074812e	inherited	0x0074812e	0x00b0c8ec	Alu	0x00b0cd54	Alu__vslot_000	0.82
0x00b0c91c	Uop	0x00b0d2d4	Exp	0x00b0cfd4	1	0	0x00748931	FUN_00748931	inherited	0x00748931	0x00b0d2d4	Exp	0x00b0d134	Exp__vslot_001	0.82
0x00b0c91c	Uop	0x00b0d2d4	Exp	0x00b0cfd4	2	0	0x00746f50	FUN_00746f50	inherited	0x00746f50	0x00b0d2d4	Exp	0x00b0d134	Exp__vslot_002	0.82
0x00b0c91c	Uop	0x00b0d2d4	Exp	0x00b0cfd4	3	0	0x00746f73	FUN_00746f73	inherited	0x00746f73	0x00b0d2d4	Exp	0x00b0d134	Exp__vslot_003	0.82
0x00b0c91c	Uop	0x00b0d2d4	Exp	0x00b0cfd4	4	0	0x00746f96	FUN_00746f96	inherited	0x00746f96	0x00b0d2d4	Exp	0x00b0d134	Exp__vslot_004	0.82
0x00b0c91c	Uop	0x00b0d2d4	Exp	0x00b0cfd4	5	0	0x00746fb9	FUN_00746fb9	inherited	0x00746fb9	0x00b0d2d4	Exp	0x00b0d134	Exp__vslot_005	0.82
0x00b0c91c	Uop	0x00b0d2d4	Exp	0x00b0cfd4	6	0	0x00746fdc	FUN_00746fdc	inherited	0x00746fdc	0x00b0d2d4	Exp	0x00b0d134	Exp__vslot_006	0.82
0x00b0c91c	Uop	0x00b0d2d4	Exp	0x00b0cfd4	7	0	0x00746fff	FUN_00746fff	inherited	0x00746fff	0x00b0d2d4	Exp	0x00b0d134	Exp__vslot_007	0.82
0x00b0c91c	Uop	0x00b0d2d4	Exp	0x00b0cfd4	8	0	0x00747014	FUN_00747014	inherited	0x00747014	0x00b0d2d4	Exp	0x00b0d134	Exp__vslot_008	0.82
0x00b0c91c	Uop	0x00b0d2d4	Exp	0x00b0cfd4	9	0	0x00747029	FUN_00747029	inherited	0x00747029	0x00b0d2d4	Exp	0x00b0d134	Exp__vslot_009	0.82
0x00b0c91c	Uop	0x00b0d2d4	Exp	0x00b0cfd4	10	0	0x0074703e	FUN_0074703e	inherited	0x0074703e	0x00b0d2d4	Exp	0x00b0d134	Exp__vslot_010	0.82
0x00b0c91c	Uop	0x00b0d2d4	Exp	0x00b0cfd4	11	0	0x00747053	FUN_00747053	inherited	0x00747053	0x00b0d2d4	Exp	0x00b0d134	Exp__vslot_011	0.82
0x00b0c91c	Uop	0x00b0d2d4	Exp	0x00b0cfd4	12	0	0x00747065	FUN_00747065	inherited	0x00747065	0x00b0d2d4	Exp	0x00b0d134	Exp__vslot_012	0.82
0x00b0c91c	Uop	0x00b0d2d4	Exp	0x00b0cfd4	13	0	0x00747077	FUN_00747077	inherited	0x00747077	0x00b0d2d4	Exp	0x00b0d134	Exp__vslot_013	0.82
0x00b0c91c	Uop	0x00b0d2d4	Exp	0x00b0cfd4	14	0	0x00747246	FUN_00747246	inherited	0x00747246	0x00b0d2d4	Exp	0x00b0d134	Exp__vslot_014	0.82
0x00b0c91c	Uop	0x00b0d2d4	Exp	0x00b0cfd4	15	0	0x00748125	FUN_00748125	inherited	0x00748125	0x00b0c8ec	Alu	0x00b0cd54	Alu__vslot_015	0.82
0x00b0c91c	Uop	0x00b0d2d4	Exp	0x00b0cfd4	16	0	0x00747258	FUN_00747258	inherited	0x00747258	0x00b0d2d4	Exp	0x00b0d134	Exp__vslot_016	0.82
0x00b0c91c	Uop	0x00b0d2d4	Exp	0x00b0cfd4	17	0	0x00747261	FUN_00747261	inherited	0x00747261	0x00b0d2d4	Exp	0x00b0d134	Exp__vslot_017	0.82
0x00b0c91c	Uop	0x00b0d2d4	Exp	0x00b0cfd4	18	0	0x0074726a	FUN_0074726a	inherited	0x0074726a	0x00b0d2d4	Exp	0x00b0d134	Exp__vslot_018	0.82
0x00b0c91c	Uop	0x00b0d2d4	Exp	0x00b0cfd4	19	0	0x00747273	FUN_00747273	inherited	0x00747273	0x00b0d2d4	Exp	0x00b0d134	Exp__vslot_019	0.82
0x00b0c91c	Uop	0x00b0d2d4	Exp	0x00b0cfd4	20	0	0x0074727c	FUN_0074727c	inherited	0x0074727c	0x00b0d2d4	Exp	0x00b0d134	Exp__vslot_020	0.82
0x00b0c91c	Uop	0x00b0d2d4	Exp	0x00b0cfd4	21	0	0x00747285	FUN_00747285	inherited	0x00747285	0x00b0d2d4	Exp	0x00b0d134	Exp__vslot_021	0.82
0x00b0c91c	Uop	0x00b0d2d4	Exp	0x00b0cfd4	22	0	0x0074728e	FUN_0074728e	inherited	0x0074728e	0x00b0d2d4	Exp	0x00b0d134	Exp__vslot_022	0.82
0x00b0c91c	Uop	0x00b0d2d4	Exp	0x00b0cfd4	23	0	0x007483f8	FUN_007483f8	override	0x00747297	0x00b0c91c	Uop	0x00b0cfd4	Uop__vslot_023	0.95
0x00b0c91c	Uop	0x00b0d2d4	Exp	0x00b0cfd4	24	0	0x00748401	FUN_00748401	override	0x00a92860	0x00b0c91c	Uop	0x00b0cfd4	Uop__vslot_024	0.95
0x00b0d2d4	Exp	0x00b0d2d4	Exp	0x00b0d134	0	0	0x00a92860	FUN_00a92860	root_slot		0x00b0d2d4	Exp	0x00b0d134	Exp__vslot_000	0.82
0x00b0d2d4	Exp	0x00b0d2d4	Exp	0x00b0d134	1	0	0x00748931	FUN_00748931	root_slot		0x00b0d2d4	Exp	0x00b0d134	Exp__vslot_001	0.82
0x00b0d2d4	Exp	0x00b0d2d4	Exp	0x00b0d134	2	0	0x00746f50	FUN_00746f50	root_slot		0x00b0d2d4	Exp	0x00b0d134	Exp__vslot_002	0.82
0x00b0d2d4	Exp	0x00b0d2d4	Exp	0x00b0d134	3	0	0x00746f73	FUN_00746f73	root_slot		0x00b0d2d4	Exp	0x00b0d134	Exp__vslot_003	0.82
0x00b0d2d4	Exp	0x00b0d2d4	Exp	0x00b0d134	4	0	0x00746f96	FUN_00746f96	root_slot		0x00b0d2d4	Exp	0x00b0d134	Exp__vslot_004	0.82
0x00b0d2d4	Exp	0x00b0d2d4	Exp	0x00b0d134	5	0	0x00746fb9	FUN_00746fb9	root_slot		0x00b0d2d4	Exp	0x00b0d134	Exp__vslot_005	0.82
0x00b0d2d4	Exp	0x00b0d2d4	Exp	0x00b0d134	6	0	0x00746fdc	FUN_00746fdc	root_slot		0x00b0d2d4	Exp	0x00b0d134	Exp__vslot_006	0.82
0x00b0d2d4	Exp	0x00b0d2d4	Exp	0x00b0d134	7	0	0x00746fff	FUN_00746fff	root_slot		0x00b0d2d4	Exp	0x00b0d134	Exp__vslot_007	0.82
0x00b0d2d4	Exp	0x00b0d2d4	Exp	0x00b0d134	8	0	0x00747014	FUN_00747014	root_slot		0x00b0d2d4	Exp	0x00b0d134	Exp__vslot_008	0.82
0x00b0d2d4	Exp	0x00b0d2d4	Exp	0x00b0d134	9	0	0x00747029	FUN_00747029	root_slot		0x00b0d2d4	Exp	0x00b0d134	Exp__vslot_009	0.82
0x00b0d2d4	Exp	0x00b0d2d4	Exp	0x00b0d134	10	0	0x0074703e	FUN_0074703e	root_slot		0x00b0d2d4	Exp	0x00b0d134	Exp__vslot_010	0.82
0x00b0d2d4	Exp	0x00b0d2d4	Exp	0x00b0d134	11	0	0x00747053	FUN_00747053	root_slot		0x00b0d2d4	Exp	0x00b0d134	Exp__vslot_011	0.82
0x00b0d2d4	Exp	0x00b0d2d4	Exp	0x00b0d134	12	0	0x00747065	FUN_00747065	root_slot		0x00b0d2d4	Exp	0x00b0d134	Exp__vslot_012	0.82
0x00b0d2d4	Exp	0x00b0d2d4	Exp	0x00b0d134	13	0	0x00747077	FUN_00747077	root_slot		0x00b0d2d4	Exp	0x00b0d134	Exp__vslot_013	0.82
0x00b0d2d4	Exp	0x00b0d2d4	Exp	0x00b0d134	14	0	0x00747246	FUN_00747246	root_slot		0x00b0d2d4	Exp	0x00b0d134	Exp__vslot_014	0.82
0x00b0d2d4	Exp	0x00b0d2d4	Exp	0x00b0d134	15	0	0x0074724f	FUN_0074724f	root_slot		0x00b0d2d4	Exp	0x00b0d134	Exp__vslot_015	0.82
0x00b0d2d4	Exp	0x00b0d2d4	Exp	0x00b0d134	16	0	0x00747258	FUN_00747258	root_slot		0x00b0d2d4	Exp	0x00b0d134	Exp__vslot_016	0.82
0x00b0d2d4	Exp	0x00b0d2d4	Exp	0x00b0d134	17	0	0x00747261	FUN_00747261	root_slot		0x00b0d2d4	Exp	0x00b0d134	Exp__vslot_017	0.82
0x00b0d2d4	Exp	0x00b0d2d4	Exp	0x00b0d134	18	0	0x0074726a	FUN_0074726a	root_slot		0x00b0d2d4	Exp	0x00b0d134	Exp__vslot_018	0.82
0x00b0d2d4	Exp	0x00b0d2d4	Exp	0x00b0d134	19	0	0x00747273	FUN_00747273	root_slot		0x00b0d2d4	Exp	0x00b0d134	Exp__vslot_019	0.82
0x00b0d2d4	Exp	0x00b0d2d4	Exp	0x00b0d134	20	0	0x0074727c	FUN_0074727c	root_slot		0x00b0d2d4	Exp	0x00b0d134	Exp__vslot_020	0.82
0x00b0d2d4	Exp	0x00b0d2d4	Exp	0x00b0d134	21	0	0x00747285	FUN_00747285	root_slot		0x00b0d2d4	Exp	0x00b0d134	Exp__vslot_021	0.82
0x00b0d2d4	Exp	0x00b0d2d4	Exp	0x00b0d134	22	0	0x0074728e	FUN_0074728e	root_slot		0x00b0d2d4	Exp	0x00b0d134	Exp__vslot_022	0.82
0x00b0d2d4	Exp	0x00b0d2d4	Exp	0x00b0d134	23	0	0x00747297	FUN_00747297	root_slot		0x00b0d2d4	Exp	0x00b0d134	Exp__vslot_023	0.82
0x00b0d2e4	Cmm	0x00b0d2d4	Exp	0x00b0d1fc	0	0	0x0074812e	FUN_0074812e	inherited	0x0074812e	0x00b0c8ec	Alu	0x00b0cd54	Alu__vslot_000	0.82
0x00b0d2e4	Cmm	0x00b0d2d4	Exp	0x00b0d1fc	1	0	0x00748805	FUN_00748805	override	0x00748931	0x00b0d2e4	Cmm	0x00b0d1fc	Cmm__vslot_001	0.95
0x00b0d2e4	Cmm	0x00b0d2d4	Exp	0x00b0d1fc	2	0	0x00746f50	FUN_00746f50	inherited	0x00746f50	0x00b0d2d4	Exp	0x00b0d134	Exp__vslot_002	0.82
0x00b0d2e4	Cmm	0x00b0d2d4	Exp	0x00b0d1fc	3	0	0x00746f73	FUN_00746f73	inherited	0x00746f73	0x00b0d2d4	Exp	0x00b0d134	Exp__vslot_003	0.82
0x00b0d2e4	Cmm	0x00b0d2d4	Exp	0x00b0d1fc	4	0	0x00746f96	FUN_00746f96	inherited	0x00746f96	0x00b0d2d4	Exp	0x00b0d134	Exp__vslot_004	0.82
0x00b0d2e4	Cmm	0x00b0d2d4	Exp	0x00b0d1fc	5	0	0x00746fb9	FUN_00746fb9	inherited	0x00746fb9	0x00b0d2d4	Exp	0x00b0d134	Exp__vslot_005	0.82
0x00b0d2e4	Cmm	0x00b0d2d4	Exp	0x00b0d1fc	6	0	0x00746fdc	FUN_00746fdc	inherited	0x00746fdc	0x00b0d2d4	Exp	0x00b0d134	Exp__vslot_006	0.82
0x00b0d2e4	Cmm	0x00b0d2d4	Exp	0x00b0d1fc	7	0	0x00746fff	FUN_00746fff	inherited	0x00746fff	0x00b0d2d4	Exp	0x00b0d134	Exp__vslot_007	0.82
0x00b0d2e4	Cmm	0x00b0d2d4	Exp	0x00b0d1fc	8	0	0x00747014	FUN_00747014	inherited	0x00747014	0x00b0d2d4	Exp	0x00b0d134	Exp__vslot_008	0.82
0x00b0d2e4	Cmm	0x00b0d2d4	Exp	0x00b0d1fc	9	0	0x00747029	FUN_00747029	inherited	0x00747029	0x00b0d2d4	Exp	0x00b0d134	Exp__vslot_009	0.82
0x00b0d2e4	Cmm	0x00b0d2d4	Exp	0x00b0d1fc	10	0	0x0074703e	FUN_0074703e	inherited	0x0074703e	0x00b0d2d4	Exp	0x00b0d134	Exp__vslot_010	0.82
0x00b0d2e4	Cmm	0x00b0d2d4	Exp	0x00b0d1fc	11	0	0x00747053	FUN_00747053	inherited	0x00747053	0x00b0d2d4	Exp	0x00b0d134	Exp__vslot_011	0.82
0x00b0d2e4	Cmm	0x00b0d2d4	Exp	0x00b0d1fc	12	0	0x00747065	FUN_00747065	inherited	0x00747065	0x00b0d2d4	Exp	0x00b0d134	Exp__vslot_012	0.82
0x00b0d2e4	Cmm	0x00b0d2d4	Exp	0x00b0d1fc	13	0	0x00747077	FUN_00747077	inherited	0x00747077	0x00b0d2d4	Exp	0x00b0d134	Exp__vslot_013	0.82
0x00b0d2e4	Cmm	0x00b0d2d4	Exp	0x00b0d1fc	14	0	0x00747246	FUN_00747246	inherited	0x00747246	0x00b0d2d4	Exp	0x00b0d134	Exp__vslot_014	0.82
0x00b0d2e4	Cmm	0x00b0d2d4	Exp	0x00b0d1fc	15	0	0x00748125	FUN_00748125	inherited	0x00748125	0x00b0c8ec	Alu	0x00b0cd54	Alu__vslot_015	0.82
0x00b0d2e4	Cmm	0x00b0d2d4	Exp	0x00b0d1fc	16	0	0x00747258	FUN_00747258	inherited	0x00747258	0x00b0d2d4	Exp	0x00b0d134	Exp__vslot_016	0.82
0x00b0d2e4	Cmm	0x00b0d2d4	Exp	0x00b0d1fc	17	0	0x00747261	FUN_00747261	inherited	0x00747261	0x00b0d2d4	Exp	0x00b0d134	Exp__vslot_017	0.82
0x00b0d2e4	Cmm	0x00b0d2d4	Exp	0x00b0d1fc	18	0	0x0074726a	FUN_0074726a	inherited	0x0074726a	0x00b0d2d4	Exp	0x00b0d134	Exp__vslot_018	0.82
0x00b0d2e4	Cmm	0x00b0d2d4	Exp	0x00b0d1fc	19	0	0x00747273	FUN_00747273	inherited	0x00747273	0x00b0d2d4	Exp	0x00b0d134	Exp__vslot_019	0.82
0x00b0d2e4	Cmm	0x00b0d2d4	Exp	0x00b0d1fc	20	0	0x007481db	FUN_007481db	inherited	0x007481db	0x00b0c8fc	Bop	0x00b0ce24	Bop__vslot_020	0.82
0x00b0d2e4	Cmm	0x00b0d2d4	Exp	0x00b0d1fc	21	0	0x00748266	FUN_00748266	override	0x00747285	0x00b0d2e4	Cmm	0x00b0d1fc	Cmm__vslot_021	0.95
0x00b0d2e4	Cmm	0x00b0d2d4	Exp	0x00b0d1fc	22	0	0x0074728e	FUN_0074728e	inherited	0x0074728e	0x00b0d2d4	Exp	0x00b0d134	Exp__vslot_022	0.82
0x00b0d2e4	Cmm	0x00b0d2d4	Exp	0x00b0d1fc	23	0	0x00747297	FUN_00747297	inherited	0x00747297	0x00b0d2d4	Exp	0x00b0d134	Exp__vslot_023	0.82
0x00b0d2e4	Cmm	0x00b0d2d4	Exp	0x00b0d1fc	24	0	0x007481e4	FUN_007481e4	inherited	0x007481e4	0x00b0c8fc	Bop	0x00b0ce24	Bop__vslot_024	0.82
0x00b0d2e4	Cmm	0x00b0d2d4	Exp	0x00b0d1fc	25	0	0x0074826f	FUN_0074826f	override	0x00a92860	0x00b0d2e4	Cmm	0x00b0d1fc	Cmm__vslot_025	0.95
0x00b0d3b8	obj_iter	0x00b0d3b8	obj_iter	0x00b0d578	0	0	0x00a92860	FUN_00a92860	root_slot		0x00b0d3b8	obj_iter	0x00b0d578	obj_iter__vslot_000	0.82
0x00b0d3b8	obj_iter	0x00b0d3b8	obj_iter	0x00b0d578	1	0	0x00a92860	FUN_00a92860	root_slot		0x00b0d3b8	obj_iter	0x00b0d578	obj_iter__vslot_001	0.82
0x00b0d3b8	obj_iter	0x00b0d3b8	obj_iter	0x00b0d578	2	0	0x00a92860	FUN_00a92860	root_slot		0x00b0d3b8	obj_iter	0x00b0d578	obj_iter__vslot_002	0.82
0x00b0d3c8	singleton_iter	0x00b0d3b8	obj_iter	0x00b0d328	0	0	0x0074a248	FUN_0074a248	override	0x00a92860	0x00b0d3c8	singleton_iter	0x00b0d328	singleton_iter__vslot_000	0.95
0x00b0d3c8	singleton_iter	0x00b0d3b8	obj_iter	0x00b0d328	1	0	0x0074a25b	FUN_0074a25b	override	0x00a92860	0x00b0d3c8	singleton_iter	0x00b0d328	singleton_iter__vslot_001	0.95
0x00b0d3c8	singleton_iter	0x00b0d3b8	obj_iter	0x00b0d328	2	0	0x0074a26f	FUN_0074a26f	override	0x00a92860	0x00b0d3c8	singleton_iter	0x00b0d328	singleton_iter__vslot_002	0.95
0x00b0d3d8	var_multimap	0x00b0d3d8	var_multimap	0x00b0d4c8	0	0	0x00a92860	FUN_00a92860	root_slot		0x00b0d3d8	var_multimap	0x00b0d4c8	var_multimap__vslot_000	0.82
0x00b0d3d8	var_multimap	0x00b0d3d8	var_multimap	0x00b0d4c8	1	0	0x00a92860	FUN_00a92860	root_slot		0x00b0d3d8	var_multimap	0x00b0d4c8	var_multimap__vslot_001	0.82
0x00b0d3d8	var_multimap	0x00b0d3d8	var_multimap	0x00b0d4c8	2	0	0x00a92860	FUN_00a92860	root_slot		0x00b0d3d8	var_multimap	0x00b0d4c8	var_multimap__vslot_002	0.82
0x00b0d3d8	var_multimap	0x00b0d3d8	var_multimap	0x00b0d4c8	3	0	0x00a92860	FUN_00a92860	root_slot		0x00b0d3d8	var_multimap	0x00b0d4c8	var_multimap__vslot_003	0.82
0x00b0d3d8	var_multimap	0x00b0d3d8	var_multimap	0x00b0d4c8	4	0	0x00a92860	FUN_00a92860	root_slot		0x00b0d3d8	var_multimap	0x00b0d4c8	var_multimap__vslot_004	0.82
0x00b0d3d8	var_multimap	0x00b0d3d8	var_multimap	0x00b0d4c8	5	0	0x00a92860	FUN_00a92860	root_slot		0x00b0d3d8	var_multimap	0x00b0d4c8	var_multimap__vslot_005	0.82
0x00b0d3d8	var_multimap	0x00b0d3d8	var_multimap	0x00b0d4c8	6	0	0x00a92860	FUN_00a92860	root_slot		0x00b0d3d8	var_multimap	0x00b0d4c8	var_multimap__vslot_006	0.82
0x00b0d3d8	var_multimap	0x00b0d3d8	var_multimap	0x00b0d4c8	7	0	0x00a92860	FUN_00a92860	root_slot		0x00b0d3d8	var_multimap	0x00b0d4c8	var_multimap__vslot_007	0.82
0x00b0d3d8	var_multimap	0x00b0d3d8	var_multimap	0x00b0d4c8	8	0	0x00a92860	FUN_00a92860	root_slot		0x00b0d3d8	var_multimap	0x00b0d4c8	var_multimap__vslot_008	0.82
0x00b0d3d8	var_multimap	0x00b0d3d8	var_multimap	0x00b0d4c8	9	0	0x00a92860	FUN_00a92860	root_slot		0x00b0d3d8	var_multimap	0x00b0d4c8	var_multimap__vslot_009	0.82
0x00b0d3e8	var_disjointsets	0x00b0d3e8	var_disjointsets	0x00b0d368	0	0	0x00a92860	FUN_00a92860	root_slot		0x00b0d3e8	var_disjointsets	0x00b0d368	var_disjointsets__vslot_000	0.82
0x00b0d3e8	var_disjointsets	0x00b0d3e8	var_disjointsets	0x00b0d368	1	0	0x00a92860	FUN_00a92860	root_slot		0x00b0d3e8	var_disjointsets	0x00b0d368	var_disjointsets__vslot_001	0.82
0x00b0d3e8	var_disjointsets	0x00b0d3e8	var_disjointsets	0x00b0d368	2	0	0x00a92860	FUN_00a92860	root_slot		0x00b0d3e8	var_disjointsets	0x00b0d368	var_disjointsets__vslot_002	0.82
0x00b0d3e8	var_disjointsets	0x00b0d3e8	var_disjointsets	0x00b0d368	3	0	0x00a92860	FUN_00a92860	root_slot		0x00b0d3e8	var_disjointsets	0x00b0d368	var_disjointsets__vslot_003	0.82
0x00b0d3f8	objectlist_iter	0x00b0d3b8	obj_iter	0x00b0d348	0	0	0x0074a36a	FUN_0074a36a	override	0x00a92860	0x00b0d3f8	objectlist_iter	0x00b0d348	objectlist_iter__vslot_000	0.95
0x00b0d3f8	objectlist_iter	0x00b0d3b8	obj_iter	0x00b0d348	1	0	0x0074a350	FUN_0074a350	override	0x00a92860	0x00b0d3f8	objectlist_iter	0x00b0d348	objectlist_iter__vslot_001	0.95
0x00b0d3f8	objectlist_iter	0x00b0d3b8	obj_iter	0x00b0d348	2	0	0x0074a37d	FUN_0074a37d	override	0x00a92860	0x00b0d3f8	objectlist_iter	0x00b0d348	objectlist_iter__vslot_002	0.95
0x00b0d408	var_multimap_impl	0x00b0d3d8	var_multimap	0x00b0d520	0	0	0x0074a392	FUN_0074a392	override	0x00a92860	0x00b0d408	var_multimap_impl	0x00b0d520	var_multimap_impl__vslot_000	0.95
0x00b0d408	var_multimap_impl	0x00b0d3d8	var_multimap	0x00b0d520	1	0	0x0074a3d9	FUN_0074a3d9	override	0x00a92860	0x00b0d408	var_multimap_impl	0x00b0d520	var_multimap_impl__vslot_001	0.95
0x00b0d408	var_multimap_impl	0x00b0d3d8	var_multimap	0x00b0d520	2	0	0x0074a41e	FUN_0074a41e	override	0x00a92860	0x00b0d408	var_multimap_impl	0x00b0d520	var_multimap_impl__vslot_002	0.95
0x00b0d408	var_multimap_impl	0x00b0d3d8	var_multimap	0x00b0d520	3	0	0x0074a477	FUN_0074a477	override	0x00a92860	0x00b0d408	var_multimap_impl	0x00b0d520	var_multimap_impl__vslot_003	0.95
0x00b0d408	var_multimap_impl	0x00b0d3d8	var_multimap	0x00b0d520	4	0	0x0074a4d0	FUN_0074a4d0	override	0x00a92860	0x00b0d408	var_multimap_impl	0x00b0d520	var_multimap_impl__vslot_004	0.95
0x00b0d408	var_multimap_impl	0x00b0d3d8	var_multimap	0x00b0d520	5	0	0x0074a4e8	FUN_0074a4e8	override	0x00a92860	0x00b0d408	var_multimap_impl	0x00b0d520	var_multimap_impl__vslot_005	0.95
0x00b0d408	var_multimap_impl	0x00b0d3d8	var_multimap	0x00b0d520	6	0	0x0074a4fd	FUN_0074a4fd	override	0x00a92860	0x00b0d408	var_multimap_impl	0x00b0d520	var_multimap_impl__vslot_006	0.95
0x00b0d408	var_multimap_impl	0x00b0d3d8	var_multimap	0x00b0d520	7	0	0x0074a547	FUN_0074a547	override	0x00a92860	0x00b0d408	var_multimap_impl	0x00b0d520	var_multimap_impl__vslot_007	0.95
0x00b0d408	var_multimap_impl	0x00b0d3d8	var_multimap	0x00b0d520	8	0	0x0074a589	FUN_0074a589	override	0x00a92860	0x00b0d408	var_multimap_impl	0x00b0d520	var_multimap_impl__vslot_008	0.95
0x00b0d408	var_multimap_impl	0x00b0d3d8	var_multimap	0x00b0d520	9	0	0x0074a61d	FUN_0074a61d	override	0x00a92860	0x00b0d408	var_multimap_impl	0x00b0d520	var_multimap_impl__vslot_009	0.95
0x00b0d418	var_map<objectlist>::var_map_iter	0x00b0d3b8	obj_iter	0x00b0d598	0	0	0x0074a284	FUN_0074a284	override	0x00a92860	0x00b0d418	var_map<objectlist>::var_map_iter	0x00b0d598	var_map_objectlist_var_map_iter__vslot_000	0.95
0x00b0d418	var_map<objectlist>::var_map_iter	0x00b0d3b8	obj_iter	0x00b0d598	1	0	0x0074a303	FUN_0074a303	override	0x00a92860	0x00b0d418	var_map<objectlist>::var_map_iter	0x00b0d598	var_map_objectlist_var_map_iter__vslot_001	0.95
0x00b0d418	var_map<objectlist>::var_map_iter	0x00b0d3b8	obj_iter	0x00b0d598	2	0	0x0074a33b	FUN_0074a33b	override	0x00a92860	0x00b0d418	var_map<objectlist>::var_map_iter	0x00b0d598	var_map_objectlist_var_map_iter__vslot_002	0.95
0x00b0d428	var_disjointsets_impl	0x00b0d3e8	var_disjointsets	0x00b0d390	0	0	0x0074a780	FUN_0074a780	override	0x00a92860	0x00b0d428	var_disjointsets_impl	0x00b0d390	var_disjointsets_impl__vslot_000	0.95
0x00b0d428	var_disjointsets_impl	0x00b0d3e8	var_disjointsets	0x00b0d390	1	0	0x0074a7b6	FUN_0074a7b6	override	0x00a92860	0x00b0d428	var_disjointsets_impl	0x00b0d390	var_disjointsets_impl__vslot_001	0.95
0x00b0d428	var_disjointsets_impl	0x00b0d3e8	var_disjointsets	0x00b0d390	2	0	0x0074a846	FUN_0074a846	override	0x00a92860	0x00b0d428	var_disjointsets_impl	0x00b0d390	var_disjointsets_impl__vslot_002	0.95
0x00b0d428	var_disjointsets_impl	0x00b0d3e8	var_disjointsets	0x00b0d390	3	0	0x0074a869	FUN_0074a869	override	0x00a92860	0x00b0d428	var_disjointsets_impl	0x00b0d390	var_disjointsets_impl__vslot_003	0.95
0x00b0d680	obj_iter	0x00b0d680	obj_iter	0x00b0d640	0	0	0x00a92860	FUN_00a92860	root_slot		0x00b0d680	obj_iter	0x00b0d640	obj_iter__vslot_000	0.82
0x00b0d680	obj_iter	0x00b0d680	obj_iter	0x00b0d640	1	0	0x00a92860	FUN_00a92860	root_slot		0x00b0d680	obj_iter	0x00b0d640	obj_iter__vslot_001	0.82
0x00b0d680	obj_iter	0x00b0d680	obj_iter	0x00b0d640	2	0	0x00a92860	FUN_00a92860	root_slot		0x00b0d680	obj_iter	0x00b0d640	obj_iter__vslot_002	0.82
0x00b0d8b8	objpairlist_searchiter	0x00b0d680	obj_iter	0x00b0d898	0	0	0x0074d343	FUN_0074d343	override	0x00a92860	0x00b0d8b8	objpairlist_searchiter	0x00b0d898	objpairlist_searchiter__vslot_000	0.95
0x00b0d8b8	objpairlist_searchiter	0x00b0d680	obj_iter	0x00b0d898	1	0	0x0074d3ac	FUN_0074d3ac	override	0x00a92860	0x00b0d8b8	objpairlist_searchiter	0x00b0d898	objpairlist_searchiter__vslot_001	0.95
0x00b0d8b8	objpairlist_searchiter	0x00b0d680	obj_iter	0x00b0d898	2	0	0x0074afa4	FUN_0074afa4	override	0x00a92860	0x00b0d8b8	objpairlist_searchiter	0x00b0d898	objpairlist_searchiter__vslot_002	0.95
0x00b0d908	InterblockDf	0x00b0d908	InterblockDf	0x00b0d8f0	0	0	0x00a92860	FUN_00a92860	root_slot		0x00b0d908	InterblockDf	0x00b0d8f0	InterblockDf__vslot_000	0.82
0x00b0d908	InterblockDf	0x00b0d908	InterblockDf	0x00b0d8f0	1	0	0x00a92860	FUN_00a92860	root_slot		0x00b0d908	InterblockDf	0x00b0d8f0	InterblockDf__vslot_001	0.82
0x00b0e82c	backend_dataflow	0x00b0e82c	backend_dataflow	0x00b0e53c	0	0	0x0074dae0	FUN_0074dae0	root_slot		0x00b0e82c	backend_dataflow	0x00b0e53c	backend_dataflow__vslot_000	0.82
0x00b0e82c	backend_dataflow	0x00b0e82c	backend_dataflow	0x00b0e53c	1	0	0x0076fdcf	FUN_0076fdcf	root_slot		0x00b0e82c	backend_dataflow	0x00b0e53c	backend_dataflow__vslot_001	0.82
0x00b0e82c	backend_dataflow	0x00b0e82c	backend_dataflow	0x00b0e53c	2	0	0x0074dae5	FUN_0074dae5	root_slot		0x00b0e82c	backend_dataflow	0x00b0e53c	backend_dataflow__vslot_002	0.82
0x00b0e82c	backend_dataflow	0x00b0e82c	backend_dataflow	0x00b0e53c	3	0	0x0074daea	FUN_0074daea	root_slot		0x00b0e82c	backend_dataflow	0x00b0e53c	backend_dataflow__vslot_003	0.82
0x00b0e82c	backend_dataflow	0x00b0e82c	backend_dataflow	0x00b0e53c	4	0	0x0074daf3	FUN_0074daf3	root_slot		0x00b0e82c	backend_dataflow	0x00b0e53c	backend_dataflow__vslot_004	0.82
0x00b0e82c	backend_dataflow	0x00b0e82c	backend_dataflow	0x00b0e53c	5	0	0x0076fd8c	FUN_0076fd8c	root_slot		0x00b0e82c	backend_dataflow	0x00b0e53c	backend_dataflow__vslot_005	0.82
0x00b0e82c	backend_dataflow	0x00b0e82c	backend_dataflow	0x00b0e53c	6	0	0x007692da	FUN_007692da	root_slot		0x00b0e82c	backend_dataflow	0x00b0e53c	backend_dataflow__vslot_006	0.82
0x00b0e82c	backend_dataflow	0x00b0e82c	backend_dataflow	0x00b0e53c	7	0	0x0076fd44	FUN_0076fd44	root_slot		0x00b0e82c	backend_dataflow	0x00b0e53c	backend_dataflow__vslot_007	0.82
0x00b0e82c	backend_dataflow	0x00b0e82c	backend_dataflow	0x00b0e53c	8	0	0x00766cae	FUN_00766cae	root_slot		0x00b0e82c	backend_dataflow	0x00b0e53c	backend_dataflow__vslot_008	0.82
0x00b0e82c	backend_dataflow	0x00b0e82c	backend_dataflow	0x00b0e53c	9	0	0x0074dafc	FUN_0074dafc	root_slot		0x00b0e82c	backend_dataflow	0x00b0e53c	backend_dataflow__vslot_009	0.82
0x00b0e82c	backend_dataflow	0x00b0e82c	backend_dataflow	0x00b0e53c	10	0	0x007700a6	FUN_007700a6	root_slot		0x00b0e82c	backend_dataflow	0x00b0e53c	backend_dataflow__vslot_010	0.82
0x00b0e82c	backend_dataflow	0x00b0e82c	backend_dataflow	0x00b0e53c	11	0	0x0074db05	FUN_0074db05	root_slot		0x00b0e82c	backend_dataflow	0x00b0e53c	backend_dataflow__vslot_011	0.82
0x00b0e82c	backend_dataflow	0x00b0e82c	backend_dataflow	0x00b0e53c	12	0	0x0076fd2e	FUN_0076fd2e	root_slot		0x00b0e82c	backend_dataflow	0x00b0e53c	backend_dataflow__vslot_012	0.82
0x00b0e82c	backend_dataflow	0x00b0e82c	backend_dataflow	0x00b0e53c	13	0	0x0074db19	FUN_0074db19	root_slot		0x00b0e82c	backend_dataflow	0x00b0e53c	backend_dataflow__vslot_013	0.82
0x00b0e82c	backend_dataflow	0x00b0e82c	backend_dataflow	0x00b0e53c	14	0	0x0074db22	FUN_0074db22	root_slot		0x00b0e82c	backend_dataflow	0x00b0e53c	backend_dataflow__vslot_014	0.82
0x00b0e82c	backend_dataflow	0x00b0e82c	backend_dataflow	0x00b0e53c	15	0	0x0074db2b	FUN_0074db2b	root_slot		0x00b0e82c	backend_dataflow	0x00b0e53c	backend_dataflow__vslot_015	0.82
0x00b0e82c	backend_dataflow	0x00b0e82c	backend_dataflow	0x00b0e53c	16	0	0x0074db34	FUN_0074db34	root_slot		0x00b0e82c	backend_dataflow	0x00b0e53c	backend_dataflow__vslot_016	0.82
0x00b0e82c	backend_dataflow	0x00b0e82c	backend_dataflow	0x00b0e53c	17	0	0x0074db43	FUN_0074db43	root_slot		0x00b0e82c	backend_dataflow	0x00b0e53c	backend_dataflow__vslot_017	0.82
0x00b0e82c	backend_dataflow	0x00b0e82c	backend_dataflow	0x00b0e53c	18	0	0x0074db70	FUN_0074db70	root_slot		0x00b0e82c	backend_dataflow	0x00b0e53c	backend_dataflow__vslot_018	0.82
0x00b0e82c	backend_dataflow	0x00b0e82c	backend_dataflow	0x00b0e53c	19	0	0x0076c5f7	FUN_0076c5f7	root_slot		0x00b0e82c	backend_dataflow	0x00b0e53c	backend_dataflow__vslot_019	0.82
0x00b0e82c	backend_dataflow	0x00b0e82c	backend_dataflow	0x00b0e53c	20	0	0x0076c612	FUN_0076c612	root_slot		0x00b0e82c	backend_dataflow	0x00b0e53c	backend_dataflow__vslot_020	0.82
0x00b0e82c	backend_dataflow	0x00b0e82c	backend_dataflow	0x00b0e53c	21	0	0x0074db7a	FUN_0074db7a	root_slot		0x00b0e82c	backend_dataflow	0x00b0e53c	backend_dataflow__vslot_021	0.82
0x00b0e82c	backend_dataflow	0x00b0e82c	backend_dataflow	0x00b0e53c	22	0	0x0076ce1e	FUN_0076ce1e	root_slot		0x00b0e82c	backend_dataflow	0x00b0e53c	backend_dataflow__vslot_022	0.82
0x00b0e82c	backend_dataflow	0x00b0e82c	backend_dataflow	0x00b0e53c	23	0	0x0074db88	FUN_0074db88	root_slot		0x00b0e82c	backend_dataflow	0x00b0e53c	backend_dataflow__vslot_023	0.82
0x00b0e82c	backend_dataflow	0x00b0e82c	backend_dataflow	0x00b0e53c	24	0	0x0077017f	FUN_0077017f	root_slot		0x00b0e82c	backend_dataflow	0x00b0e53c	backend_dataflow__vslot_024	0.82
0x00b0e82c	backend_dataflow	0x00b0e82c	backend_dataflow	0x00b0e53c	25	0	0x007711eb	FUN_007711eb	root_slot		0x00b0e82c	backend_dataflow	0x00b0e53c	backend_dataflow__vslot_025	0.82
0x00b0e82c	backend_dataflow	0x00b0e82c	backend_dataflow	0x00b0e53c	26	0	0x0074db91	FUN_0074db91	root_slot		0x00b0e82c	backend_dataflow	0x00b0e53c	backend_dataflow__vslot_026	0.82
0x00b0e82c	backend_dataflow	0x00b0e82c	backend_dataflow	0x00b0e53c	27	0	0x0074dba6	FUN_0074dba6	root_slot		0x00b0e82c	backend_dataflow	0x00b0e53c	backend_dataflow__vslot_027	0.82
0x00b0e83c	IndDataFlow	0x00b0d908	InterblockDf	0x00b0e624	0	0	0x00a92860	FUN_00a92860	inherited	0x00a92860	0x00b0d908	InterblockDf	0x00b0d8f0	InterblockDf__vslot_000	0.82
0x00b0e83c	IndDataFlow	0x00b0d908	InterblockDf	0x00b0e624	1	0	0x00a92860	FUN_00a92860	inherited	0x00a92860	0x00b0d908	InterblockDf	0x00b0d8f0	InterblockDf__vslot_001	0.82
0x00b0e83c	IndDataFlow	0x00b0d908	InterblockDf	0x00b0e624	2	0	0x0074dd47	FUN_0074dd47	introduced		0x00b0e83c	IndDataFlow	0x00b0e624	IndDataFlow__vslot_002	0.95
0x00b0e83c	IndDataFlow	0x00b0d908	InterblockDf	0x00b0e624	3	0	0x0074dd4c	FUN_0074dd4c	introduced		0x00b0e83c	IndDataFlow	0x00b0e624	IndDataFlow__vslot_003	0.95
0x00b0e83c	IndDataFlow	0x00b0d908	InterblockDf	0x00b0e624	4	0	0x0074dd69	FUN_0074dd69	introduced		0x00b0e83c	IndDataFlow	0x00b0e624	IndDataFlow__vslot_004	0.95
0x00b0e83c	IndDataFlow	0x00b0d908	InterblockDf	0x00b0e624	5	0	0x0074dd86	FUN_0074dd86	introduced		0x00b0e83c	IndDataFlow	0x00b0e624	IndDataFlow__vslot_005	0.95
0x00b0e83c	IndDataFlow	0x00b0d908	InterblockDf	0x00b0e624	6	0	0x0074dd9f	FUN_0074dd9f	introduced		0x00b0e83c	IndDataFlow	0x00b0e624	IndDataFlow__vslot_006	0.95
0x00b0e83c	IndDataFlow	0x00b0d908	InterblockDf	0x00b0e624	7	0	0x00a92860	FUN_00a92860	introduced		0x00b0e83c	IndDataFlow	0x00b0e624	IndDataFlow__vslot_007	0.95
0x00b0e83c	IndDataFlow	0x00b0d908	InterblockDf	0x00b0e624	8	0	0x0074ddb8	FUN_0074ddb8	introduced		0x00b0e83c	IndDataFlow	0x00b0e624	IndDataFlow__vslot_008	0.95
0x00b0e83c	IndDataFlow	0x00b0d908	InterblockDf	0x00b0e624	9	0	0x0074ddbd	FUN_0074ddbd	introduced		0x00b0e83c	IndDataFlow	0x00b0e624	IndDataFlow__vslot_009	0.95
0x00b0e83c	IndDataFlow	0x00b0d908	InterblockDf	0x00b0e624	10	0	0x0074ddc7	FUN_0074ddc7	introduced		0x00b0e83c	IndDataFlow	0x00b0e624	IndDataFlow__vslot_010	0.95
0x00b0e83c	IndDataFlow	0x00b0d908	InterblockDf	0x00b0e624	11	0	0x00a92860	FUN_00a92860	introduced		0x00b0e83c	IndDataFlow	0x00b0e624	IndDataFlow__vslot_011	0.95
0x00b0e83c	IndDataFlow	0x00b0d908	InterblockDf	0x00b0e624	12	0	0x0076da5c	FUN_0076da5c	introduced		0x00b0e83c	IndDataFlow	0x00b0e624	IndDataFlow__vslot_012	0.95
0x00b0e83c	IndDataFlow	0x00b0d908	InterblockDf	0x00b0e624	13	0	0x0076da6c	FUN_0076da6c	introduced		0x00b0e83c	IndDataFlow	0x00b0e624	IndDataFlow__vslot_013	0.95
0x00b0e83c	IndDataFlow	0x00b0d908	InterblockDf	0x00b0e624	14	0	0x0074ddcc	FUN_0074ddcc	introduced		0x00b0e83c	IndDataFlow	0x00b0e624	IndDataFlow__vslot_014	0.95
0x00b0e84c	RBFwdDataFlow	0x00b0d908	InterblockDf	0x00b0e6a4	0	0	0x0076e5c3	FUN_0076e5c3	override	0x00a92860	0x00b0e84c	RBFwdDataFlow	0x00b0e6a4	RBFwdDataFlow__vslot_000	0.95
0x00b0e84c	RBFwdDataFlow	0x00b0d908	InterblockDf	0x00b0e6a4	1	0	0x0076e876	FUN_0076e876	override	0x00a92860	0x00b0e84c	RBFwdDataFlow	0x00b0e6a4	RBFwdDataFlow__vslot_001	0.95
0x00b0e84c	RBFwdDataFlow	0x00b0d908	InterblockDf	0x00b0e6a4	2	0	0x0074e21a	FUN_0074e21a	override	0x0074dd47	0x00b0e84c	RBFwdDataFlow	0x00b0e6a4	RBFwdDataFlow__vslot_002	0.95
0x00b0e84c	RBFwdDataFlow	0x00b0d908	InterblockDf	0x00b0e6a4	3	0	0x00753da9	FUN_00753da9	override	0x0074dd4c	0x00b0e84c	RBFwdDataFlow	0x00b0e6a4	RBFwdDataFlow__vslot_003	0.95
0x00b0e84c	RBFwdDataFlow	0x00b0d908	InterblockDf	0x00b0e6a4	4	0	0x0074dd69	FUN_0074dd69	inherited	0x0074dd69	0x00b0e83c	IndDataFlow	0x00b0e624	IndDataFlow__vslot_004	0.82
0x00b0e84c	RBFwdDataFlow	0x00b0d908	InterblockDf	0x00b0e6a4	5	0	0x00753eb5	FUN_00753eb5	override	0x0074dd86	0x00b0e84c	RBFwdDataFlow	0x00b0e6a4	RBFwdDataFlow__vslot_005	0.95
0x00b0e84c	RBFwdDataFlow	0x00b0d908	InterblockDf	0x00b0e6a4	6	0	0x0074dd9f	FUN_0074dd9f	inherited	0x0074dd9f	0x00b0e83c	IndDataFlow	0x00b0e624	IndDataFlow__vslot_006	0.82
0x00b0e84c	RBFwdDataFlow	0x00b0d908	InterblockDf	0x00b0e6a4	7	0	0x00753f4e	FUN_00753f4e	override	0x00a92860	0x00b0e84c	RBFwdDataFlow	0x00b0e6a4	RBFwdDataFlow__vslot_007	0.95
0x00b0e84c	RBFwdDataFlow	0x00b0d908	InterblockDf	0x00b0e6a4	8	0	0x0076e139	FUN_0076e139	override	0x0074ddb8	0x00b0e84c	RBFwdDataFlow	0x00b0e6a4	RBFwdDataFlow__vslot_008	0.95
0x00b0e84c	RBFwdDataFlow	0x00b0d908	InterblockDf	0x00b0e6a4	9	0	0x0074ddbd	FUN_0074ddbd	inherited	0x0074ddbd	0x00b0e83c	IndDataFlow	0x00b0e624	IndDataFlow__vslot_009	0.82
0x00b0e84c	RBFwdDataFlow	0x00b0d908	InterblockDf	0x00b0e6a4	10	0	0x00753c6c	FUN_00753c6c	override	0x0074ddc7	0x00b0e84c	RBFwdDataFlow	0x00b0e6a4	RBFwdDataFlow__vslot_010	0.95
0x00b0e84c	RBFwdDataFlow	0x00b0d908	InterblockDf	0x00b0e6a4	11	0	0x0076e53f	FUN_0076e53f	override	0x00a92860	0x00b0e84c	RBFwdDataFlow	0x00b0e6a4	RBFwdDataFlow__vslot_011	0.95
0x00b0e84c	RBFwdDataFlow	0x00b0d908	InterblockDf	0x00b0e6a4	12	0	0x0076da5c	FUN_0076da5c	inherited	0x0076da5c	0x00b0e83c	IndDataFlow	0x00b0e624	IndDataFlow__vslot_012	0.82
0x00b0e84c	RBFwdDataFlow	0x00b0d908	InterblockDf	0x00b0e6a4	13	0	0x0076da6c	FUN_0076da6c	inherited	0x0076da6c	0x00b0e83c	IndDataFlow	0x00b0e624	IndDataFlow__vslot_013	0.82
0x00b0e84c	RBFwdDataFlow	0x00b0d908	InterblockDf	0x00b0e6a4	14	0	0x0074ddcc	FUN_0074ddcc	inherited	0x0074ddcc	0x00b0e83c	IndDataFlow	0x00b0e624	IndDataFlow__vslot_014	0.82
0x00b0e85c	RBBkwdDataFlow	0x00b0d908	InterblockDf	0x00b0e724	0	0	0x0076e643	FUN_0076e643	override	0x00a92860	0x00b0e85c	RBBkwdDataFlow	0x00b0e724	RBBkwdDataFlow__vslot_000	0.95
0x00b0e85c	RBBkwdDataFlow	0x00b0d908	InterblockDf	0x00b0e724	1	0	0x0076ec9e	FUN_0076ec9e	override	0x00a92860	0x00b0e85c	RBBkwdDataFlow	0x00b0e724	RBBkwdDataFlow__vslot_001	0.95
0x00b0e85c	RBBkwdDataFlow	0x00b0d908	InterblockDf	0x00b0e724	2	0	0x0074e300	FUN_0074e300	override	0x0074dd47	0x00b0e85c	RBBkwdDataFlow	0x00b0e724	RBBkwdDataFlow__vslot_002	0.95
0x00b0e85c	RBBkwdDataFlow	0x00b0d908	InterblockDf	0x00b0e724	3	0	0x0074dd4c	FUN_0074dd4c	inherited	0x0074dd4c	0x00b0e83c	IndDataFlow	0x00b0e624	IndDataFlow__vslot_003	0.82
0x00b0e85c	RBBkwdDataFlow	0x00b0d908	InterblockDf	0x00b0e724	4	0	0x0074e30e	FUN_0074e30e	override	0x0074dd69	0x00b0e85c	RBBkwdDataFlow	0x00b0e724	RBBkwdDataFlow__vslot_004	0.95
0x00b0e85c	RBBkwdDataFlow	0x00b0d908	InterblockDf	0x00b0e724	5	0	0x0074dd86	FUN_0074dd86	inherited	0x0074dd86	0x00b0e83c	IndDataFlow	0x00b0e624	IndDataFlow__vslot_005	0.82
0x00b0e85c	RBBkwdDataFlow	0x00b0d908	InterblockDf	0x00b0e724	6	0	0x0074e377	FUN_0074e377	override	0x0074dd9f	0x00b0e85c	RBBkwdDataFlow	0x00b0e724	RBBkwdDataFlow__vslot_006	0.95
0x00b0e85c	RBBkwdDataFlow	0x00b0d908	InterblockDf	0x00b0e724	7	0	0x00753fc7	FUN_00753fc7	override	0x00a92860	0x00b0e85c	RBBkwdDataFlow	0x00b0e724	RBBkwdDataFlow__vslot_007	0.95
0x00b0e85c	RBBkwdDataFlow	0x00b0d908	InterblockDf	0x00b0e724	8	0	0x0076da7c	FUN_0076da7c	override	0x0074ddb8	0x00b0e85c	RBBkwdDataFlow	0x00b0e724	RBBkwdDataFlow__vslot_008	0.95
0x00b0e85c	RBBkwdDataFlow	0x00b0d908	InterblockDf	0x00b0e724	9	0	0x0074e3bd	FUN_0074e3bd	override	0x0074ddbd	0x00b0e85c	RBBkwdDataFlow	0x00b0e724	RBBkwdDataFlow__vslot_009	0.95
0x00b0e85c	RBBkwdDataFlow	0x00b0d908	InterblockDf	0x00b0e724	10	0	0x0074ddc7	FUN_0074ddc7	inherited	0x0074ddc7	0x00b0e83c	IndDataFlow	0x00b0e624	IndDataFlow__vslot_010	0.82
0x00b0e85c	RBBkwdDataFlow	0x00b0d908	InterblockDf	0x00b0e724	11	0	0x0076e46b	FUN_0076e46b	override	0x00a92860	0x00b0e85c	RBBkwdDataFlow	0x00b0e724	RBBkwdDataFlow__vslot_011	0.95
0x00b0e85c	RBBkwdDataFlow	0x00b0d908	InterblockDf	0x00b0e724	12	0	0x0076da5c	FUN_0076da5c	inherited	0x0076da5c	0x00b0e83c	IndDataFlow	0x00b0e624	IndDataFlow__vslot_012	0.82
0x00b0e85c	RBBkwdDataFlow	0x00b0d908	InterblockDf	0x00b0e724	13	0	0x0076da6c	FUN_0076da6c	inherited	0x0076da6c	0x00b0e83c	IndDataFlow	0x00b0e624	IndDataFlow__vslot_013	0.82
0x00b0e85c	RBBkwdDataFlow	0x00b0d908	InterblockDf	0x00b0e724	14	0	0x0074ddcc	FUN_0074ddcc	inherited	0x0074ddcc	0x00b0e83c	IndDataFlow	0x00b0e624	IndDataFlow__vslot_014	0.82
0x00b0e86c	RegReNameBkwdDataFlow	0x00b0d908	InterblockDf	0x00b0e7a4	0	0	0x0076a145	FUN_0076a145	override	0x00a92860	0x00b0e86c	RegReNameBkwdDataFlow	0x00b0e7a4	RegReNameBkwdDataFlow__vslot_000	0.95
0x00b0e86c	RegReNameBkwdDataFlow	0x00b0d908	InterblockDf	0x00b0e7a4	1	0	0x0076a4bf	FUN_0076a4bf	override	0x00a92860	0x00b0e86c	RegReNameBkwdDataFlow	0x00b0e7a4	RegReNameBkwdDataFlow__vslot_001	0.95
0x00b0e86c	RegReNameBkwdDataFlow	0x00b0d908	InterblockDf	0x00b0e7a4	2	0	0x0074dd47	FUN_0074dd47	inherited	0x0074dd47	0x00b0e83c	IndDataFlow	0x00b0e624	IndDataFlow__vslot_002	0.82
0x00b0e86c	RegReNameBkwdDataFlow	0x00b0d908	InterblockDf	0x00b0e7a4	3	0	0x0074dd4c	FUN_0074dd4c	inherited	0x0074dd4c	0x00b0e83c	IndDataFlow	0x00b0e624	IndDataFlow__vslot_003	0.82
0x00b0e86c	RegReNameBkwdDataFlow	0x00b0d908	InterblockDf	0x00b0e7a4	4	0	0x0074e3d6	FUN_0074e3d6	override	0x0074dd69	0x00b0e86c	RegReNameBkwdDataFlow	0x00b0e7a4	RegReNameBkwdDataFlow__vslot_004	0.95
0x00b0e86c	RegReNameBkwdDataFlow	0x00b0d908	InterblockDf	0x00b0e7a4	5	0	0x0074dd86	FUN_0074dd86	inherited	0x0074dd86	0x00b0e83c	IndDataFlow	0x00b0e624	IndDataFlow__vslot_005	0.82
0x00b0e86c	RegReNameBkwdDataFlow	0x00b0d908	InterblockDf	0x00b0e7a4	6	0	0x0074e429	FUN_0074e429	override	0x0074dd9f	0x00b0e86c	RegReNameBkwdDataFlow	0x00b0e7a4	RegReNameBkwdDataFlow__vslot_006	0.95
0x00b0e86c	RegReNameBkwdDataFlow	0x00b0d908	InterblockDf	0x00b0e7a4	7	0	0x0074e464	FUN_0074e464	override	0x00a92860	0x00b0e86c	RegReNameBkwdDataFlow	0x00b0e7a4	RegReNameBkwdDataFlow__vslot_007	0.95
0x00b0e86c	RegReNameBkwdDataFlow	0x00b0d908	InterblockDf	0x00b0e7a4	8	0	0x0074ddb8	FUN_0074ddb8	inherited	0x0074ddb8	0x00b0e83c	IndDataFlow	0x00b0e624	IndDataFlow__vslot_008	0.82
0x00b0e86c	RegReNameBkwdDataFlow	0x00b0d908	InterblockDf	0x00b0e7a4	9	0	0x0076a5ce	FUN_0076a5ce	override	0x0074ddbd	0x00b0e86c	RegReNameBkwdDataFlow	0x00b0e7a4	RegReNameBkwdDataFlow__vslot_009	0.95
0x00b0e86c	RegReNameBkwdDataFlow	0x00b0d908	InterblockDf	0x00b0e7a4	10	0	0x0074ddc7	FUN_0074ddc7	inherited	0x0074ddc7	0x00b0e83c	IndDataFlow	0x00b0e624	IndDataFlow__vslot_010	0.82
0x00b0e86c	RegReNameBkwdDataFlow	0x00b0d908	InterblockDf	0x00b0e7a4	11	0	0x0076a793	FUN_0076a793	override	0x00a92860	0x00b0e86c	RegReNameBkwdDataFlow	0x00b0e7a4	RegReNameBkwdDataFlow__vslot_011	0.95
0x00b0e86c	RegReNameBkwdDataFlow	0x00b0d908	InterblockDf	0x00b0e7a4	12	0	0x0076da5c	FUN_0076da5c	inherited	0x0076da5c	0x00b0e83c	IndDataFlow	0x00b0e624	IndDataFlow__vslot_012	0.82
0x00b0e86c	RegReNameBkwdDataFlow	0x00b0d908	InterblockDf	0x00b0e7a4	13	0	0x0076da6c	FUN_0076da6c	inherited	0x0076da6c	0x00b0e83c	IndDataFlow	0x00b0e624	IndDataFlow__vslot_013	0.82
0x00b0e86c	RegReNameBkwdDataFlow	0x00b0d908	InterblockDf	0x00b0e7a4	14	0	0x0074ddcc	FUN_0074ddcc	inherited	0x0074ddcc	0x00b0e83c	IndDataFlow	0x00b0e624	IndDataFlow__vslot_014	0.82
0x00b0e91c	InterblockDf	0x00b0e91c	InterblockDf	0x00b0e8d4	0	0	0x00a92860	FUN_00a92860	root_slot		0x00b0e91c	InterblockDf	0x00b0e8d4	InterblockDf__vslot_000	0.82
0x00b0e91c	InterblockDf	0x00b0e91c	InterblockDf	0x00b0e8d4	1	0	0x00a92860	FUN_00a92860	root_slot		0x00b0e91c	InterblockDf	0x00b0e8d4	InterblockDf__vslot_001	0.82
0x00b0ed44	VNFwdDataFlow	0x00b0d908	InterblockDf	0x00b0ecb0	0	0	0x00779f66	FUN_00779f66	override	0x00a92860	0x00b0ed44	VNFwdDataFlow	0x00b0ecb0	VNFwdDataFlow__vslot_000	0.95
0x00b0ed44	VNFwdDataFlow	0x00b0d908	InterblockDf	0x00b0ecb0	1	0	0x0077a131	FUN_0077a131	override	0x00a92860	0x00b0ed44	VNFwdDataFlow	0x00b0ecb0	VNFwdDataFlow__vslot_001	0.95
0x00b0ed44	VNFwdDataFlow	0x00b0d908	InterblockDf	0x00b0ecb0	2	0	0x00779b03	FUN_00779b03	override	0x0074dd47	0x00b0ed44	VNFwdDataFlow	0x00b0ecb0	VNFwdDataFlow__vslot_002	0.95
0x00b0ed44	VNFwdDataFlow	0x00b0d908	InterblockDf	0x00b0ecb0	3	0	0x00779b11	FUN_00779b11	override	0x0074dd4c	0x00b0ed44	VNFwdDataFlow	0x00b0ecb0	VNFwdDataFlow__vslot_003	0.95
0x00b0ed44	VNFwdDataFlow	0x00b0d908	InterblockDf	0x00b0ecb0	4	0	0x00774486	FUN_00774486	override	0x0074dd69	0x00b0ed44	VNFwdDataFlow	0x00b0ecb0	VNFwdDataFlow__vslot_004	0.95
0x00b0ed44	VNFwdDataFlow	0x00b0d908	InterblockDf	0x00b0ecb0	5	0	0x00779c05	FUN_00779c05	override	0x0074dd86	0x00b0ed44	VNFwdDataFlow	0x00b0ecb0	VNFwdDataFlow__vslot_005	0.95
0x00b0ed44	VNFwdDataFlow	0x00b0d908	InterblockDf	0x00b0ecb0	6	0	0x007744a3	FUN_007744a3	override	0x0074dd9f	0x00b0ed44	VNFwdDataFlow	0x00b0ecb0	VNFwdDataFlow__vslot_006	0.95
0x00b0ed44	VNFwdDataFlow	0x00b0d908	InterblockDf	0x00b0ecb0	7	0	0x00779cfc	FUN_00779cfc	override	0x00a92860	0x00b0ed44	VNFwdDataFlow	0x00b0ecb0	VNFwdDataFlow__vslot_007	0.95
0x00b0ed44	VNFwdDataFlow	0x00b0d908	InterblockDf	0x00b0ecb0	8	0	0x007744bc	FUN_007744bc	override	0x0074ddb8	0x00b0ed44	VNFwdDataFlow	0x00b0ecb0	VNFwdDataFlow__vslot_008	0.95
0x00b0ed44	VNFwdDataFlow	0x00b0d908	InterblockDf	0x00b0ecb0	9	0	0x007744c1	FUN_007744c1	override	0x0074ddbd	0x00b0ed44	VNFwdDataFlow	0x00b0ecb0	VNFwdDataFlow__vslot_009	0.95
0x00b0ed44	VNFwdDataFlow	0x00b0d908	InterblockDf	0x00b0ecb0	10	0	0x007744cb	FUN_007744cb	override	0x0074ddc7	0x00b0ed44	VNFwdDataFlow	0x00b0ecb0	VNFwdDataFlow__vslot_010	0.95
0x00b0ed44	VNFwdDataFlow	0x00b0d908	InterblockDf	0x00b0ecb0	11	0	0x0077a910	FUN_0077a910	override	0x00a92860	0x00b0ed44	VNFwdDataFlow	0x00b0ecb0	VNFwdDataFlow__vslot_011	0.95
0x00b0ed44	VNFwdDataFlow	0x00b0d908	InterblockDf	0x00b0ecb0	12	0	0x00779add	FUN_00779add	override	0x0076da5c	0x00b0ed44	VNFwdDataFlow	0x00b0ecb0	VNFwdDataFlow__vslot_012	0.95
0x00b0ed44	VNFwdDataFlow	0x00b0d908	InterblockDf	0x00b0ecb0	13	0	0x00779afe	FUN_00779afe	override	0x0076da6c	0x00b0ed44	VNFwdDataFlow	0x00b0ecb0	VNFwdDataFlow__vslot_013	0.95
0x00b0ed44	VNFwdDataFlow	0x00b0d908	InterblockDf	0x00b0ecb0	14	0	0x00775706	FUN_00775706	override	0x0074ddcc	0x00b0ed44	VNFwdDataFlow	0x00b0ecb0	VNFwdDataFlow__vslot_014	0.95
0x00b0edf0	ScavengingFixup	0x00b0edf0	ScavengingFixup	0x00b0ed90	0	0	0x00780a92	FUN_00780a92	root_slot		0x00b0edf0	ScavengingFixup	0x00b0ed90	ScavengingFixup__vslot_000	0.82
0x00b0edf0	ScavengingFixup	0x00b0edf0	ScavengingFixup	0x00b0ed90	1	0	0x00a92860	FUN_00a92860	root_slot		0x00b0edf0	ScavengingFixup	0x00b0ed90	ScavengingFixup__vslot_001	0.82
0x00b0edf0	ScavengingFixup	0x00b0edf0	ScavengingFixup	0x00b0ed90	2	0	0x007808d0	FUN_007808d0	root_slot		0x00b0edf0	ScavengingFixup	0x00b0ed90	ScavengingFixup__vslot_002	0.82
0x00b0edf0	ScavengingFixup	0x00b0edf0	ScavengingFixup	0x00b0ed90	3	0	0x007808d9	FUN_007808d9	root_slot		0x00b0edf0	ScavengingFixup	0x00b0ed90	ScavengingFixup__vslot_003	0.82
0x00b0edf0	ScavengingFixup	0x00b0edf0	ScavengingFixup	0x00b0ed90	4	0	0x007808e2	FUN_007808e2	root_slot		0x00b0edf0	ScavengingFixup	0x00b0ed90	ScavengingFixup__vslot_004	0.82
0x00b0edf0	ScavengingFixup	0x00b0edf0	ScavengingFixup	0x00b0ed90	5	0	0x007808f2	FUN_007808f2	root_slot		0x00b0edf0	ScavengingFixup	0x00b0ed90	ScavengingFixup__vslot_005	0.82
0x00b0edf0	ScavengingFixup	0x00b0edf0	ScavengingFixup	0x00b0ed90	6	0	0x00780902	FUN_00780902	root_slot		0x00b0edf0	ScavengingFixup	0x00b0ed90	ScavengingFixup__vslot_006	0.82
0x00b0edf0	ScavengingFixup	0x00b0edf0	ScavengingFixup	0x00b0ed90	7	0	0x0078090b	FUN_0078090b	root_slot		0x00b0edf0	ScavengingFixup	0x00b0ed90	ScavengingFixup__vslot_007	0.82
0x00b0edf0	ScavengingFixup	0x00b0edf0	ScavengingFixup	0x00b0ed90	8	0	0x00a92860	FUN_00a92860	root_slot		0x00b0edf0	ScavengingFixup	0x00b0ed90	ScavengingFixup__vslot_008	0.82
0x00b0edf0	ScavengingFixup	0x00b0edf0	ScavengingFixup	0x00b0ed90	9	0	0x00a92860	FUN_00a92860	root_slot		0x00b0edf0	ScavengingFixup	0x00b0ed90	ScavengingFixup__vslot_009	0.82
0x00b0edf0	ScavengingFixup	0x00b0edf0	ScavengingFixup	0x00b0ed90	10	0	0x00780914	FUN_00780914	root_slot		0x00b0edf0	ScavengingFixup	0x00b0ed90	ScavengingFixup__vslot_010	0.82
0x00b0f1ec	std::exception	0x00b0f1ec	std::exception	0x00b0f16c	0	0	0x00785910	FUN_00785910	root_slot		0x00b0f1ec	std::exception	0x00b0f16c	std_exception__vslot_000	0.82
0x00b0f1ec	std::exception	0x00b0f1ec	std::exception	0x00b0f16c	1	0	0x00785937	FUN_00785937	root_slot		0x00b0f1ec	std::exception	0x00b0f16c	std_exception__vslot_001	0.82
0x00b0f1ec	std::exception	0x00b0f1ec	std::exception	0x00b0f16c	2	0	0x00785943	FUN_00785943	root_slot		0x00b0f1ec	std::exception	0x00b0f16c	std_exception__vslot_002	0.82
0x00b0f1fc	std::bad_alloc	0x00b0f1ec	std::exception	0x00b0f18c	0	0	0x00785948	FUN_00785948	override	0x00785910	0x00b0f1fc	std::bad_alloc	0x00b0f18c	std_bad_alloc__vslot_000	0.95
0x00b0f1fc	std::bad_alloc	0x00b0f1ec	std::exception	0x00b0f18c	1	0	0x00785937	FUN_00785937	inherited	0x00785937	0x00b0f1ec	std::exception	0x00b0f16c	std_exception__vslot_001	0.82
0x00b0f1fc	std::bad_alloc	0x00b0f1ec	std::exception	0x00b0f18c	2	0	0x0078596f	FUN_0078596f	override	0x00785943	0x00b0f1fc	std::bad_alloc	0x00b0f18c	std_bad_alloc__vslot_002	0.95
0x00b0f20c	std::logic_error	0x00b0f1ec	std::exception	0x00b0f1ac	0	0	0x00786081	FUN_00786081	override	0x00785910	0x00b0f20c	std::logic_error	0x00b0f1ac	std_logic_error__vslot_000	0.95
0x00b0f20c	std::logic_error	0x00b0f1ec	std::exception	0x00b0f1ac	1	0	0x007860ba	FUN_007860ba	override	0x00785937	0x00b0f20c	std::logic_error	0x00b0f1ac	std_logic_error__vslot_001	0.95
0x00b0f20c	std::logic_error	0x00b0f1ec	std::exception	0x00b0f1ac	2	0	0x007860d7	FUN_007860d7	override	0x00785943	0x00b0f20c	std::logic_error	0x00b0f1ac	std_logic_error__vslot_002	0.95
0x00b0f21c	std::length_error	0x00b0f1ec	std::exception	0x00b0f1cc	0	0	0x007860e8	FUN_007860e8	override	0x00786081	0x00b0f21c	std::length_error	0x00b0f1cc	std_length_error__vslot_000	0.95
0x00b0f21c	std::length_error	0x00b0f1ec	std::exception	0x00b0f1cc	1	0	0x007860ba	FUN_007860ba	inherited	0x007860ba	0x00b0f20c	std::logic_error	0x00b0f1ac	std_logic_error__vslot_001	0.82
0x00b0f21c	std::length_error	0x00b0f1ec	std::exception	0x00b0f1cc	2	0	0x00786121	FUN_00786121	override	0x007860d7	0x00b0f21c	std::length_error	0x00b0f1cc	std_length_error__vslot_002	0.95
0x00b0f5dc	std::exception	0x00b0f5dc	std::exception	0x00b0f53c	0	0	0x00787800	FUN_00787800	root_slot		0x00b0f5dc	std::exception	0x00b0f53c	std_exception__vslot_000	0.82
0x00b0f5dc	std::exception	0x00b0f5dc	std::exception	0x00b0f53c	1	0	0x00787827	FUN_00787827	root_slot		0x00b0f5dc	std::exception	0x00b0f53c	std_exception__vslot_001	0.82
0x00b0f5dc	std::exception	0x00b0f5dc	std::exception	0x00b0f53c	2	0	0x00787833	FUN_00787833	root_slot		0x00b0f5dc	std::exception	0x00b0f53c	std_exception__vslot_002	0.82
0x00b0f5ec	std::bad_alloc	0x00b0f5dc	std::exception	0x00b0f55c	0	0	0x00787838	FUN_00787838	override	0x00787800	0x00b0f5ec	std::bad_alloc	0x00b0f55c	std_bad_alloc__vslot_000	0.95
0x00b0f5ec	std::bad_alloc	0x00b0f5dc	std::exception	0x00b0f55c	1	0	0x00787827	FUN_00787827	inherited	0x00787827	0x00b0f5dc	std::exception	0x00b0f53c	std_exception__vslot_001	0.82
0x00b0f5ec	std::bad_alloc	0x00b0f5dc	std::exception	0x00b0f55c	2	0	0x0078785f	FUN_0078785f	override	0x00787833	0x00b0f5ec	std::bad_alloc	0x00b0f55c	std_bad_alloc__vslot_002	0.95
0x00b0f5fc	std::logic_error	0x00b0f5dc	std::exception	0x00b0f57c	0	0	0x007881fc	FUN_007881fc	override	0x00787800	0x00b0f5fc	std::logic_error	0x00b0f57c	std_logic_error__vslot_000	0.95
0x00b0f5fc	std::logic_error	0x00b0f5dc	std::exception	0x00b0f57c	1	0	0x00788235	FUN_00788235	override	0x00787827	0x00b0f5fc	std::logic_error	0x00b0f57c	std_logic_error__vslot_001	0.95
0x00b0f5fc	std::logic_error	0x00b0f5dc	std::exception	0x00b0f57c	2	0	0x00788252	FUN_00788252	override	0x00787833	0x00b0f5fc	std::logic_error	0x00b0f57c	std_logic_error__vslot_002	0.95
0x00b0f60c	std::length_error	0x00b0f5dc	std::exception	0x00b0f59c	0	0	0x00788263	FUN_00788263	override	0x007881fc	0x00b0f60c	std::length_error	0x00b0f59c	std_length_error__vslot_000	0.95
0x00b0f60c	std::length_error	0x00b0f5dc	std::exception	0x00b0f59c	1	0	0x00788235	FUN_00788235	inherited	0x00788235	0x00b0f5fc	std::logic_error	0x00b0f57c	std_logic_error__vslot_001	0.82
0x00b0f60c	std::length_error	0x00b0f5dc	std::exception	0x00b0f59c	2	0	0x0078829c	FUN_0078829c	override	0x00788252	0x00b0f60c	std::length_error	0x00b0f59c	std_length_error__vslot_002	0.95
0x00b0f61c	std::out_of_range	0x00b0f5dc	std::exception	0x00b0f5bc	0	0	0x007882ad	FUN_007882ad	override	0x007881fc	0x00b0f61c	std::out_of_range	0x00b0f5bc	std_out_of_range__vslot_000	0.95
0x00b0f61c	std::out_of_range	0x00b0f5dc	std::exception	0x00b0f5bc	1	0	0x00788235	FUN_00788235	inherited	0x00788235	0x00b0f5fc	std::logic_error	0x00b0f57c	std_logic_error__vslot_001	0.82
0x00b0f61c	std::out_of_range	0x00b0f5dc	std::exception	0x00b0f5bc	2	0	0x007882e6	FUN_007882e6	override	0x00788252	0x00b0f61c	std::out_of_range	0x00b0f5bc	std_out_of_range__vslot_002	0.95
0x00b10d30	register_range	0x00b0c7cc	operand_parser	0x00b105b0	0	0	0x0078acb8	FUN_0078acb8	override	0x0073b5d2	0x00b10d30	register_range	0x00b105b0	register_range__vslot_000	0.95
0x00b10d30	register_range	0x00b0c7cc	operand_parser	0x00b105b0	1	0	0x0078ae3a	FUN_0078ae3a	override	0x0073b5db	0x00b10d30	register_range	0x00b105b0	register_range__vslot_001	0.95
0x00b10d30	register_range	0x00b0c7cc	operand_parser	0x00b105b0	2	0	0x0078ada6	FUN_0078ada6	override	0x0073b5e0	0x00b10d30	register_range	0x00b105b0	register_range__vslot_002	0.95
0x00b10d30	register_range	0x00b0c7cc	operand_parser	0x00b105b0	3	0	0x0078addc	FUN_0078addc	override	0x0073b629	0x00b10d30	register_range	0x00b105b0	register_range__vslot_003	0.95
0x00b10d30	register_range	0x00b0c7cc	operand_parser	0x00b105b0	4	0	0x0078af4d	FUN_0078af4d	override	0x0073b65e	0x00b10d30	register_range	0x00b105b0	register_range__vslot_004	0.95
0x00b10d30	register_range	0x00b0c7cc	operand_parser	0x00b105b0	5	0	0x00742a3b	FUN_00742a3b	override	0x0073b663	0x00b10d30	register_range	0x00b105b0	register_range__vslot_005	0.95
0x00b10d30	register_range	0x00b0c7cc	operand_parser	0x00b105b0	6	0	0x00742622	FUN_00742622	inherited	0x00742622	0x00b0c7cc	operand_parser	0x00b0c64c	operand_parser__vslot_006	0.82
0x00b10d30	register_range	0x00b0c7cc	operand_parser	0x00b105b0	7	0	0x0078a665	FUN_0078a665	override	0x0073b684	0x00b10d30	register_range	0x00b105b0	register_range__vslot_007	0.95
0x00b10d30	register_range	0x00b0c7cc	operand_parser	0x00b105b0	8	0	0x00742bcd	FUN_00742bcd	override	0x0073b68e	0x00b10d30	register_range	0x00b105b0	register_range__vslot_008	0.95
0x00b10d30	register_range	0x00b0c7cc	operand_parser	0x00b105b0	9	0	0x0074281b	FUN_0074281b	inherited	0x0074281b	0x00b0c7cc	operand_parser	0x00b0c64c	operand_parser__vslot_009	0.82
0x00b10d30	register_range	0x00b0c7cc	operand_parser	0x00b105b0	10	0	0x00742c28	FUN_00742c28	override	0x0073b697	0x00b10d30	register_range	0x00b105b0	register_range__vslot_010	0.95
0x00b10d30	register_range	0x00b0c7cc	operand_parser	0x00b105b0	11	0	0x0079b5c2	FUN_0079b5c2	override	0x0073b6b8	0x00b10d30	register_range	0x00b105b0	register_range__vslot_011	0.95
0x00b10d30	register_range	0x00b0c7cc	operand_parser	0x00b105b0	12	0	0x0079b63f	FUN_0079b63f	override	0x0073b6ce	0x00b10d30	register_range	0x00b105b0	register_range__vslot_012	0.95
0x00b10d30	register_range	0x00b0c7cc	operand_parser	0x00b105b0	13	0	0x0079b5b0	FUN_0079b5b0	inherited	0x0079b5b0	0x00b0c7cc	operand_parser	0x00b0c64c	operand_parser__vslot_013	0.82
0x00b10d30	register_range	0x00b0c7cc	operand_parser	0x00b105b0	14	0	0x007a127c	FUN_007a127c	override	0x0073b6e2	0x00b10d30	register_range	0x00b105b0	register_range__vslot_014	0.95
0x00b10d30	register_range	0x00b0c7cc	operand_parser	0x00b105b0	15	0	0x007a129c	FUN_007a129c	override	0x0073b6fc	0x00b10d30	register_range	0x00b105b0	register_range__vslot_015	0.95
0x00b10d30	register_range	0x00b0c7cc	operand_parser	0x00b105b0	16	0	0x007a12bc	FUN_007a12bc	override	0x0073b710	0x00b10d30	register_range	0x00b105b0	register_range__vslot_016	0.95
0x00b10d30	register_range	0x00b0c7cc	operand_parser	0x00b105b0	17	0	0x007a12dd	FUN_007a12dd	override	0x0073b731	0x00b10d30	register_range	0x00b105b0	register_range__vslot_017	0.95
0x00b10d30	register_range	0x00b0c7cc	operand_parser	0x00b105b0	18	0	0x0078b2a2	FUN_0078b2a2	override	0x0073b751	0x00b10d30	register_range	0x00b105b0	register_range__vslot_018	0.95
0x00b10d30	register_range	0x00b0c7cc	operand_parser	0x00b105b0	19	0	0x0078b309	FUN_0078b309	override	0x0073b7ac	0x00b10d30	register_range	0x00b105b0	register_range__vslot_019	0.95
0x00b10d30	register_range	0x00b0c7cc	operand_parser	0x00b105b0	20	0	0x0078a7dc	FUN_0078a7dc	override	0x0073b7fb	0x00b10d30	register_range	0x00b105b0	register_range__vslot_020	0.95
0x00b10d30	register_range	0x00b0c7cc	operand_parser	0x00b105b0	21	0	0x0078b33f	FUN_0078b33f	override	0x0073b853	0x00b10d30	register_range	0x00b105b0	register_range__vslot_021	0.95
0x00b10d30	register_range	0x00b0c7cc	operand_parser	0x00b105b0	22	0	0x0078b375	FUN_0078b375	override	0x0073b874	0x00b10d30	register_range	0x00b105b0	register_range__vslot_022	0.95
0x00b10d40	register_set	0x00b0c7cc	operand_parser	0x00b10068	0	0	0x0078b6c7	FUN_0078b6c7	override	0x0073b5d2	0x00b10d40	register_set	0x00b10068	register_set__vslot_000	0.95
0x00b10d40	register_set	0x00b0c7cc	operand_parser	0x00b10068	1	0	0x0078b8ab	FUN_0078b8ab	override	0x0073b5db	0x00b10d40	register_set	0x00b10068	register_set__vslot_001	0.95
0x00b10d40	register_set	0x00b0c7cc	operand_parser	0x00b10068	2	0	0x0078b7db	FUN_0078b7db	override	0x0073b5e0	0x00b10d40	register_set	0x00b10068	register_set__vslot_002	0.95
0x00b10d40	register_set	0x00b0c7cc	operand_parser	0x00b10068	3	0	0x0078b81f	FUN_0078b81f	override	0x0073b629	0x00b10d40	register_set	0x00b10068	register_set__vslot_003	0.95
0x00b10d40	register_set	0x00b0c7cc	operand_parser	0x00b10068	4	0	0x0078b927	FUN_0078b927	override	0x0073b65e	0x00b10d40	register_set	0x00b10068	register_set__vslot_004	0.95
0x00b10d40	register_set	0x00b0c7cc	operand_parser	0x00b10068	5	0	0x00742c51	FUN_00742c51	override	0x0073b663	0x00b10d40	register_set	0x00b10068	register_set__vslot_005	0.95
0x00b10d40	register_set	0x00b0c7cc	operand_parser	0x00b10068	6	0	0x00742622	FUN_00742622	inherited	0x00742622	0x00b0c7cc	operand_parser	0x00b0c64c	operand_parser__vslot_006	0.82
0x00b10d40	register_set	0x00b0c7cc	operand_parser	0x00b10068	7	0	0x00742e0d	FUN_00742e0d	override	0x0073b684	0x00b10d40	register_set	0x00b10068	register_set__vslot_007	0.95
0x00b10d40	register_set	0x00b0c7cc	operand_parser	0x00b10068	8	0	0x00742e72	FUN_00742e72	override	0x0073b68e	0x00b10d40	register_set	0x00b10068	register_set__vslot_008	0.95
0x00b10d40	register_set	0x00b0c7cc	operand_parser	0x00b10068	9	0	0x0074281b	FUN_0074281b	inherited	0x0074281b	0x00b0c7cc	operand_parser	0x00b0c64c	operand_parser__vslot_009	0.82
0x00b10d40	register_set	0x00b0c7cc	operand_parser	0x00b10068	10	0	0x0078a678	FUN_0078a678	override	0x0073b697	0x00b10d40	register_set	0x00b10068	register_set__vslot_010	0.95
0x00b10d40	register_set	0x00b0c7cc	operand_parser	0x00b10068	11	0	0x0079b669	FUN_0079b669	override	0x0073b6b8	0x00b10d40	register_set	0x00b10068	register_set__vslot_011	0.95
0x00b10d40	register_set	0x00b0c7cc	operand_parser	0x00b10068	12	0	0x0079b710	FUN_0079b710	override	0x0073b6ce	0x00b10d40	register_set	0x00b10068	register_set__vslot_012	0.95
0x00b10d40	register_set	0x00b0c7cc	operand_parser	0x00b10068	13	0	0x0079b5b0	FUN_0079b5b0	inherited	0x0079b5b0	0x00b0c7cc	operand_parser	0x00b0c64c	operand_parser__vslot_013	0.82
0x00b10d40	register_set	0x00b0c7cc	operand_parser	0x00b10068	14	0	0x007a12fd	FUN_007a12fd	override	0x0073b6e2	0x00b10d40	register_set	0x00b10068	register_set__vslot_014	0.95
0x00b10d40	register_set	0x00b0c7cc	operand_parser	0x00b10068	15	0	0x007a131d	FUN_007a131d	override	0x0073b6fc	0x00b10d40	register_set	0x00b10068	register_set__vslot_015	0.95
0x00b10d40	register_set	0x00b0c7cc	operand_parser	0x00b10068	16	0	0x007a133d	FUN_007a133d	override	0x0073b710	0x00b10d40	register_set	0x00b10068	register_set__vslot_016	0.95
0x00b10d40	register_set	0x00b0c7cc	operand_parser	0x00b10068	17	0	0x007a135e	FUN_007a135e	override	0x0073b731	0x00b10d40	register_set	0x00b10068	register_set__vslot_017	0.95
0x00b10d40	register_set	0x00b0c7cc	operand_parser	0x00b10068	18	0	0x0078bc7c	FUN_0078bc7c	override	0x0073b751	0x00b10d40	register_set	0x00b10068	register_set__vslot_018	0.95
0x00b10d40	register_set	0x00b0c7cc	operand_parser	0x00b10068	19	0	0x0078bce3	FUN_0078bce3	override	0x0073b7ac	0x00b10d40	register_set	0x00b10068	register_set__vslot_019	0.95
0x00b10d40	register_set	0x00b0c7cc	operand_parser	0x00b10068	20	0	0x0078a7dc	FUN_0078a7dc	override	0x0073b7fb	0x00b10d40	register_set	0x00b10068	register_set__vslot_020	0.95
0x00b10d40	register_set	0x00b0c7cc	operand_parser	0x00b10068	21	0	0x0078bd19	FUN_0078bd19	override	0x0073b853	0x00b10d40	register_set	0x00b10068	register_set__vslot_021	0.95
0x00b10d40	register_set	0x00b0c7cc	operand_parser	0x00b10068	22	0	0x0078bd4f	FUN_0078bd4f	override	0x0073b874	0x00b10d40	register_set	0x00b10068	register_set__vslot_022	0.95
0x00b10d50	register_implicit	0x00b0c7cc	operand_parser	0x00b10670	0	0	0x0078a5b3	FUN_0078a5b3	override	0x0073b5d2	0x00b10d50	register_implicit	0x00b10670	register_implicit__vslot_000	0.95
0x00b10d50	register_implicit	0x00b0c7cc	operand_parser	0x00b10670	1	0	0x0078a5bc	FUN_0078a5bc	override	0x0073b5db	0x00b10d50	register_implicit	0x00b10670	register_implicit__vslot_001	0.95
0x00b10d50	register_implicit	0x00b0c7cc	operand_parser	0x00b10670	2	0	0x0078a5c1	FUN_0078a5c1	override	0x0073b5e0	0x00b10d50	register_implicit	0x00b10670	register_implicit__vslot_002	0.95
0x00b10d50	register_implicit	0x00b0c7cc	operand_parser	0x00b10670	3	0	0x0078a60a	FUN_0078a60a	override	0x0073b629	0x00b10d50	register_implicit	0x00b10670	register_implicit__vslot_003	0.95
0x00b10d50	register_implicit	0x00b0c7cc	operand_parser	0x00b10670	4	0	0x0078be11	FUN_0078be11	override	0x0073b65e	0x00b10d50	register_implicit	0x00b10670	register_implicit__vslot_004	0.95
0x00b10d50	register_implicit	0x00b0c7cc	operand_parser	0x00b10670	5	0	0x00742ef7	FUN_00742ef7	override	0x0073b663	0x00b10d50	register_implicit	0x00b10670	register_implicit__vslot_005	0.95
0x00b10d50	register_implicit	0x00b0c7cc	operand_parser	0x00b10670	6	0	0x00742622	FUN_00742622	inherited	0x00742622	0x00b0c7cc	operand_parser	0x00b0c64c	operand_parser__vslot_006	0.82
0x00b10d50	register_implicit	0x00b0c7cc	operand_parser	0x00b10670	7	0	0x0074308b	FUN_0074308b	override	0x0073b684	0x00b10d50	register_implicit	0x00b10670	register_implicit__vslot_007	0.95
0x00b10d50	register_implicit	0x00b0c7cc	operand_parser	0x00b10670	8	0	0x0078a66f	FUN_0078a66f	override	0x0073b68e	0x00b10d50	register_implicit	0x00b10670	register_implicit__vslot_008	0.95
0x00b10d50	register_implicit	0x00b0c7cc	operand_parser	0x00b10670	9	0	0x007430b7	FUN_007430b7	override	0x0074281b	0x00b10d50	register_implicit	0x00b10670	register_implicit__vslot_009	0.95
0x00b10d50	register_implicit	0x00b0c7cc	operand_parser	0x00b10670	10	0	0x0078a678	FUN_0078a678	override	0x0073b697	0x00b10d50	register_implicit	0x00b10670	register_implicit__vslot_010	0.95
0x00b10d50	register_implicit	0x00b0c7cc	operand_parser	0x00b10670	11	0	0x0079b73a	FUN_0079b73a	override	0x0073b6b8	0x00b10d50	register_implicit	0x00b10670	register_implicit__vslot_011	0.95
0x00b10d50	register_implicit	0x00b0c7cc	operand_parser	0x00b10670	12	0	0x0079b7cd	FUN_0079b7cd	override	0x0073b6ce	0x00b10d50	register_implicit	0x00b10670	register_implicit__vslot_012	0.95
0x00b10d50	register_implicit	0x00b0c7cc	operand_parser	0x00b10670	13	0	0x0079b5b0	FUN_0079b5b0	inherited	0x0079b5b0	0x00b0c7cc	operand_parser	0x00b0c64c	operand_parser__vslot_013	0.82
0x00b10d50	register_implicit	0x00b0c7cc	operand_parser	0x00b10670	14	0	0x007a137e	FUN_007a137e	override	0x0073b6e2	0x00b10d50	register_implicit	0x00b10670	register_implicit__vslot_014	0.95
0x00b10d50	register_implicit	0x00b0c7cc	operand_parser	0x00b10670	15	0	0x007a139e	FUN_007a139e	override	0x0073b6fc	0x00b10d50	register_implicit	0x00b10670	register_implicit__vslot_015	0.95
0x00b10d50	register_implicit	0x00b0c7cc	operand_parser	0x00b10670	16	0	0x007a13be	FUN_007a13be	override	0x0073b710	0x00b10d50	register_implicit	0x00b10670	register_implicit__vslot_016	0.95
0x00b10d50	register_implicit	0x00b0c7cc	operand_parser	0x00b10670	17	0	0x007a13df	FUN_007a13df	override	0x0073b731	0x00b10d50	register_implicit	0x00b10670	register_implicit__vslot_017	0.95
0x00b10d50	register_implicit	0x00b0c7cc	operand_parser	0x00b10670	18	0	0x0078a732	FUN_0078a732	override	0x0073b751	0x00b10d50	register_implicit	0x00b10670	register_implicit__vslot_018	0.95
0x00b10d50	register_implicit	0x00b0c7cc	operand_parser	0x00b10670	19	0	0x0078c15d	FUN_0078c15d	override	0x0073b7ac	0x00b10d50	register_implicit	0x00b10670	register_implicit__vslot_019	0.95
0x00b10d50	register_implicit	0x00b0c7cc	operand_parser	0x00b10670	20	0	0x0078a7dc	FUN_0078a7dc	override	0x0073b7fb	0x00b10d50	register_implicit	0x00b10670	register_implicit__vslot_020	0.95
0x00b10d50	register_implicit	0x00b0c7cc	operand_parser	0x00b10670	21	0	0x0078a834	FUN_0078a834	override	0x0073b853	0x00b10d50	register_implicit	0x00b10670	register_implicit__vslot_021	0.95
0x00b10d50	register_implicit	0x00b0c7cc	operand_parser	0x00b10670	22	0	0x0078a855	FUN_0078a855	override	0x0073b874	0x00b10d50	register_implicit	0x00b10670	register_implicit__vslot_022	0.95
0x00b10d60	textset	0x00b0c7cc	operand_parser	0x00b10128	0	0	0x0078dfda	FUN_0078dfda	override	0x0073b5d2	0x00b10d60	textset	0x00b10128	textset__vslot_000	0.95
0x00b10d60	textset	0x00b0c7cc	operand_parser	0x00b10128	1	0	0x0078e142	FUN_0078e142	override	0x0073b5db	0x00b10d60	textset	0x00b10128	textset__vslot_001	0.95
0x00b10d60	textset	0x00b0c7cc	operand_parser	0x00b10128	2	0	0x0078a5c1	FUN_0078a5c1	override	0x0073b5e0	0x00b10d60	textset	0x00b10128	textset__vslot_002	0.95
0x00b10d60	textset	0x00b0c7cc	operand_parser	0x00b10128	3	0	0x0078e0d1	FUN_0078e0d1	override	0x0073b629	0x00b10d60	textset	0x00b10128	textset__vslot_003	0.95
0x00b10d60	textset	0x00b0c7cc	operand_parser	0x00b10128	4	0	0x0078a63f	FUN_0078a63f	override	0x0073b65e	0x00b10d60	textset	0x00b10128	textset__vslot_004	0.95
0x00b10d60	textset	0x00b0c7cc	operand_parser	0x00b10128	5	0	0x0078a871	FUN_0078a871	override	0x0073b663	0x00b10d60	textset	0x00b10128	textset__vslot_005	0.95
0x00b10d60	textset	0x00b0c7cc	operand_parser	0x00b10128	6	0	0x00742622	FUN_00742622	inherited	0x00742622	0x00b0c7cc	operand_parser	0x00b0c64c	operand_parser__vslot_006	0.82
0x00b10d60	textset	0x00b0c7cc	operand_parser	0x00b10128	7	0	0x0078a665	FUN_0078a665	override	0x0073b684	0x00b10d60	textset	0x00b10128	textset__vslot_007	0.95
0x00b10d60	textset	0x00b0c7cc	operand_parser	0x00b10128	8	0	0x0078a66f	FUN_0078a66f	override	0x0073b68e	0x00b10d60	textset	0x00b10128	textset__vslot_008	0.95
0x00b10d60	textset	0x00b0c7cc	operand_parser	0x00b10128	9	0	0x0074281b	FUN_0074281b	inherited	0x0074281b	0x00b0c7cc	operand_parser	0x00b0c64c	operand_parser__vslot_009	0.82
0x00b10d60	textset	0x00b0c7cc	operand_parser	0x00b10128	10	0	0x0078a678	FUN_0078a678	override	0x0073b697	0x00b10d60	textset	0x00b10128	textset__vslot_010	0.95
0x00b10d60	textset	0x00b0c7cc	operand_parser	0x00b10128	11	0	0x0079b7f8	FUN_0079b7f8	override	0x0073b6b8	0x00b10d60	textset	0x00b10128	textset__vslot_011	0.95
0x00b10d60	textset	0x00b0c7cc	operand_parser	0x00b10128	12	0	0x0079b8e2	FUN_0079b8e2	override	0x0073b6ce	0x00b10d60	textset	0x00b10128	textset__vslot_012	0.95
0x00b10d60	textset	0x00b0c7cc	operand_parser	0x00b10128	13	0	0x0079b5b0	FUN_0079b5b0	inherited	0x0079b5b0	0x00b0c7cc	operand_parser	0x00b0c64c	operand_parser__vslot_013	0.82
0x00b10d60	textset	0x00b0c7cc	operand_parser	0x00b10128	14	0	0x007a13ff	FUN_007a13ff	override	0x0073b6e2	0x00b10d60	textset	0x00b10128	textset__vslot_014	0.95
0x00b10d60	textset	0x00b0c7cc	operand_parser	0x00b10128	15	0	0x007a141f	FUN_007a141f	override	0x0073b6fc	0x00b10d60	textset	0x00b10128	textset__vslot_015	0.95
0x00b10d60	textset	0x00b0c7cc	operand_parser	0x00b10128	16	0	0x007a143f	FUN_007a143f	override	0x0073b710	0x00b10d60	textset	0x00b10128	textset__vslot_016	0.95
0x00b10d60	textset	0x00b0c7cc	operand_parser	0x00b10128	17	0	0x007a1460	FUN_007a1460	override	0x0073b731	0x00b10d60	textset	0x00b10128	textset__vslot_017	0.95
0x00b10d60	textset	0x00b0c7cc	operand_parser	0x00b10128	18	0	0x0078a732	FUN_0078a732	override	0x0073b751	0x00b10d60	textset	0x00b10128	textset__vslot_018	0.95
0x00b10d60	textset	0x00b0c7cc	operand_parser	0x00b10128	19	0	0x0078a78d	FUN_0078a78d	override	0x0073b7ac	0x00b10d60	textset	0x00b10128	textset__vslot_019	0.95
0x00b10d60	textset	0x00b0c7cc	operand_parser	0x00b10128	20	0	0x0078a7dc	FUN_0078a7dc	override	0x0073b7fb	0x00b10d60	textset	0x00b10128	textset__vslot_020	0.95
0x00b10d60	textset	0x00b0c7cc	operand_parser	0x00b10128	21	0	0x0078a87b	FUN_0078a87b	override	0x0073b853	0x00b10d60	textset	0x00b10128	textset__vslot_021	0.95
0x00b10d60	textset	0x00b0c7cc	operand_parser	0x00b10128	22	0	0x0078a855	FUN_0078a855	override	0x0073b874	0x00b10d60	textset	0x00b10128	textset__vslot_022	0.95
0x00b10d70	immediate	0x00b0c7cc	operand_parser	0x00b101e8	0	0	0x0078c28b	FUN_0078c28b	override	0x0073b5d2	0x00b10d70	immediate	0x00b101e8	immediate__vslot_000	0.95
0x00b10d70	immediate	0x00b0c7cc	operand_parser	0x00b101e8	1	0	0x0078cd07	FUN_0078cd07	override	0x0073b5db	0x00b10d70	immediate	0x00b101e8	immediate__vslot_001	0.95
0x00b10d70	immediate	0x00b0c7cc	operand_parser	0x00b101e8	2	0	0x0078d31f	FUN_0078d31f	override	0x0073b5e0	0x00b10d70	immediate	0x00b101e8	immediate__vslot_002	0.95
0x00b10d70	immediate	0x00b0c7cc	operand_parser	0x00b101e8	3	0	0x0078d4c7	FUN_0078d4c7	override	0x0073b629	0x00b10d70	immediate	0x00b101e8	immediate__vslot_003	0.95
0x00b10d70	immediate	0x00b0c7cc	operand_parser	0x00b101e8	4	0	0x0078a63f	FUN_0078a63f	override	0x0073b65e	0x00b10d70	immediate	0x00b101e8	immediate__vslot_004	0.95
0x00b10d70	immediate	0x00b0c7cc	operand_parser	0x00b101e8	5	0	0x007432aa	FUN_007432aa	override	0x0073b663	0x00b10d70	immediate	0x00b101e8	immediate__vslot_005	0.95
0x00b10d70	immediate	0x00b0c7cc	operand_parser	0x00b101e8	6	0	0x00742622	FUN_00742622	inherited	0x00742622	0x00b0c7cc	operand_parser	0x00b0c64c	operand_parser__vslot_006	0.82
0x00b10d70	immediate	0x00b0c7cc	operand_parser	0x00b101e8	7	0	0x0078a665	FUN_0078a665	override	0x0073b684	0x00b10d70	immediate	0x00b101e8	immediate__vslot_007	0.95
0x00b10d70	immediate	0x00b0c7cc	operand_parser	0x00b101e8	8	0	0x00743723	FUN_00743723	override	0x0073b68e	0x00b10d70	immediate	0x00b101e8	immediate__vslot_008	0.95
0x00b10d70	immediate	0x00b0c7cc	operand_parser	0x00b101e8	9	0	0x007438b4	FUN_007438b4	override	0x0074281b	0x00b10d70	immediate	0x00b101e8	immediate__vslot_009	0.95
0x00b10d70	immediate	0x00b0c7cc	operand_parser	0x00b101e8	10	0	0x0078a678	FUN_0078a678	override	0x0073b697	0x00b10d70	immediate	0x00b101e8	immediate__vslot_010	0.95
0x00b10d70	immediate	0x00b0c7cc	operand_parser	0x00b101e8	11	0	0x0079b922	FUN_0079b922	override	0x0073b6b8	0x00b10d70	immediate	0x00b101e8	immediate__vslot_011	0.95
0x00b10d70	immediate	0x00b0c7cc	operand_parser	0x00b101e8	12	0	0x0079bc62	FUN_0079bc62	override	0x0073b6ce	0x00b10d70	immediate	0x00b101e8	immediate__vslot_012	0.95
0x00b10d70	immediate	0x00b0c7cc	operand_parser	0x00b101e8	13	0	0x0079b5b0	FUN_0079b5b0	inherited	0x0079b5b0	0x00b0c7cc	operand_parser	0x00b0c64c	operand_parser__vslot_013	0.82
0x00b10d70	immediate	0x00b0c7cc	operand_parser	0x00b101e8	14	0	0x007a1480	FUN_007a1480	override	0x0073b6e2	0x00b10d70	immediate	0x00b101e8	immediate__vslot_014	0.95
0x00b10d70	immediate	0x00b0c7cc	operand_parser	0x00b101e8	15	0	0x007a14a0	FUN_007a14a0	override	0x0073b6fc	0x00b10d70	immediate	0x00b101e8	immediate__vslot_015	0.95
0x00b10d70	immediate	0x00b0c7cc	operand_parser	0x00b101e8	16	0	0x007a14c0	FUN_007a14c0	override	0x0073b710	0x00b10d70	immediate	0x00b101e8	immediate__vslot_016	0.95
0x00b10d70	immediate	0x00b0c7cc	operand_parser	0x00b101e8	17	0	0x007a14e1	FUN_007a14e1	override	0x0073b731	0x00b10d70	immediate	0x00b101e8	immediate__vslot_017	0.95
0x00b10d70	immediate	0x00b0c7cc	operand_parser	0x00b101e8	18	0	0x0078da29	FUN_0078da29	override	0x0073b751	0x00b10d70	immediate	0x00b101e8	immediate__vslot_018	0.95
0x00b10d70	immediate	0x00b0c7cc	operand_parser	0x00b101e8	19	0	0x0078da77	FUN_0078da77	override	0x0073b7ac	0x00b10d70	immediate	0x00b101e8	immediate__vslot_019	0.95
0x00b10d70	immediate	0x00b0c7cc	operand_parser	0x00b101e8	20	0	0x0078a7dc	FUN_0078a7dc	override	0x0073b7fb	0x00b10d70	immediate	0x00b101e8	immediate__vslot_020	0.95
0x00b10d70	immediate	0x00b0c7cc	operand_parser	0x00b101e8	21	0	0x0078da83	FUN_0078da83	override	0x0073b853	0x00b10d70	immediate	0x00b101e8	immediate__vslot_021	0.95
0x00b10d70	immediate	0x00b0c7cc	operand_parser	0x00b101e8	22	0	0x0078da8f	FUN_0078da8f	override	0x0073b874	0x00b10d70	immediate	0x00b101e8	immediate__vslot_022	0.95
0x00b10d80	register_list	0x00b0c7cc	operand_parser	0x00b10a30	0	0	0x0079059f	FUN_0079059f	override	0x0073b5d2	0x00b10d80	register_list	0x00b10a30	register_list__vslot_000	0.95
0x00b10d80	register_list	0x00b0c7cc	operand_parser	0x00b10a30	1	0	0x00790805	FUN_00790805	override	0x0073b5db	0x00b10d80	register_list	0x00b10a30	register_list__vslot_001	0.95
0x00b10d80	register_list	0x00b0c7cc	operand_parser	0x00b10a30	2	0	0x0078a5c1	FUN_0078a5c1	override	0x0073b5e0	0x00b10d80	register_list	0x00b10a30	register_list__vslot_002	0.95
0x00b10d80	register_list	0x00b0c7cc	operand_parser	0x00b10a30	3	0	0x0078a60a	FUN_0078a60a	override	0x0073b629	0x00b10d80	register_list	0x00b10a30	register_list__vslot_003	0.95
0x00b10d80	register_list	0x00b0c7cc	operand_parser	0x00b10a30	4	0	0x0078a63f	FUN_0078a63f	override	0x0073b65e	0x00b10d80	register_list	0x00b10a30	register_list__vslot_004	0.95
0x00b10d80	register_list	0x00b0c7cc	operand_parser	0x00b10a30	5	0	0x0078a644	FUN_0078a644	override	0x0073b663	0x00b10d80	register_list	0x00b10a30	register_list__vslot_005	0.95
0x00b10d80	register_list	0x00b0c7cc	operand_parser	0x00b10a30	6	0	0x00742622	FUN_00742622	inherited	0x00742622	0x00b0c7cc	operand_parser	0x00b0c64c	operand_parser__vslot_006	0.82
0x00b10d80	register_list	0x00b0c7cc	operand_parser	0x00b10a30	7	0	0x0078a665	FUN_0078a665	override	0x0073b684	0x00b10d80	register_list	0x00b10a30	register_list__vslot_007	0.95
0x00b10d80	register_list	0x00b0c7cc	operand_parser	0x00b10a30	8	0	0x0078a66f	FUN_0078a66f	override	0x0073b68e	0x00b10d80	register_list	0x00b10a30	register_list__vslot_008	0.95
0x00b10d80	register_list	0x00b0c7cc	operand_parser	0x00b10a30	9	0	0x0074281b	FUN_0074281b	inherited	0x0074281b	0x00b0c7cc	operand_parser	0x00b0c64c	operand_parser__vslot_009	0.82
0x00b10d80	register_list	0x00b0c7cc	operand_parser	0x00b10a30	10	0	0x0078a678	FUN_0078a678	override	0x0073b697	0x00b10d80	register_list	0x00b10a30	register_list__vslot_010	0.95
0x00b10d80	register_list	0x00b0c7cc	operand_parser	0x00b10a30	11	0	0x0078a699	FUN_0078a699	override	0x0073b6b8	0x00b10d80	register_list	0x00b10a30	register_list__vslot_011	0.95
0x00b10d80	register_list	0x00b0c7cc	operand_parser	0x00b10a30	12	0	0x0078a6af	FUN_0078a6af	override	0x0073b6ce	0x00b10d80	register_list	0x00b10a30	register_list__vslot_012	0.95
0x00b10d80	register_list	0x00b0c7cc	operand_parser	0x00b10a30	13	0	0x0079b5b0	FUN_0079b5b0	inherited	0x0079b5b0	0x00b0c7cc	operand_parser	0x00b0c64c	operand_parser__vslot_013	0.82
0x00b10d80	register_list	0x00b0c7cc	operand_parser	0x00b10a30	14	0	0x0078a6c3	FUN_0078a6c3	override	0x0073b6e2	0x00b10d80	register_list	0x00b10a30	register_list__vslot_014	0.95
0x00b10d80	register_list	0x00b0c7cc	operand_parser	0x00b10a30	15	0	0x0078a6dd	FUN_0078a6dd	override	0x0073b6fc	0x00b10d80	register_list	0x00b10a30	register_list__vslot_015	0.95
0x00b10d80	register_list	0x00b0c7cc	operand_parser	0x00b10a30	16	0	0x0078a6f1	FUN_0078a6f1	override	0x0073b710	0x00b10d80	register_list	0x00b10a30	register_list__vslot_016	0.95
0x00b10d80	register_list	0x00b0c7cc	operand_parser	0x00b10a30	17	0	0x0078a712	FUN_0078a712	override	0x0073b731	0x00b10d80	register_list	0x00b10a30	register_list__vslot_017	0.95
0x00b10d80	register_list	0x00b0c7cc	operand_parser	0x00b10a30	18	0	0x0078a732	FUN_0078a732	override	0x0073b751	0x00b10d80	register_list	0x00b10a30	register_list__vslot_018	0.95
0x00b10d80	register_list	0x00b0c7cc	operand_parser	0x00b10a30	19	0	0x0078a78d	FUN_0078a78d	override	0x0073b7ac	0x00b10d80	register_list	0x00b10a30	register_list__vslot_019	0.95
0x00b10d80	register_list	0x00b0c7cc	operand_parser	0x00b10a30	20	0	0x0078a7dc	FUN_0078a7dc	override	0x0073b7fb	0x00b10d80	register_list	0x00b10a30	register_list__vslot_020	0.95
0x00b10d80	register_list	0x00b0c7cc	operand_parser	0x00b10a30	21	0	0x0078a834	FUN_0078a834	override	0x0073b853	0x00b10d80	register_list	0x00b10a30	register_list__vslot_021	0.95
0x00b10d80	register_list	0x00b0c7cc	operand_parser	0x00b10a30	22	0	0x0078a855	FUN_0078a855	override	0x0073b874	0x00b10d80	register_list	0x00b10a30	register_list__vslot_022	0.95
0x00b10d90	statictext	0x00b0c7cc	operand_parser	0x00b102a8	0	0	0x0078db80	FUN_0078db80	override	0x0073b5d2	0x00b10d90	statictext	0x00b102a8	statictext__vslot_000	0.95
0x00b10d90	statictext	0x00b0c7cc	operand_parser	0x00b102a8	1	0	0x0078dbf2	FUN_0078dbf2	override	0x0073b5db	0x00b10d90	statictext	0x00b102a8	statictext__vslot_001	0.95
0x00b10d90	statictext	0x00b0c7cc	operand_parser	0x00b102a8	2	0	0x0078a5c1	FUN_0078a5c1	override	0x0073b5e0	0x00b10d90	statictext	0x00b102a8	statictext__vslot_002	0.95
0x00b10d90	statictext	0x00b0c7cc	operand_parser	0x00b102a8	3	0	0x0078a60a	FUN_0078a60a	override	0x0073b629	0x00b10d90	statictext	0x00b102a8	statictext__vslot_003	0.95
0x00b10d90	statictext	0x00b0c7cc	operand_parser	0x00b102a8	4	0	0x0078a63f	FUN_0078a63f	override	0x0073b65e	0x00b10d90	statictext	0x00b102a8	statictext__vslot_004	0.95
0x00b10d90	statictext	0x00b0c7cc	operand_parser	0x00b102a8	5	0	0x0078a644	FUN_0078a644	override	0x0073b663	0x00b10d90	statictext	0x00b102a8	statictext__vslot_005	0.95
0x00b10d90	statictext	0x00b0c7cc	operand_parser	0x00b102a8	6	0	0x00742622	FUN_00742622	inherited	0x00742622	0x00b0c7cc	operand_parser	0x00b0c64c	operand_parser__vslot_006	0.82
0x00b10d90	statictext	0x00b0c7cc	operand_parser	0x00b102a8	7	0	0x0078a665	FUN_0078a665	override	0x0073b684	0x00b10d90	statictext	0x00b102a8	statictext__vslot_007	0.95
0x00b10d90	statictext	0x00b0c7cc	operand_parser	0x00b102a8	8	0	0x00743bcd	FUN_00743bcd	override	0x0073b68e	0x00b10d90	statictext	0x00b102a8	statictext__vslot_008	0.95
0x00b10d90	statictext	0x00b0c7cc	operand_parser	0x00b102a8	9	0	0x0074281b	FUN_0074281b	inherited	0x0074281b	0x00b0c7cc	operand_parser	0x00b0c64c	operand_parser__vslot_009	0.82
0x00b10d90	statictext	0x00b0c7cc	operand_parser	0x00b102a8	10	0	0x0078a678	FUN_0078a678	override	0x0073b697	0x00b10d90	statictext	0x00b102a8	statictext__vslot_010	0.95
0x00b10d90	statictext	0x00b0c7cc	operand_parser	0x00b102a8	11	0	0x0078a699	FUN_0078a699	override	0x0073b6b8	0x00b10d90	statictext	0x00b102a8	statictext__vslot_011	0.95
0x00b10d90	statictext	0x00b0c7cc	operand_parser	0x00b102a8	12	0	0x0078a6af	FUN_0078a6af	override	0x0073b6ce	0x00b10d90	statictext	0x00b102a8	statictext__vslot_012	0.95
0x00b10d90	statictext	0x00b0c7cc	operand_parser	0x00b102a8	13	0	0x0079b5b0	FUN_0079b5b0	inherited	0x0079b5b0	0x00b0c7cc	operand_parser	0x00b0c64c	operand_parser__vslot_013	0.82
0x00b10d90	statictext	0x00b0c7cc	operand_parser	0x00b102a8	14	0	0x0078a6c3	FUN_0078a6c3	override	0x0073b6e2	0x00b10d90	statictext	0x00b102a8	statictext__vslot_014	0.95
0x00b10d90	statictext	0x00b0c7cc	operand_parser	0x00b102a8	15	0	0x0078a6dd	FUN_0078a6dd	override	0x0073b6fc	0x00b10d90	statictext	0x00b102a8	statictext__vslot_015	0.95
0x00b10d90	statictext	0x00b0c7cc	operand_parser	0x00b102a8	16	0	0x0078a6f1	FUN_0078a6f1	override	0x0073b710	0x00b10d90	statictext	0x00b102a8	statictext__vslot_016	0.95
0x00b10d90	statictext	0x00b0c7cc	operand_parser	0x00b102a8	17	0	0x0078a712	FUN_0078a712	override	0x0073b731	0x00b10d90	statictext	0x00b102a8	statictext__vslot_017	0.95
0x00b10d90	statictext	0x00b0c7cc	operand_parser	0x00b102a8	18	0	0x0078a732	FUN_0078a732	override	0x0073b751	0x00b10d90	statictext	0x00b102a8	statictext__vslot_018	0.95
0x00b10d90	statictext	0x00b0c7cc	operand_parser	0x00b102a8	19	0	0x0078dcfb	FUN_0078dcfb	override	0x0073b7ac	0x00b10d90	statictext	0x00b102a8	statictext__vslot_019	0.95
0x00b10d90	statictext	0x00b0c7cc	operand_parser	0x00b102a8	20	0	0x0078a7dc	FUN_0078a7dc	override	0x0073b7fb	0x00b10d90	statictext	0x00b102a8	statictext__vslot_020	0.95
0x00b10d90	statictext	0x00b0c7cc	operand_parser	0x00b102a8	21	0	0x0078a885	FUN_0078a885	override	0x0073b853	0x00b10d90	statictext	0x00b102a8	statictext__vslot_021	0.95
0x00b10d90	statictext	0x00b0c7cc	operand_parser	0x00b102a8	22	0	0x0078a855	FUN_0078a855	override	0x0073b874	0x00b10d90	statictext	0x00b102a8	statictext__vslot_022	0.95
0x00b10da0	hardcode	0x00b0c7cc	operand_parser	0x00b10368	0	0	0x0078a5b3	FUN_0078a5b3	override	0x0073b5d2	0x00b10da0	hardcode	0x00b10368	hardcode__vslot_000	0.95
0x00b10da0	hardcode	0x00b0c7cc	operand_parser	0x00b10368	1	0	0x0078a5bc	FUN_0078a5bc	override	0x0073b5db	0x00b10da0	hardcode	0x00b10368	hardcode__vslot_001	0.95
0x00b10da0	hardcode	0x00b0c7cc	operand_parser	0x00b10368	2	0	0x0078de53	FUN_0078de53	override	0x0073b5e0	0x00b10da0	hardcode	0x00b10368	hardcode__vslot_002	0.95
0x00b10da0	hardcode	0x00b0c7cc	operand_parser	0x00b10368	3	0	0x0078ddf0	FUN_0078ddf0	override	0x0073b629	0x00b10da0	hardcode	0x00b10368	hardcode__vslot_003	0.95
0x00b10da0	hardcode	0x00b0c7cc	operand_parser	0x00b10368	4	0	0x0078a63f	FUN_0078a63f	override	0x0073b65e	0x00b10da0	hardcode	0x00b10368	hardcode__vslot_004	0.95
0x00b10da0	hardcode	0x00b0c7cc	operand_parser	0x00b10368	5	0	0x0078a644	FUN_0078a644	override	0x0073b663	0x00b10da0	hardcode	0x00b10368	hardcode__vslot_005	0.95
0x00b10da0	hardcode	0x00b0c7cc	operand_parser	0x00b10368	6	0	0x00742622	FUN_00742622	inherited	0x00742622	0x00b0c7cc	operand_parser	0x00b0c64c	operand_parser__vslot_006	0.82
0x00b10da0	hardcode	0x00b0c7cc	operand_parser	0x00b10368	7	0	0x0078a665	FUN_0078a665	override	0x0073b684	0x00b10da0	hardcode	0x00b10368	hardcode__vslot_007	0.95
0x00b10da0	hardcode	0x00b0c7cc	operand_parser	0x00b10368	8	0	0x0078a66f	FUN_0078a66f	override	0x0073b68e	0x00b10da0	hardcode	0x00b10368	hardcode__vslot_008	0.95
0x00b10da0	hardcode	0x00b0c7cc	operand_parser	0x00b10368	9	0	0x0074281b	FUN_0074281b	inherited	0x0074281b	0x00b0c7cc	operand_parser	0x00b0c64c	operand_parser__vslot_009	0.82
0x00b10da0	hardcode	0x00b0c7cc	operand_parser	0x00b10368	10	0	0x0078a678	FUN_0078a678	override	0x0073b697	0x00b10da0	hardcode	0x00b10368	hardcode__vslot_010	0.95
0x00b10da0	hardcode	0x00b0c7cc	operand_parser	0x00b10368	11	0	0x0078a699	FUN_0078a699	override	0x0073b6b8	0x00b10da0	hardcode	0x00b10368	hardcode__vslot_011	0.95
0x00b10da0	hardcode	0x00b0c7cc	operand_parser	0x00b10368	12	0	0x0078a6af	FUN_0078a6af	override	0x0073b6ce	0x00b10da0	hardcode	0x00b10368	hardcode__vslot_012	0.95
0x00b10da0	hardcode	0x00b0c7cc	operand_parser	0x00b10368	13	0	0x0079b5b0	FUN_0079b5b0	inherited	0x0079b5b0	0x00b0c7cc	operand_parser	0x00b0c64c	operand_parser__vslot_013	0.82
0x00b10da0	hardcode	0x00b0c7cc	operand_parser	0x00b10368	14	0	0x0078a6c3	FUN_0078a6c3	override	0x0073b6e2	0x00b10da0	hardcode	0x00b10368	hardcode__vslot_014	0.95
0x00b10da0	hardcode	0x00b0c7cc	operand_parser	0x00b10368	15	0	0x0078a6dd	FUN_0078a6dd	override	0x0073b6fc	0x00b10da0	hardcode	0x00b10368	hardcode__vslot_015	0.95
0x00b10da0	hardcode	0x00b0c7cc	operand_parser	0x00b10368	16	0	0x0078a6f1	FUN_0078a6f1	override	0x0073b710	0x00b10da0	hardcode	0x00b10368	hardcode__vslot_016	0.95
0x00b10da0	hardcode	0x00b0c7cc	operand_parser	0x00b10368	17	0	0x0078a712	FUN_0078a712	override	0x0073b731	0x00b10da0	hardcode	0x00b10368	hardcode__vslot_017	0.95
0x00b10da0	hardcode	0x00b0c7cc	operand_parser	0x00b10368	18	0	0x0078a732	FUN_0078a732	override	0x0073b751	0x00b10da0	hardcode	0x00b10368	hardcode__vslot_018	0.95
0x00b10da0	hardcode	0x00b0c7cc	operand_parser	0x00b10368	19	0	0x0078de86	FUN_0078de86	override	0x0073b7ac	0x00b10da0	hardcode	0x00b10368	hardcode__vslot_019	0.95
0x00b10da0	hardcode	0x00b0c7cc	operand_parser	0x00b10368	20	0	0x0078a7dc	FUN_0078a7dc	override	0x0073b7fb	0x00b10da0	hardcode	0x00b10368	hardcode__vslot_020	0.95
0x00b10da0	hardcode	0x00b0c7cc	operand_parser	0x00b10368	21	0	0x0078a88f	FUN_0078a88f	override	0x0073b853	0x00b10da0	hardcode	0x00b10368	hardcode__vslot_021	0.95
0x00b10da0	hardcode	0x00b0c7cc	operand_parser	0x00b10368	22	0	0x0078a855	FUN_0078a855	override	0x0073b874	0x00b10da0	hardcode	0x00b10368	hardcode__vslot_022	0.95
0x00b10db0	compose	0x00b0c7cc	operand_parser	0x00b107f0	0	0	0x0078e4fa	FUN_0078e4fa	override	0x0073b5d2	0x00b10db0	compose	0x00b107f0	compose__vslot_000	0.95
0x00b10db0	compose	0x00b0c7cc	operand_parser	0x00b107f0	1	0	0x0078e84d	FUN_0078e84d	override	0x0073b5db	0x00b10db0	compose	0x00b107f0	compose__vslot_001	0.95
0x00b10db0	compose	0x00b0c7cc	operand_parser	0x00b107f0	2	0	0x0078eb1d	FUN_0078eb1d	override	0x0073b5e0	0x00b10db0	compose	0x00b107f0	compose__vslot_002	0.95
0x00b10db0	compose	0x00b0c7cc	operand_parser	0x00b107f0	3	0	0x0078ec37	FUN_0078ec37	override	0x0073b629	0x00b10db0	compose	0x00b107f0	compose__vslot_003	0.95
0x00b10db0	compose	0x00b0c7cc	operand_parser	0x00b107f0	4	0	0x0078ed64	FUN_0078ed64	override	0x0073b65e	0x00b10db0	compose	0x00b107f0	compose__vslot_004	0.95
0x00b10db0	compose	0x00b0c7cc	operand_parser	0x00b107f0	5	0	0x00744328	FUN_00744328	override	0x0073b663	0x00b10db0	compose	0x00b107f0	compose__vslot_005	0.95
0x00b10db0	compose	0x00b0c7cc	operand_parser	0x00b107f0	6	0	0x00744931	FUN_00744931	override	0x00742622	0x00b10db0	compose	0x00b107f0	compose__vslot_006	0.95
0x00b10db0	compose	0x00b0c7cc	operand_parser	0x00b107f0	7	0	0x0078a665	FUN_0078a665	override	0x0073b684	0x00b10db0	compose	0x00b107f0	compose__vslot_007	0.95
0x00b10db0	compose	0x00b0c7cc	operand_parser	0x00b107f0	8	0	0x0078a66f	FUN_0078a66f	override	0x0073b68e	0x00b10db0	compose	0x00b107f0	compose__vslot_008	0.95
0x00b10db0	compose	0x00b0c7cc	operand_parser	0x00b107f0	9	0	0x0074520f	FUN_0074520f	override	0x0074281b	0x00b10db0	compose	0x00b107f0	compose__vslot_009	0.95
0x00b10db0	compose	0x00b0c7cc	operand_parser	0x00b107f0	10	0	0x0078a678	FUN_0078a678	override	0x0073b697	0x00b10db0	compose	0x00b107f0	compose__vslot_010	0.95
0x00b10db0	compose	0x00b0c7cc	operand_parser	0x00b107f0	11	0	0x0079bfc6	FUN_0079bfc6	override	0x0073b6b8	0x00b10db0	compose	0x00b107f0	compose__vslot_011	0.95
0x00b10db0	compose	0x00b0c7cc	operand_parser	0x00b107f0	12	0	0x0079c30a	FUN_0079c30a	override	0x0073b6ce	0x00b10db0	compose	0x00b107f0	compose__vslot_012	0.95
0x00b10db0	compose	0x00b0c7cc	operand_parser	0x00b107f0	13	0	0x0079c628	FUN_0079c628	override	0x0079b5b0	0x00b10db0	compose	0x00b107f0	compose__vslot_013	0.95
0x00b10db0	compose	0x00b0c7cc	operand_parser	0x00b107f0	14	0	0x007a1501	FUN_007a1501	override	0x0073b6e2	0x00b10db0	compose	0x00b107f0	compose__vslot_014	0.95
0x00b10db0	compose	0x00b0c7cc	operand_parser	0x00b107f0	15	0	0x007a1521	FUN_007a1521	override	0x0073b6fc	0x00b10db0	compose	0x00b107f0	compose__vslot_015	0.95
0x00b10db0	compose	0x00b0c7cc	operand_parser	0x00b107f0	16	0	0x007a1541	FUN_007a1541	override	0x0073b710	0x00b10db0	compose	0x00b107f0	compose__vslot_016	0.95
0x00b10db0	compose	0x00b0c7cc	operand_parser	0x00b107f0	17	0	0x007a1562	FUN_007a1562	override	0x0073b731	0x00b10db0	compose	0x00b107f0	compose__vslot_017	0.95
0x00b10db0	compose	0x00b0c7cc	operand_parser	0x00b107f0	18	0	0x0078ef64	FUN_0078ef64	override	0x0073b751	0x00b10db0	compose	0x00b107f0	compose__vslot_018	0.95
0x00b10db0	compose	0x00b0c7cc	operand_parser	0x00b107f0	19	0	0x0078f047	FUN_0078f047	override	0x0073b7ac	0x00b10db0	compose	0x00b107f0	compose__vslot_019	0.95
0x00b10db0	compose	0x00b0c7cc	operand_parser	0x00b107f0	20	0	0x0078f12a	FUN_0078f12a	override	0x0073b7fb	0x00b10db0	compose	0x00b107f0	compose__vslot_020	0.95
0x00b10db0	compose	0x00b0c7cc	operand_parser	0x00b107f0	21	0	0x0078f278	FUN_0078f278	override	0x0073b853	0x00b10db0	compose	0x00b107f0	compose__vslot_021	0.95
0x00b10db0	compose	0x00b0c7cc	operand_parser	0x00b107f0	22	0	0x0078f35b	FUN_0078f35b	override	0x0073b874	0x00b10db0	compose	0x00b107f0	compose__vslot_022	0.95
0x00b10dc0	choose	0x00b0c7cc	operand_parser	0x00b10428	0	0	0x0078f66f	FUN_0078f66f	override	0x0073b5d2	0x00b10dc0	choose	0x00b10428	choose__vslot_000	0.95
0x00b10dc0	choose	0x00b0c7cc	operand_parser	0x00b10428	1	0	0x0078f94d	FUN_0078f94d	override	0x0073b5db	0x00b10dc0	choose	0x00b10428	choose__vslot_001	0.95
0x00b10dc0	choose	0x00b0c7cc	operand_parser	0x00b10428	2	0	0x0078fb8b	FUN_0078fb8b	override	0x0073b5e0	0x00b10dc0	choose	0x00b10428	choose__vslot_002	0.95
0x00b10dc0	choose	0x00b0c7cc	operand_parser	0x00b10428	3	0	0x0078f9fa	FUN_0078f9fa	override	0x0073b629	0x00b10dc0	choose	0x00b10428	choose__vslot_003	0.95
0x00b10dc0	choose	0x00b0c7cc	operand_parser	0x00b10428	4	0	0x0078fc59	FUN_0078fc59	override	0x0073b65e	0x00b10dc0	choose	0x00b10428	choose__vslot_004	0.95
0x00b10dc0	choose	0x00b0c7cc	operand_parser	0x00b10428	5	0	0x0074563b	FUN_0074563b	override	0x0073b663	0x00b10dc0	choose	0x00b10428	choose__vslot_005	0.95
0x00b10dc0	choose	0x00b0c7cc	operand_parser	0x00b10428	6	0	0x0074567e	FUN_0074567e	override	0x00742622	0x00b10dc0	choose	0x00b10428	choose__vslot_006	0.95
0x00b10dc0	choose	0x00b0c7cc	operand_parser	0x00b10428	7	0	0x0078a665	FUN_0078a665	override	0x0073b684	0x00b10dc0	choose	0x00b10428	choose__vslot_007	0.95
0x00b10dc0	choose	0x00b0c7cc	operand_parser	0x00b10428	8	0	0x0078a66f	FUN_0078a66f	override	0x0073b68e	0x00b10dc0	choose	0x00b10428	choose__vslot_008	0.95
0x00b10dc0	choose	0x00b0c7cc	operand_parser	0x00b10428	9	0	0x00745727	FUN_00745727	override	0x0074281b	0x00b10dc0	choose	0x00b10428	choose__vslot_009	0.95
0x00b10dc0	choose	0x00b0c7cc	operand_parser	0x00b10428	10	0	0x0078a899	FUN_0078a899	override	0x0073b697	0x00b10dc0	choose	0x00b10428	choose__vslot_010	0.95
0x00b10dc0	choose	0x00b0c7cc	operand_parser	0x00b10428	11	0	0x0079c8c8	FUN_0079c8c8	override	0x0073b6b8	0x00b10dc0	choose	0x00b10428	choose__vslot_011	0.95
0x00b10dc0	choose	0x00b0c7cc	operand_parser	0x00b10428	12	0	0x0079c993	FUN_0079c993	override	0x0073b6ce	0x00b10dc0	choose	0x00b10428	choose__vslot_012	0.95
0x00b10dc0	choose	0x00b0c7cc	operand_parser	0x00b10428	13	0	0x0079b5b0	FUN_0079b5b0	inherited	0x0079b5b0	0x00b0c7cc	operand_parser	0x00b0c64c	operand_parser__vslot_013	0.82
0x00b10dc0	choose	0x00b0c7cc	operand_parser	0x00b10428	14	0	0x007a1582	FUN_007a1582	override	0x0073b6e2	0x00b10dc0	choose	0x00b10428	choose__vslot_014	0.95
0x00b10dc0	choose	0x00b0c7cc	operand_parser	0x00b10428	15	0	0x007a15a2	FUN_007a15a2	override	0x0073b6fc	0x00b10dc0	choose	0x00b10428	choose__vslot_015	0.95
0x00b10dc0	choose	0x00b0c7cc	operand_parser	0x00b10428	16	0	0x007a15c2	FUN_007a15c2	override	0x0073b710	0x00b10dc0	choose	0x00b10428	choose__vslot_016	0.95
0x00b10dc0	choose	0x00b0c7cc	operand_parser	0x00b10428	17	0	0x007a15e3	FUN_007a15e3	override	0x0073b731	0x00b10dc0	choose	0x00b10428	choose__vslot_017	0.95
0x00b10dc0	choose	0x00b0c7cc	operand_parser	0x00b10428	18	0	0x0078fcf0	FUN_0078fcf0	override	0x0073b751	0x00b10dc0	choose	0x00b10428	choose__vslot_018	0.95
0x00b10dc0	choose	0x00b0c7cc	operand_parser	0x00b10428	19	0	0x0078fd46	FUN_0078fd46	override	0x0073b7ac	0x00b10dc0	choose	0x00b10428	choose__vslot_019	0.95
0x00b10dc0	choose	0x00b0c7cc	operand_parser	0x00b10428	20	0	0x0078a7dc	FUN_0078a7dc	override	0x0073b7fb	0x00b10dc0	choose	0x00b10428	choose__vslot_020	0.95
0x00b10dc0	choose	0x00b0c7cc	operand_parser	0x00b10428	21	0	0x0078fe03	FUN_0078fe03	override	0x0073b853	0x00b10dc0	choose	0x00b10428	choose__vslot_021	0.95
0x00b10dc0	choose	0x00b0c7cc	operand_parser	0x00b10428	22	0	0x0078fe59	FUN_0078fe59	override	0x0073b874	0x00b10dc0	choose	0x00b10428	choose__vslot_022	0.95
0x00b10dd0	multiple_fields	0x00b0c7cc	operand_parser	0x00b104e8	0	0	0x0078ff0b	FUN_0078ff0b	override	0x0073b5d2	0x00b10dd0	multiple_fields	0x00b104e8	multiple_fields__vslot_000	0.95
0x00b10dd0	multiple_fields	0x00b0c7cc	operand_parser	0x00b104e8	1	0	0x0078ff51	FUN_0078ff51	override	0x0073b5db	0x00b10dd0	multiple_fields	0x00b104e8	multiple_fields__vslot_001	0.95
0x00b10dd0	multiple_fields	0x00b0c7cc	operand_parser	0x00b104e8	2	0	0x0078ff7b	FUN_0078ff7b	override	0x0073b5e0	0x00b10dd0	multiple_fields	0x00b104e8	multiple_fields__vslot_002	0.95
0x00b10dd0	multiple_fields	0x00b0c7cc	operand_parser	0x00b104e8	3	0	0x0078ffd3	FUN_0078ffd3	override	0x0073b629	0x00b10dd0	multiple_fields	0x00b104e8	multiple_fields__vslot_003	0.95
0x00b10dd0	multiple_fields	0x00b0c7cc	operand_parser	0x00b104e8	4	0	0x0079015a	FUN_0079015a	override	0x0073b65e	0x00b10dd0	multiple_fields	0x00b104e8	multiple_fields__vslot_004	0.95
0x00b10dd0	multiple_fields	0x00b0c7cc	operand_parser	0x00b104e8	5	0	0x00745783	FUN_00745783	override	0x0073b663	0x00b10dd0	multiple_fields	0x00b104e8	multiple_fields__vslot_005	0.95
0x00b10dd0	multiple_fields	0x00b0c7cc	operand_parser	0x00b104e8	6	0	0x007457ad	FUN_007457ad	override	0x00742622	0x00b10dd0	multiple_fields	0x00b104e8	multiple_fields__vslot_006	0.95
0x00b10dd0	multiple_fields	0x00b0c7cc	operand_parser	0x00b104e8	7	0	0x0078a665	FUN_0078a665	override	0x0073b684	0x00b10dd0	multiple_fields	0x00b104e8	multiple_fields__vslot_007	0.95
0x00b10dd0	multiple_fields	0x00b0c7cc	operand_parser	0x00b104e8	8	0	0x0078a66f	FUN_0078a66f	override	0x0073b68e	0x00b10dd0	multiple_fields	0x00b104e8	multiple_fields__vslot_008	0.95
0x00b10dd0	multiple_fields	0x00b0c7cc	operand_parser	0x00b104e8	9	0	0x0074582f	FUN_0074582f	override	0x0074281b	0x00b10dd0	multiple_fields	0x00b104e8	multiple_fields__vslot_009	0.95
0x00b10dd0	multiple_fields	0x00b0c7cc	operand_parser	0x00b104e8	10	0	0x0078a678	FUN_0078a678	override	0x0073b697	0x00b10dd0	multiple_fields	0x00b104e8	multiple_fields__vslot_010	0.95
0x00b10dd0	multiple_fields	0x00b0c7cc	operand_parser	0x00b104e8	11	0	0x0078a8c8	FUN_0078a8c8	override	0x0073b6b8	0x00b10dd0	multiple_fields	0x00b104e8	multiple_fields__vslot_011	0.95
0x00b10dd0	multiple_fields	0x00b0c7cc	operand_parser	0x00b104e8	12	0	0x0078a8f5	FUN_0078a8f5	override	0x0073b6ce	0x00b10dd0	multiple_fields	0x00b104e8	multiple_fields__vslot_012	0.95
0x00b10dd0	multiple_fields	0x00b0c7cc	operand_parser	0x00b104e8	13	0	0x0079b5b0	FUN_0079b5b0	inherited	0x0079b5b0	0x00b0c7cc	operand_parser	0x00b0c64c	operand_parser__vslot_013	0.82
0x00b10dd0	multiple_fields	0x00b0c7cc	operand_parser	0x00b104e8	14	0	0x0078a924	FUN_0078a924	override	0x0073b6e2	0x00b10dd0	multiple_fields	0x00b104e8	multiple_fields__vslot_014	0.95
0x00b10dd0	multiple_fields	0x00b0c7cc	operand_parser	0x00b104e8	15	0	0x0078a953	FUN_0078a953	override	0x0073b6fc	0x00b10dd0	multiple_fields	0x00b104e8	multiple_fields__vslot_015	0.95
0x00b10dd0	multiple_fields	0x00b0c7cc	operand_parser	0x00b104e8	16	0	0x0078a984	FUN_0078a984	override	0x0073b710	0x00b10dd0	multiple_fields	0x00b104e8	multiple_fields__vslot_016	0.95
0x00b10dd0	multiple_fields	0x00b0c7cc	operand_parser	0x00b104e8	17	0	0x0078a9b3	FUN_0078a9b3	override	0x0073b731	0x00b10dd0	multiple_fields	0x00b104e8	multiple_fields__vslot_017	0.95
0x00b10dd0	multiple_fields	0x00b0c7cc	operand_parser	0x00b104e8	18	0	0x0078a732	FUN_0078a732	override	0x0073b751	0x00b10dd0	multiple_fields	0x00b104e8	multiple_fields__vslot_018	0.95
0x00b10dd0	multiple_fields	0x00b0c7cc	operand_parser	0x00b104e8	19	0	0x00790184	FUN_00790184	override	0x0073b7ac	0x00b10dd0	multiple_fields	0x00b104e8	multiple_fields__vslot_019	0.95
0x00b10dd0	multiple_fields	0x00b0c7cc	operand_parser	0x00b104e8	20	0	0x0078a7dc	FUN_0078a7dc	override	0x0073b7fb	0x00b10dd0	multiple_fields	0x00b104e8	multiple_fields__vslot_020	0.95
0x00b10dd0	multiple_fields	0x00b0c7cc	operand_parser	0x00b104e8	21	0	0x007901ad	FUN_007901ad	override	0x0073b853	0x00b10dd0	multiple_fields	0x00b104e8	multiple_fields__vslot_021	0.95
0x00b10dd0	multiple_fields	0x00b0c7cc	operand_parser	0x00b104e8	22	0	0x0078a855	FUN_0078a855	override	0x0073b874	0x00b10dd0	multiple_fields	0x00b104e8	multiple_fields__vslot_022	0.95
0x00b10de0	split_fields	0x00b0c7cc	operand_parser	0x00b10970	0	0	0x00790349	FUN_00790349	override	0x0073b5d2	0x00b10de0	split_fields	0x00b10970	split_fields__vslot_000	0.95
0x00b10de0	split_fields	0x00b0c7cc	operand_parser	0x00b10970	1	0	0x0079037d	FUN_0079037d	override	0x0073b5db	0x00b10de0	split_fields	0x00b10970	split_fields__vslot_001	0.95
0x00b10de0	split_fields	0x00b0c7cc	operand_parser	0x00b10970	2	0	0x007903a7	FUN_007903a7	override	0x0073b5e0	0x00b10de0	split_fields	0x00b10970	split_fields__vslot_002	0.95
0x00b10de0	split_fields	0x00b0c7cc	operand_parser	0x00b10970	3	0	0x00790442	FUN_00790442	override	0x0073b629	0x00b10de0	split_fields	0x00b10970	split_fields__vslot_003	0.95
0x00b10de0	split_fields	0x00b0c7cc	operand_parser	0x00b10970	4	0	0x0078a63f	FUN_0078a63f	override	0x0073b65e	0x00b10de0	split_fields	0x00b10970	split_fields__vslot_004	0.95
0x00b10de0	split_fields	0x00b0c7cc	operand_parser	0x00b10970	5	0	0x0078a644	FUN_0078a644	override	0x0073b663	0x00b10de0	split_fields	0x00b10970	split_fields__vslot_005	0.95
0x00b10de0	split_fields	0x00b0c7cc	operand_parser	0x00b10970	6	0	0x00742622	FUN_00742622	inherited	0x00742622	0x00b0c7cc	operand_parser	0x00b0c64c	operand_parser__vslot_006	0.82
0x00b10de0	split_fields	0x00b0c7cc	operand_parser	0x00b10970	7	0	0x0078a665	FUN_0078a665	override	0x0073b684	0x00b10de0	split_fields	0x00b10970	split_fields__vslot_007	0.95
0x00b10de0	split_fields	0x00b0c7cc	operand_parser	0x00b10970	8	0	0x0078a66f	FUN_0078a66f	override	0x0073b68e	0x00b10de0	split_fields	0x00b10970	split_fields__vslot_008	0.95
0x00b10de0	split_fields	0x00b0c7cc	operand_parser	0x00b10970	9	0	0x0074281b	FUN_0074281b	inherited	0x0074281b	0x00b0c7cc	operand_parser	0x00b0c64c	operand_parser__vslot_009	0.82
0x00b10de0	split_fields	0x00b0c7cc	operand_parser	0x00b10970	10	0	0x0078a678	FUN_0078a678	override	0x0073b697	0x00b10de0	split_fields	0x00b10970	split_fields__vslot_010	0.95
0x00b10de0	split_fields	0x00b0c7cc	operand_parser	0x00b10970	11	0	0x0078a699	FUN_0078a699	override	0x0073b6b8	0x00b10de0	split_fields	0x00b10970	split_fields__vslot_011	0.95
0x00b10de0	split_fields	0x00b0c7cc	operand_parser	0x00b10970	12	0	0x0078a6af	FUN_0078a6af	override	0x0073b6ce	0x00b10de0	split_fields	0x00b10970	split_fields__vslot_012	0.95
0x00b10de0	split_fields	0x00b0c7cc	operand_parser	0x00b10970	13	0	0x0079b5b0	FUN_0079b5b0	inherited	0x0079b5b0	0x00b0c7cc	operand_parser	0x00b0c64c	operand_parser__vslot_013	0.82
0x00b10de0	split_fields	0x00b0c7cc	operand_parser	0x00b10970	14	0	0x0078a6c3	FUN_0078a6c3	override	0x0073b6e2	0x00b10de0	split_fields	0x00b10970	split_fields__vslot_014	0.95
0x00b10de0	split_fields	0x00b0c7cc	operand_parser	0x00b10970	15	0	0x0078a6dd	FUN_0078a6dd	override	0x0073b6fc	0x00b10de0	split_fields	0x00b10970	split_fields__vslot_015	0.95
0x00b10de0	split_fields	0x00b0c7cc	operand_parser	0x00b10970	16	0	0x0078a6f1	FUN_0078a6f1	override	0x0073b710	0x00b10de0	split_fields	0x00b10970	split_fields__vslot_016	0.95
0x00b10de0	split_fields	0x00b0c7cc	operand_parser	0x00b10970	17	0	0x0078a712	FUN_0078a712	override	0x0073b731	0x00b10de0	split_fields	0x00b10970	split_fields__vslot_017	0.95
0x00b10de0	split_fields	0x00b0c7cc	operand_parser	0x00b10970	18	0	0x0078a732	FUN_0078a732	override	0x0073b751	0x00b10de0	split_fields	0x00b10970	split_fields__vslot_018	0.95
0x00b10de0	split_fields	0x00b0c7cc	operand_parser	0x00b10970	19	0	0x0078a78d	FUN_0078a78d	override	0x0073b7ac	0x00b10de0	split_fields	0x00b10970	split_fields__vslot_019	0.95
0x00b10de0	split_fields	0x00b0c7cc	operand_parser	0x00b10970	20	0	0x0078a7dc	FUN_0078a7dc	override	0x0073b7fb	0x00b10de0	split_fields	0x00b10970	split_fields__vslot_020	0.95
0x00b10de0	split_fields	0x00b0c7cc	operand_parser	0x00b10970	21	0	0x0078a834	FUN_0078a834	override	0x0073b853	0x00b10de0	split_fields	0x00b10970	split_fields__vslot_021	0.95
0x00b10de0	split_fields	0x00b0c7cc	operand_parser	0x00b10970	22	0	0x0078a855	FUN_0078a855	override	0x0073b874	0x00b10de0	split_fields	0x00b10970	split_fields__vslot_022	0.95
0x00b10df0	suffix	0x00b0c7cc	operand_parser	0x00b10c70	0	0	0x007912d2	FUN_007912d2	override	0x0073b5d2	0x00b10df0	suffix	0x00b10c70	suffix__vslot_000	0.95
0x00b10df0	suffix	0x00b0c7cc	operand_parser	0x00b10c70	1	0	0x007913bd	FUN_007913bd	override	0x0073b5db	0x00b10df0	suffix	0x00b10c70	suffix__vslot_001	0.95
0x00b10df0	suffix	0x00b0c7cc	operand_parser	0x00b10c70	2	0	0x007913f8	FUN_007913f8	override	0x0073b5e0	0x00b10df0	suffix	0x00b10c70	suffix__vslot_002	0.95
0x00b10df0	suffix	0x00b0c7cc	operand_parser	0x00b10c70	3	0	0x00791425	FUN_00791425	override	0x0073b629	0x00b10df0	suffix	0x00b10c70	suffix__vslot_003	0.95
0x00b10df0	suffix	0x00b0c7cc	operand_parser	0x00b10c70	4	0	0x0078a63f	FUN_0078a63f	override	0x0073b65e	0x00b10df0	suffix	0x00b10c70	suffix__vslot_004	0.95
0x00b10df0	suffix	0x00b0c7cc	operand_parser	0x00b10c70	5	0	0x0078a644	FUN_0078a644	override	0x0073b663	0x00b10df0	suffix	0x00b10c70	suffix__vslot_005	0.95
0x00b10df0	suffix	0x00b0c7cc	operand_parser	0x00b10c70	6	0	0x00742622	FUN_00742622	inherited	0x00742622	0x00b0c7cc	operand_parser	0x00b0c64c	operand_parser__vslot_006	0.82
0x00b10df0	suffix	0x00b0c7cc	operand_parser	0x00b10c70	7	0	0x0078a665	FUN_0078a665	override	0x0073b684	0x00b10df0	suffix	0x00b10c70	suffix__vslot_007	0.95
0x00b10df0	suffix	0x00b0c7cc	operand_parser	0x00b10c70	8	0	0x0078a66f	FUN_0078a66f	override	0x0073b68e	0x00b10df0	suffix	0x00b10c70	suffix__vslot_008	0.95
0x00b10df0	suffix	0x00b0c7cc	operand_parser	0x00b10c70	9	0	0x0074281b	FUN_0074281b	inherited	0x0074281b	0x00b0c7cc	operand_parser	0x00b0c64c	operand_parser__vslot_009	0.82
0x00b10df0	suffix	0x00b0c7cc	operand_parser	0x00b10c70	10	0	0x0078a678	FUN_0078a678	override	0x0073b697	0x00b10df0	suffix	0x00b10c70	suffix__vslot_010	0.95
0x00b10df0	suffix	0x00b0c7cc	operand_parser	0x00b10c70	11	0	0x0078a699	FUN_0078a699	override	0x0073b6b8	0x00b10df0	suffix	0x00b10c70	suffix__vslot_011	0.95
0x00b10df0	suffix	0x00b0c7cc	operand_parser	0x00b10c70	12	0	0x0078a6af	FUN_0078a6af	override	0x0073b6ce	0x00b10df0	suffix	0x00b10c70	suffix__vslot_012	0.95
0x00b10df0	suffix	0x00b0c7cc	operand_parser	0x00b10c70	13	0	0x0079b5b0	FUN_0079b5b0	inherited	0x0079b5b0	0x00b0c7cc	operand_parser	0x00b0c64c	operand_parser__vslot_013	0.82
0x00b10df0	suffix	0x00b0c7cc	operand_parser	0x00b10c70	14	0	0x0078a6c3	FUN_0078a6c3	override	0x0073b6e2	0x00b10df0	suffix	0x00b10c70	suffix__vslot_014	0.95
0x00b10df0	suffix	0x00b0c7cc	operand_parser	0x00b10c70	15	0	0x0078a6dd	FUN_0078a6dd	override	0x0073b6fc	0x00b10df0	suffix	0x00b10c70	suffix__vslot_015	0.95
0x00b10df0	suffix	0x00b0c7cc	operand_parser	0x00b10c70	16	0	0x0078a6f1	FUN_0078a6f1	override	0x0073b710	0x00b10df0	suffix	0x00b10c70	suffix__vslot_016	0.95
0x00b10df0	suffix	0x00b0c7cc	operand_parser	0x00b10c70	17	0	0x0078a712	FUN_0078a712	override	0x0073b731	0x00b10df0	suffix	0x00b10c70	suffix__vslot_017	0.95
0x00b10df0	suffix	0x00b0c7cc	operand_parser	0x00b10c70	18	0	0x0078a732	FUN_0078a732	override	0x0073b751	0x00b10df0	suffix	0x00b10c70	suffix__vslot_018	0.95
0x00b10df0	suffix	0x00b0c7cc	operand_parser	0x00b10c70	19	0	0x0078a78d	FUN_0078a78d	override	0x0073b7ac	0x00b10df0	suffix	0x00b10c70	suffix__vslot_019	0.95
0x00b10df0	suffix	0x00b0c7cc	operand_parser	0x00b10c70	20	0	0x0078a7dc	FUN_0078a7dc	override	0x0073b7fb	0x00b10df0	suffix	0x00b10c70	suffix__vslot_020	0.95
0x00b10df0	suffix	0x00b0c7cc	operand_parser	0x00b10c70	21	0	0x0078a834	FUN_0078a834	override	0x0073b853	0x00b10df0	suffix	0x00b10c70	suffix__vslot_021	0.95
0x00b10df0	suffix	0x00b0c7cc	operand_parser	0x00b10c70	22	0	0x0078a855	FUN_0078a855	override	0x0073b874	0x00b10df0	suffix	0x00b10c70	suffix__vslot_022	0.95
0x00b10e00	join	0x00b0c7cc	operand_parser	0x00b10bb0	0	0	0x00790b2e	FUN_00790b2e	override	0x0073b5d2	0x00b10e00	join	0x00b10bb0	join__vslot_000	0.95
0x00b10e00	join	0x00b0c7cc	operand_parser	0x00b10bb0	1	0	0x00790fa6	FUN_00790fa6	override	0x0073b5db	0x00b10e00	join	0x00b10bb0	join__vslot_001	0.95
0x00b10e00	join	0x00b0c7cc	operand_parser	0x00b10bb0	2	0	0x0079103a	FUN_0079103a	override	0x0073b5e0	0x00b10e00	join	0x00b10bb0	join__vslot_002	0.95
0x00b10e00	join	0x00b0c7cc	operand_parser	0x00b10bb0	3	0	0x007910ce	FUN_007910ce	override	0x0073b629	0x00b10e00	join	0x00b10bb0	join__vslot_003	0.95
0x00b10e00	join	0x00b0c7cc	operand_parser	0x00b10bb0	4	0	0x0078a63f	FUN_0078a63f	override	0x0073b65e	0x00b10e00	join	0x00b10bb0	join__vslot_004	0.95
0x00b10e00	join	0x00b0c7cc	operand_parser	0x00b10bb0	5	0	0x0078a644	FUN_0078a644	override	0x0073b663	0x00b10e00	join	0x00b10bb0	join__vslot_005	0.95
0x00b10e00	join	0x00b0c7cc	operand_parser	0x00b10bb0	6	0	0x00742622	FUN_00742622	inherited	0x00742622	0x00b0c7cc	operand_parser	0x00b0c64c	operand_parser__vslot_006	0.82
0x00b10e00	join	0x00b0c7cc	operand_parser	0x00b10bb0	7	0	0x0078a665	FUN_0078a665	override	0x0073b684	0x00b10e00	join	0x00b10bb0	join__vslot_007	0.95
0x00b10e00	join	0x00b0c7cc	operand_parser	0x00b10bb0	8	0	0x0078a66f	FUN_0078a66f	override	0x0073b68e	0x00b10e00	join	0x00b10bb0	join__vslot_008	0.95
0x00b10e00	join	0x00b0c7cc	operand_parser	0x00b10bb0	9	0	0x0074281b	FUN_0074281b	inherited	0x0074281b	0x00b0c7cc	operand_parser	0x00b0c64c	operand_parser__vslot_009	0.82
0x00b10e00	join	0x00b0c7cc	operand_parser	0x00b10bb0	10	0	0x0078a678	FUN_0078a678	override	0x0073b697	0x00b10e00	join	0x00b10bb0	join__vslot_010	0.95
0x00b10e00	join	0x00b0c7cc	operand_parser	0x00b10bb0	11	0	0x0078a699	FUN_0078a699	override	0x0073b6b8	0x00b10e00	join	0x00b10bb0	join__vslot_011	0.95
0x00b10e00	join	0x00b0c7cc	operand_parser	0x00b10bb0	12	0	0x0078a6af	FUN_0078a6af	override	0x0073b6ce	0x00b10e00	join	0x00b10bb0	join__vslot_012	0.95
0x00b10e00	join	0x00b0c7cc	operand_parser	0x00b10bb0	13	0	0x0079b5b0	FUN_0079b5b0	inherited	0x0079b5b0	0x00b0c7cc	operand_parser	0x00b0c64c	operand_parser__vslot_013	0.82
0x00b10e00	join	0x00b0c7cc	operand_parser	0x00b10bb0	14	0	0x0078a6c3	FUN_0078a6c3	override	0x0073b6e2	0x00b10e00	join	0x00b10bb0	join__vslot_014	0.95
0x00b10e00	join	0x00b0c7cc	operand_parser	0x00b10bb0	15	0	0x0078a6dd	FUN_0078a6dd	override	0x0073b6fc	0x00b10e00	join	0x00b10bb0	join__vslot_015	0.95
0x00b10e00	join	0x00b0c7cc	operand_parser	0x00b10bb0	16	0	0x0078a6f1	FUN_0078a6f1	override	0x0073b710	0x00b10e00	join	0x00b10bb0	join__vslot_016	0.95
0x00b10e00	join	0x00b0c7cc	operand_parser	0x00b10bb0	17	0	0x0078a712	FUN_0078a712	override	0x0073b731	0x00b10e00	join	0x00b10bb0	join__vslot_017	0.95
0x00b10e00	join	0x00b0c7cc	operand_parser	0x00b10bb0	18	0	0x0078a732	FUN_0078a732	override	0x0073b751	0x00b10e00	join	0x00b10bb0	join__vslot_018	0.95
0x00b10e00	join	0x00b0c7cc	operand_parser	0x00b10bb0	19	0	0x00791176	FUN_00791176	override	0x0073b7ac	0x00b10e00	join	0x00b10bb0	join__vslot_019	0.95
0x00b10e00	join	0x00b0c7cc	operand_parser	0x00b10bb0	20	0	0x0079118f	FUN_0079118f	override	0x0073b7fb	0x00b10e00	join	0x00b10bb0	join__vslot_020	0.95
0x00b10e00	join	0x00b0c7cc	operand_parser	0x00b10bb0	21	0	0x0078a834	FUN_0078a834	override	0x0073b853	0x00b10e00	join	0x00b10bb0	join__vslot_021	0.95
0x00b10e00	join	0x00b0c7cc	operand_parser	0x00b10bb0	22	0	0x0078a855	FUN_0078a855	override	0x0073b874	0x00b10e00	join	0x00b10bb0	join__vslot_022	0.95
0x00b10e10	sameas	0x00b0c7cc	operand_parser	0x00b108b0	0	0	0x00790a91	FUN_00790a91	override	0x0073b5d2	0x00b10e10	sameas	0x00b108b0	sameas__vslot_000	0.95
0x00b10e10	sameas	0x00b0c7cc	operand_parser	0x00b108b0	1	0	0x00790aa9	FUN_00790aa9	override	0x0073b5db	0x00b10e10	sameas	0x00b108b0	sameas__vslot_001	0.95
0x00b10e10	sameas	0x00b0c7cc	operand_parser	0x00b108b0	2	0	0x0078a5c1	FUN_0078a5c1	override	0x0073b5e0	0x00b10e10	sameas	0x00b108b0	sameas__vslot_002	0.95
0x00b10e10	sameas	0x00b0c7cc	operand_parser	0x00b108b0	3	0	0x0078a60a	FUN_0078a60a	override	0x0073b629	0x00b10e10	sameas	0x00b108b0	sameas__vslot_003	0.95
0x00b10e10	sameas	0x00b0c7cc	operand_parser	0x00b108b0	4	0	0x0078a63f	FUN_0078a63f	override	0x0073b65e	0x00b10e10	sameas	0x00b108b0	sameas__vslot_004	0.95
0x00b10e10	sameas	0x00b0c7cc	operand_parser	0x00b108b0	5	0	0x0078a644	FUN_0078a644	override	0x0073b663	0x00b10e10	sameas	0x00b108b0	sameas__vslot_005	0.95
0x00b10e10	sameas	0x00b0c7cc	operand_parser	0x00b108b0	6	0	0x00742622	FUN_00742622	inherited	0x00742622	0x00b0c7cc	operand_parser	0x00b0c64c	operand_parser__vslot_006	0.82
0x00b10e10	sameas	0x00b0c7cc	operand_parser	0x00b108b0	7	0	0x0078a665	FUN_0078a665	override	0x0073b684	0x00b10e10	sameas	0x00b108b0	sameas__vslot_007	0.95
0x00b10e10	sameas	0x00b0c7cc	operand_parser	0x00b108b0	8	0	0x0078a66f	FUN_0078a66f	override	0x0073b68e	0x00b10e10	sameas	0x00b108b0	sameas__vslot_008	0.95
0x00b10e10	sameas	0x00b0c7cc	operand_parser	0x00b108b0	9	0	0x0074281b	FUN_0074281b	inherited	0x0074281b	0x00b0c7cc	operand_parser	0x00b0c64c	operand_parser__vslot_009	0.82
0x00b10e10	sameas	0x00b0c7cc	operand_parser	0x00b108b0	10	0	0x0078a678	FUN_0078a678	override	0x0073b697	0x00b10e10	sameas	0x00b108b0	sameas__vslot_010	0.95
0x00b10e10	sameas	0x00b0c7cc	operand_parser	0x00b108b0	11	0	0x0078a699	FUN_0078a699	override	0x0073b6b8	0x00b10e10	sameas	0x00b108b0	sameas__vslot_011	0.95
0x00b10e10	sameas	0x00b0c7cc	operand_parser	0x00b108b0	12	0	0x0078a6af	FUN_0078a6af	override	0x0073b6ce	0x00b10e10	sameas	0x00b108b0	sameas__vslot_012	0.95
0x00b10e10	sameas	0x00b0c7cc	operand_parser	0x00b108b0	13	0	0x0079b5b0	FUN_0079b5b0	inherited	0x0079b5b0	0x00b0c7cc	operand_parser	0x00b0c64c	operand_parser__vslot_013	0.82
0x00b10e10	sameas	0x00b0c7cc	operand_parser	0x00b108b0	14	0	0x0078a6c3	FUN_0078a6c3	override	0x0073b6e2	0x00b10e10	sameas	0x00b108b0	sameas__vslot_014	0.95
0x00b10e10	sameas	0x00b0c7cc	operand_parser	0x00b108b0	15	0	0x0078a6dd	FUN_0078a6dd	override	0x0073b6fc	0x00b10e10	sameas	0x00b108b0	sameas__vslot_015	0.95
0x00b10e10	sameas	0x00b0c7cc	operand_parser	0x00b108b0	16	0	0x0078a6f1	FUN_0078a6f1	override	0x0073b710	0x00b10e10	sameas	0x00b108b0	sameas__vslot_016	0.95
0x00b10e10	sameas	0x00b0c7cc	operand_parser	0x00b108b0	17	0	0x0078a712	FUN_0078a712	override	0x0073b731	0x00b10e10	sameas	0x00b108b0	sameas__vslot_017	0.95
0x00b10e10	sameas	0x00b0c7cc	operand_parser	0x00b108b0	18	0	0x0078a732	FUN_0078a732	override	0x0073b751	0x00b10e10	sameas	0x00b108b0	sameas__vslot_018	0.95
0x00b10e10	sameas	0x00b0c7cc	operand_parser	0x00b108b0	19	0	0x0078a78d	FUN_0078a78d	override	0x0073b7ac	0x00b10e10	sameas	0x00b108b0	sameas__vslot_019	0.95
0x00b10e10	sameas	0x00b0c7cc	operand_parser	0x00b108b0	20	0	0x0078a7dc	FUN_0078a7dc	override	0x0073b7fb	0x00b10e10	sameas	0x00b108b0	sameas__vslot_020	0.95
0x00b10e10	sameas	0x00b0c7cc	operand_parser	0x00b108b0	21	0	0x0078a834	FUN_0078a834	override	0x0073b853	0x00b10e10	sameas	0x00b108b0	sameas__vslot_021	0.95
0x00b10e10	sameas	0x00b0c7cc	operand_parser	0x00b108b0	22	0	0x0078a855	FUN_0078a855	override	0x0073b874	0x00b10e10	sameas	0x00b108b0	sameas__vslot_022	0.95
0x00b10e20	ignore	0x00b0c7cc	operand_parser	0x00b10730	0	0	0x0078dd90	FUN_0078dd90	override	0x0073b5d2	0x00b10e20	ignore	0x00b10730	ignore__vslot_000	0.95
0x00b10e20	ignore	0x00b0c7cc	operand_parser	0x00b10730	1	0	0x0078a5bc	FUN_0078a5bc	override	0x0073b5db	0x00b10e20	ignore	0x00b10730	ignore__vslot_001	0.95
0x00b10e20	ignore	0x00b0c7cc	operand_parser	0x00b10730	2	0	0x0078a5c1	FUN_0078a5c1	override	0x0073b5e0	0x00b10e20	ignore	0x00b10730	ignore__vslot_002	0.95
0x00b10e20	ignore	0x00b0c7cc	operand_parser	0x00b10730	3	0	0x0078a60a	FUN_0078a60a	override	0x0073b629	0x00b10e20	ignore	0x00b10730	ignore__vslot_003	0.95
0x00b10e20	ignore	0x00b0c7cc	operand_parser	0x00b10730	4	0	0x0078a63f	FUN_0078a63f	override	0x0073b65e	0x00b10e20	ignore	0x00b10730	ignore__vslot_004	0.95
0x00b10e20	ignore	0x00b0c7cc	operand_parser	0x00b10730	5	0	0x0078a644	FUN_0078a644	override	0x0073b663	0x00b10e20	ignore	0x00b10730	ignore__vslot_005	0.95
0x00b10e20	ignore	0x00b0c7cc	operand_parser	0x00b10730	6	0	0x00742622	FUN_00742622	inherited	0x00742622	0x00b0c7cc	operand_parser	0x00b0c64c	operand_parser__vslot_006	0.82
0x00b10e20	ignore	0x00b0c7cc	operand_parser	0x00b10730	7	0	0x0078a665	FUN_0078a665	override	0x0073b684	0x00b10e20	ignore	0x00b10730	ignore__vslot_007	0.95
0x00b10e20	ignore	0x00b0c7cc	operand_parser	0x00b10730	8	0	0x0078a66f	FUN_0078a66f	override	0x0073b68e	0x00b10e20	ignore	0x00b10730	ignore__vslot_008	0.95
0x00b10e20	ignore	0x00b0c7cc	operand_parser	0x00b10730	9	0	0x0074281b	FUN_0074281b	inherited	0x0074281b	0x00b0c7cc	operand_parser	0x00b0c64c	operand_parser__vslot_009	0.82
0x00b10e20	ignore	0x00b0c7cc	operand_parser	0x00b10730	10	0	0x0078a678	FUN_0078a678	override	0x0073b697	0x00b10e20	ignore	0x00b10730	ignore__vslot_010	0.95
0x00b10e20	ignore	0x00b0c7cc	operand_parser	0x00b10730	11	0	0x0078a699	FUN_0078a699	override	0x0073b6b8	0x00b10e20	ignore	0x00b10730	ignore__vslot_011	0.95
0x00b10e20	ignore	0x00b0c7cc	operand_parser	0x00b10730	12	0	0x0078a6af	FUN_0078a6af	override	0x0073b6ce	0x00b10e20	ignore	0x00b10730	ignore__vslot_012	0.95
0x00b10e20	ignore	0x00b0c7cc	operand_parser	0x00b10730	13	0	0x0079b5b0	FUN_0079b5b0	inherited	0x0079b5b0	0x00b0c7cc	operand_parser	0x00b0c64c	operand_parser__vslot_013	0.82
0x00b10e20	ignore	0x00b0c7cc	operand_parser	0x00b10730	14	0	0x0078a6c3	FUN_0078a6c3	override	0x0073b6e2	0x00b10e20	ignore	0x00b10730	ignore__vslot_014	0.95
0x00b10e20	ignore	0x00b0c7cc	operand_parser	0x00b10730	15	0	0x0078a6dd	FUN_0078a6dd	override	0x0073b6fc	0x00b10e20	ignore	0x00b10730	ignore__vslot_015	0.95
0x00b10e20	ignore	0x00b0c7cc	operand_parser	0x00b10730	16	0	0x0078a6f1	FUN_0078a6f1	override	0x0073b710	0x00b10e20	ignore	0x00b10730	ignore__vslot_016	0.95
0x00b10e20	ignore	0x00b0c7cc	operand_parser	0x00b10730	17	0	0x0078a712	FUN_0078a712	override	0x0073b731	0x00b10e20	ignore	0x00b10730	ignore__vslot_017	0.95
0x00b10e20	ignore	0x00b0c7cc	operand_parser	0x00b10730	18	0	0x0078a732	FUN_0078a732	override	0x0073b751	0x00b10e20	ignore	0x00b10730	ignore__vslot_018	0.95
0x00b10e20	ignore	0x00b0c7cc	operand_parser	0x00b10730	19	0	0x0078a78d	FUN_0078a78d	override	0x0073b7ac	0x00b10e20	ignore	0x00b10730	ignore__vslot_019	0.95
0x00b10e20	ignore	0x00b0c7cc	operand_parser	0x00b10730	20	0	0x0078a7dc	FUN_0078a7dc	override	0x0073b7fb	0x00b10e20	ignore	0x00b10730	ignore__vslot_020	0.95
0x00b10e20	ignore	0x00b0c7cc	operand_parser	0x00b10730	21	0	0x0078a834	FUN_0078a834	override	0x0073b853	0x00b10e20	ignore	0x00b10730	ignore__vslot_021	0.95
0x00b10e20	ignore	0x00b0c7cc	operand_parser	0x00b10730	22	0	0x0078a855	FUN_0078a855	override	0x0073b874	0x00b10e20	ignore	0x00b10730	ignore__vslot_022	0.95
0x00b10e30	mnemonic_placeholder	0x00b0c7cc	operand_parser	0x00b10af0	0	0	0x00790a1c	FUN_00790a1c	override	0x0073b5d2	0x00b10e30	mnemonic_placeholder	0x00b10af0	mnemonic_placeholder__vslot_000	0.95
0x00b10e30	mnemonic_placeholder	0x00b0c7cc	operand_parser	0x00b10af0	1	0	0x0078a5bc	FUN_0078a5bc	override	0x0073b5db	0x00b10e30	mnemonic_placeholder	0x00b10af0	mnemonic_placeholder__vslot_001	0.95
0x00b10e30	mnemonic_placeholder	0x00b0c7cc	operand_parser	0x00b10af0	2	0	0x0078a5c1	FUN_0078a5c1	override	0x0073b5e0	0x00b10e30	mnemonic_placeholder	0x00b10af0	mnemonic_placeholder__vslot_002	0.95
0x00b10e30	mnemonic_placeholder	0x00b0c7cc	operand_parser	0x00b10af0	3	0	0x0078a60a	FUN_0078a60a	override	0x0073b629	0x00b10e30	mnemonic_placeholder	0x00b10af0	mnemonic_placeholder__vslot_003	0.95
0x00b10e30	mnemonic_placeholder	0x00b0c7cc	operand_parser	0x00b10af0	4	0	0x0078a63f	FUN_0078a63f	override	0x0073b65e	0x00b10e30	mnemonic_placeholder	0x00b10af0	mnemonic_placeholder__vslot_004	0.95
0x00b10e30	mnemonic_placeholder	0x00b0c7cc	operand_parser	0x00b10af0	5	0	0x0078a644	FUN_0078a644	override	0x0073b663	0x00b10e30	mnemonic_placeholder	0x00b10af0	mnemonic_placeholder__vslot_005	0.95
0x00b10e30	mnemonic_placeholder	0x00b0c7cc	operand_parser	0x00b10af0	6	0	0x00742622	FUN_00742622	inherited	0x00742622	0x00b0c7cc	operand_parser	0x00b0c64c	operand_parser__vslot_006	0.82
0x00b10e30	mnemonic_placeholder	0x00b0c7cc	operand_parser	0x00b10af0	7	0	0x0078a665	FUN_0078a665	override	0x0073b684	0x00b10e30	mnemonic_placeholder	0x00b10af0	mnemonic_placeholder__vslot_007	0.95
0x00b10e30	mnemonic_placeholder	0x00b0c7cc	operand_parser	0x00b10af0	8	0	0x0078a66f	FUN_0078a66f	override	0x0073b68e	0x00b10e30	mnemonic_placeholder	0x00b10af0	mnemonic_placeholder__vslot_008	0.95
0x00b10e30	mnemonic_placeholder	0x00b0c7cc	operand_parser	0x00b10af0	9	0	0x0074281b	FUN_0074281b	inherited	0x0074281b	0x00b0c7cc	operand_parser	0x00b0c64c	operand_parser__vslot_009	0.82
0x00b10e30	mnemonic_placeholder	0x00b0c7cc	operand_parser	0x00b10af0	10	0	0x0078a678	FUN_0078a678	override	0x0073b697	0x00b10e30	mnemonic_placeholder	0x00b10af0	mnemonic_placeholder__vslot_010	0.95
0x00b10e30	mnemonic_placeholder	0x00b0c7cc	operand_parser	0x00b10af0	11	0	0x0078a699	FUN_0078a699	override	0x0073b6b8	0x00b10e30	mnemonic_placeholder	0x00b10af0	mnemonic_placeholder__vslot_011	0.95
0x00b10e30	mnemonic_placeholder	0x00b0c7cc	operand_parser	0x00b10af0	12	0	0x0078a6af	FUN_0078a6af	override	0x0073b6ce	0x00b10e30	mnemonic_placeholder	0x00b10af0	mnemonic_placeholder__vslot_012	0.95
0x00b10e30	mnemonic_placeholder	0x00b0c7cc	operand_parser	0x00b10af0	13	0	0x0079b5b0	FUN_0079b5b0	inherited	0x0079b5b0	0x00b0c7cc	operand_parser	0x00b0c64c	operand_parser__vslot_013	0.82
0x00b10e30	mnemonic_placeholder	0x00b0c7cc	operand_parser	0x00b10af0	14	0	0x0078a6c3	FUN_0078a6c3	override	0x0073b6e2	0x00b10e30	mnemonic_placeholder	0x00b10af0	mnemonic_placeholder__vslot_014	0.95
0x00b10e30	mnemonic_placeholder	0x00b0c7cc	operand_parser	0x00b10af0	15	0	0x0078a6dd	FUN_0078a6dd	override	0x0073b6fc	0x00b10e30	mnemonic_placeholder	0x00b10af0	mnemonic_placeholder__vslot_015	0.95
0x00b10e30	mnemonic_placeholder	0x00b0c7cc	operand_parser	0x00b10af0	16	0	0x0078a6f1	FUN_0078a6f1	override	0x0073b710	0x00b10e30	mnemonic_placeholder	0x00b10af0	mnemonic_placeholder__vslot_016	0.95
0x00b10e30	mnemonic_placeholder	0x00b0c7cc	operand_parser	0x00b10af0	17	0	0x0078a712	FUN_0078a712	override	0x0073b731	0x00b10e30	mnemonic_placeholder	0x00b10af0	mnemonic_placeholder__vslot_017	0.95
0x00b10e30	mnemonic_placeholder	0x00b0c7cc	operand_parser	0x00b10af0	18	0	0x0078a732	FUN_0078a732	override	0x0073b751	0x00b10e30	mnemonic_placeholder	0x00b10af0	mnemonic_placeholder__vslot_018	0.95
0x00b10e30	mnemonic_placeholder	0x00b0c7cc	operand_parser	0x00b10af0	19	0	0x0078a78d	FUN_0078a78d	override	0x0073b7ac	0x00b10e30	mnemonic_placeholder	0x00b10af0	mnemonic_placeholder__vslot_019	0.95
0x00b10e30	mnemonic_placeholder	0x00b0c7cc	operand_parser	0x00b10af0	20	0	0x0078a7dc	FUN_0078a7dc	override	0x0073b7fb	0x00b10e30	mnemonic_placeholder	0x00b10af0	mnemonic_placeholder__vslot_020	0.95
0x00b10e30	mnemonic_placeholder	0x00b0c7cc	operand_parser	0x00b10af0	21	0	0x0078a834	FUN_0078a834	override	0x0073b853	0x00b10e30	mnemonic_placeholder	0x00b10af0	mnemonic_placeholder__vslot_021	0.95
0x00b10e30	mnemonic_placeholder	0x00b0c7cc	operand_parser	0x00b10af0	22	0	0x0078a855	FUN_0078a855	override	0x0073b874	0x00b10e30	mnemonic_placeholder	0x00b10af0	mnemonic_placeholder__vslot_022	0.95
0x00b10f10	std::exception	0x00b10f10	std::exception	0x00b10e70	0	0	0x007918c0	FUN_007918c0	root_slot		0x00b10f10	std::exception	0x00b10e70	std_exception__vslot_000	0.82
0x00b10f10	std::exception	0x00b10f10	std::exception	0x00b10e70	1	0	0x007918e7	FUN_007918e7	root_slot		0x00b10f10	std::exception	0x00b10e70	std_exception__vslot_001	0.82
0x00b10f10	std::exception	0x00b10f10	std::exception	0x00b10e70	2	0	0x007918f3	FUN_007918f3	root_slot		0x00b10f10	std::exception	0x00b10e70	std_exception__vslot_002	0.82
0x00b10f20	std::bad_alloc	0x00b10f10	std::exception	0x00b10e90	0	0	0x007918f8	FUN_007918f8	override	0x007918c0	0x00b10f20	std::bad_alloc	0x00b10e90	std_bad_alloc__vslot_000	0.95
0x00b10f20	std::bad_alloc	0x00b10f10	std::exception	0x00b10e90	1	0	0x007918e7	FUN_007918e7	inherited	0x007918e7	0x00b10f10	std::exception	0x00b10e70	std_exception__vslot_001	0.82
0x00b10f20	std::bad_alloc	0x00b10f10	std::exception	0x00b10e90	2	0	0x0079191f	FUN_0079191f	override	0x007918f3	0x00b10f20	std::bad_alloc	0x00b10e90	std_bad_alloc__vslot_002	0.95
0x00b10f30	std::logic_error	0x00b10f10	std::exception	0x00b10eb0	0	0	0x007922d9	FUN_007922d9	override	0x007918c0	0x00b10f30	std::logic_error	0x00b10eb0	std_logic_error__vslot_000	0.95
0x00b10f30	std::logic_error	0x00b10f10	std::exception	0x00b10eb0	1	0	0x00792312	FUN_00792312	override	0x007918e7	0x00b10f30	std::logic_error	0x00b10eb0	std_logic_error__vslot_001	0.95
0x00b10f30	std::logic_error	0x00b10f10	std::exception	0x00b10eb0	2	0	0x0079232f	FUN_0079232f	override	0x007918f3	0x00b10f30	std::logic_error	0x00b10eb0	std_logic_error__vslot_002	0.95
0x00b10f40	std::length_error	0x00b10f10	std::exception	0x00b10ed0	0	0	0x00792340	FUN_00792340	override	0x007922d9	0x00b10f40	std::length_error	0x00b10ed0	std_length_error__vslot_000	0.95
0x00b10f40	std::length_error	0x00b10f10	std::exception	0x00b10ed0	1	0	0x00792312	FUN_00792312	inherited	0x00792312	0x00b10f30	std::logic_error	0x00b10eb0	std_logic_error__vslot_001	0.82
0x00b10f40	std::length_error	0x00b10f10	std::exception	0x00b10ed0	2	0	0x00792379	FUN_00792379	override	0x0079232f	0x00b10f40	std::length_error	0x00b10ed0	std_length_error__vslot_002	0.95
0x00b10f50	std::out_of_range	0x00b10f10	std::exception	0x00b10ef0	0	0	0x0079238a	FUN_0079238a	override	0x007922d9	0x00b10f50	std::out_of_range	0x00b10ef0	std_out_of_range__vslot_000	0.95
0x00b10f50	std::out_of_range	0x00b10f10	std::exception	0x00b10ef0	1	0	0x00792312	FUN_00792312	inherited	0x00792312	0x00b10f30	std::logic_error	0x00b10eb0	std_logic_error__vslot_001	0.82
0x00b10f50	std::out_of_range	0x00b10f10	std::exception	0x00b10ef0	2	0	0x007923c3	FUN_007923c3	override	0x0079232f	0x00b10f50	std::out_of_range	0x00b10ef0	std_out_of_range__vslot_002	0.95
0x00b1155c	Disassembler	0x00b1155c	Disassembler	0x00b114b4	0	0	0x00796e31	FUN_00796e31	root_slot		0x00b1155c	Disassembler	0x00b114b4	Disassembler__vslot_000	0.82
0x00b1155c	Disassembler	0x00b1155c	Disassembler	0x00b114b4	1	0	0x00795c8c	FUN_00795c8c	root_slot		0x00b1155c	Disassembler	0x00b114b4	Disassembler__vslot_001	0.82
0x00b1155c	Disassembler	0x00b1155c	Disassembler	0x00b114b4	2	0	0x00795c95	FUN_00795c95	root_slot		0x00b1155c	Disassembler	0x00b114b4	Disassembler__vslot_002	0.82
0x00b1155c	Disassembler	0x00b1155c	Disassembler	0x00b114b4	3	0	0x00795ca2	FUN_00795ca2	root_slot		0x00b1155c	Disassembler	0x00b114b4	Disassembler__vslot_003	0.82
0x00b1155c	Disassembler	0x00b1155c	Disassembler	0x00b114b4	4	0	0x00795cc3	FUN_00795cc3	root_slot		0x00b1155c	Disassembler	0x00b114b4	Disassembler__vslot_004	0.82
0x00b1155c	Disassembler	0x00b1155c	Disassembler	0x00b114b4	5	0	0x00795ccd	FUN_00795ccd	root_slot		0x00b1155c	Disassembler	0x00b114b4	Disassembler__vslot_005	0.82
0x00b1155c	Disassembler	0x00b1155c	Disassembler	0x00b114b4	6	0	0x00797bb6	FUN_00797bb6	root_slot		0x00b1155c	Disassembler	0x00b114b4	Disassembler__vslot_006	0.82
0x00b1155c	Disassembler	0x00b1155c	Disassembler	0x00b114b4	7	0	0x00798d6d	FUN_00798d6d	root_slot		0x00b1155c	Disassembler	0x00b114b4	Disassembler__vslot_007	0.82
0x00b1155c	Disassembler	0x00b1155c	Disassembler	0x00b114b4	8	0	0x007991de	FUN_007991de	root_slot		0x00b1155c	Disassembler	0x00b114b4	Disassembler__vslot_008	0.82
0x00b1155c	Disassembler	0x00b1155c	Disassembler	0x00b114b4	9	0	0x0079ab66	FUN_0079ab66	root_slot		0x00b1155c	Disassembler	0x00b114b4	Disassembler__vslot_009	0.82
0x00b1155c	Disassembler	0x00b1155c	Disassembler	0x00b114b4	10	0	0x00795cec	FUN_00795cec	root_slot		0x00b1155c	Disassembler	0x00b114b4	Disassembler__vslot_010	0.82
0x00b1155c	Disassembler	0x00b1155c	Disassembler	0x00b114b4	11	0	0x00795cf6	FUN_00795cf6	root_slot		0x00b1155c	Disassembler	0x00b114b4	Disassembler__vslot_011	0.82
0x00b1155c	Disassembler	0x00b1155c	Disassembler	0x00b114b4	12	0	0x00796ef1	FUN_00796ef1	root_slot		0x00b1155c	Disassembler	0x00b114b4	Disassembler__vslot_012	0.82
0x00b1155c	Disassembler	0x00b1155c	Disassembler	0x00b114b4	13	0	0x00795d00	FUN_00795d00	root_slot		0x00b1155c	Disassembler	0x00b114b4	Disassembler__vslot_013	0.82
0x00b1155c	Disassembler	0x00b1155c	Disassembler	0x00b114b4	14	0	0x007972fd	FUN_007972fd	root_slot		0x00b1155c	Disassembler	0x00b114b4	Disassembler__vslot_014	0.82
0x00b1155c	Disassembler	0x00b1155c	Disassembler	0x00b114b4	15	0	0x00795d0c	FUN_00795d0c	root_slot		0x00b1155c	Disassembler	0x00b114b4	Disassembler__vslot_015	0.82
0x00b1155c	Disassembler	0x00b1155c	Disassembler	0x00b114b4	16	0	0x00795d15	FUN_00795d15	root_slot		0x00b1155c	Disassembler	0x00b114b4	Disassembler__vslot_016	0.82
0x00b1155c	Disassembler	0x00b1155c	Disassembler	0x00b114b4	17	0	0x00795d2b	FUN_00795d2b	root_slot		0x00b1155c	Disassembler	0x00b114b4	Disassembler__vslot_017	0.82
0x00b11aa8	std::exception	0x00b11aa8	std::exception	0x00b11a28	0	0	0x0079ca40	FUN_0079ca40	root_slot		0x00b11aa8	std::exception	0x00b11a28	std_exception__vslot_000	0.82
0x00b11aa8	std::exception	0x00b11aa8	std::exception	0x00b11a28	1	0	0x0079ca67	FUN_0079ca67	root_slot		0x00b11aa8	std::exception	0x00b11a28	std_exception__vslot_001	0.82
0x00b11aa8	std::exception	0x00b11aa8	std::exception	0x00b11a28	2	0	0x0079ca73	FUN_0079ca73	root_slot		0x00b11aa8	std::exception	0x00b11a28	std_exception__vslot_002	0.82
0x00b11ab8	std::bad_alloc	0x00b11aa8	std::exception	0x00b11a48	0	0	0x0079ca78	FUN_0079ca78	override	0x0079ca40	0x00b11ab8	std::bad_alloc	0x00b11a48	std_bad_alloc__vslot_000	0.95
0x00b11ab8	std::bad_alloc	0x00b11aa8	std::exception	0x00b11a48	1	0	0x0079ca67	FUN_0079ca67	inherited	0x0079ca67	0x00b11aa8	std::exception	0x00b11a28	std_exception__vslot_001	0.82
0x00b11ab8	std::bad_alloc	0x00b11aa8	std::exception	0x00b11a48	2	0	0x0079ca9f	FUN_0079ca9f	override	0x0079ca73	0x00b11ab8	std::bad_alloc	0x00b11a48	std_bad_alloc__vslot_002	0.95
0x00b11ac8	std::logic_error	0x00b11aa8	std::exception	0x00b11a68	0	0	0x0079d325	FUN_0079d325	override	0x0079ca40	0x00b11ac8	std::logic_error	0x00b11a68	std_logic_error__vslot_000	0.95
0x00b11ac8	std::logic_error	0x00b11aa8	std::exception	0x00b11a68	1	0	0x0079d35e	FUN_0079d35e	override	0x0079ca67	0x00b11ac8	std::logic_error	0x00b11a68	std_logic_error__vslot_001	0.95
0x00b11ac8	std::logic_error	0x00b11aa8	std::exception	0x00b11a68	2	0	0x0079d37b	FUN_0079d37b	override	0x0079ca73	0x00b11ac8	std::logic_error	0x00b11a68	std_logic_error__vslot_002	0.95
0x00b11ad8	std::length_error	0x00b11aa8	std::exception	0x00b11a88	0	0	0x0079d38c	FUN_0079d38c	override	0x0079d325	0x00b11ad8	std::length_error	0x00b11a88	std_length_error__vslot_000	0.95
0x00b11ad8	std::length_error	0x00b11aa8	std::exception	0x00b11a88	1	0	0x0079d35e	FUN_0079d35e	inherited	0x0079d35e	0x00b11ac8	std::logic_error	0x00b11a68	std_logic_error__vslot_001	0.82
0x00b11ad8	std::length_error	0x00b11aa8	std::exception	0x00b11a88	2	0	0x0079d3c5	FUN_0079d3c5	override	0x0079d37b	0x00b11ad8	std::length_error	0x00b11a88	std_length_error__vslot_002	0.95
0x00b11f18	IndInst::instop	0x00b11f18	IndInst::instop	0x00b11e78	0	0	0x0079d717	FUN_0079d717	root_slot		0x00b11f18	IndInst::instop	0x00b11e78	IndInst_instop__vslot_000	0.82
0x00b11f18	IndInst::instop	0x00b11f18	IndInst::instop	0x00b11e78	1	0	0x00a92860	FUN_00a92860	root_slot		0x00b11f18	IndInst::instop	0x00b11e78	IndInst_instop__vslot_001	0.82
0x00b11f18	IndInst::instop	0x00b11f18	IndInst::instop	0x00b11e78	2	0	0x0079d917	FUN_0079d917	root_slot		0x00b11f18	IndInst::instop	0x00b11e78	IndInst_instop__vslot_002	0.82
0x00b11f28	IndInst::instopreg	0x00b11f18	IndInst::instop	0x00b11e98	0	0	0x0079d73e	FUN_0079d73e	override	0x0079d717	0x00b11f28	IndInst::instopreg	0x00b11e98	IndInst_instopreg__vslot_000	0.95
0x00b11f28	IndInst::instopreg	0x00b11f18	IndInst::instop	0x00b11e98	1	0	0x0079d993	FUN_0079d993	override	0x00a92860	0x00b11f28	IndInst::instopreg	0x00b11e98	IndInst_instopreg__vslot_001	0.95
0x00b11f28	IndInst::instopreg	0x00b11f18	IndInst::instop	0x00b11e98	2	0	0x0079da64	FUN_0079da64	override	0x0079d917	0x00b11f28	IndInst::instopreg	0x00b11e98	IndInst_instopreg__vslot_002	0.95
0x00b11f38	IndInst::instopimm	0x00b11f18	IndInst::instop	0x00b11eb8	0	0	0x0079d765	FUN_0079d765	override	0x0079d717	0x00b11f38	IndInst::instopimm	0x00b11eb8	IndInst_instopimm__vslot_000	0.95
0x00b11f38	IndInst::instopimm	0x00b11f18	IndInst::instop	0x00b11eb8	1	0	0x0079daaf	FUN_0079daaf	override	0x00a92860	0x00b11f38	IndInst::instopimm	0x00b11eb8	IndInst_instopimm__vslot_001	0.95
0x00b11f38	IndInst::instopimm	0x00b11f18	IndInst::instop	0x00b11eb8	2	0	0x0079dba8	FUN_0079dba8	override	0x0079d917	0x00b11f38	IndInst::instopimm	0x00b11eb8	IndInst_instopimm__vslot_002	0.95
0x00b11f48	IndInst::instopcomp	0x00b11f18	IndInst::instop	0x00b11ed8	0	0	0x0079dc2a	FUN_0079dc2a	override	0x0079d717	0x00b11f48	IndInst::instopcomp	0x00b11ed8	IndInst_instopcomp__vslot_000	0.95
0x00b11f48	IndInst::instopcomp	0x00b11f18	IndInst::instop	0x00b11ed8	1	0	0x0079dcba	FUN_0079dcba	override	0x00a92860	0x00b11f48	IndInst::instopcomp	0x00b11ed8	IndInst_instopcomp__vslot_001	0.95
0x00b11f48	IndInst::instopcomp	0x00b11f18	IndInst::instop	0x00b11ed8	2	0	0x0079dd7a	FUN_0079dd7a	override	0x0079d917	0x00b11f48	IndInst::instopcomp	0x00b11ed8	IndInst_instopcomp__vslot_002	0.95
0x00b11f58	IndInst::instopreglist	0x00b11f18	IndInst::instop	0x00b11ef8	0	0	0x0079de2e	FUN_0079de2e	override	0x0079d717	0x00b11f58	IndInst::instopreglist	0x00b11ef8	IndInst_instopreglist__vslot_000	0.95
0x00b11f58	IndInst::instopreglist	0x00b11f18	IndInst::instop	0x00b11ef8	1	0	0x0079deed	FUN_0079deed	override	0x00a92860	0x00b11f58	IndInst::instopreglist	0x00b11ef8	IndInst_instopreglist__vslot_001	0.95
0x00b11f58	IndInst::instopreglist	0x00b11f18	IndInst::instop	0x00b11ef8	2	0	0x0079e0ab	FUN_0079e0ab	override	0x0079d917	0x00b11f58	IndInst::instopreglist	0x00b11ef8	IndInst_instopreglist__vslot_002	0.95
0x00b12008	std::exception	0x00b12008	std::exception	0x00b11f88	0	0	0x0079ea10	FUN_0079ea10	root_slot		0x00b12008	std::exception	0x00b11f88	std_exception__vslot_000	0.82
0x00b12008	std::exception	0x00b12008	std::exception	0x00b11f88	1	0	0x0079ea37	FUN_0079ea37	root_slot		0x00b12008	std::exception	0x00b11f88	std_exception__vslot_001	0.82
0x00b12008	std::exception	0x00b12008	std::exception	0x00b11f88	2	0	0x0079ea43	FUN_0079ea43	root_slot		0x00b12008	std::exception	0x00b11f88	std_exception__vslot_002	0.82
0x00b12018	std::bad_alloc	0x00b12008	std::exception	0x00b11fa8	0	0	0x0079ea48	FUN_0079ea48	override	0x0079ea10	0x00b12018	std::bad_alloc	0x00b11fa8	std_bad_alloc__vslot_000	0.95
0x00b12018	std::bad_alloc	0x00b12008	std::exception	0x00b11fa8	1	0	0x0079ea37	FUN_0079ea37	inherited	0x0079ea37	0x00b12008	std::exception	0x00b11f88	std_exception__vslot_001	0.82
0x00b12018	std::bad_alloc	0x00b12008	std::exception	0x00b11fa8	2	0	0x0079ea6f	FUN_0079ea6f	override	0x0079ea43	0x00b12018	std::bad_alloc	0x00b11fa8	std_bad_alloc__vslot_002	0.95
0x00b12028	std::logic_error	0x00b12008	std::exception	0x00b11fc8	0	0	0x0079f489	FUN_0079f489	override	0x0079ea10	0x00b12028	std::logic_error	0x00b11fc8	std_logic_error__vslot_000	0.95
0x00b12028	std::logic_error	0x00b12008	std::exception	0x00b11fc8	1	0	0x0079f4c2	FUN_0079f4c2	override	0x0079ea37	0x00b12028	std::logic_error	0x00b11fc8	std_logic_error__vslot_001	0.95
0x00b12028	std::logic_error	0x00b12008	std::exception	0x00b11fc8	2	0	0x0079f4df	FUN_0079f4df	override	0x0079ea43	0x00b12028	std::logic_error	0x00b11fc8	std_logic_error__vslot_002	0.95
0x00b12038	std::length_error	0x00b12008	std::exception	0x00b11fe8	0	0	0x0079f4f0	FUN_0079f4f0	override	0x0079f489	0x00b12038	std::length_error	0x00b11fe8	std_length_error__vslot_000	0.95
0x00b12038	std::length_error	0x00b12008	std::exception	0x00b11fe8	1	0	0x0079f4c2	FUN_0079f4c2	inherited	0x0079f4c2	0x00b12028	std::logic_error	0x00b11fc8	std_logic_error__vslot_001	0.82
0x00b12038	std::length_error	0x00b12008	std::exception	0x00b11fe8	2	0	0x0079f529	FUN_0079f529	override	0x0079f4df	0x00b12038	std::length_error	0x00b11fe8	std_length_error__vslot_002	0.95
0x00b125a0	IndInst::IndInstInterface	0x00b125a0	IndInst::IndInstInterface	0x00b12568	0	0	0x0079f959	FUN_0079f959	root_slot		0x00b125a0	IndInst::IndInstInterface	0x00b12568	IndInst_IndInstInterface__vslot_000	0.82
0x00b125a0	IndInst::IndInstInterface	0x00b125a0	IndInst::IndInstInterface	0x00b12568	1	0	0x0079f9bd	FUN_0079f9bd	root_slot		0x00b125a0	IndInst::IndInstInterface	0x00b12568	IndInst_IndInstInterface__vslot_001	0.82
0x00b125a0	IndInst::IndInstInterface	0x00b125a0	IndInst::IndInstInterface	0x00b12568	2	0	0x0079fa60	FUN_0079fa60	root_slot		0x00b125a0	IndInst::IndInstInterface	0x00b12568	IndInst_IndInstInterface__vslot_002	0.82
0x00b125a0	IndInst::IndInstInterface	0x00b125a0	IndInst::IndInstInterface	0x00b12568	3	0	0x0079fdcc	FUN_0079fdcc	root_slot		0x00b125a0	IndInst::IndInstInterface	0x00b12568	IndInst_IndInstInterface__vslot_003	0.82
0x00b125a0	IndInst::IndInstInterface	0x00b125a0	IndInst::IndInstInterface	0x00b12568	4	0	0x007a023e	FUN_007a023e	root_slot		0x00b125a0	IndInst::IndInstInterface	0x00b12568	IndInst_IndInstInterface__vslot_004	0.82
0x00b125a0	IndInst::IndInstInterface	0x00b125a0	IndInst::IndInstInterface	0x00b12568	5	0	0x007a044d	FUN_007a044d	root_slot		0x00b125a0	IndInst::IndInstInterface	0x00b12568	IndInst_IndInstInterface__vslot_005	0.82
0x00b12800	OutputGen	0x00b12800	OutputGen	0x00b12738	0	0	0x00a92860	FUN_00a92860	root_slot		0x00b12800	OutputGen	0x00b12738	OutputGen__vslot_000	0.82
0x00b12800	OutputGen	0x00b12800	OutputGen	0x00b12738	1	0	0x007a0ddc	FUN_007a0ddc	root_slot		0x00b12800	OutputGen	0x00b12738	OutputGen__vslot_001	0.82
0x00b12800	OutputGen	0x00b12800	OutputGen	0x00b12738	2	0	0x007a0e16	FUN_007a0e16	root_slot		0x00b12800	OutputGen	0x00b12738	OutputGen__vslot_002	0.82
0x00b12800	OutputGen	0x00b12800	OutputGen	0x00b12738	3	0	0x007a0e54	FUN_007a0e54	root_slot		0x00b12800	OutputGen	0x00b12738	OutputGen__vslot_003	0.82
0x00b12810	SimpleOutputGen	0x00b12800	OutputGen	0x00b12760	0	0	0x007a0ed0	FUN_007a0ed0	override	0x00a92860	0x00b12810	SimpleOutputGen	0x00b12760	SimpleOutputGen__vslot_000	0.95
0x00b12810	SimpleOutputGen	0x00b12800	OutputGen	0x00b12760	1	0	0x007a0f69	FUN_007a0f69	override	0x007a0ddc	0x00b12810	SimpleOutputGen	0x00b12760	SimpleOutputGen__vslot_001	0.95
0x00b12810	SimpleOutputGen	0x00b12800	OutputGen	0x00b12760	2	0	0x007a0ff2	FUN_007a0ff2	override	0x007a0e16	0x00b12810	SimpleOutputGen	0x00b12760	SimpleOutputGen__vslot_002	0.95
0x00b12810	SimpleOutputGen	0x00b12800	OutputGen	0x00b12760	3	0	0x007a0e54	FUN_007a0e54	inherited	0x007a0e54	0x00b12800	OutputGen	0x00b12738	OutputGen__vslot_003	0.82
0x00b12820	FileOutputGen	0x00b12800	OutputGen	0x00b12788	0	0	0x007a1026	FUN_007a1026	override	0x00a92860	0x00b12820	FileOutputGen	0x00b12788	FileOutputGen__vslot_000	0.95
0x00b12820	FileOutputGen	0x00b12800	OutputGen	0x00b12788	1	0	0x007a1060	FUN_007a1060	override	0x007a0ddc	0x00b12820	FileOutputGen	0x00b12788	FileOutputGen__vslot_001	0.95
0x00b12820	FileOutputGen	0x00b12800	OutputGen	0x00b12788	2	0	0x007a1098	FUN_007a1098	override	0x007a0e16	0x00b12820	FileOutputGen	0x00b12788	FileOutputGen__vslot_002	0.95
0x00b12820	FileOutputGen	0x00b12800	OutputGen	0x00b12788	3	0	0x007a0e54	FUN_007a0e54	inherited	0x007a0e54	0x00b12800	OutputGen	0x00b12738	OutputGen__vslot_003	0.82
0x00b12830	BufferOutputGen	0x00b12800	OutputGen	0x00b127b0	0	0	0x007a10d3	FUN_007a10d3	override	0x00a92860	0x00b12830	BufferOutputGen	0x00b127b0	BufferOutputGen__vslot_000	0.95
0x00b12830	BufferOutputGen	0x00b12800	OutputGen	0x00b127b0	1	0	0x007a10fe	FUN_007a10fe	override	0x007a0ddc	0x00b12830	BufferOutputGen	0x00b127b0	BufferOutputGen__vslot_001	0.95
0x00b12830	BufferOutputGen	0x00b12800	OutputGen	0x00b127b0	2	0	0x007a0e16	FUN_007a0e16	inherited	0x007a0e16	0x00b12800	OutputGen	0x00b12738	OutputGen__vslot_002	0.82
0x00b12830	BufferOutputGen	0x00b12800	OutputGen	0x00b127b0	3	0	0x007a0e54	FUN_007a0e54	inherited	0x007a0e54	0x00b12800	OutputGen	0x00b12738	OutputGen__vslot_003	0.82
0x00b12840	DebugOutputGen	0x00b12800	OutputGen	0x00b127d8	0	0	0x007a11cf	FUN_007a11cf	override	0x00a92860	0x00b12840	DebugOutputGen	0x00b127d8	DebugOutputGen__vslot_000	0.95
0x00b12840	DebugOutputGen	0x00b12800	OutputGen	0x00b127d8	1	0	0x007a1239	FUN_007a1239	override	0x007a0ddc	0x00b12840	DebugOutputGen	0x00b127d8	DebugOutputGen__vslot_001	0.95
0x00b12840	DebugOutputGen	0x00b12800	OutputGen	0x00b127d8	2	0	0x007a0e16	FUN_007a0e16	inherited	0x007a0e16	0x00b12800	OutputGen	0x00b12738	OutputGen__vslot_002	0.82
0x00b12840	DebugOutputGen	0x00b12800	OutputGen	0x00b127d8	3	0	0x007a0e54	FUN_007a0e54	inherited	0x007a0e54	0x00b12800	OutputGen	0x00b12738	OutputGen__vslot_003	0.82
0x00b12cf4	std::exception	0x00b12cf4	std::exception	0x00b12cb4	0	0	0x007a1610	FUN_007a1610	root_slot		0x00b12cf4	std::exception	0x00b12cb4	std_exception__vslot_000	0.82
0x00b12cf4	std::exception	0x00b12cf4	std::exception	0x00b12cb4	1	0	0x007a1637	FUN_007a1637	root_slot		0x00b12cf4	std::exception	0x00b12cb4	std_exception__vslot_001	0.82
0x00b12cf4	std::exception	0x00b12cf4	std::exception	0x00b12cb4	2	0	0x007a1643	FUN_007a1643	root_slot		0x00b12cf4	std::exception	0x00b12cb4	std_exception__vslot_002	0.82
0x00b12d04	std::bad_alloc	0x00b12cf4	std::exception	0x00b12cd4	0	0	0x007a1648	FUN_007a1648	override	0x007a1610	0x00b12d04	std::bad_alloc	0x00b12cd4	std_bad_alloc__vslot_000	0.95
0x00b12d04	std::bad_alloc	0x00b12cf4	std::exception	0x00b12cd4	1	0	0x007a1637	FUN_007a1637	inherited	0x007a1637	0x00b12cf4	std::exception	0x00b12cb4	std_exception__vslot_001	0.82
0x00b12d04	std::bad_alloc	0x00b12cf4	std::exception	0x00b12cd4	2	0	0x007a166f	FUN_007a166f	override	0x007a1643	0x00b12d04	std::bad_alloc	0x00b12cd4	std_bad_alloc__vslot_002	0.95
0x00bd48a0	std::exception	0x00bd48a0	std::exception	0x00bd4800	0	0	0x00a91fa0	FUN_00a91fa0	root_slot		0x00bd48a0	std::exception	0x00bd4800	std_exception__vslot_000	0.82
0x00bd48a0	std::exception	0x00bd48a0	std::exception	0x00bd4800	1	0	0x00a91fc6	FUN_00a91fc6	root_slot		0x00bd48a0	std::exception	0x00bd4800	std_exception__vslot_001	0.82
0x00bd48a0	std::exception	0x00bd48a0	std::exception	0x00bd4800	2	0	0x00a9284f	FUN_00a9284f	root_slot		0x00bd48a0	std::exception	0x00bd4800	std_exception__vslot_002	0.82
0x00bd48b0	std::bad_alloc	0x00bd48a0	std::exception	0x00bd4820	0	0	0x00a91fd9	FUN_00a91fd9	override	0x00a91fa0	0x00bd48b0	std::bad_alloc	0x00bd4820	std_bad_alloc__vslot_000	0.95
0x00bd48b0	std::bad_alloc	0x00bd48a0	std::exception	0x00bd4820	1	0	0x00a91fc6	FUN_00a91fc6	inherited	0x00a91fc6	0x00bd48a0	std::exception	0x00bd4800	std_exception__vslot_001	0.82
0x00bd48b0	std::bad_alloc	0x00bd48a0	std::exception	0x00bd4820	2	0	0x00a91fd0	FUN_00a91fd0	override	0x00a9284f	0x00bd48b0	std::bad_alloc	0x00bd4820	std_bad_alloc__vslot_002	0.95
0x00bd48c0	std::logic_error	0x00bd48a0	std::exception	0x00bd4840	0	0	0x00a9276f	FUN_00a9276f	override	0x00a91fa0	0x00bd48c0	std::logic_error	0x00bd4840	std_logic_error__vslot_000	0.95
0x00bd48c0	std::logic_error	0x00bd48a0	std::exception	0x00bd4840	1	0	0x00a927a7	FUN_00a927a7	override	0x00a91fc6	0x00bd48c0	std::logic_error	0x00bd4840	std_logic_error__vslot_001	0.95
0x00bd48c0	std::logic_error	0x00bd48a0	std::exception	0x00bd4840	2	0	0x00a927c4	FUN_00a927c4	override	0x00a9284f	0x00bd48c0	std::logic_error	0x00bd4840	std_logic_error__vslot_002	0.95
0x00bd48d0	std::length_error	0x00bd48a0	std::exception	0x00bd4860	0	0	0x00a927cd	FUN_00a927cd	override	0x00a9276f	0x00bd48d0	std::length_error	0x00bd4860	std_length_error__vslot_000	0.95
0x00bd48d0	std::length_error	0x00bd48a0	std::exception	0x00bd4860	1	0	0x00a927a7	FUN_00a927a7	inherited	0x00a927a7	0x00bd48c0	std::logic_error	0x00bd4840	std_logic_error__vslot_001	0.82
0x00bd48d0	std::length_error	0x00bd48a0	std::exception	0x00bd4860	2	0	0x00a92805	FUN_00a92805	override	0x00a927c4	0x00bd48d0	std::length_error	0x00bd4860	std_length_error__vslot_002	0.95
0x00bd48e0	std::out_of_range	0x00bd48a0	std::exception	0x00bd4880	0	0	0x00a9280e	FUN_00a9280e	override	0x00a9276f	0x00bd48e0	std::out_of_range	0x00bd4880	std_out_of_range__vslot_000	0.95
0x00bd48e0	std::out_of_range	0x00bd48a0	std::exception	0x00bd4880	1	0	0x00a927a7	FUN_00a927a7	inherited	0x00a927a7	0x00bd48c0	std::logic_error	0x00bd4840	std_logic_error__vslot_001	0.82
0x00bd48e0	std::out_of_range	0x00bd48a0	std::exception	0x00bd4880	2	0	0x00a92846	FUN_00a92846	override	0x00a927c4	0x00bd48e0	std::out_of_range	0x00bd4880	std_out_of_range__vslot_002	0.95
