record_va	class_name	group_id	vptr_va	slot	this_adjust	function_entry	function_name	base_record_va	base_class_name	base_function_entry	relation	semantic_slot_id	proposed_name	confidence
0x00abf0b0	vn_advisor_ppc_consolshift	vn_advisor@0x00b053a8	0x00abf074	0	0	00665891	FUN_00665891	0x00b05b54	vn_advisor_consolshift	00665891	inherited	vn_advisor.slot_000	vn_advisor_ppc_consolshift__vslot_000	0.93
0x00abf0b0	vn_advisor_ppc_consolshift	vn_advisor@0x00b053a8	0x00abf074	1	0	0066616f	FUN_0066616f	0x00b05b54	vn_advisor_consolshift	0066616f	inherited	vn_advisor.slot_001	vn_advisor_ppc_consolshift__vslot_001	0.93
0x00abf0b0	vn_advisor_ppc_consolshift	vn_advisor@0x00b053a8	0x00abf074	2	0	006661ce	FUN_006661ce	0x00b05b54	vn_advisor_consolshift	006661ce	inherited	vn_advisor.slot_002	vn_advisor_ppc_consolshift__vslot_002	0.93
0x00abf0b0	vn_advisor_ppc_consolshift	vn_advisor@0x00b053a8	0x00abf074	3	0	004011b5	FUN_004011b5	0x00b05b54	vn_advisor_consolshift	00665fc4	override	vn_advisor.slot_003	vn_advisor_ppc_consolshift__vslot_003	0.90
0x00abf0b0	vn_advisor_ppc_consolshift	vn_advisor@0x00b053a8	0x00abf074	4	0	00401010	FUN_00401010	0x00b05b54	vn_advisor_consolshift	00666295	override	vn_advisor.slot_004	vn_advisor_ppc_consolshift__vslot_004	0.90
0x00abf0b0	vn_advisor_ppc_consolshift	vn_advisor@0x00b053a8	0x00abf074	5	0	00401490	FUN_00401490	0x00b05b54	vn_advisor_consolshift	006662e1	override	vn_advisor.slot_005	vn_advisor_ppc_consolshift__vslot_005	0.90
0x00abf0b0	vn_advisor_ppc_consolshift	vn_advisor@0x00b053a8	0x00abf074	6	0	004010cd	FUN_004010cd	0x00b05b54	vn_advisor_consolshift	006660fd	override	vn_advisor.slot_006	vn_advisor_ppc_consolshift__vslot_006	0.90
0x00abf270	std::exception	std_exception@0x00abf270	0x00abf1b8	0	0	00405190	FUN_00405190				root_or_new	std_exception.slot_000	std_exception__vslot_000	0.78
0x00abf270	std::exception	std_exception@0x00abf270	0x00abf1b8	1	0	004051b7	FUN_004051b7				root_or_new	std_exception.slot_001	std_exception__vslot_001	0.78
0x00abf270	std::exception	std_exception@0x00abf270	0x00abf1b8	2	0	004051c3	FUN_004051c3				root_or_new	std_exception.slot_002	std_exception__vslot_002	0.78
0x00abf280	std::bad_alloc	std_exception@0x00abf270	0x00abf1d8	0	0	004051c8	FUN_004051c8	0x00abf270	std::exception	00405190	override	std_exception.slot_000	std_bad_alloc__vslot_000	0.90
0x00abf280	std::bad_alloc	std_exception@0x00abf270	0x00abf1d8	1	0	004051b7	FUN_004051b7	0x00abf270	std::exception	004051b7	inherited	std_exception.slot_001	std_bad_alloc__vslot_001	0.93
0x00abf280	std::bad_alloc	std_exception@0x00abf270	0x00abf1d8	2	0	004051ef	FUN_004051ef	0x00abf270	std::exception	004051c3	override	std_exception.slot_002	std_bad_alloc__vslot_002	0.90
0x00abf290	std::logic_error	std_exception@0x00abf270	0x00abf1f8	0	0	00405876	FUN_00405876	0x00abf270	std::exception	00405190	override	std_exception.slot_000	std_logic_error__vslot_000	0.90
0x00abf290	std::logic_error	std_exception@0x00abf270	0x00abf1f8	1	0	004058af	FUN_004058af	0x00abf270	std::exception	004051b7	override	std_exception.slot_001	std_logic_error__vslot_001	0.90
0x00abf290	std::logic_error	std_exception@0x00abf270	0x00abf1f8	2	0	004058cc	FUN_004058cc	0x00abf270	std::exception	004051c3	override	std_exception.slot_002	std_logic_error__vslot_002	0.90
0x00abf2a0	std::out_of_range	std_exception@0x00abf270	0x00abf218	0	0	004058dd	FUN_004058dd	0x00abf290	std::logic_error	00405876	override	std_exception.slot_000	std_out_of_range__vslot_000	0.90
0x00abf2a0	std::out_of_range	std_exception@0x00abf270	0x00abf218	1	0	004058af	FUN_004058af	0x00abf290	std::logic_error	004058af	inherited	std_exception.slot_001	std_out_of_range__vslot_001	0.93
0x00abf2a0	std::out_of_range	std_exception@0x00abf270	0x00abf218	2	0	00405916	FUN_00405916	0x00abf290	std::logic_error	004058cc	override	std_exception.slot_002	std_out_of_range__vslot_002	0.90
0x00abf2b0	std::runtime_error	std_exception@0x00abf270	0x00abf238	0	0	00405927	FUN_00405927	0x00abf270	std::exception	00405190	override	std_exception.slot_000	std_runtime_error__vslot_000	0.90
0x00abf2b0	std::runtime_error	std_exception@0x00abf270	0x00abf238	1	0	00405960	FUN_00405960	0x00abf270	std::exception	004051b7	override	std_exception.slot_001	std_runtime_error__vslot_001	0.90
0x00abf2b0	std::runtime_error	std_exception@0x00abf270	0x00abf238	2	0	0040597d	FUN_0040597d	0x00abf270	std::exception	004051c3	override	std_exception.slot_002	std_runtime_error__vslot_002	0.90
0x00abf2c0	std::overflow_error	std_exception@0x00abf270	0x00abf258	0	0	0040598e	FUN_0040598e	0x00abf2b0	std::runtime_error	00405927	override	std_exception.slot_000	std_overflow_error__vslot_000	0.90
0x00abf2c0	std::overflow_error	std_exception@0x00abf270	0x00abf258	1	0	00405960	FUN_00405960	0x00abf2b0	std::runtime_error	00405960	inherited	std_exception.slot_001	std_overflow_error__vslot_001	0.93
0x00abf2c0	std::overflow_error	std_exception@0x00abf270	0x00abf258	2	0	004059c7	FUN_004059c7	0x00abf2b0	std::runtime_error	0040597d	override	std_exception.slot_002	std_overflow_error__vslot_002	0.90
0x00abfe94	backend_t	backend_dataflow@0x00b0e82c	0x00abf664	0	0	00406414	FUN_00406414	0x00b0b784	backend_basetype2	00734b30	override	backend_dataflow.slot_000	backend_t__vslot_000	0.90
0x00abfe94	backend_t	backend_dataflow@0x00b0e82c	0x00abf664	1	0	0076fdcf	FUN_0076fdcf	0x00b0b784	backend_basetype2	0076fdcf	inherited	backend_dataflow.slot_001	backend_t__vslot_001	0.93
0x00abfe94	backend_t	backend_dataflow@0x00b0e82c	0x00abf664	2	0	00406419	FUN_00406419	0x00b0b784	backend_basetype2	00734b35	override	backend_dataflow.slot_002	backend_t__vslot_002	0.90
0x00abfe94	backend_t	backend_dataflow@0x00b0e82c	0x00abf664	3	0	0040641e	FUN_0040641e	0x00b0b784	backend_basetype2	00734b3a	override	backend_dataflow.slot_003	backend_t__vslot_003	0.90
0x00abfe94	backend_t	backend_dataflow@0x00b0e82c	0x00abf664	4	0	00406427	FUN_00406427	0x00b0b784	backend_basetype2	00734b43	override	backend_dataflow.slot_004	backend_t__vslot_004	0.90
0x00abfe94	backend_t	backend_dataflow@0x00b0e82c	0x00abf664	5	0	00403387	FUN_00403387	0x00b0b784	backend_basetype2	0076fd8c	override	backend_dataflow.slot_005	backend_t__vslot_005	0.90
0x00abfe94	backend_t	backend_dataflow@0x00b0e82c	0x00abf664	6	0	004044b4	FUN_004044b4	0x00b0b784	backend_basetype2	007692da	override	backend_dataflow.slot_006	backend_t__vslot_006	0.90
0x00abfe94	backend_t	backend_dataflow@0x00b0e82c	0x00abf664	7	0	00401ded	FUN_00401ded	0x00b0b784	backend_basetype2	0076fd44	override	backend_dataflow.slot_007	backend_t__vslot_007	0.90
0x00abfe94	backend_t	backend_dataflow@0x00b0e82c	0x00abf664	8	0	00402fa8	FUN_00402fa8	0x00b0b784	backend_basetype2	00766cae	override	backend_dataflow.slot_008	backend_t__vslot_008	0.90
0x00abfe94	backend_t	backend_dataflow@0x00b0e82c	0x00abf664	9	0	00406430	FUN_00406430	0x00b0b784	backend_basetype2	00734b4c	override	backend_dataflow.slot_009	backend_t__vslot_009	0.90
0x00abfe94	backend_t	backend_dataflow@0x00b0e82c	0x00abf664	10	0	007700a6	FUN_007700a6	0x00b0b784	backend_basetype2	007700a6	inherited	backend_dataflow.slot_010	backend_t__vslot_010	0.93
0x00abfe94	backend_t	backend_dataflow@0x00b0e82c	0x00abf664	11	0	00406439	FUN_00406439	0x00b0b784	backend_basetype2	00734b55	override	backend_dataflow.slot_011	backend_t__vslot_011	0.90
0x00abfe94	backend_t	backend_dataflow@0x00b0e82c	0x00abf664	12	0	00404b07	FUN_00404b07	0x00b0b784	backend_basetype2	0076fd2e	override	backend_dataflow.slot_012	backend_t__vslot_012	0.90
0x00abfe94	backend_t	backend_dataflow@0x00b0e82c	0x00abf664	13	0	0040644d	FUN_0040644d	0x00b0b784	backend_basetype2	00734b69	override	backend_dataflow.slot_013	backend_t__vslot_013	0.90
0x00abfe94	backend_t	backend_dataflow@0x00b0e82c	0x00abf664	14	0	00406456	FUN_00406456	0x00b0b784	backend_basetype2	00734b72	override	backend_dataflow.slot_014	backend_t__vslot_014	0.90
0x00abfe94	backend_t	backend_dataflow@0x00b0e82c	0x00abf664	15	0	0040645f	FUN_0040645f	0x00b0b784	backend_basetype2	00734b7b	override	backend_dataflow.slot_015	backend_t__vslot_015	0.90
0x00abfe94	backend_t	backend_dataflow@0x00b0e82c	0x00abf664	16	0	00406468	FUN_00406468	0x00b0b784	backend_basetype2	00734b84	override	backend_dataflow.slot_016	backend_t__vslot_016	0.90
0x00abfe94	backend_t	backend_dataflow@0x00b0e82c	0x00abf664	17	0	00406477	FUN_00406477	0x00b0b784	backend_basetype2	00734b93	override	backend_dataflow.slot_017	backend_t__vslot_017	0.90
0x00abfe94	backend_t	backend_dataflow@0x00b0e82c	0x00abf664	18	0	004064a4	FUN_004064a4	0x00b0b784	backend_basetype2	00734bc0	override	backend_dataflow.slot_018	backend_t__vslot_018	0.90
0x00abfe94	backend_t	backend_dataflow@0x00b0e82c	0x00abf664	19	0	0040670b	FUN_0040670b	0x00b0b784	backend_basetype2	00734fee	override	backend_dataflow.slot_019	backend_t__vslot_019	0.90
0x00abfe94	backend_t	backend_dataflow@0x00b0e82c	0x00abf664	20	0	00406714	FUN_00406714	0x00b0b784	backend_basetype2	00734ff7	override	backend_dataflow.slot_020	backend_t__vslot_020	0.90
0x00abfe94	backend_t	backend_dataflow@0x00b0e82c	0x00abf664	21	0	0040671d	FUN_0040671d	0x00b0b784	backend_basetype2	00735000	override	backend_dataflow.slot_021	backend_t__vslot_021	0.90
0x00abfe94	backend_t	backend_dataflow@0x00b0e82c	0x00abf664	22	0	0040672b	FUN_0040672b	0x00b0b784	backend_basetype2	0073500e	override	backend_dataflow.slot_022	backend_t__vslot_022	0.90
0x00abfe94	backend_t	backend_dataflow@0x00b0e82c	0x00abf664	23	0	004050d2	FUN_004050d2	0x00b0b784	backend_basetype2	0073501d	override	backend_dataflow.slot_023	backend_t__vslot_023	0.90
0x00abfe94	backend_t	backend_dataflow@0x00b0e82c	0x00abf664	24	0	0077017f	FUN_0077017f	0x00b0b784	backend_basetype2	0077017f	inherited	backend_dataflow.slot_024	backend_t__vslot_024	0.93
0x00abfe94	backend_t	backend_dataflow@0x00b0e82c	0x00abf664	25	0	007711eb	FUN_007711eb	0x00b0b784	backend_basetype2	007711eb	inherited	backend_dataflow.slot_025	backend_t__vslot_025	0.93
0x00abfe94	backend_t	backend_dataflow@0x00b0e82c	0x00abf664	26	0	004064ae	FUN_004064ae	0x00b0b784	backend_basetype2	00734bca	override	backend_dataflow.slot_026	backend_t__vslot_026	0.90
0x00abfe94	backend_t	backend_dataflow@0x00b0e82c	0x00abf664	27	0	00405128	FUN_00405128	0x00b0b784	backend_basetype2	00734bdf	override	backend_dataflow.slot_027	backend_t__vslot_027	0.90
0x00abfe94	backend_t	backend_dataflow@0x00b0e82c	0x00abf664	28	0	005bc53a	FUN_005bc53a	0x00b0b784	backend_basetype2	005bc53a	inherited	backend_dataflow.slot_028	backend_t__vslot_028	0.93
0x00abfe94	backend_t	backend_dataflow@0x00b0e82c	0x00abf664	29	0	00401024	FUN_00401024	0x00b0b784	backend_basetype2	00734be8	override	backend_dataflow.slot_029	backend_t__vslot_029	0.90
0x00abfe94	backend_t	backend_dataflow@0x00b0e82c	0x00abf664	30	0	005bc5d3	FUN_005bc5d3	0x00b0b784	backend_basetype2	005bc5d3	inherited	backend_dataflow.slot_030	backend_t__vslot_030	0.93
0x00abfe94	backend_t	backend_dataflow@0x00b0e82c	0x00abf664	31	0	005bc608	FUN_005bc608	0x00b0b784	backend_basetype2	005bc608	inherited	backend_dataflow.slot_031	backend_t__vslot_031	0.93
0x00abfe94	backend_t	backend_dataflow@0x00b0e82c	0x00abf664	32	0	005bc63d	FUN_005bc63d	0x00b0b784	backend_basetype2	005bc63d	inherited	backend_dataflow.slot_032	backend_t__vslot_032	0.93
0x00abfe94	backend_t	backend_dataflow@0x00b0e82c	0x00abf664	33	0	005bc6a7	FUN_005bc6a7	0x00b0b784	backend_basetype2	005bc6a7	inherited	backend_dataflow.slot_033	backend_t__vslot_033	0.93
0x00abfe94	backend_t	backend_dataflow@0x00b0e82c	0x00abf664	34	0	004064c3	FUN_004064c3	0x00b0b784	backend_basetype2	00734bf2	override	backend_dataflow.slot_034	backend_t__vslot_034	0.90
0x00abfe94	backend_t	backend_dataflow@0x00b0e82c	0x00abf664	35	0	005bc801	FUN_005bc801	0x00b0b784	backend_basetype2	005bc801	inherited	backend_dataflow.slot_035	backend_t__vslot_035	0.93
0x00abfe94	backend_t	backend_dataflow@0x00b0e82c	0x00abf664	36	0	005bc8c2	FUN_005bc8c2	0x00b0b784	backend_basetype2	005bc8c2	inherited	backend_dataflow.slot_036	backend_t__vslot_036	0.93
0x00abfe94	backend_t	backend_dataflow@0x00b0e82c	0x00abf664	37	0	005bc947	FUN_005bc947	0x00b0b784	backend_basetype2	005bc947	inherited	backend_dataflow.slot_037	backend_t__vslot_037	0.93
0x00abfe94	backend_t	backend_dataflow@0x00b0e82c	0x00abf664	38	0	0042420b	FUN_0042420b	0x00b0b784	backend_basetype2	005bca13	override	backend_dataflow.slot_038	backend_t__vslot_038	0.90
0x00abfe94	backend_t	backend_dataflow@0x00b0e82c	0x00abf664	39	0	004239de	FUN_004239de	0x00b0b784	backend_basetype2	005bca59	override	backend_dataflow.slot_039	backend_t__vslot_039	0.90
0x00abfe94	backend_t	backend_dataflow@0x00b0e82c	0x00abf664	40	0	004064cd	FUN_004064cd	0x00b0b784	backend_basetype2	00734bfc	override	backend_dataflow.slot_040	backend_t__vslot_040	0.90
0x00abfe94	backend_t	backend_dataflow@0x00b0e82c	0x00abf664	41	0	005bca8e	FUN_005bca8e	0x00b0b784	backend_basetype2	005bca8e	inherited	backend_dataflow.slot_041	backend_t__vslot_041	0.93
0x00abfe94	backend_t	backend_dataflow@0x00b0e82c	0x00abf664	42	0	005bca93	FUN_005bca93	0x00b0b784	backend_basetype2	005bca93	inherited	backend_dataflow.slot_042	backend_t__vslot_042	0.93
0x00abfe94	backend_t	backend_dataflow@0x00b0e82c	0x00abf664	43	0	004241a3	FUN_004241a3	0x00b0b784	backend_basetype2	00734c05	override	backend_dataflow.slot_043	backend_t__vslot_043	0.90
0x00abfe94	backend_t	backend_dataflow@0x00b0e82c	0x00abf664	44	0	004064d6	FUN_004064d6	0x00b0b784	backend_basetype2	00734c0e	override	backend_dataflow.slot_044	backend_t__vslot_044	0.90
0x00abfe94	backend_t	backend_dataflow@0x00b0e82c	0x00abf664	45	0	005bca9c	FUN_005bca9c	0x00b0b784	backend_basetype2	005bca9c	inherited	backend_dataflow.slot_045	backend_t__vslot_045	0.93
0x00abfe94	backend_t	backend_dataflow@0x00b0e82c	0x00abf664	46	0	005bcaa5	FUN_005bcaa5	0x00b0b784	backend_basetype2	005bcaa5	inherited	backend_dataflow.slot_046	backend_t__vslot_046	0.93
0x00abfe94	backend_t	backend_dataflow@0x00b0e82c	0x00abf664	47	0	005bcaae	FUN_005bcaae	0x00b0b784	backend_basetype2	005bcaae	inherited	backend_dataflow.slot_047	backend_t__vslot_047	0.93
0x00abfe94	backend_t	backend_dataflow@0x00b0e82c	0x00abf664	48	0	005bcab7	FUN_005bcab7	0x00b0b784	backend_basetype2	005bcab7	inherited	backend_dataflow.slot_048	backend_t__vslot_048	0.93
0x00abfe94	backend_t	backend_dataflow@0x00b0e82c	0x00abf664	49	0	005bcac0	FUN_005bcac0	0x00b0b784	backend_basetype2	005bcac0	inherited	backend_dataflow.slot_049	backend_t__vslot_049	0.93
0x00abfe94	backend_t	backend_dataflow@0x00b0e82c	0x00abf664	50	0	005bcac9	FUN_005bcac9	0x00b0b784	backend_basetype2	005bcac9	inherited	backend_dataflow.slot_050	backend_t__vslot_050	0.93
0x00abfe94	backend_t	backend_dataflow@0x00b0e82c	0x00abf664	51	0	005bcad2	FUN_005bcad2	0x00b0b784	backend_basetype2	005bcad2	inherited	backend_dataflow.slot_051	backend_t__vslot_051	0.93
0x00abfe94	backend_t	backend_dataflow@0x00b0e82c	0x00abf664	52	0	005bcadc	FUN_005bcadc	0x00b0b784	backend_basetype2	005bcadc	inherited	backend_dataflow.slot_052	backend_t__vslot_052	0.93
0x00abfe94	backend_t	backend_dataflow@0x00b0e82c	0x00abf664	53	0	005bcae5	FUN_005bcae5	0x00b0b784	backend_basetype2	005bcae5	inherited	backend_dataflow.slot_053	backend_t__vslot_053	0.93
0x00abfe94	backend_t	backend_dataflow@0x00b0e82c	0x00abf664	54	0	005bcaee	FUN_005bcaee	0x00b0b784	backend_basetype2	005bcaee	inherited	backend_dataflow.slot_054	backend_t__vslot_054	0.93
0x00abfe94	backend_t	backend_dataflow@0x00b0e82c	0x00abf664	55	0	005bde39	FUN_005bde39	0x00b0b784	backend_basetype2	005bde39	inherited	backend_dataflow.slot_055	backend_t__vslot_055	0.93
0x00abfe94	backend_t	backend_dataflow@0x00b0e82c	0x00abf664	56	0	005bde42	FUN_005bde42	0x00b0b784	backend_basetype2	005bde42	inherited	backend_dataflow.slot_056	backend_t__vslot_056	0.93
0x00abfe94	backend_t	backend_dataflow@0x00b0e82c	0x00abf664	57	0	005bde4b	FUN_005bde4b	0x00b0b784	backend_basetype2	005bde4b	inherited	backend_dataflow.slot_057	backend_t__vslot_057	0.93
0x00abfe94	backend_t	backend_dataflow@0x00b0e82c	0x00abf664	58	0	004064df	FUN_004064df	0x00b0b784	backend_basetype2	00734c17	override	backend_dataflow.slot_058	backend_t__vslot_058	0.90
0x00abfe94	backend_t	backend_dataflow@0x00b0e82c	0x00abf664	59	0	0046f5c7	FUN_0046f5c7	0x00b0b784	backend_basetype2	005bcaf7	override	backend_dataflow.slot_059	backend_t__vslot_059	0.90
0x00abfe94	backend_t	backend_dataflow@0x00b0e82c	0x00abf664	60	0	0046f8f7	FUN_0046f8f7	0x00b0b784	backend_basetype2	005bcb00	override	backend_dataflow.slot_060	backend_t__vslot_060	0.90
0x00abfe94	backend_t	backend_dataflow@0x00b0e82c	0x00abf664	61	0	0072f96d	FUN_0072f96d	0x00b0b784	backend_basetype2	0072f96d	inherited	backend_dataflow.slot_061	backend_t__vslot_061	0.93
0x00abfe94	backend_t	backend_dataflow@0x00b0e82c	0x00abf664	62	0	004064e8	FUN_004064e8	0x00b0b784	backend_basetype2	00734c20	override	backend_dataflow.slot_062	backend_t__vslot_062	0.90
0x00abfe94	backend_t	backend_dataflow@0x00b0e82c	0x00abf664	63	0	00469105	FUN_00469105	0x00b0b784	backend_basetype2	005bca85	override	backend_dataflow.slot_063	backend_t__vslot_063	0.90
0x00abfe94	backend_t	backend_dataflow@0x00b0e82c	0x00abf664	64	0	0047c2f4	FUN_0047c2f4	0x00b0b784	backend_basetype2	005bcb05	override	backend_dataflow.slot_064	backend_t__vslot_064	0.90
0x00abfe94	backend_t	backend_dataflow@0x00b0e82c	0x00abf664	65	0	00424088	FUN_00424088	0x00b0b784	backend_basetype2	00734c25	override	backend_dataflow.slot_065	backend_t__vslot_065	0.90
0x00abfe94	backend_t	backend_dataflow@0x00b0e82c	0x00abf664	66	0	00735592	FUN_00735592	0x00b0b784	backend_basetype2	00735592	inherited	backend_dataflow.slot_066	backend_t__vslot_066	0.93
0x00abfe94	backend_t	backend_dataflow@0x00b0e82c	0x00abf664	67	0	0047196d	FUN_0047196d	0x00b0b784	backend_basetype2	00734c2e	override	backend_dataflow.slot_067	backend_t__vslot_067	0.90
0x00abfe94	backend_t	backend_dataflow@0x00b0e82c	0x00abf664	68	0	007353e2	FUN_007353e2	0x00b0b784	backend_basetype2	007353e2	inherited	backend_dataflow.slot_068	backend_t__vslot_068	0.93
0x00abfe94	backend_t	backend_dataflow@0x00b0e82c	0x00abf664	69	0	004a45f0	FUN_004a45f0	0x00b0b784	backend_basetype2	0073542d	override	backend_dataflow.slot_069	backend_t__vslot_069	0.90
0x00abfe94	backend_t	backend_dataflow@0x00b0e82c	0x00abf664	70	0	004711e8	FUN_004711e8	0x00b0b784	backend_basetype2	00734c37	override	backend_dataflow.slot_070	backend_t__vslot_070	0.90
0x00abfe94	backend_t	backend_dataflow@0x00b0e82c	0x00abf664	71	0	0046f93f	FUN_0046f93f	0x00b0b784	backend_basetype2	00734c40	override	backend_dataflow.slot_071	backend_t__vslot_071	0.90
0x00abfe94	backend_t	backend_dataflow@0x00b0e82c	0x00abf664	72	0	007354ed	FUN_007354ed	0x00b0b784	backend_basetype2	007354ed	inherited	backend_dataflow.slot_072	backend_t__vslot_072	0.93
0x00abfe94	backend_t	backend_dataflow@0x00b0e82c	0x00abf664	73	0	00471795	FUN_00471795	0x00b0b784	backend_basetype2	00734c49	override	backend_dataflow.slot_073	backend_t__vslot_073	0.90
0x00abfe94	backend_t	backend_dataflow@0x00b0e82c	0x00abf664	74	0	00471769	FUN_00471769	0x00b0b784	backend_basetype2	00734c52	override	backend_dataflow.slot_074	backend_t__vslot_074	0.90
0x00abfe94	backend_t	backend_dataflow@0x00b0e82c	0x00abf664	75	0	004064ed	FUN_004064ed	0x00b0b784	backend_basetype2	00734c57	override	backend_dataflow.slot_075	backend_t__vslot_075	0.90
0x00abfe94	backend_t	backend_dataflow@0x00b0e82c	0x00abf664	76	0	004064f2	FUN_004064f2	0x00b0b784	backend_basetype2	00734c5c	override	backend_dataflow.slot_076	backend_t__vslot_076	0.90
0x00abfe94	backend_t	backend_dataflow@0x00b0e82c	0x00abf664	77	0	007355be	FUN_007355be	0x00b0b784	backend_basetype2	007355be	inherited	backend_dataflow.slot_077	backend_t__vslot_077	0.93
0x00abfe94	backend_t	backend_dataflow@0x00b0e82c	0x00abf664	78	0	004064f7	FUN_004064f7	0x00b0b784	backend_basetype2	00734c61	override	backend_dataflow.slot_078	backend_t__vslot_078	0.90
0x00abfe94	backend_t	backend_dataflow@0x00b0e82c	0x00abf664	79	0	00406505	FUN_00406505	0x00b0b784	backend_basetype2	00734c6f	override	backend_dataflow.slot_079	backend_t__vslot_079	0.90
0x00abfe94	backend_t	backend_dataflow@0x00b0e82c	0x00abf664	80	0	0040650e	FUN_0040650e	0x00b0b784	backend_basetype2	00734c78	override	backend_dataflow.slot_080	backend_t__vslot_080	0.90
0x00abfe94	backend_t	backend_dataflow@0x00b0e82c	0x00abf664	81	0	00473a91	FUN_00473a91	0x00b0b784	backend_basetype2	00734c88	override	backend_dataflow.slot_081	backend_t__vslot_081	0.90
0x00abfe94	backend_t	backend_dataflow@0x00b0e82c	0x00abf664	82	0	005bcf2f	FUN_005bcf2f	0x00b0b784	backend_basetype2	005bcf2f	inherited	backend_dataflow.slot_082	backend_t__vslot_082	0.93
0x00abfe94	backend_t	backend_dataflow@0x00b0e82c	0x00abf664	83	0	0040651e	FUN_0040651e	0x00b0b784	backend_basetype2	00734c92	override	backend_dataflow.slot_083	backend_t__vslot_083	0.90
0x00abfe94	backend_t	backend_dataflow@0x00b0e82c	0x00abf664	84	0	00735743	FUN_00735743	0x00b0b784	backend_basetype2	00735743	inherited	backend_dataflow.slot_084	backend_t__vslot_084	0.93
0x00abfe94	backend_t	backend_dataflow@0x00b0e82c	0x00abf664	85	0	0077f001	FUN_0077f001	0x00b0b784	backend_basetype2	0077f001	inherited	backend_dataflow.slot_085	backend_t__vslot_085	0.93
0x00abfe94	backend_t	backend_dataflow@0x00b0e82c	0x00abf664	86	0	0077f05d	FUN_0077f05d	0x00b0b784	backend_basetype2	0077f05d	inherited	backend_dataflow.slot_086	backend_t__vslot_086	0.93
0x00abfe94	backend_t	backend_dataflow@0x00b0e82c	0x00abf664	87	0	00406527	FUN_00406527	0x00b0b784	backend_basetype2	00734c9b	override	backend_dataflow.slot_087	backend_t__vslot_087	0.90
0x00abfe94	backend_t	backend_dataflow@0x00b0e82c	0x00abf664	88	0	00406530	FUN_00406530	0x00b0b784	backend_basetype2	00734ca4	override	backend_dataflow.slot_088	backend_t__vslot_088	0.90
0x00abfe94	backend_t	backend_dataflow@0x00b0e82c	0x00abf664	89	0	00406535	FUN_00406535	0x00b0b784	backend_basetype2	00734ca9	override	backend_dataflow.slot_089	backend_t__vslot_089	0.90
0x00abfe94	backend_t	backend_dataflow@0x00b0e82c	0x00abf664	90	0	0040653a	FUN_0040653a	0x00b0b784	backend_basetype2	00734cae	override	backend_dataflow.slot_090	backend_t__vslot_090	0.90
0x00abfe94	backend_t	backend_dataflow@0x00b0e82c	0x00abf664	91	0	005bdbcd	FUN_005bdbcd	0x00b0b784	backend_basetype2	005bdbcd	inherited	backend_dataflow.slot_091	backend_t__vslot_091	0.93
0x00abfe94	backend_t	backend_dataflow@0x00b0e82c	0x00abf664	92	0	006cd518	FUN_006cd518	0x00b0b784	backend_basetype2	006cd518	inherited	backend_dataflow.slot_092	backend_t__vslot_092	0.93
0x00abfe94	backend_t	backend_dataflow@0x00b0e82c	0x00abf664	93	0	00406544	FUN_00406544	0x00b0b784	backend_basetype2	00734cb8	override	backend_dataflow.slot_093	backend_t__vslot_093	0.90
0x00abfe94	backend_t	backend_dataflow@0x00b0e82c	0x00abf664	94	0	006fc36e	FUN_006fc36e	0x00b0b784	backend_basetype2	006fc36e	inherited	backend_dataflow.slot_094	backend_t__vslot_094	0.93
0x00abfe94	backend_t	backend_dataflow@0x00b0e82c	0x00abf664	95	0	006fc4f2	FUN_006fc4f2	0x00b0b784	backend_basetype2	006fc4f2	inherited	backend_dataflow.slot_095	backend_t__vslot_095	0.93
0x00abfe94	backend_t	backend_dataflow@0x00b0e82c	0x00abf664	96	0	006c8f2b	FUN_006c8f2b	0x00b0b784	backend_basetype2	006c8f2b	inherited	backend_dataflow.slot_096	backend_t__vslot_096	0.93
0x00abfe94	backend_t	backend_dataflow@0x00b0e82c	0x00abf664	97	0	007352a0	FUN_007352a0	0x00b0b784	backend_basetype2	007352a0	inherited	backend_dataflow.slot_097	backend_t__vslot_097	0.93
0x00abfe94	backend_t	backend_dataflow@0x00b0e82c	0x00abf664	98	0	007352ea	FUN_007352ea	0x00b0b784	backend_basetype2	007352ea	inherited	backend_dataflow.slot_098	backend_t__vslot_098	0.93
0x00abfe94	backend_t	backend_dataflow@0x00b0e82c	0x00abf664	99	0	00735341	FUN_00735341	0x00b0b784	backend_basetype2	00735341	inherited	backend_dataflow.slot_099	backend_t__vslot_099	0.93
0x00abfe94	backend_t	backend_dataflow@0x00b0e82c	0x00abf664	100	0	0073538b	FUN_0073538b	0x00b0b784	backend_basetype2	0073538b	inherited	backend_dataflow.slot_100	backend_t__vslot_100	0.93
0x00abfe94	backend_t	backend_dataflow@0x00b0e82c	0x00abf664	101	0	00735612	FUN_00735612	0x00b0b784	backend_basetype2	00735612	inherited	backend_dataflow.slot_101	backend_t__vslot_101	0.93
0x00abfe94	backend_t	backend_dataflow@0x00b0e82c	0x00abf664	102	0	0073561b	FUN_0073561b	0x00b0b784	backend_basetype2	0073561b	inherited	backend_dataflow.slot_102	backend_t__vslot_102	0.93
0x00abfe94	backend_t	backend_dataflow@0x00b0e82c	0x00abf664	103	0	0040654e	FUN_0040654e	0x00b0b784	backend_basetype2	00734cc2	override	backend_dataflow.slot_103	backend_t__vslot_103	0.90
0x00abfe94	backend_t	backend_dataflow@0x00b0e82c	0x00abf664	104	0	0040655d	FUN_0040655d	0x00b0b784	backend_basetype2	00734cd1	override	backend_dataflow.slot_104	backend_t__vslot_104	0.90
0x00abfe94	backend_t	backend_dataflow@0x00b0e82c	0x00abf664	105	0	00486abc	FUN_00486abc	0x00b0b784	backend_basetype2	00734cdb	override	backend_dataflow.slot_105	backend_t__vslot_105	0.90
0x00abfe94	backend_t	backend_dataflow@0x00b0e82c	0x00abf664	106	0	00486b20	FUN_00486b20	0x00b0b784	backend_basetype2	00734d45	override	backend_dataflow.slot_106	backend_t__vslot_106	0.90
0x00abfe94	backend_t	backend_dataflow@0x00b0e82c	0x00abf664	107	0	00486ae9	FUN_00486ae9	0x00b0b784	backend_basetype2	00734d53	override	backend_dataflow.slot_107	backend_t__vslot_107	0.90
0x00abfe94	backend_t	backend_dataflow@0x00b0e82c	0x00abf664	108	0	004869f9	FUN_004869f9	0x00b0b784	backend_basetype2	00734d61	override	backend_dataflow.slot_108	backend_t__vslot_108	0.90
0x00abfe94	backend_t	backend_dataflow@0x00b0e82c	0x00abf664	109	0	00486b57	FUN_00486b57	0x00b0b784	backend_basetype2	00734d6f	override	backend_dataflow.slot_109	backend_t__vslot_109	0.90
0x00abfe94	backend_t	backend_dataflow@0x00b0e82c	0x00abf664	110	0	005bcb18	FUN_005bcb18	0x00b0b784	backend_basetype2	005bcb18	inherited	backend_dataflow.slot_110	backend_t__vslot_110	0.93
0x00abfe94	backend_t	backend_dataflow@0x00b0e82c	0x00abf664	111	0	005bcb51	FUN_005bcb51	0x00b0b784	backend_basetype2	005bcb51	inherited	backend_dataflow.slot_111	backend_t__vslot_111	0.93
0x00abfe94	backend_t	backend_dataflow@0x00b0e82c	0x00abf664	112	0	00424164	FUN_00424164	0x00b0b784	backend_basetype2	005bdbaa	override	backend_dataflow.slot_112	backend_t__vslot_112	0.90
0x00abfe94	backend_t	backend_dataflow@0x00b0e82c	0x00abf664	113	0	00739d9d	FUN_00739d9d	0x00b0b784	backend_basetype2	00739d9d	inherited	backend_dataflow.slot_113	backend_t__vslot_113	0.93
0x00abfe94	backend_t	backend_dataflow@0x00b0e82c	0x00abf664	114	0	005bcb13	FUN_005bcb13	0x00b0b784	backend_basetype2	005bcb13	inherited	backend_dataflow.slot_114	backend_t__vslot_114	0.93
0x00abfe94	backend_t	backend_dataflow@0x00b0e82c	0x00abf664	115	0	005bccd3	FUN_005bccd3	0x00b0b784	backend_basetype2	005bccd3	inherited	backend_dataflow.slot_115	backend_t__vslot_115	0.93
0x00abfe94	backend_t	backend_dataflow@0x00b0e82c	0x00abf664	116	0	005bcb0a	FUN_005bcb0a	0x00b0b784	backend_basetype2	005bcb0a	inherited	backend_dataflow.slot_116	backend_t__vslot_116	0.93
0x00abfe94	backend_t	backend_dataflow@0x00b0e82c	0x00abf664	117	0	00406567	FUN_00406567	0x00b0b784	backend_basetype2	00734d7d	override	backend_dataflow.slot_117	backend_t__vslot_117	0.90
0x00abfe94	backend_t	backend_dataflow@0x00b0e82c	0x00abf664	118	0	005bccd8	FUN_005bccd8	0x00b0b784	backend_basetype2	005bccd8	inherited	backend_dataflow.slot_118	backend_t__vslot_118	0.93
0x00abfe94	backend_t	backend_dataflow@0x00b0e82c	0x00abf664	119	0	005bcce1	FUN_005bcce1	0x00b0b784	backend_basetype2	005bcce1	inherited	backend_dataflow.slot_119	backend_t__vslot_119	0.93
0x00abfe94	backend_t	backend_dataflow@0x00b0e82c	0x00abf664	120	0	00406770	FUN_00406770	0x00b0b784	backend_basetype2	00735098	override	backend_dataflow.slot_120	backend_t__vslot_120	0.90
0x00abfe94	backend_t	backend_dataflow@0x00b0e82c	0x00abf664	121	0	004067a8	FUN_004067a8	0x00b0b784	backend_basetype2	007350d0	override	backend_dataflow.slot_121	backend_t__vslot_121	0.90
0x00abfe94	backend_t	backend_dataflow@0x00b0e82c	0x00abf664	122	0	00406570	FUN_00406570	0x00b0b784	backend_basetype2	00734d86	override	backend_dataflow.slot_122	backend_t__vslot_122	0.90
0x00abfe94	backend_t	backend_dataflow@0x00b0e82c	0x00abf664	123	0	00406579	FUN_00406579	0x00b0b784	backend_basetype2	00734d8f	override	backend_dataflow.slot_123	backend_t__vslot_123	0.90
0x00abfe94	backend_t	backend_dataflow@0x00b0e82c	0x00abf664	124	0	00406582	FUN_00406582	0x00b0b784	backend_basetype2	00734d98	override	backend_dataflow.slot_124	backend_t__vslot_124	0.90
0x00abfe94	backend_t	backend_dataflow@0x00b0e82c	0x00abf664	125	0	0040658b	FUN_0040658b	0x00b0b784	backend_basetype2	00734da1	override	backend_dataflow.slot_125	backend_t__vslot_125	0.90
0x00abfe94	backend_t	backend_dataflow@0x00b0e82c	0x00abf664	126	0	00406594	FUN_00406594	0x00b0b784	backend_basetype2	00734daa	override	backend_dataflow.slot_126	backend_t__vslot_126	0.90
0x00abfe94	backend_t	backend_dataflow@0x00b0e82c	0x00abf664	127	0	005bde20	FUN_005bde20	0x00b0b784	backend_basetype2	005bde20	inherited	backend_dataflow.slot_127	backend_t__vslot_127	0.93
0x00abfe94	backend_t	backend_dataflow@0x00b0e82c	0x00abf664	128	0	0040735e	FUN_0040735e	0x00b0b784	backend_basetype2	00734db3	override	backend_dataflow.slot_128	backend_t__vslot_128	0.90
0x00abfe94	backend_t	backend_dataflow@0x00b0e82c	0x00abf664	129	0	0040659d	FUN_0040659d	0x00b0b784	backend_basetype2	00734e16	override	backend_dataflow.slot_129	backend_t__vslot_129	0.90
0x00abfe94	backend_t	backend_dataflow@0x00b0e82c	0x00abf664	130	0	005bccea	FUN_005bccea	0x00b0b784	backend_basetype2	005bccea	inherited	backend_dataflow.slot_130	backend_t__vslot_130	0.93
0x00abfe94	backend_t	backend_dataflow@0x00b0e82c	0x00abf664	131	0	005bce00	FUN_005bce00	0x00b0b784	backend_basetype2	005bce00	inherited	backend_dataflow.slot_131	backend_t__vslot_131	0.93
0x00abfe94	backend_t	backend_dataflow@0x00b0e82c	0x00abf664	132	0	004065a2	FUN_004065a2	0x00b0b784	backend_basetype2	00734e1b	override	backend_dataflow.slot_132	backend_t__vslot_132	0.90
0x00abfe94	backend_t	backend_dataflow@0x00b0e82c	0x00abf664	133	0	004221e8	FUN_004221e8	0x00b0b784	backend_basetype2	005bce2d	override	backend_dataflow.slot_133	backend_t__vslot_133	0.90
0x00abfe94	backend_t	backend_dataflow@0x00b0e82c	0x00abf664	134	0	004a4615	FUN_004a4615	0x00b0b784	backend_basetype2	005bce7d	override	backend_dataflow.slot_134	backend_t__vslot_134	0.90
0x00abfe94	backend_t	backend_dataflow@0x00b0e82c	0x00abf664	135	0	005bceca	FUN_005bceca	0x00b0b784	backend_basetype2	005bceca	inherited	backend_dataflow.slot_135	backend_t__vslot_135	0.93
0x00abfe94	backend_t	backend_dataflow@0x00b0e82c	0x00abf664	136	0	005bcecf	FUN_005bcecf	0x00b0b784	backend_basetype2	005bcecf	inherited	backend_dataflow.slot_136	backend_t__vslot_136	0.93
0x00abfe94	backend_t	backend_dataflow@0x00b0e82c	0x00abf664	137	0	005bcef3	FUN_005bcef3	0x00b0b784	backend_basetype2	005bcef3	inherited	backend_dataflow.slot_137	backend_t__vslot_137	0.93
0x00abfe94	backend_t	backend_dataflow@0x00b0e82c	0x00abf664	138	0	004065ab	FUN_004065ab	0x00b0b784	backend_basetype2	00734e24	override	backend_dataflow.slot_138	backend_t__vslot_138	0.90
0x00abfe94	backend_t	backend_dataflow@0x00b0e82c	0x00abf664	139	0	005bd353	FUN_005bd353	0x00b0b784	backend_basetype2	005bd353	inherited	backend_dataflow.slot_139	backend_t__vslot_139	0.93
0x00abfe94	backend_t	backend_dataflow@0x00b0e82c	0x00abf664	140	0	00470998	FUN_00470998	0x00b0b784	backend_basetype2	00734e2d	override	backend_dataflow.slot_140	backend_t__vslot_140	0.90
0x00abfe94	backend_t	backend_dataflow@0x00b0e82c	0x00abf664	141	0	004065b4	FUN_004065b4	0x00b0b784	backend_basetype2	00734e32	override	backend_dataflow.slot_141	backend_t__vslot_141	0.90
0x00abfe94	backend_t	backend_dataflow@0x00b0e82c	0x00abf664	142	0	00424b8f	FUN_00424b8f	0x00b0b784	backend_basetype2	00734e37	override	backend_dataflow.slot_142	backend_t__vslot_142	0.90
0x00abfe94	backend_t	backend_dataflow@0x00b0e82c	0x00abf664	143	0	00424b5d	FUN_00424b5d	0x00b0b784	backend_basetype2	00734e3c	override	backend_dataflow.slot_143	backend_t__vslot_143	0.90
0x00abfe94	backend_t	backend_dataflow@0x00b0e82c	0x00abf664	144	0	004065b9	FUN_004065b9	0x00b0b784	backend_basetype2	00734e41	override	backend_dataflow.slot_144	backend_t__vslot_144	0.90
0x00abfe94	backend_t	backend_dataflow@0x00b0e82c	0x00abf664	145	0	004065be	FUN_004065be	0x00b0b784	backend_basetype2	00734e46	override	backend_dataflow.slot_145	backend_t__vslot_145	0.90
0x00abfe94	backend_t	backend_dataflow@0x00b0e82c	0x00abf664	146	0	004065cd	FUN_004065cd	0x00b0b784	backend_basetype2	00734e55	override	backend_dataflow.slot_146	backend_t__vslot_146	0.90
0x00abfe94	backend_t	backend_dataflow@0x00b0e82c	0x00abf664	147	0	004065d2	FUN_004065d2	0x00b0b784	backend_basetype2	00734e5a	override	backend_dataflow.slot_147	backend_t__vslot_147	0.90
0x00abfe94	backend_t	backend_dataflow@0x00b0e82c	0x00abf664	148	0	004065d7	FUN_004065d7	0x00b0b784	backend_basetype2	00734e5f	override	backend_dataflow.slot_148	backend_t__vslot_148	0.90
0x00abfe94	backend_t	backend_dataflow@0x00b0e82c	0x00abf664	149	0	0073bd67	FUN_0073bd67	0x00b0b784	backend_basetype2	0073bd67	inherited	backend_dataflow.slot_149	backend_t__vslot_149	0.93
0x00abfe94	backend_t	backend_dataflow@0x00b0e82c	0x00abf664	150	0	0073befc	FUN_0073befc	0x00b0b784	backend_basetype2	0073befc	inherited	backend_dataflow.slot_150	backend_t__vslot_150	0.93
0x00abfe94	backend_t	backend_dataflow@0x00b0e82c	0x00abf664	151	0	0073c694	FUN_0073c694	0x00b0b784	backend_basetype2	0073c694	inherited	backend_dataflow.slot_151	backend_t__vslot_151	0.93
0x00abfe94	backend_t	backend_dataflow@0x00b0e82c	0x00abf664	152	0	004065e1	FUN_004065e1	0x00b0b784	backend_basetype2	00734e69	override	backend_dataflow.slot_152	backend_t__vslot_152	0.90
0x00abfe94	backend_t	backend_dataflow@0x00b0e82c	0x00abf664	153	0	004065ea	FUN_004065ea	0x00b0b784	backend_basetype2	00734e72	override	backend_dataflow.slot_153	backend_t__vslot_153	0.90
0x00abfe94	backend_t	backend_dataflow@0x00b0e82c	0x00abf664	154	0	004065f4	FUN_004065f4	0x00b0b784	backend_basetype2	00734e7c	override	backend_dataflow.slot_154	backend_t__vslot_154	0.90
0x00abfe94	backend_t	backend_dataflow@0x00b0e82c	0x00abf664	155	0	0073e08f	FUN_0073e08f	0x00b0b784	backend_basetype2	0073e08f	inherited	backend_dataflow.slot_155	backend_t__vslot_155	0.93
0x00abfe94	backend_t	backend_dataflow@0x00b0e82c	0x00abf664	156	0	0073ef61	FUN_0073ef61	0x00b0b784	backend_basetype2	0073ef61	inherited	backend_dataflow.slot_156	backend_t__vslot_156	0.93
0x00abfe94	backend_t	backend_dataflow@0x00b0e82c	0x00abf664	157	0	0073f585	FUN_0073f585	0x00b0b784	backend_basetype2	0073f585	inherited	backend_dataflow.slot_157	backend_t__vslot_157	0.93
0x00abfe94	backend_t	backend_dataflow@0x00b0e82c	0x00abf664	158	0	0073ea02	FUN_0073ea02	0x00b0b784	backend_basetype2	0073ea02	inherited	backend_dataflow.slot_158	backend_t__vslot_158	0.93
0x00abfe94	backend_t	backend_dataflow@0x00b0e82c	0x00abf664	159	0	004065fe	FUN_004065fe	0x00b0b784	backend_basetype2	00734e86	override	backend_dataflow.slot_159	backend_t__vslot_159	0.90
0x00abfe94	backend_t	backend_dataflow@0x00b0e82c	0x00abf664	160	0	00406608	FUN_00406608	0x00b0b784	backend_basetype2	00734e90	override	backend_dataflow.slot_160	backend_t__vslot_160	0.90
0x00abfe94	backend_t	backend_dataflow@0x00b0e82c	0x00abf664	161	0	00406612	FUN_00406612	0x00b0b784	backend_basetype2	00734e9a	override	backend_dataflow.slot_161	backend_t__vslot_161	0.90
0x00abfe94	backend_t	backend_dataflow@0x00b0e82c	0x00abf664	162	0	00406617	FUN_00406617	0x00b0b784	backend_basetype2	00734e9f	override	backend_dataflow.slot_162	backend_t__vslot_162	0.90
0x00abfe94	backend_t	backend_dataflow@0x00b0e82c	0x00abf664	163	0	0040661c	FUN_0040661c	0x00b0b784	backend_basetype2	00734ea4	override	backend_dataflow.slot_163	backend_t__vslot_163	0.90
0x00abfe94	backend_t	backend_dataflow@0x00b0e82c	0x00abf664	164	0	00406621	FUN_00406621	0x00b0b784	backend_basetype2	00734ea9	override	backend_dataflow.slot_164	backend_t__vslot_164	0.90
0x00abfe94	backend_t	backend_dataflow@0x00b0e82c	0x00abf664	165	0	005bd358	FUN_005bd358	0x00b0b784	backend_basetype2	005bd358	inherited	backend_dataflow.slot_165	backend_t__vslot_165	0.93
0x00abfe94	backend_t	backend_dataflow@0x00b0e82c	0x00abf664	166	0	005bd6a3	FUN_005bd6a3	0x00b0b784	backend_basetype2	005bd6a3	inherited	backend_dataflow.slot_166	backend_t__vslot_166	0.93
0x00abfe94	backend_t	backend_dataflow@0x00b0e82c	0x00abf664	167	0	00423f45	FUN_00423f45	0x00b0b784	backend_basetype2	005bd73a	override	backend_dataflow.slot_167	backend_t__vslot_167	0.90
0x00abfe94	backend_t	backend_dataflow@0x00b0e82c	0x00abf664	168	0	00424027	FUN_00424027	0x00b0b784	backend_basetype2	005bd82a	override	backend_dataflow.slot_168	backend_t__vslot_168	0.90
0x00abfe94	backend_t	backend_dataflow@0x00b0e82c	0x00abf664	169	0	007351e2	FUN_007351e2	0x00b0b784	backend_basetype2	007351e2	inherited	backend_dataflow.slot_169	backend_t__vslot_169	0.93
0x00abfe94	backend_t	backend_dataflow@0x00b0e82c	0x00abf664	170	0	0073522e	FUN_0073522e	0x00b0b784	backend_basetype2	0073522e	inherited	backend_dataflow.slot_170	backend_t__vslot_170	0.93
0x00abfe94	backend_t	backend_dataflow@0x00b0e82c	0x00abf664	171	0	00735254	FUN_00735254	0x00b0b784	backend_basetype2	00735254	inherited	backend_dataflow.slot_171	backend_t__vslot_171	0.93
0x00abfe94	backend_t	backend_dataflow@0x00b0e82c	0x00abf664	172	0	0073527a	FUN_0073527a	0x00b0b784	backend_basetype2	0073527a	inherited	backend_dataflow.slot_172	backend_t__vslot_172	0.93
0x00abfe94	backend_t	backend_dataflow@0x00b0e82c	0x00abf664	173	0	00432726	FUN_00432726	0x00b0b784	backend_basetype2	005bd393	override	backend_dataflow.slot_173	backend_t__vslot_173	0.90
0x00abfe94	backend_t	backend_dataflow@0x00b0e82c	0x00abf664	174	0	0043a621	FUN_0043a621	0x00b0b784	backend_basetype2	005bd398	override	backend_dataflow.slot_174	backend_t__vslot_174	0.90
0x00abfe94	backend_t	backend_dataflow@0x00b0e82c	0x00abf664	175	0	0043a1b7	FUN_0043a1b7	0x00b0b784	backend_basetype2	005bd3a0	override	backend_dataflow.slot_175	backend_t__vslot_175	0.90
0x00abfe94	backend_t	backend_dataflow@0x00b0e82c	0x00abf664	176	0	00437ac1	FUN_00437ac1	0x00b0b784	backend_basetype2	005bd3a9	override	backend_dataflow.slot_176	backend_t__vslot_176	0.90
0x00abfe94	backend_t	backend_dataflow@0x00b0e82c	0x00abf664	177	0	005bd3b2	FUN_005bd3b2	0x00b0b784	backend_basetype2	005bd3b2	inherited	backend_dataflow.slot_177	backend_t__vslot_177	0.93
0x00abfe94	backend_t	backend_dataflow@0x00b0e82c	0x00abf664	178	0	005bd3bb	FUN_005bd3bb	0x00b0b784	backend_basetype2	005bd3bb	inherited	backend_dataflow.slot_178	backend_t__vslot_178	0.93
0x00abfe94	backend_t	backend_dataflow@0x00b0e82c	0x00abf664	179	0	00431851	FUN_00431851	0x00b0b784	backend_basetype2	005bd3c5	override	backend_dataflow.slot_179	backend_t__vslot_179	0.90
0x00abfe94	backend_t	backend_dataflow@0x00b0e82c	0x00abf664	180	0	00431985	FUN_00431985	0x00b0b784	backend_basetype2	005bd3ca	override	backend_dataflow.slot_180	backend_t__vslot_180	0.90
0x00abfe94	backend_t	backend_dataflow@0x00b0e82c	0x00abf664	181	0	0043269d	FUN_0043269d	0x00b0b784	backend_basetype2	005bd3cf	override	backend_dataflow.slot_181	backend_t__vslot_181	0.90
0x00abfe94	backend_t	backend_dataflow@0x00b0e82c	0x00abf664	182	0	0040662b	FUN_0040662b	0x00b0b784	backend_basetype2	00734eb3	override	backend_dataflow.slot_182	backend_t__vslot_182	0.90
0x00abfe94	backend_t	backend_dataflow@0x00b0e82c	0x00abf664	183	0	005bd3d8	FUN_005bd3d8	0x00b0b784	backend_basetype2	005bd3d8	inherited	backend_dataflow.slot_183	backend_t__vslot_183	0.93
0x00abfe94	backend_t	backend_dataflow@0x00b0e82c	0x00abf664	184	0	00423965	FUN_00423965	0x00b0b784	backend_basetype2	005bd3dd	override	backend_dataflow.slot_184	backend_t__vslot_184	0.90
0x00abfe94	backend_t	backend_dataflow@0x00b0e82c	0x00abf664	185	0	00423991	FUN_00423991	0x00b0b784	backend_basetype2	005bd3e7	override	backend_dataflow.slot_185	backend_t__vslot_185	0.90
0x00abfe94	backend_t	backend_dataflow@0x00b0e82c	0x00abf664	186	0	005bd65c	FUN_005bd65c	0x00b0b784	backend_basetype2	005bd65c	inherited	backend_dataflow.slot_186	backend_t__vslot_186	0.93
0x00abfe94	backend_t	backend_dataflow@0x00b0e82c	0x00abf664	187	0	00422ff4	FUN_00422ff4	0x00b0b784	backend_basetype2	00734eb8	override	backend_dataflow.slot_187	backend_t__vslot_187	0.90
0x00abfe94	backend_t	backend_dataflow@0x00b0e82c	0x00abf664	188	0	00423ce7	FUN_00423ce7	0x00b0b784	backend_basetype2	00734ebd	override	backend_dataflow.slot_188	backend_t__vslot_188	0.90
0x00abfe94	backend_t	backend_dataflow@0x00b0e82c	0x00abf664	189	0	00406630	FUN_00406630	0x00b0b784	backend_basetype2	00734ec7	override	backend_dataflow.slot_189	backend_t__vslot_189	0.90
0x00abfe94	backend_t	backend_dataflow@0x00b0e82c	0x00abf664	190	0	00424c85	FUN_00424c85	0x00b0b784	backend_basetype2	00734ecc	override	backend_dataflow.slot_190	backend_t__vslot_190	0.90
0x00abfe94	backend_t	backend_dataflow@0x00b0e82c	0x00abf664	191	0	00423e2d	FUN_00423e2d	0x00b0b784	backend_basetype2	00734ed4	override	backend_dataflow.slot_191	backend_t__vslot_191	0.90
0x00abfe94	backend_t	backend_dataflow@0x00b0e82c	0x00abf664	192	0	00431693	FUN_00431693	0x00b0b784	backend_basetype2	00734edd	override	backend_dataflow.slot_192	backend_t__vslot_192	0.90
0x00abfe94	backend_t	backend_dataflow@0x00b0e82c	0x00abf664	193	0	0043ec1b	FUN_0043ec1b	0x00b0b784	backend_basetype2	00734ee6	override	backend_dataflow.slot_193	backend_t__vslot_193	0.90
0x00abfe94	backend_t	backend_dataflow@0x00b0e82c	0x00abf664	194	0	005bd89d	FUN_005bd89d	0x00b0b784	backend_basetype2	005bd89d	inherited	backend_dataflow.slot_194	backend_t__vslot_194	0.93
0x00abfe94	backend_t	backend_dataflow@0x00b0e82c	0x00abf664	195	0	00423c13	FUN_00423c13	0x00b0b784	backend_basetype2	00734eef	override	backend_dataflow.slot_195	backend_t__vslot_195	0.90
0x00abfe94	backend_t	backend_dataflow@0x00b0e82c	0x00abf664	196	0	00423aa1	FUN_00423aa1	0x00b0b784	backend_basetype2	005bd972	override	backend_dataflow.slot_196	backend_t__vslot_196	0.90
0x00abfe94	backend_t	backend_dataflow@0x00b0e82c	0x00abf664	197	0	00424bce	FUN_00424bce	0x00b0b784	backend_basetype2	005bd9f1	override	backend_dataflow.slot_197	backend_t__vslot_197	0.90
0x00abfe94	backend_t	backend_dataflow@0x00b0e82c	0x00abf664	198	0	00406635	FUN_00406635	0x00b0b784	backend_basetype2	00734ef9	override	backend_dataflow.slot_198	backend_t__vslot_198	0.90
0x00abfe94	backend_t	backend_dataflow@0x00b0e82c	0x00abf664	199	0	0049efb5	FUN_0049efb5	0x00b0b784	backend_basetype2	005bda6a	override	backend_dataflow.slot_199	backend_t__vslot_199	0.90
0x00abfe94	backend_t	backend_dataflow@0x00b0e82c	0x00abf664	200	0	00423caf	FUN_00423caf	0x00b0b784	backend_basetype2	00734f02	override	backend_dataflow.slot_200	backend_t__vslot_200	0.90
0x00abfe94	backend_t	backend_dataflow@0x00b0e82c	0x00abf664	201	0	0040663e	FUN_0040663e	0x00b0b784	backend_basetype2	00734f0e	override	backend_dataflow.slot_201	backend_t__vslot_201	0.90
0x00abfe94	backend_t	backend_dataflow@0x00b0e82c	0x00abf664	202	0	00406647	FUN_00406647	0x00b0b784	backend_basetype2	00734f17	override	backend_dataflow.slot_202	backend_t__vslot_202	0.90
0x00abfe94	backend_t	backend_dataflow@0x00b0e82c	0x00abf664	203	0	00406651	FUN_00406651	0x00b0b784	backend_basetype2	00734f21	override	backend_dataflow.slot_203	backend_t__vslot_203	0.90
0x00abfe94	backend_t	backend_dataflow@0x00b0e82c	0x00abf664	204	0	0040665b	FUN_0040665b	0x00b0b784	backend_basetype2	00734f2b	override	backend_dataflow.slot_204	backend_t__vslot_204	0.90
0x00abfe94	backend_t	backend_dataflow@0x00b0e82c	0x00abf664	205	0	004242c0	FUN_004242c0	0x00b0b784	backend_basetype2	00734f30	override	backend_dataflow.slot_205	backend_t__vslot_205	0.90
0x00abfe94	backend_t	backend_dataflow@0x00b0e82c	0x00abf664	206	0	005bd98d	FUN_005bd98d	0x00b0b784	backend_basetype2	005bd98d	inherited	backend_dataflow.slot_206	backend_t__vslot_206	0.93
0x00abfe94	backend_t	backend_dataflow@0x00b0e82c	0x00abf664	207	0	00424123	FUN_00424123	0x00b0b784	backend_basetype2	00734f35	override	backend_dataflow.slot_207	backend_t__vslot_207	0.90
0x00abfe94	backend_t	backend_dataflow@0x00b0e82c	0x00abf664	208	0	00406660	FUN_00406660	0x00b0b784	backend_basetype2	00734f3a	override	backend_dataflow.slot_208	backend_t__vslot_208	0.90
0x00abfe94	backend_t	backend_dataflow@0x00b0e82c	0x00abf664	209	0	00406669	FUN_00406669	0x00b0b784	backend_basetype2	00734f43	override	backend_dataflow.slot_209	backend_t__vslot_209	0.90
0x00abfe94	backend_t	backend_dataflow@0x00b0e82c	0x00abf664	210	0	005bdb08	FUN_005bdb08	0x00b0b784	backend_basetype2	005bdb08	inherited	backend_dataflow.slot_210	backend_t__vslot_210	0.93
0x00abfe94	backend_t	backend_dataflow@0x00b0e82c	0x00abf664	211	0	00406672	FUN_00406672	0x00b0b784	backend_basetype2	00734f4c	override	backend_dataflow.slot_211	backend_t__vslot_211	0.90
0x00abfe94	backend_t	backend_dataflow@0x00b0e82c	0x00abf664	212	0	004e2d50	FUN_004e2d50	0x00b0b784	backend_basetype2	004e2d50	inherited	backend_dataflow.slot_212	backend_t__vslot_212	0.93
0x00abfe94	backend_t	backend_dataflow@0x00b0e82c	0x00abf664	213	0	0040667c	FUN_0040667c	0x00b0b784	backend_basetype2	00734f56	override	backend_dataflow.slot_213	backend_t__vslot_213	0.90
0x00abfe94	backend_t	backend_dataflow@0x00b0e82c	0x00abf664	214	0	00406681	FUN_00406681	0x00b0b784	backend_basetype2	00734f5b	override	backend_dataflow.slot_214	backend_t__vslot_214	0.90
0x00abfe94	backend_t	backend_dataflow@0x00b0e82c	0x00abf664	215	0	0040668a	FUN_0040668a	0x00b0b784	backend_basetype2	00734f64	override	backend_dataflow.slot_215	backend_t__vslot_215	0.90
0x00abfe94	backend_t	backend_dataflow@0x00b0e82c	0x00abf664	216	0	005bdd08	FUN_005bdd08	0x00b0b784	backend_basetype2	005bdd08	inherited	backend_dataflow.slot_216	backend_t__vslot_216	0.93
0x00abfe94	backend_t	backend_dataflow@0x00b0e82c	0x00abf664	217	0	0040668f	FUN_0040668f	0x00b0b784	backend_basetype2	00734f69	override	backend_dataflow.slot_217	backend_t__vslot_217	0.90
0x00abfe94	backend_t	backend_dataflow@0x00b0e82c	0x00abf664	218	0	00406698	FUN_00406698	0x00b0b784	backend_basetype2	00734f72	override	backend_dataflow.slot_218	backend_t__vslot_218	0.90
0x00abfe94	backend_t	backend_dataflow@0x00b0e82c	0x00abf664	219	0	004066a1	FUN_004066a1	0x00b0b784	backend_basetype2	00734f7b	override	backend_dataflow.slot_219	backend_t__vslot_219	0.90
0x00abfe94	backend_t	backend_dataflow@0x00b0e82c	0x00abf664	220	0	004066aa	FUN_004066aa	0x00b0b784	backend_basetype2	00734f84	override	backend_dataflow.slot_220	backend_t__vslot_220	0.90
0x00abfe94	backend_t	backend_dataflow@0x00b0e82c	0x00abf664	221	0	004066b4	FUN_004066b4	0x00b0b784	backend_basetype2	00734f8e	override	backend_dataflow.slot_221	backend_t__vslot_221	0.90
0x00abfe94	backend_t	backend_dataflow@0x00b0e82c	0x00abf664	222	0	004066b9	FUN_004066b9	0x00b0b784	backend_basetype2	00734f93	override	backend_dataflow.slot_222	backend_t__vslot_222	0.90
0x00abfe94	backend_t	backend_dataflow@0x00b0e82c	0x00abf664	223	0	004066c3	FUN_004066c3	0x00b0b784	backend_basetype2	00734f9d	override	backend_dataflow.slot_223	backend_t__vslot_223	0.90
0x00abfe94	backend_t	backend_dataflow@0x00b0e82c	0x00abf664	224	0	004066cd	FUN_004066cd	0x00b0b784	backend_basetype2	00734fa7	override	backend_dataflow.slot_224	backend_t__vslot_224	0.90
0x00abfe94	backend_t	backend_dataflow@0x00b0e82c	0x00abf664	225	0	004066d6	FUN_004066d6	0x00b0b784	backend_basetype2	00734fb0	override	backend_dataflow.slot_225	backend_t__vslot_225	0.90
0x00abfe94	backend_t	backend_dataflow@0x00b0e82c	0x00abf664	226	0	004066db	FUN_004066db	0x00b0b784	backend_basetype2	00734fb5	override	backend_dataflow.slot_226	backend_t__vslot_226	0.90
0x00abfe94	backend_t	backend_dataflow@0x00b0e82c	0x00abf664	227	0	004066e0	FUN_004066e0	0x00b0b784	backend_basetype2	00734fba	override	backend_dataflow.slot_227	backend_t__vslot_227	0.90
0x00abfe94	backend_t	backend_dataflow@0x00b0e82c	0x00abf664	228	0	00401d91	FUN_00401d91	0x00b0b784	backend_basetype2	00734fbf	override	backend_dataflow.slot_228	backend_t__vslot_228	0.90
0x00abfe94	backend_t	backend_dataflow@0x00b0e82c	0x00abf664	229	0	0074249b	FUN_0074249b	0x00b0b784	backend_basetype2	0074249b	inherited	backend_dataflow.slot_229	backend_t__vslot_229	0.93
0x00abfe94	backend_t	backend_dataflow@0x00b0e82c	0x00abf664	230	0	004066e5	FUN_004066e5	0x00b0b784	backend_basetype2	00734fc8	override	backend_dataflow.slot_230	backend_t__vslot_230	0.90
0x00abfe94	backend_t	backend_dataflow@0x00b0e82c	0x00abf664	231	0	004066ee	FUN_004066ee	0x00b0b784	backend_basetype2	00734fd1	override	backend_dataflow.slot_231	backend_t__vslot_231	0.90
0x00abfe94	backend_t	backend_dataflow@0x00b0e82c	0x00abf664	232	0	004066fd	FUN_004066fd	0x00b0b784	backend_basetype2	00734fe0	override	backend_dataflow.slot_232	backend_t__vslot_232	0.90
0x00abfe94	backend_t	backend_dataflow@0x00b0e82c	0x00abf664	233	0	00406706	FUN_00406706	0x00b0b784	backend_basetype2	00734fe9	override	backend_dataflow.slot_233	backend_t__vslot_233	0.90
0x00abfe94	backend_t	backend_dataflow@0x00b0e82c	0x00abf664	234	0	005bdcc7	FUN_005bdcc7	0x00b0b784	backend_basetype2	005bdcc7	inherited	backend_dataflow.slot_234	backend_t__vslot_234	0.93
0x00abfe94	backend_t	backend_dataflow@0x00b0e82c	0x00abf664	235	0	005bdcdc	FUN_005bdcdc	0x00b0b784	backend_basetype2	005bdcdc	inherited	backend_dataflow.slot_235	backend_t__vslot_235	0.93
0x00abfe94	backend_t	backend_dataflow@0x00b0e82c	0x00abf664	236	0	00404f81	FUN_00404f81	0x00b0b784	backend_basetype2	0077ef6e	override	backend_dataflow.slot_236	backend_t__vslot_236	0.90
0x00abfe94	backend_t	backend_dataflow@0x00b0e82c	0x00abf664	237	0	0040505a	FUN_0040505a	0x00b0b784	backend_basetype2	0077efbe	override	backend_dataflow.slot_237	backend_t__vslot_237	0.90
0x00abfe94	backend_t	backend_dataflow@0x00b0e82c	0x00abf664	238	0	00404b2f	FUN_00404b2f	0x00b0b784	backend_basetype2	005bdbe6	override	backend_dataflow.slot_238	backend_t__vslot_238	0.90
0x00abfe94	backend_t	backend_dataflow@0x00b0e82c	0x00abf664	239	0	00735673	FUN_00735673	0x00b0b784	backend_basetype2	00735673	inherited	backend_dataflow.slot_239	backend_t__vslot_239	0.93
0x00abfe94	backend_t	backend_dataflow@0x00b0e82c	0x00abf664	240	0	0040673a	FUN_0040673a	0x00b0b784	backend_basetype2	00735026	override	backend_dataflow.slot_240	backend_t__vslot_240	0.90
0x00abfe94	backend_t	backend_dataflow@0x00b0e82c	0x00abf664	241	0	00424c29	FUN_00424c29	0x00b0b784	backend_basetype2	005bde11	override	backend_dataflow.slot_241	backend_t__vslot_241	0.90
0x00abfe94	backend_t	backend_dataflow@0x00b0e82c	0x00abf664	242	0	0042439b	FUN_0042439b	0x00b0b784	backend_basetype2	0073502b	override	backend_dataflow.slot_242	backend_t__vslot_242	0.90
0x00abfe94	backend_t	backend_dataflow@0x00b0e82c	0x00abf664	243	0	004243b1	FUN_004243b1	0x00b0b784	backend_basetype2	00735034	override	backend_dataflow.slot_243	backend_t__vslot_243	0.90
0x00abfe94	backend_t	backend_dataflow@0x00b0e82c	0x00abf664	244	0	004244c6	FUN_004244c6	0x00b0b784	backend_basetype2	0073503d	override	backend_dataflow.slot_244	backend_t__vslot_244	0.90
0x00abfe94	backend_t	backend_dataflow@0x00b0e82c	0x00abf664	245	0	0049a873	FUN_0049a873	0x00b0b784	backend_basetype2	00735046	override	backend_dataflow.slot_245	backend_t__vslot_245	0.90
0x00abfe94	backend_t	backend_dataflow@0x00b0e82c	0x00abf664	246	0	009947c2	FUN_009947c2	0x00b0b784	backend_basetype2	009947c2	inherited	backend_dataflow.slot_246	backend_t__vslot_246	0.93
0x00abfe94	backend_t	backend_dataflow@0x00b0e82c	0x00abf664	247	0	00446740	FUN_00446740	0x00b0b784	backend_basetype2	006c4c04	override	backend_dataflow.slot_247	backend_t__vslot_247	0.90
0x00abfe94	backend_t	backend_dataflow@0x00b0e82c	0x00abf664	248	0	0040673f	FUN_0040673f	0x00b0b784	backend_basetype2	0073504b	override	backend_dataflow.slot_248	backend_t__vslot_248	0.90
0x00abfe94	backend_t	backend_dataflow@0x00b0e82c	0x00abf664	249	0	00406748	FUN_00406748	0x00b0b784	backend_basetype2	00735054	override	backend_dataflow.slot_249	backend_t__vslot_249	0.90
0x00abfe94	backend_t	backend_dataflow@0x00b0e82c	0x00abf664	250	0	00406751	FUN_00406751	0x00b0b784	backend_basetype2	0073505d	override	backend_dataflow.slot_250	backend_t__vslot_250	0.90
0x00abfe94	backend_t	backend_dataflow@0x00b0e82c	0x00abf664	251	0	00406756	FUN_00406756	0x00b0b784	backend_basetype2	00735062	override	backend_dataflow.slot_251	backend_t__vslot_251	0.90
0x00abfe94	backend_t	backend_dataflow@0x00b0e82c	0x00abf664	252	0	0040675e	FUN_0040675e	0x00b0b784	backend_basetype2	0073506a	override	backend_dataflow.slot_252	backend_t__vslot_252	0.90
0x00abfe94	backend_t	backend_dataflow@0x00b0e82c	0x00abf664	253	0	0047c39e	FUN_0047c39e	0x00b0b784	backend_basetype2	00735073	override	backend_dataflow.slot_253	backend_t__vslot_253	0.90
0x00abfe94	backend_t	backend_dataflow@0x00b0e82c	0x00abf664	254	0	0061eb3f	FUN_0061eb3f	0x00b0b784	backend_basetype2	0061eb3f	inherited	backend_dataflow.slot_254	backend_t__vslot_254	0.93
0x00abfe94	backend_t	backend_dataflow@0x00b0e82c	0x00abf664	255	0	0061ea6d	FUN_0061ea6d	0x00b0b784	backend_basetype2	0061ea6d	inherited	backend_dataflow.slot_255	backend_t__vslot_255	0.93
0x00abfe94	backend_t	backend_dataflow@0x00b0e82c	0x00abf664	256	0	0061ea04	FUN_0061ea04	0x00b0b784	backend_basetype2	0061ea04	inherited	backend_dataflow.slot_256	backend_t__vslot_256	0.93
0x00abfe94	backend_t	backend_dataflow@0x00b0e82c	0x00abf664	257	0	0061ead6	FUN_0061ead6	0x00b0b784	backend_basetype2	0061ead6	inherited	backend_dataflow.slot_257	backend_t__vslot_257	0.93
0x00abfe94	backend_t	backend_dataflow@0x00b0e82c	0x00abf664	258	0	0077f082	FUN_0077f082	0x00b0b784	backend_basetype2	0077f082	inherited	backend_dataflow.slot_258	backend_t__vslot_258	0.93
0x00abfe94	backend_t	backend_dataflow@0x00b0e82c	0x00abf664	259	0	00406767	FUN_00406767	0x00b0b784	backend_basetype2	0073507c	override	backend_dataflow.slot_259	backend_t__vslot_259	0.90
0x00abfe94	backend_t	backend_dataflow@0x00b0e82c	0x00abf664	260	0	0048cba0	FUN_0048cba0	0x00b0b784	backend_basetype2	00735085	override	backend_dataflow.slot_260	backend_t__vslot_260	0.90
0x00abfe94	backend_t	backend_dataflow@0x00b0e82c	0x00abf664	261	0	00424c57	FUN_00424c57	0x00b0b784	backend_basetype2	0073508e	override	backend_dataflow.slot_261	backend_t__vslot_261	0.90
0x00abff98	std::exception	std_exception@0x00abff98	0x00abfee0	0	0	00424e80	FUN_00424e80				root_or_new	std_exception.slot_000	std_exception__vslot_000	0.78
0x00abff98	std::exception	std_exception@0x00abff98	0x00abfee0	1	0	00424ea7	FUN_00424ea7				root_or_new	std_exception.slot_001	std_exception__vslot_001	0.78
0x00abff98	std::exception	std_exception@0x00abff98	0x00abfee0	2	0	00424eb3	FUN_00424eb3				root_or_new	std_exception.slot_002	std_exception__vslot_002	0.78
0x00abffa8	std::bad_alloc	std_exception@0x00abff98	0x00abff00	0	0	00424eb8	FUN_00424eb8	0x00abff98	std::exception	00424e80	override	std_exception.slot_000	std_bad_alloc__vslot_000	0.90
0x00abffa8	std::bad_alloc	std_exception@0x00abff98	0x00abff00	1	0	00424ea7	FUN_00424ea7	0x00abff98	std::exception	00424ea7	inherited	std_exception.slot_001	std_bad_alloc__vslot_001	0.93
0x00abffa8	std::bad_alloc	std_exception@0x00abff98	0x00abff00	2	0	00424edf	FUN_00424edf	0x00abff98	std::exception	00424eb3	override	std_exception.slot_002	std_bad_alloc__vslot_002	0.90
0x00abffb8	std::logic_error	std_exception@0x00abff98	0x00abff20	0	0	00425566	FUN_00425566	0x00abff98	std::exception	00424e80	override	std_exception.slot_000	std_logic_error__vslot_000	0.90
0x00abffb8	std::logic_error	std_exception@0x00abff98	0x00abff20	1	0	0042559f	FUN_0042559f	0x00abff98	std::exception	00424ea7	override	std_exception.slot_001	std_logic_error__vslot_001	0.90
0x00abffb8	std::logic_error	std_exception@0x00abff98	0x00abff20	2	0	004255bc	FUN_004255bc	0x00abff98	std::exception	00424eb3	override	std_exception.slot_002	std_logic_error__vslot_002	0.90
0x00abffc8	std::out_of_range	std_exception@0x00abff98	0x00abff40	0	0	004255cd	FUN_004255cd	0x00abffb8	std::logic_error	00425566	override	std_exception.slot_000	std_out_of_range__vslot_000	0.90
0x00abffc8	std::out_of_range	std_exception@0x00abff98	0x00abff40	1	0	0042559f	FUN_0042559f	0x00abffb8	std::logic_error	0042559f	inherited	std_exception.slot_001	std_out_of_range__vslot_001	0.93
0x00abffc8	std::out_of_range	std_exception@0x00abff98	0x00abff40	2	0	00425606	FUN_00425606	0x00abffb8	std::logic_error	004255bc	override	std_exception.slot_002	std_out_of_range__vslot_002	0.90
0x00abffd8	std::runtime_error	std_exception@0x00abff98	0x00abff60	0	0	00425617	FUN_00425617	0x00abff98	std::exception	00424e80	override	std_exception.slot_000	std_runtime_error__vslot_000	0.90
0x00abffd8	std::runtime_error	std_exception@0x00abff98	0x00abff60	1	0	00425650	FUN_00425650	0x00abff98	std::exception	00424ea7	override	std_exception.slot_001	std_runtime_error__vslot_001	0.90
0x00abffd8	std::runtime_error	std_exception@0x00abff98	0x00abff60	2	0	0042566d	FUN_0042566d	0x00abff98	std::exception	00424eb3	override	std_exception.slot_002	std_runtime_error__vslot_002	0.90
0x00abffe8	std::overflow_error	std_exception@0x00abff98	0x00abff80	0	0	0042567e	FUN_0042567e	0x00abffd8	std::runtime_error	00425617	override	std_exception.slot_000	std_overflow_error__vslot_000	0.90
0x00abffe8	std::overflow_error	std_exception@0x00abff98	0x00abff80	1	0	00425650	FUN_00425650	0x00abffd8	std::runtime_error	00425650	inherited	std_exception.slot_001	std_overflow_error__vslot_001	0.93
0x00abffe8	std::overflow_error	std_exception@0x00abff98	0x00abff80	2	0	004256b7	FUN_004256b7	0x00abffd8	std::runtime_error	0042566d	override	std_exception.slot_002	std_overflow_error__vslot_002	0.90
0x00ac0a18	std::exception	std_exception@0x00ac0a18	0x00ac09a0	0	0	0043a660	FUN_0043a660				root_or_new	std_exception.slot_000	std_exception__vslot_000	0.78
0x00ac0a18	std::exception	std_exception@0x00ac0a18	0x00ac09a0	1	0	0043a687	FUN_0043a687				root_or_new	std_exception.slot_001	std_exception__vslot_001	0.78
0x00ac0a18	std::exception	std_exception@0x00ac0a18	0x00ac09a0	2	0	0043a693	FUN_0043a693				root_or_new	std_exception.slot_002	std_exception__vslot_002	0.78
0x00ac0a28	std::bad_alloc	std_exception@0x00ac0a18	0x00ac09c0	0	0	0043a698	FUN_0043a698	0x00ac0a18	std::exception	0043a660	override	std_exception.slot_000	std_bad_alloc__vslot_000	0.90
0x00ac0a28	std::bad_alloc	std_exception@0x00ac0a18	0x00ac09c0	1	0	0043a687	FUN_0043a687	0x00ac0a18	std::exception	0043a687	inherited	std_exception.slot_001	std_bad_alloc__vslot_001	0.93
0x00ac0a28	std::bad_alloc	std_exception@0x00ac0a18	0x00ac09c0	2	0	0043a6bf	FUN_0043a6bf	0x00ac0a18	std::exception	0043a693	override	std_exception.slot_002	std_bad_alloc__vslot_002	0.90
0x00ac0a38	std::logic_error	std_exception@0x00ac0a18	0x00ac09e0	0	0	0043ad46	FUN_0043ad46	0x00ac0a18	std::exception	0043a660	override	std_exception.slot_000	std_logic_error__vslot_000	0.90
0x00ac0a38	std::logic_error	std_exception@0x00ac0a18	0x00ac09e0	1	0	0043ad7f	FUN_0043ad7f	0x00ac0a18	std::exception	0043a687	override	std_exception.slot_001	std_logic_error__vslot_001	0.90
0x00ac0a38	std::logic_error	std_exception@0x00ac0a18	0x00ac09e0	2	0	0043ad9c	FUN_0043ad9c	0x00ac0a18	std::exception	0043a693	override	std_exception.slot_002	std_logic_error__vslot_002	0.90
0x00ac0a48	std::out_of_range	std_exception@0x00ac0a18	0x00ac0a00	0	0	0043adad	FUN_0043adad	0x00ac0a38	std::logic_error	0043ad46	override	std_exception.slot_000	std_out_of_range__vslot_000	0.90
0x00ac0a48	std::out_of_range	std_exception@0x00ac0a18	0x00ac0a00	1	0	0043ad7f	FUN_0043ad7f	0x00ac0a38	std::logic_error	0043ad7f	inherited	std_exception.slot_001	std_out_of_range__vslot_001	0.93
0x00ac0a48	std::out_of_range	std_exception@0x00ac0a18	0x00ac0a00	2	0	0043ade6	FUN_0043ade6	0x00ac0a38	std::logic_error	0043ad9c	override	std_exception.slot_002	std_out_of_range__vslot_002	0.90
0x00ac5960	g4_resource_scheduler	list_scheduler@0x00b0c0e4	0x00ac5818	0	0	00486b90	FUN_00486b90	0x00b0c0f4	resource_model_scheduler	00735ab0	override	list_scheduler.slot_000	g4_resource_scheduler__vslot_000	0.90
0x00ac5960	g4_resource_scheduler	list_scheduler@0x00b0c0e4	0x00ac5818	1	0	00487f47	FUN_00487f47	0x00b0c0f4	resource_model_scheduler	0073950f	override	list_scheduler.slot_001	g4_resource_scheduler__vslot_001	0.90
0x00ac5960	g4_resource_scheduler	list_scheduler@0x00b0c0e4	0x00ac5818	2	0	007387cf	FUN_007387cf	0x00b0c0f4	resource_model_scheduler	007387cf	inherited	list_scheduler.slot_002	g4_resource_scheduler__vslot_002	0.93
0x00ac5960	g4_resource_scheduler	list_scheduler@0x00b0c0e4	0x00ac5818	3	0	00738de5	FUN_00738de5	0x00b0c0f4	resource_model_scheduler	00738de5	inherited	list_scheduler.slot_003	g4_resource_scheduler__vslot_003	0.93
0x00ac5960	g4_resource_scheduler	list_scheduler@0x00b0c0e4	0x00ac5818	4	0	00738772	FUN_00738772	0x00b0c0f4	resource_model_scheduler	00738772	inherited	list_scheduler.slot_004	g4_resource_scheduler__vslot_004	0.93
0x00ac5960	g4_resource_scheduler	list_scheduler@0x00b0c0e4	0x00ac5818	5	0	00738d12	FUN_00738d12	0x00b0c0f4	resource_model_scheduler	00738d12	inherited	list_scheduler.slot_005	g4_resource_scheduler__vslot_005	0.93
0x00ac5960	g4_resource_scheduler	list_scheduler@0x00b0c0e4	0x00ac5818	6	0	00739097	FUN_00739097	0x00b0c0f4	resource_model_scheduler	00739097	inherited	list_scheduler.slot_006	g4_resource_scheduler__vslot_006	0.93
0x00ac5960	g4_resource_scheduler	list_scheduler@0x00b0c0e4	0x00ac5818	7	0	00739679	FUN_00739679	0x00b0c0f4	resource_model_scheduler	00739679	inherited	list_scheduler.slot_007	g4_resource_scheduler__vslot_007	0.93
0x00ac5960	g4_resource_scheduler	list_scheduler@0x00b0c0e4	0x00ac5818	8	0	00739659	FUN_00739659	0x00b0c0f4	resource_model_scheduler	00739659	inherited	list_scheduler.slot_008	g4_resource_scheduler__vslot_008	0.93
0x00ac5960	g4_resource_scheduler	list_scheduler@0x00b0c0e4	0x00ac5818	9	0	00739ae2	FUN_00739ae2	0x00b0c0f4	resource_model_scheduler	00739ae2	inherited	list_scheduler.slot_009	g4_resource_scheduler__vslot_009	0.93
0x00ac5960	g4_resource_scheduler	list_scheduler@0x00b0c0e4	0x00ac5818	10	0	00739824	FUN_00739824	0x00b0c0f4	resource_model_scheduler	00739824	inherited	list_scheduler.slot_010	g4_resource_scheduler__vslot_010	0.93
0x00ac5960	g4_resource_scheduler	list_scheduler@0x00b0c0e4	0x00ac5818	11	0	00486cbc	FUN_00486cbc	0x00b0c0f4	resource_model_scheduler	00a92860	override	list_scheduler.slot_011	g4_resource_scheduler__vslot_011	0.90
0x00ac5960	g4_resource_scheduler	list_scheduler@0x00b0c0e4	0x00ac5818	12	0	007399dd	FUN_007399dd	0x00b0c0f4	resource_model_scheduler	007399dd	inherited	list_scheduler.slot_012	g4_resource_scheduler__vslot_012	0.93
0x00ac5970	ppc970_resource_scheduler	list_scheduler@0x00b0c0e4	0x00ac5888	0	0	00486b90	FUN_00486b90	0x00b0c0f4	resource_model_scheduler	00735ab0	override	list_scheduler.slot_000	ppc970_resource_scheduler__vslot_000	0.90
0x00ac5970	ppc970_resource_scheduler	list_scheduler@0x00b0c0e4	0x00ac5888	1	0	00488266	FUN_00488266	0x00b0c0f4	resource_model_scheduler	0073950f	override	list_scheduler.slot_001	ppc970_resource_scheduler__vslot_001	0.90
0x00ac5970	ppc970_resource_scheduler	list_scheduler@0x00b0c0e4	0x00ac5888	2	0	007387cf	FUN_007387cf	0x00b0c0f4	resource_model_scheduler	007387cf	inherited	list_scheduler.slot_002	ppc970_resource_scheduler__vslot_002	0.93
0x00ac5970	ppc970_resource_scheduler	list_scheduler@0x00b0c0e4	0x00ac5888	3	0	00738de5	FUN_00738de5	0x00b0c0f4	resource_model_scheduler	00738de5	inherited	list_scheduler.slot_003	ppc970_resource_scheduler__vslot_003	0.93
0x00ac5970	ppc970_resource_scheduler	list_scheduler@0x00b0c0e4	0x00ac5888	4	0	00738772	FUN_00738772	0x00b0c0f4	resource_model_scheduler	00738772	inherited	list_scheduler.slot_004	ppc970_resource_scheduler__vslot_004	0.93
0x00ac5970	ppc970_resource_scheduler	list_scheduler@0x00b0c0e4	0x00ac5888	5	0	00738d12	FUN_00738d12	0x00b0c0f4	resource_model_scheduler	00738d12	inherited	list_scheduler.slot_005	ppc970_resource_scheduler__vslot_005	0.93
0x00ac5970	ppc970_resource_scheduler	list_scheduler@0x00b0c0e4	0x00ac5888	6	0	00739097	FUN_00739097	0x00b0c0f4	resource_model_scheduler	00739097	inherited	list_scheduler.slot_006	ppc970_resource_scheduler__vslot_006	0.93
0x00ac5970	ppc970_resource_scheduler	list_scheduler@0x00b0c0e4	0x00ac5888	7	0	00739679	FUN_00739679	0x00b0c0f4	resource_model_scheduler	00739679	inherited	list_scheduler.slot_007	ppc970_resource_scheduler__vslot_007	0.93
0x00ac5970	ppc970_resource_scheduler	list_scheduler@0x00b0c0e4	0x00ac5888	8	0	00739659	FUN_00739659	0x00b0c0f4	resource_model_scheduler	00739659	inherited	list_scheduler.slot_008	ppc970_resource_scheduler__vslot_008	0.93
0x00ac5970	ppc970_resource_scheduler	list_scheduler@0x00b0c0e4	0x00ac5888	9	0	00739ae2	FUN_00739ae2	0x00b0c0f4	resource_model_scheduler	00739ae2	inherited	list_scheduler.slot_009	ppc970_resource_scheduler__vslot_009	0.93
0x00ac5970	ppc970_resource_scheduler	list_scheduler@0x00b0c0e4	0x00ac5888	10	0	00739824	FUN_00739824	0x00b0c0f4	resource_model_scheduler	00739824	inherited	list_scheduler.slot_010	ppc970_resource_scheduler__vslot_010	0.93
0x00ac5970	ppc970_resource_scheduler	list_scheduler@0x00b0c0e4	0x00ac5888	11	0	00487ff2	FUN_00487ff2	0x00b0c0f4	resource_model_scheduler	00a92860	override	list_scheduler.slot_011	ppc970_resource_scheduler__vslot_011	0.90
0x00ac5970	ppc970_resource_scheduler	list_scheduler@0x00b0c0e4	0x00ac5888	12	0	007399dd	FUN_007399dd	0x00b0c0f4	resource_model_scheduler	007399dd	inherited	list_scheduler.slot_012	ppc970_resource_scheduler__vslot_012	0.93
0x00ac5980	ame_resource_scheduler	list_scheduler@0x00b0c0e4	0x00ac58f8	0	0	0048a852	FUN_0048a852	0x00b0c0f4	resource_model_scheduler	00735ab0	override	list_scheduler.slot_000	ame_resource_scheduler__vslot_000	0.90
0x00ac5980	ame_resource_scheduler	list_scheduler@0x00b0c0e4	0x00ac58f8	1	0	0048af87	FUN_0048af87	0x00b0c0f4	resource_model_scheduler	0073950f	override	list_scheduler.slot_001	ame_resource_scheduler__vslot_001	0.90
0x00ac5980	ame_resource_scheduler	list_scheduler@0x00b0c0e4	0x00ac58f8	2	0	007387cf	FUN_007387cf	0x00b0c0f4	resource_model_scheduler	007387cf	inherited	list_scheduler.slot_002	ame_resource_scheduler__vslot_002	0.93
0x00ac5980	ame_resource_scheduler	list_scheduler@0x00b0c0e4	0x00ac58f8	3	0	00738de5	FUN_00738de5	0x00b0c0f4	resource_model_scheduler	00738de5	inherited	list_scheduler.slot_003	ame_resource_scheduler__vslot_003	0.93
0x00ac5980	ame_resource_scheduler	list_scheduler@0x00b0c0e4	0x00ac58f8	4	0	00738772	FUN_00738772	0x00b0c0f4	resource_model_scheduler	00738772	inherited	list_scheduler.slot_004	ame_resource_scheduler__vslot_004	0.93
0x00ac5980	ame_resource_scheduler	list_scheduler@0x00b0c0e4	0x00ac58f8	5	0	00738d12	FUN_00738d12	0x00b0c0f4	resource_model_scheduler	00738d12	inherited	list_scheduler.slot_005	ame_resource_scheduler__vslot_005	0.93
0x00ac5980	ame_resource_scheduler	list_scheduler@0x00b0c0e4	0x00ac58f8	6	0	00739097	FUN_00739097	0x00b0c0f4	resource_model_scheduler	00739097	inherited	list_scheduler.slot_006	ame_resource_scheduler__vslot_006	0.93
0x00ac5980	ame_resource_scheduler	list_scheduler@0x00b0c0e4	0x00ac58f8	7	0	00739679	FUN_00739679	0x00b0c0f4	resource_model_scheduler	00739679	inherited	list_scheduler.slot_007	ame_resource_scheduler__vslot_007	0.93
0x00ac5980	ame_resource_scheduler	list_scheduler@0x00b0c0e4	0x00ac58f8	8	0	00739659	FUN_00739659	0x00b0c0f4	resource_model_scheduler	00739659	inherited	list_scheduler.slot_008	ame_resource_scheduler__vslot_008	0.93
0x00ac5980	ame_resource_scheduler	list_scheduler@0x00b0c0e4	0x00ac58f8	9	0	00739ae2	FUN_00739ae2	0x00b0c0f4	resource_model_scheduler	00739ae2	inherited	list_scheduler.slot_009	ame_resource_scheduler__vslot_009	0.93
0x00ac5980	ame_resource_scheduler	list_scheduler@0x00b0c0e4	0x00ac58f8	10	0	00739824	FUN_00739824	0x00b0c0f4	resource_model_scheduler	00739824	inherited	list_scheduler.slot_010	ame_resource_scheduler__vslot_010	0.93
0x00ac5980	ame_resource_scheduler	list_scheduler@0x00b0c0e4	0x00ac58f8	11	0	0048a91c	FUN_0048a91c	0x00b0c0f4	resource_model_scheduler	00a92860	override	list_scheduler.slot_011	ame_resource_scheduler__vslot_011	0.90
0x00ac5980	ame_resource_scheduler	list_scheduler@0x00b0c0e4	0x00ac58f8	12	0	007399dd	FUN_007399dd	0x00b0c0f4	resource_model_scheduler	007399dd	inherited	list_scheduler.slot_012	ame_resource_scheduler__vslot_012	0.93
0x00ace1d0	objectdata	objectdata@0x00ace1d0	0x00acdd98	0	0	004dea14	FUN_004dea14				root_or_new	objectdata.slot_000	objectdata__vslot_000	0.78
0x00ace1d0	objectdata	objectdata@0x00ace1d0	0x00acdd98	1	0	004a5d05	FUN_004a5d05				root_or_new	objectdata.slot_001	objectdata__vslot_001	0.78
0x00ace1e0	objectdata_twoop	objectdata@0x00ace1d0	0x00acddb0	0	0	004dea19	FUN_004dea19	0x00ace1d0	objectdata	004dea14	override	objectdata.slot_000	objectdata_twoop__vslot_000	0.90
0x00ace1e0	objectdata_twoop	objectdata@0x00ace1d0	0x00acddb0	1	0	004a5d0f	FUN_004a5d0f	0x00ace1d0	objectdata	004a5d05	override	objectdata.slot_001	objectdata_twoop__vslot_001	0.90
0x00ace1f0	objectdata_arrayop	objectdata@0x00ace1d0	0x00acddc8	0	0	004dea1e	FUN_004dea1e	0x00ace1d0	objectdata	004dea14	override	objectdata.slot_000	objectdata_arrayop__vslot_000	0.90
0x00ace1f0	objectdata_arrayop	objectdata@0x00ace1d0	0x00acddc8	1	0	004a5d19	FUN_004a5d19	0x00ace1d0	objectdata	004a5d05	override	objectdata.slot_001	objectdata_arrayop__vslot_001	0.90
0x00ace200	objectdata_vectorop	objectdata@0x00ace1d0	0x00acdde0	0	0	004dea23	FUN_004dea23	0x00ace1d0	objectdata	004dea14	override	objectdata.slot_000	objectdata_vectorop__vslot_000	0.90
0x00ace200	objectdata_vectorop	objectdata@0x00ace1d0	0x00acdde0	1	0	004a5d23	FUN_004a5d23	0x00ace1d0	objectdata	004a5d05	override	objectdata.slot_001	objectdata_vectorop__vslot_001	0.90
0x00ace210	objectdata_compoundop	objectdata@0x00ace1d0	0x00acddf8	0	0	004dea28	FUN_004dea28	0x00ace1d0	objectdata	004dea14	override	objectdata.slot_000	objectdata_compoundop__vslot_000	0.90
0x00ace210	objectdata_compoundop	objectdata@0x00ace1d0	0x00acddf8	1	0	004a5d2d	FUN_004a5d2d	0x00ace1d0	objectdata	004a5d05	override	objectdata.slot_001	objectdata_compoundop__vslot_001	0.90
0x00ace220	objectdata_magictype	objectdata@0x00ace1d0	0x00acde10	0	0	004dea2d	FUN_004dea2d	0x00ace1d0	objectdata	004dea14	override	objectdata.slot_000	objectdata_magictype__vslot_000	0.90
0x00ace220	objectdata_magictype	objectdata@0x00ace1d0	0x00acde10	1	0	004a5d37	FUN_004a5d37	0x00ace1d0	objectdata	004a5d05	override	objectdata.slot_001	objectdata_magictype__vslot_001	0.90
0x00ace230	objectdata_qindex	objectdata@0x00ace1d0	0x00acde28	0	0	004dea32	FUN_004dea32	0x00ace1d0	objectdata	004dea14	override	objectdata.slot_000	objectdata_qindex__vslot_000	0.90
0x00ace230	objectdata_qindex	objectdata@0x00ace1d0	0x00acde28	1	0	004a5d41	FUN_004a5d41	0x00ace1d0	objectdata	004a5d05	override	objectdata.slot_001	objectdata_qindex__vslot_001	0.90
0x00ace240	objectdata_dot	objectdata@0x00ace1d0	0x00acde40	0	0	004dea37	FUN_004dea37	0x00ace1d0	objectdata	004dea14	override	objectdata.slot_000	objectdata_dot__vslot_000	0.90
0x00ace240	objectdata_dot	objectdata@0x00ace1d0	0x00acde40	1	0	004a5d4b	FUN_004a5d4b	0x00ace1d0	objectdata	004a5d05	override	objectdata.slot_001	objectdata_dot__vslot_001	0.90
0x00ace250	objectdata_recordtyp	objectdata@0x00ace1d0	0x00acde58	0	0	004dea3c	FUN_004dea3c	0x00ace1d0	objectdata	004dea14	override	objectdata.slot_000	objectdata_recordtyp__vslot_000	0.90
0x00ace250	objectdata_recordtyp	objectdata@0x00ace1d0	0x00acde58	1	0	004a5d55	FUN_004a5d55	0x00ace1d0	objectdata	004a5d05	override	objectdata.slot_001	objectdata_recordtyp__vslot_001	0.90
0x00ace260	objectdata_subrangeop	objectdata@0x00ace1d0	0x00acde70	0	0	004dea41	FUN_004dea41	0x00ace1d0	objectdata	004dea14	override	objectdata.slot_000	objectdata_subrangeop__vslot_000	0.90
0x00ace260	objectdata_subrangeop	objectdata@0x00ace1d0	0x00acde70	1	0	004a5d5f	FUN_004a5d5f	0x00ace1d0	objectdata	004a5d05	override	objectdata.slot_001	objectdata_subrangeop__vslot_001	0.90
0x00ace270	objectdata_call	objectdata@0x00ace1d0	0x00acde88	0	0	004dea46	FUN_004dea46	0x00ace1d0	objectdata	004dea14	override	objectdata.slot_000	objectdata_call__vslot_000	0.90
0x00ace270	objectdata_call	objectdata@0x00ace1d0	0x00acde88	1	0	004a5d69	FUN_004a5d69	0x00ace1d0	objectdata	004a5d05	override	objectdata.slot_001	objectdata_call__vslot_001	0.90
0x00ace280	objectdata_rouconstr	objectdata@0x00ace1d0	0x00acdea0	0	0	004dea4b	FUN_004dea4b	0x00ace1d0	objectdata	004dea14	override	objectdata.slot_000	objectdata_rouconstr__vslot_000	0.90
0x00ace280	objectdata_rouconstr	objectdata@0x00ace1d0	0x00acdea0	1	0	004a5d73	FUN_004a5d73	0x00ace1d0	objectdata	004a5d05	override	objectdata.slot_001	objectdata_rouconstr__vslot_001	0.90
0x00ace290	objectdata_entryop	objectdata@0x00ace1d0	0x00acdeb8	0	0	004dea50	FUN_004dea50	0x00ace1d0	objectdata	004dea14	override	objectdata.slot_000	objectdata_entryop__vslot_000	0.90
0x00ace290	objectdata_entryop	objectdata@0x00ace1d0	0x00acdeb8	1	0	004a5d7d	FUN_004a5d7d	0x00ace1d0	objectdata	004a5d05	override	objectdata.slot_001	objectdata_entryop__vslot_001	0.90
0x00ace2a0	objectdata_statfunc	objectdata@0x00ace1d0	0x00acded0	0	0	004dea55	FUN_004dea55	0x00ace1d0	objectdata	004dea14	override	objectdata.slot_000	objectdata_statfunc__vslot_000	0.90
0x00ace2a0	objectdata_statfunc	objectdata@0x00ace1d0	0x00acded0	1	0	004a5d87	FUN_004a5d87	0x00ace1d0	objectdata	004a5d05	override	objectdata.slot_001	objectdata_statfunc__vslot_001	0.90
0x00ace2b0	objectdata_qaddrs	objectdata@0x00ace1d0	0x00acdee8	0	0	004dea5a	FUN_004dea5a	0x00ace1d0	objectdata	004dea14	override	objectdata.slot_000	objectdata_qaddrs__vslot_000	0.90
0x00ace2b0	objectdata_qaddrs	objectdata@0x00ace1d0	0x00acdee8	1	0	004a5d91	FUN_004a5d91	0x00ace1d0	objectdata	004a5d05	override	objectdata.slot_001	objectdata_qaddrs__vslot_001	0.90
0x00ace2c0	objectdata_variable	objectdata@0x00ace1d0	0x00acdf00	0	0	004dea5f	FUN_004dea5f	0x00ace1d0	objectdata	004dea14	override	objectdata.slot_000	objectdata_variable__vslot_000	0.90
0x00ace2c0	objectdata_variable	objectdata@0x00ace1d0	0x00acdf00	1	0	004a5d9b	FUN_004a5d9b	0x00ace1d0	objectdata	004a5d05	override	objectdata.slot_001	objectdata_variable__vslot_001	0.90
0x00ace2d0	objectdata_varfield	objectdata@0x00ace1d0	0x00acdf18	0	0	004dea64	FUN_004dea64	0x00ace1d0	objectdata	004dea14	override	objectdata.slot_000	objectdata_varfield__vslot_000	0.90
0x00ace2d0	objectdata_varfield	objectdata@0x00ace1d0	0x00acdf18	1	0	004a5da5	FUN_004a5da5	0x00ace1d0	objectdata	004a5d05	override	objectdata.slot_001	objectdata_varfield__vslot_001	0.90
0x00ace2e0	objectdata_generic	objectdata@0x00ace1d0	0x00acdf30	0	0	004dea69	FUN_004dea69	0x00ace1d0	objectdata	004dea14	override	objectdata.slot_000	objectdata_generic__vslot_000	0.90
0x00ace2e0	objectdata_generic	objectdata@0x00ace1d0	0x00acdf30	1	0	004a5daf	FUN_004a5daf	0x00ace1d0	objectdata	004a5d05	override	objectdata.slot_001	objectdata_generic__vslot_001	0.90
0x00ace2f0	objectdata_scalconst	objectdata@0x00ace1d0	0x00acdf48	0	0	004dea6e	FUN_004dea6e	0x00ace1d0	objectdata	004dea14	override	objectdata.slot_000	objectdata_scalconst__vslot_000	0.90
0x00ace2f0	objectdata_scalconst	objectdata@0x00ace1d0	0x00acdf48	1	0	004a60ed	FUN_004a60ed	0x00ace1d0	objectdata	004a5d05	override	objectdata.slot_001	objectdata_scalconst__vslot_001	0.90
0x00ace300	objectdata_floatconst	objectdata@0x00ace1d0	0x00acdf60	0	0	004dea73	FUN_004dea73	0x00ace1d0	objectdata	004dea14	override	objectdata.slot_000	objectdata_floatconst__vslot_000	0.90
0x00ace300	objectdata_floatconst	objectdata@0x00ace1d0	0x00acdf60	1	0	004a60f7	FUN_004a60f7	0x00ace1d0	objectdata	004a5d05	override	objectdata.slot_001	objectdata_floatconst__vslot_001	0.90
0x00ace310	objectdata_strconst	objectdata@0x00ace1d0	0x00acdf78	0	0	004dea78	FUN_004dea78	0x00ace1d0	objectdata	004dea14	override	objectdata.slot_000	objectdata_strconst__vslot_000	0.90
0x00ace310	objectdata_strconst	objectdata@0x00ace1d0	0x00acdf78	1	0	004a6101	FUN_004a6101	0x00ace1d0	objectdata	004a5d05	override	objectdata.slot_001	objectdata_strconst__vslot_001	0.90
0x00ace320	objectdata_setconstructor	objectdata@0x00ace1d0	0x00acdf90	0	0	004dea7d	FUN_004dea7d	0x00ace1d0	objectdata	004dea14	override	objectdata.slot_000	objectdata_setconstructor__vslot_000	0.90
0x00ace320	objectdata_setconstructor	objectdata@0x00ace1d0	0x00acdf90	1	0	004a610b	FUN_004a610b	0x00ace1d0	objectdata	004a5d05	override	objectdata.slot_001	objectdata_setconstructor__vslot_001	0.90
0x00ace330	objectdata_complexop	objectdata@0x00ace1d0	0x00acdfa8	0	0	004dea82	FUN_004dea82	0x00ace1d0	objectdata	004dea14	override	objectdata.slot_000	objectdata_complexop__vslot_000	0.90
0x00ace330	objectdata_complexop	objectdata@0x00ace1d0	0x00acdfa8	1	0	004a6115	FUN_004a6115	0x00ace1d0	objectdata	004a5d05	override	objectdata.slot_001	objectdata_complexop__vslot_001	0.90
0x00ace340	objectdata_data	objectdata@0x00ace1d0	0x00acdfc0	0	0	004dea87	FUN_004dea87	0x00ace1d0	objectdata	004dea14	override	objectdata.slot_000	objectdata_data__vslot_000	0.90
0x00ace340	objectdata_data	objectdata@0x00ace1d0	0x00acdfc0	1	0	004a611f	FUN_004a611f	0x00ace1d0	objectdata	004a5d05	override	objectdata.slot_001	objectdata_data__vslot_001	0.90
0x00ace350	objectdata_qjcond	objectdata@0x00ace1d0	0x00acdfd8	0	0	004dea8c	FUN_004dea8c	0x00ace1d0	objectdata	004dea14	override	objectdata.slot_000	objectdata_qjcond__vslot_000	0.90
0x00ace350	objectdata_qjcond	objectdata@0x00ace1d0	0x00acdfd8	1	0	004a6129	FUN_004a6129	0x00ace1d0	objectdata	004a5d05	override	objectdata.slot_001	objectdata_qjcond__vslot_001	0.90
0x00ace360	objectdata_qjmp	objectdata@0x00ace1d0	0x00acdff0	0	0	004dea91	FUN_004dea91	0x00ace1d0	objectdata	004dea14	override	objectdata.slot_000	objectdata_qjmp__vslot_000	0.90
0x00ace360	objectdata_qjmp	objectdata@0x00ace1d0	0x00acdff0	1	0	004a6133	FUN_004a6133	0x00ace1d0	objectdata	004a5d05	override	objectdata.slot_001	objectdata_qjmp__vslot_001	0.90
0x00ace370	objectdata_qjtab	objectdata@0x00ace1d0	0x00ace008	0	0	004dea96	FUN_004dea96	0x00ace1d0	objectdata	004dea14	override	objectdata.slot_000	objectdata_qjtab__vslot_000	0.90
0x00ace370	objectdata_qjtab	objectdata@0x00ace1d0	0x00ace008	1	0	004a613d	FUN_004a613d	0x00ace1d0	objectdata	004a5d05	override	objectdata.slot_001	objectdata_qjtab__vslot_001	0.90
0x00ace380	objectdata_arithifi	objectdata@0x00ace1d0	0x00ace020	0	0	004dea9b	FUN_004dea9b	0x00ace1d0	objectdata	004dea14	override	objectdata.slot_000	objectdata_arithifi__vslot_000	0.90
0x00ace380	objectdata_arithifi	objectdata@0x00ace1d0	0x00ace020	1	0	004a6147	FUN_004a6147	0x00ace1d0	objectdata	004a5d05	override	objectdata.slot_001	objectdata_arithifi__vslot_001	0.90
0x00ace390	objectdata_ifop	objectdata@0x00ace1d0	0x00ace038	0	0	004deaa0	FUN_004deaa0	0x00ace1d0	objectdata	004dea14	override	objectdata.slot_000	objectdata_ifop__vslot_000	0.90
0x00ace390	objectdata_ifop	objectdata@0x00ace1d0	0x00ace038	1	0	004a6151	FUN_004a6151	0x00ace1d0	objectdata	004a5d05	override	objectdata.slot_001	objectdata_ifop__vslot_001	0.90
0x00ace3a0	objectdata_predcode	objectdata@0x00ace1d0	0x00ace050	0	0	004deaa5	FUN_004deaa5	0x00ace1d0	objectdata	004dea14	override	objectdata.slot_000	objectdata_predcode__vslot_000	0.90
0x00ace3a0	objectdata_predcode	objectdata@0x00ace1d0	0x00ace050	1	0	004a615b	FUN_004a615b	0x00ace1d0	objectdata	004a5d05	override	objectdata.slot_001	objectdata_predcode__vslot_001	0.90
0x00ace3b0	objectdata_block	objectdata@0x00ace1d0	0x00ace068	0	0	004deaaa	FUN_004deaaa	0x00ace1d0	objectdata	004dea14	override	objectdata.slot_000	objectdata_block__vslot_000	0.90
0x00ace3b0	objectdata_block	objectdata@0x00ace1d0	0x00ace068	1	0	004a6165	FUN_004a6165	0x00ace1d0	objectdata	004a5d05	override	objectdata.slot_001	objectdata_block__vslot_001	0.90
0x00ace3c0	objectdata_undefop	objectdata@0x00ace1d0	0x00ace080	0	0	004deaaf	FUN_004deaaf	0x00ace1d0	objectdata	004dea14	override	objectdata.slot_000	objectdata_undefop__vslot_000	0.90
0x00ace3c0	objectdata_undefop	objectdata@0x00ace1d0	0x00ace080	1	0	004a616f	FUN_004a616f	0x00ace1d0	objectdata	004a5d05	override	objectdata.slot_001	objectdata_undefop__vslot_001	0.90
0x00ace3d0	objectdata_fourop	objectdata@0x00ace1d0	0x00ace098	0	0	004deab4	FUN_004deab4	0x00ace1d0	objectdata	004dea14	override	objectdata.slot_000	objectdata_fourop__vslot_000	0.90
0x00ace3d0	objectdata_fourop	objectdata@0x00ace1d0	0x00ace098	1	0	004a6179	FUN_004a6179	0x00ace1d0	objectdata	004a5d05	override	objectdata.slot_001	objectdata_fourop__vslot_001	0.90
0x00ace3e0	objectdata_casm	objectdata@0x00ace1d0	0x00ace0b0	0	0	004deab9	FUN_004deab9	0x00ace1d0	objectdata	004dea14	override	objectdata.slot_000	objectdata_casm__vslot_000	0.90
0x00ace3e0	objectdata_casm	objectdata@0x00ace1d0	0x00ace0b0	1	0	004a6183	FUN_004a6183	0x00ace1d0	objectdata	004a5d05	override	objectdata.slot_001	objectdata_casm__vslot_001	0.90
0x00ace3f0	objectdata_lineop	objectdata@0x00ace1d0	0x00ace0c8	0	0	004deabe	FUN_004deabe	0x00ace1d0	objectdata	004dea14	override	objectdata.slot_000	objectdata_lineop__vslot_000	0.90
0x00ace3f0	objectdata_lineop	objectdata@0x00ace1d0	0x00ace0c8	1	0	004a618d	FUN_004a618d	0x00ace1d0	objectdata	004a5d05	override	objectdata.slot_001	objectdata_lineop__vslot_001	0.90
0x00ace400	objectdata_commentop	objectdata@0x00ace1d0	0x00ace0e0	0	0	004deac3	FUN_004deac3	0x00ace1d0	objectdata	004dea14	override	objectdata.slot_000	objectdata_commentop__vslot_000	0.90
0x00ace400	objectdata_commentop	objectdata@0x00ace1d0	0x00ace0e0	1	0	004a6197	FUN_004a6197	0x00ace1d0	objectdata	004a5d05	override	objectdata.slot_001	objectdata_commentop__vslot_001	0.90
0x00ace410	objectdata_startscope	objectdata@0x00ace1d0	0x00ace0f8	0	0	004deac8	FUN_004deac8	0x00ace1d0	objectdata	004dea14	override	objectdata.slot_000	objectdata_startscope__vslot_000	0.90
0x00ace410	objectdata_startscope	objectdata@0x00ace1d0	0x00ace0f8	1	0	004a61a1	FUN_004a61a1	0x00ace1d0	objectdata	004a5d05	override	objectdata.slot_001	objectdata_startscope__vslot_001	0.90
0x00ace420	objectdata_leavescope	objectdata@0x00ace1d0	0x00ace110	0	0	004deacd	FUN_004deacd	0x00ace1d0	objectdata	004dea14	override	objectdata.slot_000	objectdata_leavescope__vslot_000	0.90
0x00ace420	objectdata_leavescope	objectdata@0x00ace1d0	0x00ace110	1	0	004a61ab	FUN_004a61ab	0x00ace1d0	objectdata	004a5d05	override	objectdata.slot_001	objectdata_leavescope__vslot_001	0.90
0x00ace430	objectdata_varargsop	objectdata@0x00ace1d0	0x00ace128	0	0	004dead2	FUN_004dead2	0x00ace1d0	objectdata	004dea14	override	objectdata.slot_000	objectdata_varargsop__vslot_000	0.90
0x00ace430	objectdata_varargsop	objectdata@0x00ace1d0	0x00ace128	1	0	004a61b5	FUN_004a61b5	0x00ace1d0	objectdata	004a5d05	override	objectdata.slot_001	objectdata_varargsop__vslot_001	0.90
0x00ace440	objectdata_statexpr	objectdata@0x00ace1d0	0x00ace140	0	0	004dead7	FUN_004dead7	0x00ace1d0	objectdata	004dea14	override	objectdata.slot_000	objectdata_statexpr__vslot_000	0.90
0x00ace440	objectdata_statexpr	objectdata@0x00ace1d0	0x00ace140	1	0	004a61bf	FUN_004a61bf	0x00ace1d0	objectdata	004a5d05	override	objectdata.slot_001	objectdata_statexpr__vslot_001	0.90
0x00ace628	std::exception	std_exception@0x00ace628	0x00ace560	0	0	004e0f9f	FUN_004e0f9f				root_or_new	std_exception.slot_000	std_exception__vslot_000	0.78
0x00ace628	std::exception	std_exception@0x00ace628	0x00ace560	1	0	004e0fc6	FUN_004e0fc6				root_or_new	std_exception.slot_001	std_exception__vslot_001	0.78
0x00ace628	std::exception	std_exception@0x00ace628	0x00ace560	2	0	004e0fd2	FUN_004e0fd2				root_or_new	std_exception.slot_002	std_exception__vslot_002	0.78
0x00ace638	std::bad_alloc	std_exception@0x00ace628	0x00ace580	0	0	004e0fd7	FUN_004e0fd7	0x00ace628	std::exception	004e0f9f	override	std_exception.slot_000	std_bad_alloc__vslot_000	0.90
0x00ace638	std::bad_alloc	std_exception@0x00ace628	0x00ace580	1	0	004e0fc6	FUN_004e0fc6	0x00ace628	std::exception	004e0fc6	inherited	std_exception.slot_001	std_bad_alloc__vslot_001	0.93
0x00ace638	std::bad_alloc	std_exception@0x00ace628	0x00ace580	2	0	004e0ffe	FUN_004e0ffe	0x00ace628	std::exception	004e0fd2	override	std_exception.slot_002	std_bad_alloc__vslot_002	0.90
0x00ace648	std::logic_error	std_exception@0x00ace628	0x00ace5a0	0	0	004e1685	FUN_004e1685	0x00ace628	std::exception	004e0f9f	override	std_exception.slot_000	std_logic_error__vslot_000	0.90
0x00ace648	std::logic_error	std_exception@0x00ace628	0x00ace5a0	1	0	004e16be	FUN_004e16be	0x00ace628	std::exception	004e0fc6	override	std_exception.slot_001	std_logic_error__vslot_001	0.90
0x00ace648	std::logic_error	std_exception@0x00ace628	0x00ace5a0	2	0	004e16db	FUN_004e16db	0x00ace628	std::exception	004e0fd2	override	std_exception.slot_002	std_logic_error__vslot_002	0.90
0x00ace658	std::out_of_range	std_exception@0x00ace628	0x00ace5c0	0	0	004e16ec	FUN_004e16ec	0x00ace648	std::logic_error	004e1685	override	std_exception.slot_000	std_out_of_range__vslot_000	0.90
0x00ace658	std::out_of_range	std_exception@0x00ace628	0x00ace5c0	1	0	004e16be	FUN_004e16be	0x00ace648	std::logic_error	004e16be	inherited	std_exception.slot_001	std_out_of_range__vslot_001	0.93
0x00ace658	std::out_of_range	std_exception@0x00ace628	0x00ace5c0	2	0	004e1725	FUN_004e1725	0x00ace648	std::logic_error	004e16db	override	std_exception.slot_002	std_out_of_range__vslot_002	0.90
0x00ace668	std::runtime_error	std_exception@0x00ace628	0x00ace5e0	0	0	004e1736	FUN_004e1736	0x00ace628	std::exception	004e0f9f	override	std_exception.slot_000	std_runtime_error__vslot_000	0.90
0x00ace668	std::runtime_error	std_exception@0x00ace628	0x00ace5e0	1	0	004e176f	FUN_004e176f	0x00ace628	std::exception	004e0fc6	override	std_exception.slot_001	std_runtime_error__vslot_001	0.90
0x00ace668	std::runtime_error	std_exception@0x00ace628	0x00ace5e0	2	0	004e178c	FUN_004e178c	0x00ace628	std::exception	004e0fd2	override	std_exception.slot_002	std_runtime_error__vslot_002	0.90
0x00ace678	std::overflow_error	std_exception@0x00ace628	0x00ace600	0	0	004e179d	FUN_004e179d	0x00ace668	std::runtime_error	004e1736	override	std_exception.slot_000	std_overflow_error__vslot_000	0.90
0x00ace678	std::overflow_error	std_exception@0x00ace628	0x00ace600	1	0	004e176f	FUN_004e176f	0x00ace668	std::runtime_error	004e176f	inherited	std_exception.slot_001	std_overflow_error__vslot_001	0.93
0x00ace678	std::overflow_error	std_exception@0x00ace628	0x00ace600	2	0	004e17d6	FUN_004e17d6	0x00ace668	std::runtime_error	004e178c	override	std_exception.slot_002	std_overflow_error__vslot_002	0.90
0x00acf300	InterblockDf	InterblockDf@0x00acf300	0x00acf280	0	0	00a92860					root_or_new	InterblockDf.slot_000	InterblockDf__vslot_000	0.78
0x00acf300	InterblockDf	InterblockDf@0x00acf300	0x00acf280	1	0	00a92860					root_or_new	InterblockDf.slot_001	InterblockDf__vslot_001	0.78
0x00acf6d0	TouchesDf	InterblockDf@0x00acf300	0x00acf690	0	0	00500898	FUN_00500898	0x00acf300	InterblockDf	00a92860	override	InterblockDf.slot_000	TouchesDf__vslot_000	0.90
0x00acf6d0	TouchesDf	InterblockDf@0x00acf300	0x00acf690	1	0	00500b42	FUN_00500b42	0x00acf300	InterblockDf	00a92860	override	InterblockDf.slot_001	TouchesDf__vslot_001	0.90
0x00acf6e0	LivenessDf	InterblockDf@0x00acf300	0x00acf6a8	0	0	00500b9f	FUN_00500b9f	0x00acf300	InterblockDf	00a92860	override	InterblockDf.slot_000	LivenessDf__vslot_000	0.90
0x00acf6e0	LivenessDf	InterblockDf@0x00acf300	0x00acf6a8	1	0	00500cd7	FUN_00500cd7	0x00acf300	InterblockDf	00a92860	override	InterblockDf.slot_001	LivenessDf__vslot_001	0.90
0x00acf6f0	PostLivenessDf	InterblockDf@0x00acf300	0x00acf6c0	0	0	00500d3f	FUN_00500d3f	0x00acf300	InterblockDf	00a92860	override	InterblockDf.slot_000	PostLivenessDf__vslot_000	0.90
0x00acf6f0	PostLivenessDf	InterblockDf@0x00acf300	0x00acf6c0	1	0	00500d44	FUN_00500d44	0x00acf300	InterblockDf	00a92860	override	InterblockDf.slot_001	PostLivenessDf__vslot_001	0.90
0x00afc4e0	backend_basetype	backend_dataflow@0x00b0e82c	0x00afbb98	0	0	005ba5d0	FUN_005ba5d0	0x00b0e82c	backend_dataflow	0074dae0	override	backend_dataflow.slot_000	backend_basetype__vslot_000	0.90
0x00afc4e0	backend_basetype	backend_dataflow@0x00b0e82c	0x00afbb98	1	0	0076fdcf	FUN_0076fdcf	0x00b0e82c	backend_dataflow	0076fdcf	inherited	backend_dataflow.slot_001	backend_basetype__vslot_001	0.93
0x00afc4e0	backend_basetype	backend_dataflow@0x00b0e82c	0x00afbb98	2	0	005ba5d5	FUN_005ba5d5	0x00b0e82c	backend_dataflow	0074dae5	override	backend_dataflow.slot_002	backend_basetype__vslot_002	0.90
0x00afc4e0	backend_basetype	backend_dataflow@0x00b0e82c	0x00afbb98	3	0	005ba5da	FUN_005ba5da	0x00b0e82c	backend_dataflow	0074daea	override	backend_dataflow.slot_003	backend_basetype__vslot_003	0.90
0x00afc4e0	backend_basetype	backend_dataflow@0x00b0e82c	0x00afbb98	4	0	005ba5e3	FUN_005ba5e3	0x00b0e82c	backend_dataflow	0074daf3	override	backend_dataflow.slot_004	backend_basetype__vslot_004	0.90
0x00afc4e0	backend_basetype	backend_dataflow@0x00b0e82c	0x00afbb98	5	0	0076fd8c	FUN_0076fd8c	0x00b0e82c	backend_dataflow	0076fd8c	inherited	backend_dataflow.slot_005	backend_basetype__vslot_005	0.93
0x00afc4e0	backend_basetype	backend_dataflow@0x00b0e82c	0x00afbb98	6	0	007692da	FUN_007692da	0x00b0e82c	backend_dataflow	007692da	inherited	backend_dataflow.slot_006	backend_basetype__vslot_006	0.93
0x00afc4e0	backend_basetype	backend_dataflow@0x00b0e82c	0x00afbb98	7	0	0076fd44	FUN_0076fd44	0x00b0e82c	backend_dataflow	0076fd44	inherited	backend_dataflow.slot_007	backend_basetype__vslot_007	0.93
0x00afc4e0	backend_basetype	backend_dataflow@0x00b0e82c	0x00afbb98	8	0	00766cae	FUN_00766cae	0x00b0e82c	backend_dataflow	00766cae	inherited	backend_dataflow.slot_008	backend_basetype__vslot_008	0.93
0x00afc4e0	backend_basetype	backend_dataflow@0x00b0e82c	0x00afbb98	9	0	005ba5ec	FUN_005ba5ec	0x00b0e82c	backend_dataflow	0074dafc	override	backend_dataflow.slot_009	backend_basetype__vslot_009	0.90
0x00afc4e0	backend_basetype	backend_dataflow@0x00b0e82c	0x00afbb98	10	0	007700a6	FUN_007700a6	0x00b0e82c	backend_dataflow	007700a6	inherited	backend_dataflow.slot_010	backend_basetype__vslot_010	0.93
0x00afc4e0	backend_basetype	backend_dataflow@0x00b0e82c	0x00afbb98	11	0	005ba5f5	FUN_005ba5f5	0x00b0e82c	backend_dataflow	0074db05	override	backend_dataflow.slot_011	backend_basetype__vslot_011	0.90
0x00afc4e0	backend_basetype	backend_dataflow@0x00b0e82c	0x00afbb98	12	0	0076fd2e	FUN_0076fd2e	0x00b0e82c	backend_dataflow	0076fd2e	inherited	backend_dataflow.slot_012	backend_basetype__vslot_012	0.93
0x00afc4e0	backend_basetype	backend_dataflow@0x00b0e82c	0x00afbb98	13	0	005ba609	FUN_005ba609	0x00b0e82c	backend_dataflow	0074db19	override	backend_dataflow.slot_013	backend_basetype__vslot_013	0.90
0x00afc4e0	backend_basetype	backend_dataflow@0x00b0e82c	0x00afbb98	14	0	005ba612	FUN_005ba612	0x00b0e82c	backend_dataflow	0074db22	override	backend_dataflow.slot_014	backend_basetype__vslot_014	0.90
0x00afc4e0	backend_basetype	backend_dataflow@0x00b0e82c	0x00afbb98	15	0	005ba61b	FUN_005ba61b	0x00b0e82c	backend_dataflow	0074db2b	override	backend_dataflow.slot_015	backend_basetype__vslot_015	0.90
0x00afc4e0	backend_basetype	backend_dataflow@0x00b0e82c	0x00afbb98	16	0	005ba624	FUN_005ba624	0x00b0e82c	backend_dataflow	0074db34	override	backend_dataflow.slot_016	backend_basetype__vslot_016	0.90
0x00afc4e0	backend_basetype	backend_dataflow@0x00b0e82c	0x00afbb98	17	0	005ba633	FUN_005ba633	0x00b0e82c	backend_dataflow	0074db43	override	backend_dataflow.slot_017	backend_basetype__vslot_017	0.90
0x00afc4e0	backend_basetype	backend_dataflow@0x00b0e82c	0x00afbb98	18	0	005ba660	FUN_005ba660	0x00b0e82c	backend_dataflow	0074db70	override	backend_dataflow.slot_018	backend_basetype__vslot_018	0.90
0x00afc4e0	backend_basetype	backend_dataflow@0x00b0e82c	0x00afbb98	19	0	005bab1f	FUN_005bab1f	0x00b0e82c	backend_dataflow	0076c5f7	override	backend_dataflow.slot_019	backend_basetype__vslot_019	0.90
0x00afc4e0	backend_basetype	backend_dataflow@0x00b0e82c	0x00afbb98	20	0	005bab28	FUN_005bab28	0x00b0e82c	backend_dataflow	0076c612	override	backend_dataflow.slot_020	backend_basetype__vslot_020	0.90
0x00afc4e0	backend_basetype	backend_dataflow@0x00b0e82c	0x00afbb98	21	0	005bab31	FUN_005bab31	0x00b0e82c	backend_dataflow	0074db7a	override	backend_dataflow.slot_021	backend_basetype__vslot_021	0.90
0x00afc4e0	backend_basetype	backend_dataflow@0x00b0e82c	0x00afbb98	22	0	005bab3f	FUN_005bab3f	0x00b0e82c	backend_dataflow	0076ce1e	override	backend_dataflow.slot_022	backend_basetype__vslot_022	0.90
0x00afc4e0	backend_basetype	backend_dataflow@0x00b0e82c	0x00afbb98	23	0	005bab4e	FUN_005bab4e	0x00b0e82c	backend_dataflow	0074db88	override	backend_dataflow.slot_023	backend_basetype__vslot_023	0.90
0x00afc4e0	backend_basetype	backend_dataflow@0x00b0e82c	0x00afbb98	24	0	0077017f	FUN_0077017f	0x00b0e82c	backend_dataflow	0077017f	inherited	backend_dataflow.slot_024	backend_basetype__vslot_024	0.93
0x00afc4e0	backend_basetype	backend_dataflow@0x00b0e82c	0x00afbb98	25	0	007711eb	FUN_007711eb	0x00b0e82c	backend_dataflow	007711eb	inherited	backend_dataflow.slot_025	backend_basetype__vslot_025	0.93
0x00afc4e0	backend_basetype	backend_dataflow@0x00b0e82c	0x00afbb98	26	0	005ba66a	FUN_005ba66a	0x00b0e82c	backend_dataflow	0074db91	override	backend_dataflow.slot_026	backend_basetype__vslot_026	0.90
0x00afc4e0	backend_basetype	backend_dataflow@0x00b0e82c	0x00afbb98	27	0	005ba67f	FUN_005ba67f	0x00b0e82c	backend_dataflow	0074dba6	override	backend_dataflow.slot_027	backend_basetype__vslot_027	0.90
0x00afc4e0	backend_basetype	backend_dataflow@0x00b0e82c	0x00afbb98	28	0	005bc53a	FUN_005bc53a	0x00b0e82c	backend_dataflow		root_or_new	backend_dataflow.slot_028	backend_basetype__vslot_028	0.78
0x00afc4e0	backend_basetype	backend_dataflow@0x00b0e82c	0x00afbb98	29	0	005ba688	FUN_005ba688	0x00b0e82c	backend_dataflow		root_or_new	backend_dataflow.slot_029	backend_basetype__vslot_029	0.78
0x00afc4e0	backend_basetype	backend_dataflow@0x00b0e82c	0x00afbb98	30	0	005bc5d3	FUN_005bc5d3	0x00b0e82c	backend_dataflow		root_or_new	backend_dataflow.slot_030	backend_basetype__vslot_030	0.78
0x00afc4e0	backend_basetype	backend_dataflow@0x00b0e82c	0x00afbb98	31	0	005bc608	FUN_005bc608	0x00b0e82c	backend_dataflow		root_or_new	backend_dataflow.slot_031	backend_basetype__vslot_031	0.78
0x00afc4e0	backend_basetype	backend_dataflow@0x00b0e82c	0x00afbb98	32	0	005bc63d	FUN_005bc63d	0x00b0e82c	backend_dataflow		root_or_new	backend_dataflow.slot_032	backend_basetype__vslot_032	0.78
0x00afc4e0	backend_basetype	backend_dataflow@0x00b0e82c	0x00afbb98	33	0	005bc6a7	FUN_005bc6a7	0x00b0e82c	backend_dataflow		root_or_new	backend_dataflow.slot_033	backend_basetype__vslot_033	0.78
0x00afc4e0	backend_basetype	backend_dataflow@0x00b0e82c	0x00afbb98	34	0	005ba692	FUN_005ba692	0x00b0e82c	backend_dataflow		root_or_new	backend_dataflow.slot_034	backend_basetype__vslot_034	0.78
0x00afc4e0	backend_basetype	backend_dataflow@0x00b0e82c	0x00afbb98	35	0	005bc801	FUN_005bc801	0x00b0e82c	backend_dataflow		root_or_new	backend_dataflow.slot_035	backend_basetype__vslot_035	0.78
0x00afc4e0	backend_basetype	backend_dataflow@0x00b0e82c	0x00afbb98	36	0	005bc8c2	FUN_005bc8c2	0x00b0e82c	backend_dataflow		root_or_new	backend_dataflow.slot_036	backend_basetype__vslot_036	0.78
0x00afc4e0	backend_basetype	backend_dataflow@0x00b0e82c	0x00afbb98	37	0	005bc947	FUN_005bc947	0x00b0e82c	backend_dataflow		root_or_new	backend_dataflow.slot_037	backend_basetype__vslot_037	0.78
0x00afc4e0	backend_basetype	backend_dataflow@0x00b0e82c	0x00afbb98	38	0	005bca13	FUN_005bca13	0x00b0e82c	backend_dataflow		root_or_new	backend_dataflow.slot_038	backend_basetype__vslot_038	0.78
0x00afc4e0	backend_basetype	backend_dataflow@0x00b0e82c	0x00afbb98	39	0	005bca59	FUN_005bca59	0x00b0e82c	backend_dataflow		root_or_new	backend_dataflow.slot_039	backend_basetype__vslot_039	0.78
0x00afc4e0	backend_basetype	backend_dataflow@0x00b0e82c	0x00afbb98	40	0	005ba69c	FUN_005ba69c	0x00b0e82c	backend_dataflow		root_or_new	backend_dataflow.slot_040	backend_basetype__vslot_040	0.78
0x00afc4e0	backend_basetype	backend_dataflow@0x00b0e82c	0x00afbb98	41	0	005bca8e	FUN_005bca8e	0x00b0e82c	backend_dataflow		root_or_new	backend_dataflow.slot_041	backend_basetype__vslot_041	0.78
0x00afc4e0	backend_basetype	backend_dataflow@0x00b0e82c	0x00afbb98	42	0	005bca93	FUN_005bca93	0x00b0e82c	backend_dataflow		root_or_new	backend_dataflow.slot_042	backend_basetype__vslot_042	0.78
0x00afc4e0	backend_basetype	backend_dataflow@0x00b0e82c	0x00afbb98	43	0	005ba6a5	FUN_005ba6a5	0x00b0e82c	backend_dataflow		root_or_new	backend_dataflow.slot_043	backend_basetype__vslot_043	0.78
0x00afc4e0	backend_basetype	backend_dataflow@0x00b0e82c	0x00afbb98	44	0	005ba6ae	FUN_005ba6ae	0x00b0e82c	backend_dataflow		root_or_new	backend_dataflow.slot_044	backend_basetype__vslot_044	0.78
0x00afc4e0	backend_basetype	backend_dataflow@0x00b0e82c	0x00afbb98	45	0	005bca9c	FUN_005bca9c	0x00b0e82c	backend_dataflow		root_or_new	backend_dataflow.slot_045	backend_basetype__vslot_045	0.78
0x00afc4e0	backend_basetype	backend_dataflow@0x00b0e82c	0x00afbb98	46	0	005bcaa5	FUN_005bcaa5	0x00b0e82c	backend_dataflow		root_or_new	backend_dataflow.slot_046	backend_basetype__vslot_046	0.78
0x00afc4e0	backend_basetype	backend_dataflow@0x00b0e82c	0x00afbb98	47	0	005bcaae	FUN_005bcaae	0x00b0e82c	backend_dataflow		root_or_new	backend_dataflow.slot_047	backend_basetype__vslot_047	0.78
0x00afc4e0	backend_basetype	backend_dataflow@0x00b0e82c	0x00afbb98	48	0	005bcab7	FUN_005bcab7	0x00b0e82c	backend_dataflow		root_or_new	backend_dataflow.slot_048	backend_basetype__vslot_048	0.78
0x00afc4e0	backend_basetype	backend_dataflow@0x00b0e82c	0x00afbb98	49	0	005bcac0	FUN_005bcac0	0x00b0e82c	backend_dataflow		root_or_new	backend_dataflow.slot_049	backend_basetype__vslot_049	0.78
0x00afc4e0	backend_basetype	backend_dataflow@0x00b0e82c	0x00afbb98	50	0	005bcac9	FUN_005bcac9	0x00b0e82c	backend_dataflow		root_or_new	backend_dataflow.slot_050	backend_basetype__vslot_050	0.78
0x00afc4e0	backend_basetype	backend_dataflow@0x00b0e82c	0x00afbb98	51	0	005bcad2	FUN_005bcad2	0x00b0e82c	backend_dataflow		root_or_new	backend_dataflow.slot_051	backend_basetype__vslot_051	0.78
0x00afc4e0	backend_basetype	backend_dataflow@0x00b0e82c	0x00afbb98	52	0	005bcadc	FUN_005bcadc	0x00b0e82c	backend_dataflow		root_or_new	backend_dataflow.slot_052	backend_basetype__vslot_052	0.78
0x00afc4e0	backend_basetype	backend_dataflow@0x00b0e82c	0x00afbb98	53	0	005bcae5	FUN_005bcae5	0x00b0e82c	backend_dataflow		root_or_new	backend_dataflow.slot_053	backend_basetype__vslot_053	0.78
0x00afc4e0	backend_basetype	backend_dataflow@0x00b0e82c	0x00afbb98	54	0	005bcaee	FUN_005bcaee	0x00b0e82c	backend_dataflow		root_or_new	backend_dataflow.slot_054	backend_basetype__vslot_054	0.78
0x00afc4e0	backend_basetype	backend_dataflow@0x00b0e82c	0x00afbb98	55	0	005bde39	FUN_005bde39	0x00b0e82c	backend_dataflow		root_or_new	backend_dataflow.slot_055	backend_basetype__vslot_055	0.78
0x00afc4e0	backend_basetype	backend_dataflow@0x00b0e82c	0x00afbb98	56	0	005bde42	FUN_005bde42	0x00b0e82c	backend_dataflow		root_or_new	backend_dataflow.slot_056	backend_basetype__vslot_056	0.78
0x00afc4e0	backend_basetype	backend_dataflow@0x00b0e82c	0x00afbb98	57	0	005bde4b	FUN_005bde4b	0x00b0e82c	backend_dataflow		root_or_new	backend_dataflow.slot_057	backend_basetype__vslot_057	0.78
0x00afc4e0	backend_basetype	backend_dataflow@0x00b0e82c	0x00afbb98	58	0	005ba6b7	FUN_005ba6b7	0x00b0e82c	backend_dataflow		root_or_new	backend_dataflow.slot_058	backend_basetype__vslot_058	0.78
0x00afc4e0	backend_basetype	backend_dataflow@0x00b0e82c	0x00afbb98	59	0	005bcaf7	FUN_005bcaf7	0x00b0e82c	backend_dataflow		root_or_new	backend_dataflow.slot_059	backend_basetype__vslot_059	0.78
0x00afc4e0	backend_basetype	backend_dataflow@0x00b0e82c	0x00afbb98	60	0	005bcb00	FUN_005bcb00	0x00b0e82c	backend_dataflow		root_or_new	backend_dataflow.slot_060	backend_basetype__vslot_060	0.78
0x00afc4e0	backend_basetype	backend_dataflow@0x00b0e82c	0x00afbb98	61	0	0072f96d	FUN_0072f96d	0x00b0e82c	backend_dataflow		root_or_new	backend_dataflow.slot_061	backend_basetype__vslot_061	0.78
0x00afc4e0	backend_basetype	backend_dataflow@0x00b0e82c	0x00afbb98	62	0	005ba6c0	FUN_005ba6c0	0x00b0e82c	backend_dataflow		root_or_new	backend_dataflow.slot_062	backend_basetype__vslot_062	0.78
0x00afc4e0	backend_basetype	backend_dataflow@0x00b0e82c	0x00afbb98	63	0	005bca85	FUN_005bca85	0x00b0e82c	backend_dataflow		root_or_new	backend_dataflow.slot_063	backend_basetype__vslot_063	0.78
0x00afc4e0	backend_basetype	backend_dataflow@0x00b0e82c	0x00afbb98	64	0	005bcb05	FUN_005bcb05	0x00b0e82c	backend_dataflow		root_or_new	backend_dataflow.slot_064	backend_basetype__vslot_064	0.78
0x00afc4e0	backend_basetype	backend_dataflow@0x00b0e82c	0x00afbb98	65	0	005ba6c5	FUN_005ba6c5	0x00b0e82c	backend_dataflow		root_or_new	backend_dataflow.slot_065	backend_basetype__vslot_065	0.78
0x00afc4e0	backend_basetype	backend_dataflow@0x00b0e82c	0x00afbb98	66	0	005ba6ce	FUN_005ba6ce	0x00b0e82c	backend_dataflow		root_or_new	backend_dataflow.slot_066	backend_basetype__vslot_066	0.78
0x00afc4e0	backend_basetype	backend_dataflow@0x00b0e82c	0x00afbb98	67	0	005ba6d7	FUN_005ba6d7	0x00b0e82c	backend_dataflow		root_or_new	backend_dataflow.slot_067	backend_basetype__vslot_067	0.78
0x00afc4e0	backend_basetype	backend_dataflow@0x00b0e82c	0x00afbb98	68	0	005ba6e0	FUN_005ba6e0	0x00b0e82c	backend_dataflow		root_or_new	backend_dataflow.slot_068	backend_basetype__vslot_068	0.78
0x00afc4e0	backend_basetype	backend_dataflow@0x00b0e82c	0x00afbb98	69	0	005ba6ea	FUN_005ba6ea	0x00b0e82c	backend_dataflow		root_or_new	backend_dataflow.slot_069	backend_basetype__vslot_069	0.78
0x00afc4e0	backend_basetype	backend_dataflow@0x00b0e82c	0x00afbb98	70	0	005ba6f4	FUN_005ba6f4	0x00b0e82c	backend_dataflow		root_or_new	backend_dataflow.slot_070	backend_basetype__vslot_070	0.78
0x00afc4e0	backend_basetype	backend_dataflow@0x00b0e82c	0x00afbb98	71	0	005ba6fd	FUN_005ba6fd	0x00b0e82c	backend_dataflow		root_or_new	backend_dataflow.slot_071	backend_basetype__vslot_071	0.78
0x00afc4e0	backend_basetype	backend_dataflow@0x00b0e82c	0x00afbb98	72	0	005ba706	FUN_005ba706	0x00b0e82c	backend_dataflow		root_or_new	backend_dataflow.slot_072	backend_basetype__vslot_072	0.78
0x00afc4e0	backend_basetype	backend_dataflow@0x00b0e82c	0x00afbb98	73	0	005ba70f	FUN_005ba70f	0x00b0e82c	backend_dataflow		root_or_new	backend_dataflow.slot_073	backend_basetype__vslot_073	0.78
0x00afc4e0	backend_basetype	backend_dataflow@0x00b0e82c	0x00afbb98	74	0	005ba718	FUN_005ba718	0x00b0e82c	backend_dataflow		root_or_new	backend_dataflow.slot_074	backend_basetype__vslot_074	0.78
0x00afc4e0	backend_basetype	backend_dataflow@0x00b0e82c	0x00afbb98	75	0	005ba71d	FUN_005ba71d	0x00b0e82c	backend_dataflow		root_or_new	backend_dataflow.slot_075	backend_basetype__vslot_075	0.78
0x00afc4e0	backend_basetype	backend_dataflow@0x00b0e82c	0x00afbb98	76	0	005ba722	FUN_005ba722	0x00b0e82c	backend_dataflow		root_or_new	backend_dataflow.slot_076	backend_basetype__vslot_076	0.78
0x00afc4e0	backend_basetype	backend_dataflow@0x00b0e82c	0x00afbb98	77	0	005ba727	FUN_005ba727	0x00b0e82c	backend_dataflow		root_or_new	backend_dataflow.slot_077	backend_basetype__vslot_077	0.78
0x00afc4e0	backend_basetype	backend_dataflow@0x00b0e82c	0x00afbb98	78	0	005ba731	FUN_005ba731	0x00b0e82c	backend_dataflow		root_or_new	backend_dataflow.slot_078	backend_basetype__vslot_078	0.78
0x00afc4e0	backend_basetype	backend_dataflow@0x00b0e82c	0x00afbb98	79	0	005ba73f	FUN_005ba73f	0x00b0e82c	backend_dataflow		root_or_new	backend_dataflow.slot_079	backend_basetype__vslot_079	0.78
0x00afc4e0	backend_basetype	backend_dataflow@0x00b0e82c	0x00afbb98	80	0	005ba748	FUN_005ba748	0x00b0e82c	backend_dataflow		root_or_new	backend_dataflow.slot_080	backend_basetype__vslot_080	0.78
0x00afc4e0	backend_basetype	backend_dataflow@0x00b0e82c	0x00afbb98	81	0	005ba758	FUN_005ba758	0x00b0e82c	backend_dataflow		root_or_new	backend_dataflow.slot_081	backend_basetype__vslot_081	0.78
0x00afc4e0	backend_basetype	backend_dataflow@0x00b0e82c	0x00afbb98	82	0	005bcf2f	FUN_005bcf2f	0x00b0e82c	backend_dataflow		root_or_new	backend_dataflow.slot_082	backend_basetype__vslot_082	0.78
0x00afc4e0	backend_basetype	backend_dataflow@0x00b0e82c	0x00afbb98	83	0	005ba762	FUN_005ba762	0x00b0e82c	backend_dataflow		root_or_new	backend_dataflow.slot_083	backend_basetype__vslot_083	0.78
0x00afc4e0	backend_basetype	backend_dataflow@0x00b0e82c	0x00afbb98	84	0	005ba76b	FUN_005ba76b	0x00b0e82c	backend_dataflow		root_or_new	backend_dataflow.slot_084	backend_basetype__vslot_084	0.78
0x00afc4e0	backend_basetype	backend_dataflow@0x00b0e82c	0x00afbb98	85	0	0077f001	FUN_0077f001	0x00b0e82c	backend_dataflow		root_or_new	backend_dataflow.slot_085	backend_basetype__vslot_085	0.78
0x00afc4e0	backend_basetype	backend_dataflow@0x00b0e82c	0x00afbb98	86	0	0077f05d	FUN_0077f05d	0x00b0e82c	backend_dataflow		root_or_new	backend_dataflow.slot_086	backend_basetype__vslot_086	0.78
0x00afc4e0	backend_basetype	backend_dataflow@0x00b0e82c	0x00afbb98	87	0	005ba770	FUN_005ba770	0x00b0e82c	backend_dataflow		root_or_new	backend_dataflow.slot_087	backend_basetype__vslot_087	0.78
0x00afc4e0	backend_basetype	backend_dataflow@0x00b0e82c	0x00afbb98	88	0	005ba779	FUN_005ba779	0x00b0e82c	backend_dataflow		root_or_new	backend_dataflow.slot_088	backend_basetype__vslot_088	0.78
0x00afc4e0	backend_basetype	backend_dataflow@0x00b0e82c	0x00afbb98	89	0	005ba77e	FUN_005ba77e	0x00b0e82c	backend_dataflow		root_or_new	backend_dataflow.slot_089	backend_basetype__vslot_089	0.78
0x00afc4e0	backend_basetype	backend_dataflow@0x00b0e82c	0x00afbb98	90	0	005ba783	FUN_005ba783	0x00b0e82c	backend_dataflow		root_or_new	backend_dataflow.slot_090	backend_basetype__vslot_090	0.78
0x00afc4e0	backend_basetype	backend_dataflow@0x00b0e82c	0x00afbb98	91	0	005bdbcd	FUN_005bdbcd	0x00b0e82c	backend_dataflow		root_or_new	backend_dataflow.slot_091	backend_basetype__vslot_091	0.78
0x00afc4e0	backend_basetype	backend_dataflow@0x00b0e82c	0x00afbb98	92	0	006cd518	FUN_006cd518	0x00b0e82c	backend_dataflow		root_or_new	backend_dataflow.slot_092	backend_basetype__vslot_092	0.78
0x00afc4e0	backend_basetype	backend_dataflow@0x00b0e82c	0x00afbb98	93	0	005ba78d	FUN_005ba78d	0x00b0e82c	backend_dataflow		root_or_new	backend_dataflow.slot_093	backend_basetype__vslot_093	0.78
0x00afc4e0	backend_basetype	backend_dataflow@0x00b0e82c	0x00afbb98	94	0	006fc36e	FUN_006fc36e	0x00b0e82c	backend_dataflow		root_or_new	backend_dataflow.slot_094	backend_basetype__vslot_094	0.78
0x00afc4e0	backend_basetype	backend_dataflow@0x00b0e82c	0x00afbb98	95	0	006fc4f2	FUN_006fc4f2	0x00b0e82c	backend_dataflow		root_or_new	backend_dataflow.slot_095	backend_basetype__vslot_095	0.78
0x00afc4e0	backend_basetype	backend_dataflow@0x00b0e82c	0x00afbb98	96	0	006c8f2b	FUN_006c8f2b	0x00b0e82c	backend_dataflow		root_or_new	backend_dataflow.slot_096	backend_basetype__vslot_096	0.78
0x00afc4e0	backend_basetype	backend_dataflow@0x00b0e82c	0x00afbb98	97	0	005ba797	FUN_005ba797	0x00b0e82c	backend_dataflow		root_or_new	backend_dataflow.slot_097	backend_basetype__vslot_097	0.78
0x00afc4e0	backend_basetype	backend_dataflow@0x00b0e82c	0x00afbb98	98	0	005ba7a5	FUN_005ba7a5	0x00b0e82c	backend_dataflow		root_or_new	backend_dataflow.slot_098	backend_basetype__vslot_098	0.78
0x00afc4e0	backend_basetype	backend_dataflow@0x00b0e82c	0x00afbb98	99	0	005ba7b3	FUN_005ba7b3	0x00b0e82c	backend_dataflow		root_or_new	backend_dataflow.slot_099	backend_basetype__vslot_099	0.78
0x00afc4e0	backend_basetype	backend_dataflow@0x00b0e82c	0x00afbb98	100	0	005ba7c1	FUN_005ba7c1	0x00b0e82c	backend_dataflow		root_or_new	backend_dataflow.slot_100	backend_basetype__vslot_100	0.78
0x00afc4e0	backend_basetype	backend_dataflow@0x00b0e82c	0x00afbb98	101	0	005bd9df	FUN_005bd9df	0x00b0e82c	backend_dataflow		root_or_new	backend_dataflow.slot_101	backend_basetype__vslot_101	0.78
0x00afc4e0	backend_basetype	backend_dataflow@0x00b0e82c	0x00afbb98	102	0	005bd9e8	FUN_005bd9e8	0x00b0e82c	backend_dataflow		root_or_new	backend_dataflow.slot_102	backend_basetype__vslot_102	0.78
0x00afc4e0	backend_basetype	backend_dataflow@0x00b0e82c	0x00afbb98	103	0	005ba7cf	FUN_005ba7cf	0x00b0e82c	backend_dataflow		root_or_new	backend_dataflow.slot_103	backend_basetype__vslot_103	0.78
0x00afc4e0	backend_basetype	backend_dataflow@0x00b0e82c	0x00afbb98	104	0	005ba7de	FUN_005ba7de	0x00b0e82c	backend_dataflow		root_or_new	backend_dataflow.slot_104	backend_basetype__vslot_104	0.78
0x00afc4e0	backend_basetype	backend_dataflow@0x00b0e82c	0x00afbb98	105	0	005ba7e8	FUN_005ba7e8	0x00b0e82c	backend_dataflow		root_or_new	backend_dataflow.slot_105	backend_basetype__vslot_105	0.78
0x00afc4e0	backend_basetype	backend_dataflow@0x00b0e82c	0x00afbb98	106	0	005ba852	FUN_005ba852	0x00b0e82c	backend_dataflow		root_or_new	backend_dataflow.slot_106	backend_basetype__vslot_106	0.78
0x00afc4e0	backend_basetype	backend_dataflow@0x00b0e82c	0x00afbb98	107	0	005ba860	FUN_005ba860	0x00b0e82c	backend_dataflow		root_or_new	backend_dataflow.slot_107	backend_basetype__vslot_107	0.78
0x00afc4e0	backend_basetype	backend_dataflow@0x00b0e82c	0x00afbb98	108	0	005ba86e	FUN_005ba86e	0x00b0e82c	backend_dataflow		root_or_new	backend_dataflow.slot_108	backend_basetype__vslot_108	0.78
0x00afc4e0	backend_basetype	backend_dataflow@0x00b0e82c	0x00afbb98	109	0	005ba87c	FUN_005ba87c	0x00b0e82c	backend_dataflow		root_or_new	backend_dataflow.slot_109	backend_basetype__vslot_109	0.78
0x00afc4e0	backend_basetype	backend_dataflow@0x00b0e82c	0x00afbb98	110	0	005bcb18	FUN_005bcb18	0x00b0e82c	backend_dataflow		root_or_new	backend_dataflow.slot_110	backend_basetype__vslot_110	0.78
0x00afc4e0	backend_basetype	backend_dataflow@0x00b0e82c	0x00afbb98	111	0	005bcb51	FUN_005bcb51	0x00b0e82c	backend_dataflow		root_or_new	backend_dataflow.slot_111	backend_basetype__vslot_111	0.78
0x00afc4e0	backend_basetype	backend_dataflow@0x00b0e82c	0x00afbb98	112	0	005bdbaa	FUN_005bdbaa	0x00b0e82c	backend_dataflow		root_or_new	backend_dataflow.slot_112	backend_basetype__vslot_112	0.78
0x00afc4e0	backend_basetype	backend_dataflow@0x00b0e82c	0x00afbb98	113	0	00739d9d	FUN_00739d9d	0x00b0e82c	backend_dataflow		root_or_new	backend_dataflow.slot_113	backend_basetype__vslot_113	0.78
0x00afc4e0	backend_basetype	backend_dataflow@0x00b0e82c	0x00afbb98	114	0	005bcb13	FUN_005bcb13	0x00b0e82c	backend_dataflow		root_or_new	backend_dataflow.slot_114	backend_basetype__vslot_114	0.78
0x00afc4e0	backend_basetype	backend_dataflow@0x00b0e82c	0x00afbb98	115	0	005bccd3	FUN_005bccd3	0x00b0e82c	backend_dataflow		root_or_new	backend_dataflow.slot_115	backend_basetype__vslot_115	0.78
0x00afc4e0	backend_basetype	backend_dataflow@0x00b0e82c	0x00afbb98	116	0	005bcb0a	FUN_005bcb0a	0x00b0e82c	backend_dataflow		root_or_new	backend_dataflow.slot_116	backend_basetype__vslot_116	0.78
0x00afc4e0	backend_basetype	backend_dataflow@0x00b0e82c	0x00afbb98	117	0	005ba88a	FUN_005ba88a	0x00b0e82c	backend_dataflow		root_or_new	backend_dataflow.slot_117	backend_basetype__vslot_117	0.78
0x00afc4e0	backend_basetype	backend_dataflow@0x00b0e82c	0x00afbb98	118	0	005bccd8	FUN_005bccd8	0x00b0e82c	backend_dataflow		root_or_new	backend_dataflow.slot_118	backend_basetype__vslot_118	0.78
0x00afc4e0	backend_basetype	backend_dataflow@0x00b0e82c	0x00afbb98	119	0	005bcce1	FUN_005bcce1	0x00b0e82c	backend_dataflow		root_or_new	backend_dataflow.slot_119	backend_basetype__vslot_119	0.78
0x00afc4e0	backend_basetype	backend_dataflow@0x00b0e82c	0x00afbb98	120	0	005ba893	FUN_005ba893	0x00b0e82c	backend_dataflow		root_or_new	backend_dataflow.slot_120	backend_basetype__vslot_120	0.78
0x00afc4e0	backend_basetype	backend_dataflow@0x00b0e82c	0x00afbb98	121	0	005ba89c	FUN_005ba89c	0x00b0e82c	backend_dataflow		root_or_new	backend_dataflow.slot_121	backend_basetype__vslot_121	0.78
0x00afc4e0	backend_basetype	backend_dataflow@0x00b0e82c	0x00afbb98	122	0	005ba8a5	FUN_005ba8a5	0x00b0e82c	backend_dataflow		root_or_new	backend_dataflow.slot_122	backend_basetype__vslot_122	0.78
0x00afc4e0	backend_basetype	backend_dataflow@0x00b0e82c	0x00afbb98	123	0	005ba8ae	FUN_005ba8ae	0x00b0e82c	backend_dataflow		root_or_new	backend_dataflow.slot_123	backend_basetype__vslot_123	0.78
0x00afc4e0	backend_basetype	backend_dataflow@0x00b0e82c	0x00afbb98	124	0	005ba8b7	FUN_005ba8b7	0x00b0e82c	backend_dataflow		root_or_new	backend_dataflow.slot_124	backend_basetype__vslot_124	0.78
0x00afc4e0	backend_basetype	backend_dataflow@0x00b0e82c	0x00afbb98	125	0	005ba8c0	FUN_005ba8c0	0x00b0e82c	backend_dataflow		root_or_new	backend_dataflow.slot_125	backend_basetype__vslot_125	0.78
0x00afc4e0	backend_basetype	backend_dataflow@0x00b0e82c	0x00afbb98	126	0	005ba8c9	FUN_005ba8c9	0x00b0e82c	backend_dataflow		root_or_new	backend_dataflow.slot_126	backend_basetype__vslot_126	0.78
0x00afc4e0	backend_basetype	backend_dataflow@0x00b0e82c	0x00afbb98	127	0	005bde20	FUN_005bde20	0x00b0e82c	backend_dataflow		root_or_new	backend_dataflow.slot_127	backend_basetype__vslot_127	0.78
0x00afc4e0	backend_basetype	backend_dataflow@0x00b0e82c	0x00afbb98	128	0	005ba8d2	FUN_005ba8d2	0x00b0e82c	backend_dataflow		root_or_new	backend_dataflow.slot_128	backend_basetype__vslot_128	0.78
0x00afc4e0	backend_basetype	backend_dataflow@0x00b0e82c	0x00afbb98	129	0	005ba935	FUN_005ba935	0x00b0e82c	backend_dataflow		root_or_new	backend_dataflow.slot_129	backend_basetype__vslot_129	0.78
0x00afc4e0	backend_basetype	backend_dataflow@0x00b0e82c	0x00afbb98	130	0	005bccea	FUN_005bccea	0x00b0e82c	backend_dataflow		root_or_new	backend_dataflow.slot_130	backend_basetype__vslot_130	0.78
0x00afc4e0	backend_basetype	backend_dataflow@0x00b0e82c	0x00afbb98	131	0	005bce00	FUN_005bce00	0x00b0e82c	backend_dataflow		root_or_new	backend_dataflow.slot_131	backend_basetype__vslot_131	0.78
0x00afc4e0	backend_basetype	backend_dataflow@0x00b0e82c	0x00afbb98	132	0	005ba93a	FUN_005ba93a	0x00b0e82c	backend_dataflow		root_or_new	backend_dataflow.slot_132	backend_basetype__vslot_132	0.78
0x00afc4e0	backend_basetype	backend_dataflow@0x00b0e82c	0x00afbb98	133	0	005bce2d	FUN_005bce2d	0x00b0e82c	backend_dataflow		root_or_new	backend_dataflow.slot_133	backend_basetype__vslot_133	0.78
0x00afc4e0	backend_basetype	backend_dataflow@0x00b0e82c	0x00afbb98	134	0	005bce7d	FUN_005bce7d	0x00b0e82c	backend_dataflow		root_or_new	backend_dataflow.slot_134	backend_basetype__vslot_134	0.78
0x00afc4e0	backend_basetype	backend_dataflow@0x00b0e82c	0x00afbb98	135	0	005bceca	FUN_005bceca	0x00b0e82c	backend_dataflow		root_or_new	backend_dataflow.slot_135	backend_basetype__vslot_135	0.78
0x00afc4e0	backend_basetype	backend_dataflow@0x00b0e82c	0x00afbb98	136	0	005bcecf	FUN_005bcecf	0x00b0e82c	backend_dataflow		root_or_new	backend_dataflow.slot_136	backend_basetype__vslot_136	0.78
0x00afc4e0	backend_basetype	backend_dataflow@0x00b0e82c	0x00afbb98	137	0	005bcef3	FUN_005bcef3	0x00b0e82c	backend_dataflow		root_or_new	backend_dataflow.slot_137	backend_basetype__vslot_137	0.78
0x00afc4e0	backend_basetype	backend_dataflow@0x00b0e82c	0x00afbb98	138	0	005ba943	FUN_005ba943	0x00b0e82c	backend_dataflow		root_or_new	backend_dataflow.slot_138	backend_basetype__vslot_138	0.78
0x00afc4e0	backend_basetype	backend_dataflow@0x00b0e82c	0x00afbb98	139	0	005bd353	FUN_005bd353	0x00b0e82c	backend_dataflow		root_or_new	backend_dataflow.slot_139	backend_basetype__vslot_139	0.78
0x00afc4e0	backend_basetype	backend_dataflow@0x00b0e82c	0x00afbb98	140	0	005ba94c	FUN_005ba94c	0x00b0e82c	backend_dataflow		root_or_new	backend_dataflow.slot_140	backend_basetype__vslot_140	0.78
0x00afc4e0	backend_basetype	backend_dataflow@0x00b0e82c	0x00afbb98	141	0	005ba951	FUN_005ba951	0x00b0e82c	backend_dataflow		root_or_new	backend_dataflow.slot_141	backend_basetype__vslot_141	0.78
0x00afc4e0	backend_basetype	backend_dataflow@0x00b0e82c	0x00afbb98	142	0	005ba956	FUN_005ba956	0x00b0e82c	backend_dataflow		root_or_new	backend_dataflow.slot_142	backend_basetype__vslot_142	0.78
0x00afc4e0	backend_basetype	backend_dataflow@0x00b0e82c	0x00afbb98	143	0	005ba95b	FUN_005ba95b	0x00b0e82c	backend_dataflow		root_or_new	backend_dataflow.slot_143	backend_basetype__vslot_143	0.78
0x00afc4e0	backend_basetype	backend_dataflow@0x00b0e82c	0x00afbb98	144	0	005ba960	FUN_005ba960	0x00b0e82c	backend_dataflow		root_or_new	backend_dataflow.slot_144	backend_basetype__vslot_144	0.78
0x00afc4e0	backend_basetype	backend_dataflow@0x00b0e82c	0x00afbb98	145	0	005ba965	FUN_005ba965	0x00b0e82c	backend_dataflow		root_or_new	backend_dataflow.slot_145	backend_basetype__vslot_145	0.78
0x00afc4e0	backend_basetype	backend_dataflow@0x00b0e82c	0x00afbb98	146	0	005ba974	FUN_005ba974	0x00b0e82c	backend_dataflow		root_or_new	backend_dataflow.slot_146	backend_basetype__vslot_146	0.78
0x00afc4e0	backend_basetype	backend_dataflow@0x00b0e82c	0x00afbb98	147	0	005ba979	FUN_005ba979	0x00b0e82c	backend_dataflow		root_or_new	backend_dataflow.slot_147	backend_basetype__vslot_147	0.78
0x00afc4e0	backend_basetype	backend_dataflow@0x00b0e82c	0x00afbb98	148	0	005ba97e	FUN_005ba97e	0x00b0e82c	backend_dataflow		root_or_new	backend_dataflow.slot_148	backend_basetype__vslot_148	0.78
0x00afc4e0	backend_basetype	backend_dataflow@0x00b0e82c	0x00afbb98	149	0	0073bd67	FUN_0073bd67	0x00b0e82c	backend_dataflow		root_or_new	backend_dataflow.slot_149	backend_basetype__vslot_149	0.78
0x00afc4e0	backend_basetype	backend_dataflow@0x00b0e82c	0x00afbb98	150	0	0073befc	FUN_0073befc	0x00b0e82c	backend_dataflow		root_or_new	backend_dataflow.slot_150	backend_basetype__vslot_150	0.78
0x00afc4e0	backend_basetype	backend_dataflow@0x00b0e82c	0x00afbb98	151	0	0073c694	FUN_0073c694	0x00b0e82c	backend_dataflow		root_or_new	backend_dataflow.slot_151	backend_basetype__vslot_151	0.78
0x00afc4e0	backend_basetype	backend_dataflow@0x00b0e82c	0x00afbb98	152	0	005ba988	FUN_005ba988	0x00b0e82c	backend_dataflow		root_or_new	backend_dataflow.slot_152	backend_basetype__vslot_152	0.78
0x00afc4e0	backend_basetype	backend_dataflow@0x00b0e82c	0x00afbb98	153	0	005ba991	FUN_005ba991	0x00b0e82c	backend_dataflow		root_or_new	backend_dataflow.slot_153	backend_basetype__vslot_153	0.78
0x00afc4e0	backend_basetype	backend_dataflow@0x00b0e82c	0x00afbb98	154	0	005ba99b	FUN_005ba99b	0x00b0e82c	backend_dataflow		root_or_new	backend_dataflow.slot_154	backend_basetype__vslot_154	0.78
0x00afc4e0	backend_basetype	backend_dataflow@0x00b0e82c	0x00afbb98	155	0	0073e08f	FUN_0073e08f	0x00b0e82c	backend_dataflow		root_or_new	backend_dataflow.slot_155	backend_basetype__vslot_155	0.78
0x00afc4e0	backend_basetype	backend_dataflow@0x00b0e82c	0x00afbb98	156	0	0073ef61	FUN_0073ef61	0x00b0e82c	backend_dataflow		root_or_new	backend_dataflow.slot_156	backend_basetype__vslot_156	0.78
0x00afc4e0	backend_basetype	backend_dataflow@0x00b0e82c	0x00afbb98	157	0	0073f585	FUN_0073f585	0x00b0e82c	backend_dataflow		root_or_new	backend_dataflow.slot_157	backend_basetype__vslot_157	0.78
0x00afc4e0	backend_basetype	backend_dataflow@0x00b0e82c	0x00afbb98	158	0	0073ea02	FUN_0073ea02	0x00b0e82c	backend_dataflow		root_or_new	backend_dataflow.slot_158	backend_basetype__vslot_158	0.78
0x00afc4e0	backend_basetype	backend_dataflow@0x00b0e82c	0x00afbb98	159	0	005ba9a5	FUN_005ba9a5	0x00b0e82c	backend_dataflow		root_or_new	backend_dataflow.slot_159	backend_basetype__vslot_159	0.78
0x00afc4e0	backend_basetype	backend_dataflow@0x00b0e82c	0x00afbb98	160	0	005ba9af	FUN_005ba9af	0x00b0e82c	backend_dataflow		root_or_new	backend_dataflow.slot_160	backend_basetype__vslot_160	0.78
0x00afc4e0	backend_basetype	backend_dataflow@0x00b0e82c	0x00afbb98	161	0	005ba9b9	FUN_005ba9b9	0x00b0e82c	backend_dataflow		root_or_new	backend_dataflow.slot_161	backend_basetype__vslot_161	0.78
0x00afc4e0	backend_basetype	backend_dataflow@0x00b0e82c	0x00afbb98	162	0	005ba9be	FUN_005ba9be	0x00b0e82c	backend_dataflow		root_or_new	backend_dataflow.slot_162	backend_basetype__vslot_162	0.78
0x00afc4e0	backend_basetype	backend_dataflow@0x00b0e82c	0x00afbb98	163	0	005ba9c3	FUN_005ba9c3	0x00b0e82c	backend_dataflow		root_or_new	backend_dataflow.slot_163	backend_basetype__vslot_163	0.78
0x00afc4e0	backend_basetype	backend_dataflow@0x00b0e82c	0x00afbb98	164	0	005ba9c8	FUN_005ba9c8	0x00b0e82c	backend_dataflow		root_or_new	backend_dataflow.slot_164	backend_basetype__vslot_164	0.78
0x00afc4e0	backend_basetype	backend_dataflow@0x00b0e82c	0x00afbb98	165	0	005bd358	FUN_005bd358	0x00b0e82c	backend_dataflow		root_or_new	backend_dataflow.slot_165	backend_basetype__vslot_165	0.78
0x00afc4e0	backend_basetype	backend_dataflow@0x00b0e82c	0x00afbb98	166	0	005bd6a3	FUN_005bd6a3	0x00b0e82c	backend_dataflow		root_or_new	backend_dataflow.slot_166	backend_basetype__vslot_166	0.78
0x00afc4e0	backend_basetype	backend_dataflow@0x00b0e82c	0x00afbb98	167	0	005bd73a	FUN_005bd73a	0x00b0e82c	backend_dataflow		root_or_new	backend_dataflow.slot_167	backend_basetype__vslot_167	0.78
0x00afc4e0	backend_basetype	backend_dataflow@0x00b0e82c	0x00afbb98	168	0	005bd82a	FUN_005bd82a	0x00b0e82c	backend_dataflow		root_or_new	backend_dataflow.slot_168	backend_basetype__vslot_168	0.78
0x00afc4e0	backend_basetype	backend_dataflow@0x00b0e82c	0x00afbb98	169	0	005bca1d	FUN_005bca1d	0x00b0e82c	backend_dataflow		root_or_new	backend_dataflow.slot_169	backend_basetype__vslot_169	0.78
0x00afc4e0	backend_basetype	backend_dataflow@0x00b0e82c	0x00afbb98	170	0	005bca2c	FUN_005bca2c	0x00b0e82c	backend_dataflow		root_or_new	backend_dataflow.slot_170	backend_basetype__vslot_170	0.78
0x00afc4e0	backend_basetype	backend_dataflow@0x00b0e82c	0x00afbb98	171	0	005bca3b	FUN_005bca3b	0x00b0e82c	backend_dataflow		root_or_new	backend_dataflow.slot_171	backend_basetype__vslot_171	0.78
0x00afc4e0	backend_basetype	backend_dataflow@0x00b0e82c	0x00afbb98	172	0	005bca4a	FUN_005bca4a	0x00b0e82c	backend_dataflow		root_or_new	backend_dataflow.slot_172	backend_basetype__vslot_172	0.78
0x00afc4e0	backend_basetype	backend_dataflow@0x00b0e82c	0x00afbb98	173	0	005bd393	FUN_005bd393	0x00b0e82c	backend_dataflow		root_or_new	backend_dataflow.slot_173	backend_basetype__vslot_173	0.78
0x00afc4e0	backend_basetype	backend_dataflow@0x00b0e82c	0x00afbb98	174	0	005bd398	FUN_005bd398	0x00b0e82c	backend_dataflow		root_or_new	backend_dataflow.slot_174	backend_basetype__vslot_174	0.78
0x00afc4e0	backend_basetype	backend_dataflow@0x00b0e82c	0x00afbb98	175	0	005bd3a0	FUN_005bd3a0	0x00b0e82c	backend_dataflow		root_or_new	backend_dataflow.slot_175	backend_basetype__vslot_175	0.78
0x00afc4e0	backend_basetype	backend_dataflow@0x00b0e82c	0x00afbb98	176	0	005bd3a9	FUN_005bd3a9	0x00b0e82c	backend_dataflow		root_or_new	backend_dataflow.slot_176	backend_basetype__vslot_176	0.78
0x00afc4e0	backend_basetype	backend_dataflow@0x00b0e82c	0x00afbb98	177	0	005bd3b2	FUN_005bd3b2	0x00b0e82c	backend_dataflow		root_or_new	backend_dataflow.slot_177	backend_basetype__vslot_177	0.78
0x00afc4e0	backend_basetype	backend_dataflow@0x00b0e82c	0x00afbb98	178	0	005bd3bb	FUN_005bd3bb	0x00b0e82c	backend_dataflow		root_or_new	backend_dataflow.slot_178	backend_basetype__vslot_178	0.78
0x00afc4e0	backend_basetype	backend_dataflow@0x00b0e82c	0x00afbb98	179	0	005bd3c5	FUN_005bd3c5	0x00b0e82c	backend_dataflow		root_or_new	backend_dataflow.slot_179	backend_basetype__vslot_179	0.78
0x00afc4e0	backend_basetype	backend_dataflow@0x00b0e82c	0x00afbb98	180	0	005bd3ca	FUN_005bd3ca	0x00b0e82c	backend_dataflow		root_or_new	backend_dataflow.slot_180	backend_basetype__vslot_180	0.78
0x00afc4e0	backend_basetype	backend_dataflow@0x00b0e82c	0x00afbb98	181	0	005bd3cf	FUN_005bd3cf	0x00b0e82c	backend_dataflow		root_or_new	backend_dataflow.slot_181	backend_basetype__vslot_181	0.78
0x00afc4e0	backend_basetype	backend_dataflow@0x00b0e82c	0x00afbb98	182	0	005ba9d2	FUN_005ba9d2	0x00b0e82c	backend_dataflow		root_or_new	backend_dataflow.slot_182	backend_basetype__vslot_182	0.78
0x00afc4e0	backend_basetype	backend_dataflow@0x00b0e82c	0x00afbb98	183	0	005bd3d8	FUN_005bd3d8	0x00b0e82c	backend_dataflow		root_or_new	backend_dataflow.slot_183	backend_basetype__vslot_183	0.78
0x00afc4e0	backend_basetype	backend_dataflow@0x00b0e82c	0x00afbb98	184	0	005bd3dd	FUN_005bd3dd	0x00b0e82c	backend_dataflow		root_or_new	backend_dataflow.slot_184	backend_basetype__vslot_184	0.78
0x00afc4e0	backend_basetype	backend_dataflow@0x00b0e82c	0x00afbb98	185	0	005bd3e7	FUN_005bd3e7	0x00b0e82c	backend_dataflow		root_or_new	backend_dataflow.slot_185	backend_basetype__vslot_185	0.78
0x00afc4e0	backend_basetype	backend_dataflow@0x00b0e82c	0x00afbb98	186	0	005bd65c	FUN_005bd65c	0x00b0e82c	backend_dataflow		root_or_new	backend_dataflow.slot_186	backend_basetype__vslot_186	0.78
0x00afc4e0	backend_basetype	backend_dataflow@0x00b0e82c	0x00afbb98	187	0	005ba9d7	FUN_005ba9d7	0x00b0e82c	backend_dataflow		root_or_new	backend_dataflow.slot_187	backend_basetype__vslot_187	0.78
0x00afc4e0	backend_basetype	backend_dataflow@0x00b0e82c	0x00afbb98	188	0	005ba9dc	FUN_005ba9dc	0x00b0e82c	backend_dataflow		root_or_new	backend_dataflow.slot_188	backend_basetype__vslot_188	0.78
0x00afc4e0	backend_basetype	backend_dataflow@0x00b0e82c	0x00afbb98	189	0	005ba9e6	FUN_005ba9e6	0x00b0e82c	backend_dataflow		root_or_new	backend_dataflow.slot_189	backend_basetype__vslot_189	0.78
0x00afc4e0	backend_basetype	backend_dataflow@0x00b0e82c	0x00afbb98	190	0	005ba9eb	FUN_005ba9eb	0x00b0e82c	backend_dataflow		root_or_new	backend_dataflow.slot_190	backend_basetype__vslot_190	0.78
0x00afc4e0	backend_basetype	backend_dataflow@0x00b0e82c	0x00afbb98	191	0	005ba9f3	FUN_005ba9f3	0x00b0e82c	backend_dataflow		root_or_new	backend_dataflow.slot_191	backend_basetype__vslot_191	0.78
0x00afc4e0	backend_basetype	backend_dataflow@0x00b0e82c	0x00afbb98	192	0	005ba9fc	FUN_005ba9fc	0x00b0e82c	backend_dataflow		root_or_new	backend_dataflow.slot_192	backend_basetype__vslot_192	0.78
0x00afc4e0	backend_basetype	backend_dataflow@0x00b0e82c	0x00afbb98	193	0	005baa05	FUN_005baa05	0x00b0e82c	backend_dataflow		root_or_new	backend_dataflow.slot_193	backend_basetype__vslot_193	0.78
0x00afc4e0	backend_basetype	backend_dataflow@0x00b0e82c	0x00afbb98	194	0	005bd89d	FUN_005bd89d	0x00b0e82c	backend_dataflow		root_or_new	backend_dataflow.slot_194	backend_basetype__vslot_194	0.78
0x00afc4e0	backend_basetype	backend_dataflow@0x00b0e82c	0x00afbb98	195	0	005baa0e	FUN_005baa0e	0x00b0e82c	backend_dataflow		root_or_new	backend_dataflow.slot_195	backend_basetype__vslot_195	0.78
0x00afc4e0	backend_basetype	backend_dataflow@0x00b0e82c	0x00afbb98	196	0	005bd972	FUN_005bd972	0x00b0e82c	backend_dataflow		root_or_new	backend_dataflow.slot_196	backend_basetype__vslot_196	0.78
0x00afc4e0	backend_basetype	backend_dataflow@0x00b0e82c	0x00afbb98	197	0	005bd9f1	FUN_005bd9f1	0x00b0e82c	backend_dataflow		root_or_new	backend_dataflow.slot_197	backend_basetype__vslot_197	0.78
0x00afc4e0	backend_basetype	backend_dataflow@0x00b0e82c	0x00afbb98	198	0	005baa18	FUN_005baa18	0x00b0e82c	backend_dataflow		root_or_new	backend_dataflow.slot_198	backend_basetype__vslot_198	0.78
0x00afc4e0	backend_basetype	backend_dataflow@0x00b0e82c	0x00afbb98	199	0	005bda6a	FUN_005bda6a	0x00b0e82c	backend_dataflow		root_or_new	backend_dataflow.slot_199	backend_basetype__vslot_199	0.78
0x00afc4e0	backend_basetype	backend_dataflow@0x00b0e82c	0x00afbb98	200	0	005baa21	FUN_005baa21	0x00b0e82c	backend_dataflow		root_or_new	backend_dataflow.slot_200	backend_basetype__vslot_200	0.78
0x00afc4e0	backend_basetype	backend_dataflow@0x00b0e82c	0x00afbb98	201	0	005baa2d	FUN_005baa2d	0x00b0e82c	backend_dataflow		root_or_new	backend_dataflow.slot_201	backend_basetype__vslot_201	0.78
0x00afc4e0	backend_basetype	backend_dataflow@0x00b0e82c	0x00afbb98	202	0	005baa36	FUN_005baa36	0x00b0e82c	backend_dataflow		root_or_new	backend_dataflow.slot_202	backend_basetype__vslot_202	0.78
0x00afc4e0	backend_basetype	backend_dataflow@0x00b0e82c	0x00afbb98	203	0	005baa40	FUN_005baa40	0x00b0e82c	backend_dataflow		root_or_new	backend_dataflow.slot_203	backend_basetype__vslot_203	0.78
0x00afc4e0	backend_basetype	backend_dataflow@0x00b0e82c	0x00afbb98	204	0	005baa4a	FUN_005baa4a	0x00b0e82c	backend_dataflow		root_or_new	backend_dataflow.slot_204	backend_basetype__vslot_204	0.78
0x00afc4e0	backend_basetype	backend_dataflow@0x00b0e82c	0x00afbb98	205	0	005baa4f	FUN_005baa4f	0x00b0e82c	backend_dataflow		root_or_new	backend_dataflow.slot_205	backend_basetype__vslot_205	0.78
0x00afc4e0	backend_basetype	backend_dataflow@0x00b0e82c	0x00afbb98	206	0	005bd98d	FUN_005bd98d	0x00b0e82c	backend_dataflow		root_or_new	backend_dataflow.slot_206	backend_basetype__vslot_206	0.78
0x00afc4e0	backend_basetype	backend_dataflow@0x00b0e82c	0x00afbb98	207	0	005baa54	FUN_005baa54	0x00b0e82c	backend_dataflow		root_or_new	backend_dataflow.slot_207	backend_basetype__vslot_207	0.78
0x00afc4e0	backend_basetype	backend_dataflow@0x00b0e82c	0x00afbb98	208	0	005baa59	FUN_005baa59	0x00b0e82c	backend_dataflow		root_or_new	backend_dataflow.slot_208	backend_basetype__vslot_208	0.78
0x00afc4e0	backend_basetype	backend_dataflow@0x00b0e82c	0x00afbb98	209	0	005baa62	FUN_005baa62	0x00b0e82c	backend_dataflow		root_or_new	backend_dataflow.slot_209	backend_basetype__vslot_209	0.78
0x00afc4e0	backend_basetype	backend_dataflow@0x00b0e82c	0x00afbb98	210	0	005bdb08	FUN_005bdb08	0x00b0e82c	backend_dataflow		root_or_new	backend_dataflow.slot_210	backend_basetype__vslot_210	0.78
0x00afc4e0	backend_basetype	backend_dataflow@0x00b0e82c	0x00afbb98	211	0	005baa6b	FUN_005baa6b	0x00b0e82c	backend_dataflow		root_or_new	backend_dataflow.slot_211	backend_basetype__vslot_211	0.78
0x00afc4e0	backend_basetype	backend_dataflow@0x00b0e82c	0x00afbb98	212	0	004e2d50	FUN_004e2d50	0x00b0e82c	backend_dataflow		root_or_new	backend_dataflow.slot_212	backend_basetype__vslot_212	0.78
0x00afc4e0	backend_basetype	backend_dataflow@0x00b0e82c	0x00afbb98	213	0	005baa75	FUN_005baa75	0x00b0e82c	backend_dataflow		root_or_new	backend_dataflow.slot_213	backend_basetype__vslot_213	0.78
0x00afc4e0	backend_basetype	backend_dataflow@0x00b0e82c	0x00afbb98	214	0	005baa7a	FUN_005baa7a	0x00b0e82c	backend_dataflow		root_or_new	backend_dataflow.slot_214	backend_basetype__vslot_214	0.78
0x00afc4e0	backend_basetype	backend_dataflow@0x00b0e82c	0x00afbb98	215	0	005baa83	FUN_005baa83	0x00b0e82c	backend_dataflow		root_or_new	backend_dataflow.slot_215	backend_basetype__vslot_215	0.78
0x00afc4e0	backend_basetype	backend_dataflow@0x00b0e82c	0x00afbb98	216	0	005bdd08	FUN_005bdd08	0x00b0e82c	backend_dataflow		root_or_new	backend_dataflow.slot_216	backend_basetype__vslot_216	0.78
0x00afc4e0	backend_basetype	backend_dataflow@0x00b0e82c	0x00afbb98	217	0	005baa88	FUN_005baa88	0x00b0e82c	backend_dataflow		root_or_new	backend_dataflow.slot_217	backend_basetype__vslot_217	0.78
0x00afc4e0	backend_basetype	backend_dataflow@0x00b0e82c	0x00afbb98	218	0	005baa91	FUN_005baa91	0x00b0e82c	backend_dataflow		root_or_new	backend_dataflow.slot_218	backend_basetype__vslot_218	0.78
0x00afc4e0	backend_basetype	backend_dataflow@0x00b0e82c	0x00afbb98	219	0	005baa9a	FUN_005baa9a	0x00b0e82c	backend_dataflow		root_or_new	backend_dataflow.slot_219	backend_basetype__vslot_219	0.78
0x00afc4e0	backend_basetype	backend_dataflow@0x00b0e82c	0x00afbb98	220	0	005baaa3	FUN_005baaa3	0x00b0e82c	backend_dataflow		root_or_new	backend_dataflow.slot_220	backend_basetype__vslot_220	0.78
0x00afc4e0	backend_basetype	backend_dataflow@0x00b0e82c	0x00afbb98	221	0	005baaad	FUN_005baaad	0x00b0e82c	backend_dataflow		root_or_new	backend_dataflow.slot_221	backend_basetype__vslot_221	0.78
0x00afc4e0	backend_basetype	backend_dataflow@0x00b0e82c	0x00afbb98	222	0	005baab2	FUN_005baab2	0x00b0e82c	backend_dataflow		root_or_new	backend_dataflow.slot_222	backend_basetype__vslot_222	0.78
0x00afc4e0	backend_basetype	backend_dataflow@0x00b0e82c	0x00afbb98	223	0	005baabc	FUN_005baabc	0x00b0e82c	backend_dataflow		root_or_new	backend_dataflow.slot_223	backend_basetype__vslot_223	0.78
0x00afc4e0	backend_basetype	backend_dataflow@0x00b0e82c	0x00afbb98	224	0	005baac6	FUN_005baac6	0x00b0e82c	backend_dataflow		root_or_new	backend_dataflow.slot_224	backend_basetype__vslot_224	0.78
0x00afc4e0	backend_basetype	backend_dataflow@0x00b0e82c	0x00afbb98	225	0	005baacf	FUN_005baacf	0x00b0e82c	backend_dataflow		root_or_new	backend_dataflow.slot_225	backend_basetype__vslot_225	0.78
0x00afc4e0	backend_basetype	backend_dataflow@0x00b0e82c	0x00afbb98	226	0	005baad4	FUN_005baad4	0x00b0e82c	backend_dataflow		root_or_new	backend_dataflow.slot_226	backend_basetype__vslot_226	0.78
0x00afc4e0	backend_basetype	backend_dataflow@0x00b0e82c	0x00afbb98	227	0	005baad9	FUN_005baad9	0x00b0e82c	backend_dataflow		root_or_new	backend_dataflow.slot_227	backend_basetype__vslot_227	0.78
0x00afc4e0	backend_basetype	backend_dataflow@0x00b0e82c	0x00afbb98	228	0	005baade	FUN_005baade	0x00b0e82c	backend_dataflow		root_or_new	backend_dataflow.slot_228	backend_basetype__vslot_228	0.78
0x00afc4e0	backend_basetype	backend_dataflow@0x00b0e82c	0x00afbb98	229	0	0074249b	FUN_0074249b	0x00b0e82c	backend_dataflow		root_or_new	backend_dataflow.slot_229	backend_basetype__vslot_229	0.78
0x00afc4e0	backend_basetype	backend_dataflow@0x00b0e82c	0x00afbb98	230	0	005baae7	FUN_005baae7	0x00b0e82c	backend_dataflow		root_or_new	backend_dataflow.slot_230	backend_basetype__vslot_230	0.78
0x00afc4e0	backend_basetype	backend_dataflow@0x00b0e82c	0x00afbb98	231	0	005baaf0	FUN_005baaf0	0x00b0e82c	backend_dataflow		root_or_new	backend_dataflow.slot_231	backend_basetype__vslot_231	0.78
0x00afc4e0	backend_basetype	backend_dataflow@0x00b0e82c	0x00afbb98	232	0	005baaff	FUN_005baaff	0x00b0e82c	backend_dataflow		root_or_new	backend_dataflow.slot_232	backend_basetype__vslot_232	0.78
0x00afc4e0	backend_basetype	backend_dataflow@0x00b0e82c	0x00afbb98	233	0	005bab08	FUN_005bab08	0x00b0e82c	backend_dataflow		root_or_new	backend_dataflow.slot_233	backend_basetype__vslot_233	0.78
0x00afc4e0	backend_basetype	backend_dataflow@0x00b0e82c	0x00afbb98	234	0	005bdcc7	FUN_005bdcc7	0x00b0e82c	backend_dataflow		root_or_new	backend_dataflow.slot_234	backend_basetype__vslot_234	0.78
0x00afc4e0	backend_basetype	backend_dataflow@0x00b0e82c	0x00afbb98	235	0	005bdcdc	FUN_005bdcdc	0x00b0e82c	backend_dataflow		root_or_new	backend_dataflow.slot_235	backend_basetype__vslot_235	0.78
0x00afc4e0	backend_basetype	backend_dataflow@0x00b0e82c	0x00afbb98	236	0	005bab0d	FUN_005bab0d	0x00b0e82c	backend_dataflow		root_or_new	backend_dataflow.slot_236	backend_basetype__vslot_236	0.78
0x00afc4e0	backend_basetype	backend_dataflow@0x00b0e82c	0x00afbb98	237	0	005bab16	FUN_005bab16	0x00b0e82c	backend_dataflow		root_or_new	backend_dataflow.slot_237	backend_basetype__vslot_237	0.78
0x00afc4e0	backend_basetype	backend_dataflow@0x00b0e82c	0x00afbb98	238	0	005bdbe6	FUN_005bdbe6	0x00b0e82c	backend_dataflow		root_or_new	backend_dataflow.slot_238	backend_basetype__vslot_238	0.78
0x00afc4e0	backend_basetype	backend_dataflow@0x00b0e82c	0x00afbb98	239	0	005bab57	FUN_005bab57	0x00b0e82c	backend_dataflow		root_or_new	backend_dataflow.slot_239	backend_basetype__vslot_239	0.78
0x00afc4e0	backend_basetype	backend_dataflow@0x00b0e82c	0x00afbb98	240	0	005bab60	FUN_005bab60	0x00b0e82c	backend_dataflow		root_or_new	backend_dataflow.slot_240	backend_basetype__vslot_240	0.78
0x00afc4e0	backend_basetype	backend_dataflow@0x00b0e82c	0x00afbb98	241	0	005bde11	FUN_005bde11	0x00b0e82c	backend_dataflow		root_or_new	backend_dataflow.slot_241	backend_basetype__vslot_241	0.78
0x00afc4e0	backend_basetype	backend_dataflow@0x00b0e82c	0x00afbb98	242	0	005bab65	FUN_005bab65	0x00b0e82c	backend_dataflow		root_or_new	backend_dataflow.slot_242	backend_basetype__vslot_242	0.78
0x00afc4e0	backend_basetype	backend_dataflow@0x00b0e82c	0x00afbb98	243	0	005bab6e	FUN_005bab6e	0x00b0e82c	backend_dataflow		root_or_new	backend_dataflow.slot_243	backend_basetype__vslot_243	0.78
0x00afc4e0	backend_basetype	backend_dataflow@0x00b0e82c	0x00afbb98	244	0	005bab77	FUN_005bab77	0x00b0e82c	backend_dataflow		root_or_new	backend_dataflow.slot_244	backend_basetype__vslot_244	0.78
0x00afc4e0	backend_basetype	backend_dataflow@0x00b0e82c	0x00afbb98	245	0	005bab80	FUN_005bab80	0x00b0e82c	backend_dataflow		root_or_new	backend_dataflow.slot_245	backend_basetype__vslot_245	0.78
0x00afc4e0	backend_basetype	backend_dataflow@0x00b0e82c	0x00afbb98	246	0	009947c2	FUN_009947c2	0x00b0e82c	backend_dataflow		root_or_new	backend_dataflow.slot_246	backend_basetype__vslot_246	0.78
0x00afc4e0	backend_basetype	backend_dataflow@0x00b0e82c	0x00afbb98	247	0	006c4c04	FUN_006c4c04	0x00b0e82c	backend_dataflow		root_or_new	backend_dataflow.slot_247	backend_basetype__vslot_247	0.78
0x00afc4e0	backend_basetype	backend_dataflow@0x00b0e82c	0x00afbb98	248	0	005bab85	FUN_005bab85	0x00b0e82c	backend_dataflow		root_or_new	backend_dataflow.slot_248	backend_basetype__vslot_248	0.78
0x00afc4e0	backend_basetype	backend_dataflow@0x00b0e82c	0x00afbb98	249	0	005bab8e	FUN_005bab8e	0x00b0e82c	backend_dataflow		root_or_new	backend_dataflow.slot_249	backend_basetype__vslot_249	0.78
0x00afc4e0	backend_basetype	backend_dataflow@0x00b0e82c	0x00afbb98	250	0	005bab97	FUN_005bab97	0x00b0e82c	backend_dataflow		root_or_new	backend_dataflow.slot_250	backend_basetype__vslot_250	0.78
0x00afc4e0	backend_basetype	backend_dataflow@0x00b0e82c	0x00afbb98	251	0	005bab9c	FUN_005bab9c	0x00b0e82c	backend_dataflow		root_or_new	backend_dataflow.slot_251	backend_basetype__vslot_251	0.78
0x00afc4e0	backend_basetype	backend_dataflow@0x00b0e82c	0x00afbb98	252	0	005baba4	FUN_005baba4	0x00b0e82c	backend_dataflow		root_or_new	backend_dataflow.slot_252	backend_basetype__vslot_252	0.78
0x00afc4e0	backend_basetype	backend_dataflow@0x00b0e82c	0x00afbb98	253	0	005babad	FUN_005babad	0x00b0e82c	backend_dataflow		root_or_new	backend_dataflow.slot_253	backend_basetype__vslot_253	0.78
0x00afc4e0	backend_basetype	backend_dataflow@0x00b0e82c	0x00afbb98	254	0	0061eb3f	FUN_0061eb3f	0x00b0e82c	backend_dataflow		root_or_new	backend_dataflow.slot_254	backend_basetype__vslot_254	0.78
0x00afc4e0	backend_basetype	backend_dataflow@0x00b0e82c	0x00afbb98	255	0	0061ea6d	FUN_0061ea6d	0x00b0e82c	backend_dataflow		root_or_new	backend_dataflow.slot_255	backend_basetype__vslot_255	0.78
0x00afc4e0	backend_basetype	backend_dataflow@0x00b0e82c	0x00afbb98	256	0	0061ea04	FUN_0061ea04	0x00b0e82c	backend_dataflow		root_or_new	backend_dataflow.slot_256	backend_basetype__vslot_256	0.78
0x00afc4e0	backend_basetype	backend_dataflow@0x00b0e82c	0x00afbb98	257	0	0061ead6	FUN_0061ead6	0x00b0e82c	backend_dataflow		root_or_new	backend_dataflow.slot_257	backend_basetype__vslot_257	0.78
0x00afc4e0	backend_basetype	backend_dataflow@0x00b0e82c	0x00afbb98	258	0	0077f082	FUN_0077f082	0x00b0e82c	backend_dataflow		root_or_new	backend_dataflow.slot_258	backend_basetype__vslot_258	0.78
0x00afc4e0	backend_basetype	backend_dataflow@0x00b0e82c	0x00afbb98	259	0	005babb6	FUN_005babb6	0x00b0e82c	backend_dataflow		root_or_new	backend_dataflow.slot_259	backend_basetype__vslot_259	0.78
0x00afc4e0	backend_basetype	backend_dataflow@0x00b0e82c	0x00afbb98	260	0	005babbf	FUN_005babbf	0x00b0e82c	backend_dataflow		root_or_new	backend_dataflow.slot_260	backend_basetype__vslot_260	0.78
0x00afc4e0	backend_basetype	backend_dataflow@0x00b0e82c	0x00afbb98	261	0	005babc8	FUN_005babc8	0x00b0e82c	backend_dataflow		root_or_new	backend_dataflow.slot_261	backend_basetype__vslot_261	0.78
0x00afd5b8	InterblockDf	InterblockDf@0x00afd5b8	0x00afd2c8	0	0	00a92860					root_or_new	InterblockDf.slot_000	InterblockDf__vslot_000	0.78
0x00afd5b8	InterblockDf	InterblockDf@0x00afd5b8	0x00afd2c8	1	0	00a92860					root_or_new	InterblockDf.slot_001	InterblockDf__vslot_001	0.78
0x00afd638	DownSafetyDf	InterblockDf@0x00afd5b8	0x00afd390	0	0	005d940a	FUN_005d940a	0x00afd5b8	InterblockDf	00a92860	override	InterblockDf.slot_000	DownSafetyDf__vslot_000	0.90
0x00afd638	DownSafetyDf	InterblockDf@0x00afd5b8	0x00afd390	1	0	005d9425	FUN_005d9425	0x00afd5b8	InterblockDf	00a92860	override	InterblockDf.slot_001	DownSafetyDf__vslot_001	0.90
0x00afd648	UpSafetyDf	InterblockDf@0x00afd5b8	0x00afd3a8	0	0	005d9566	FUN_005d9566	0x00afd5b8	InterblockDf	00a92860	override	InterblockDf.slot_000	UpSafetyDf__vslot_000	0.90
0x00afd648	UpSafetyDf	InterblockDf@0x00afd5b8	0x00afd3a8	1	0	005d9581	FUN_005d9581	0x00afd5b8	InterblockDf	00a92860	override	InterblockDf.slot_001	UpSafetyDf__vslot_001	0.90
0x00afd658	EarliestDf	InterblockDf@0x00afd5b8	0x00afd3c0	0	0	005d96aa	FUN_005d96aa	0x00afd5b8	InterblockDf	00a92860	override	InterblockDf.slot_000	EarliestDf__vslot_000	0.90
0x00afd658	EarliestDf	InterblockDf@0x00afd5b8	0x00afd3c0	1	0	005d96af	FUN_005d96af	0x00afd5b8	InterblockDf	00a92860	override	InterblockDf.slot_001	EarliestDf__vslot_001	0.90
0x00afd668	DelayedDf	InterblockDf@0x00afd5b8	0x00afd3d8	0	0	005d9789	FUN_005d9789	0x00afd5b8	InterblockDf	00a92860	override	InterblockDf.slot_000	DelayedDf__vslot_000	0.90
0x00afd668	DelayedDf	InterblockDf@0x00afd5b8	0x00afd3d8	1	0	005d97a4	FUN_005d97a4	0x00afd5b8	InterblockDf	00a92860	override	InterblockDf.slot_001	DelayedDf__vslot_001	0.90
0x00afd678	LatestDf	InterblockDf@0x00afd5b8	0x00afd3f0	0	0	005d98f5	FUN_005d98f5	0x00afd5b8	InterblockDf	00a92860	override	InterblockDf.slot_000	LatestDf__vslot_000	0.90
0x00afd678	LatestDf	InterblockDf@0x00afd5b8	0x00afd3f0	1	0	005d98fa	FUN_005d98fa	0x00afd5b8	InterblockDf	00a92860	override	InterblockDf.slot_001	LatestDf__vslot_001	0.90
0x00afd688	IsolatedDf	InterblockDf@0x00afd5b8	0x00afd408	0	0	005d9a1d	FUN_005d9a1d	0x00afd5b8	InterblockDf	00a92860	override	InterblockDf.slot_000	IsolatedDf__vslot_000	0.90
0x00afd688	IsolatedDf	InterblockDf@0x00afd5b8	0x00afd408	1	0	005d9a38	FUN_005d9a38	0x00afd5b8	InterblockDf	00a92860	override	InterblockDf.slot_001	IsolatedDf__vslot_001	0.90
0x00afd698	FinalDf	InterblockDf@0x00afd5b8	0x00afd420	0	0	005d9b39	FUN_005d9b39	0x00afd5b8	InterblockDf	00a92860	override	InterblockDf.slot_000	FinalDf__vslot_000	0.90
0x00afd698	FinalDf	InterblockDf@0x00afd5b8	0x00afd420	1	0	005d9b3e	FUN_005d9b3e	0x00afd5b8	InterblockDf	00a92860	override	InterblockDf.slot_001	FinalDf__vslot_001	0.90
0x00afd6a8	GcseSelectDf	InterblockDf@0x00afd5b8	0x00afd438	0	0	005d9c3c	FUN_005d9c3c	0x00afd5b8	InterblockDf	00a92860	override	InterblockDf.slot_000	GcseSelectDf__vslot_000	0.90
0x00afd6a8	GcseSelectDf	InterblockDf@0x00afd5b8	0x00afd438	1	0	005d9caf	FUN_005d9caf	0x00afd5b8	InterblockDf	00a92860	override	InterblockDf.slot_001	GcseSelectDf__vslot_001	0.90
0x00afd6b8	GcseLiveDf	InterblockDf@0x00afd5b8	0x00afd450	0	0	005d9d5b	FUN_005d9d5b	0x00afd5b8	InterblockDf	00a92860	override	InterblockDf.slot_000	GcseLiveDf__vslot_000	0.90
0x00afd6b8	GcseLiveDf	InterblockDf@0x00afd5b8	0x00afd450	1	0	005d9d7b	FUN_005d9d7b	0x00afd5b8	InterblockDf	00a92860	override	InterblockDf.slot_001	GcseLiveDf__vslot_001	0.90
0x00afd6c8	GcseFinalDf	InterblockDf@0x00afd5b8	0x00afd468	0	0	005d9e6d	FUN_005d9e6d	0x00afd5b8	InterblockDf	00a92860	override	InterblockDf.slot_000	GcseFinalDf__vslot_000	0.90
0x00afd6c8	GcseFinalDf	InterblockDf@0x00afd5b8	0x00afd468	1	0	005d9e72	FUN_005d9e72	0x00afd5b8	InterblockDf	00a92860	override	InterblockDf.slot_001	GcseFinalDf__vslot_001	0.90
0x00afd738	HoistAvailDf	InterblockDf@0x00afd5b8	0x00afd500	0	0	005f9a83	FUN_005f9a83	0x00afd5b8	InterblockDf	00a92860	override	InterblockDf.slot_000	HoistAvailDf__vslot_000	0.90
0x00afd738	HoistAvailDf	InterblockDf@0x00afd5b8	0x00afd500	1	0	005f9adc	FUN_005f9adc	0x00afd5b8	InterblockDf	00a92860	override	InterblockDf.slot_001	HoistAvailDf__vslot_001	0.90
0x00afd748	HoistHelpfulDf	InterblockDf@0x00afd5b8	0x00afd518	0	0	005f9bdf	FUN_005f9bdf	0x00afd5b8	InterblockDf	00a92860	override	InterblockDf.slot_000	HoistHelpfulDf__vslot_000	0.90
0x00afd748	HoistHelpfulDf	InterblockDf@0x00afd5b8	0x00afd518	1	0	005f9be4	FUN_005f9be4	0x00afd5b8	InterblockDf	00a92860	override	InterblockDf.slot_001	HoistHelpfulDf__vslot_001	0.90
0x00afd758	HoistRedundantDf	InterblockDf@0x00afd5b8	0x00afd530	0	0	005f9c19	FUN_005f9c19	0x00afd5b8	InterblockDf	00a92860	override	InterblockDf.slot_000	HoistRedundantDf__vslot_000	0.90
0x00afd758	HoistRedundantDf	InterblockDf@0x00afd5b8	0x00afd530	1	0	005f9c39	FUN_005f9c39	0x00afd5b8	InterblockDf	00a92860	override	InterblockDf.slot_001	HoistRedundantDf__vslot_001	0.90
0x00afd768	HoistFinalDf	InterblockDf@0x00afd5b8	0x00afd548	0	0	005f9d89	FUN_005f9d89	0x00afd5b8	InterblockDf	00a92860	override	InterblockDf.slot_000	HoistFinalDf__vslot_000	0.90
0x00afd768	HoistFinalDf	InterblockDf@0x00afd5b8	0x00afd548	1	0	005f9d8e	FUN_005f9d8e	0x00afd5b8	InterblockDf	00a92860	override	InterblockDf.slot_001	HoistFinalDf__vslot_001	0.90
0x00afd778	HoistDelayDf	InterblockDf@0x00afd5b8	0x00afd560	0	0	005f9e3d	FUN_005f9e3d	0x00afd5b8	InterblockDf	00a92860	override	InterblockDf.slot_000	HoistDelayDf__vslot_000	0.90
0x00afd778	HoistDelayDf	InterblockDf@0x00afd5b8	0x00afd560	1	0	005f9e65	FUN_005f9e65	0x00afd5b8	InterblockDf	00a92860	override	InterblockDf.slot_001	HoistDelayDf__vslot_001	0.90
0x00afd788	HoistFinal2Df	InterblockDf@0x00afd5b8	0x00afd578	0	0	005f9fc1	FUN_005f9fc1	0x00afd5b8	InterblockDf	00a92860	override	InterblockDf.slot_000	HoistFinal2Df__vslot_000	0.90
0x00afd788	HoistFinal2Df	InterblockDf@0x00afd5b8	0x00afd578	1	0	005fa09b	FUN_005fa09b	0x00afd5b8	InterblockDf	00a92860	override	InterblockDf.slot_001	HoistFinal2Df__vslot_001	0.90
0x00afd798	HoistUsableDf	InterblockDf@0x00afd5b8	0x00afd590	0	0	005fa155	FUN_005fa155	0x00afd5b8	InterblockDf	00a92860	override	InterblockDf.slot_000	HoistUsableDf__vslot_000	0.90
0x00afd798	HoistUsableDf	InterblockDf@0x00afd5b8	0x00afd590	1	0	005fa170	FUN_005fa170	0x00afd5b8	InterblockDf	00a92860	override	InterblockDf.slot_001	HoistUsableDf__vslot_001	0.90
0x00afd7a8	HoistFinal3Df	InterblockDf@0x00afd5b8	0x00afd5a8	0	0	005fa269	FUN_005fa269	0x00afd5b8	InterblockDf	00a92860	override	InterblockDf.slot_000	HoistFinal3Df__vslot_000	0.90
0x00afd7a8	HoistFinal3Df	InterblockDf@0x00afd5b8	0x00afd5a8	1	0	005fa26e	FUN_005fa26e	0x00afd5b8	InterblockDf	00a92860	override	InterblockDf.slot_001	HoistFinal3Df__vslot_001	0.90
0x00aff0cc	AliasAnalyzer	AliasAnalyzer@0x00aff0cc	0x00afef64	0	0	005cf400	FUN_005cf400				root_or_new	AliasAnalyzer.slot_000	AliasAnalyzer__vslot_000	0.78
0x00aff0cc	AliasAnalyzer	AliasAnalyzer@0x00aff0cc	0x00afef64	1	0	005cf409	FUN_005cf409				root_or_new	AliasAnalyzer.slot_001	AliasAnalyzer__vslot_001	0.78
0x00aff0dc	TimeAccurateAliasAnalyzer	AliasAnalyzer@0x00aff0cc	0x00afef7c	0	0	005cf40e	FUN_005cf40e	0x00aff0cc	AliasAnalyzer	005cf400	override	AliasAnalyzer.slot_000	TimeAccurateAliasAnalyzer__vslot_000	0.90
0x00aff0dc	TimeAccurateAliasAnalyzer	AliasAnalyzer@0x00aff0cc	0x00afef7c	1	0	005cf451	FUN_005cf451	0x00aff0cc	AliasAnalyzer	005cf409	override	AliasAnalyzer.slot_001	TimeAccurateAliasAnalyzer__vslot_001	0.90
0x00aff0ec	BooleanAccurateAliasAnalyzer	AliasAnalyzer@0x00aff0cc	0x00afef94	0	0	005db3f1	FUN_005db3f1	0x00aff0cc	AliasAnalyzer	005cf400	override	AliasAnalyzer.slot_000	BooleanAccurateAliasAnalyzer__vslot_000	0.90
0x00aff0ec	BooleanAccurateAliasAnalyzer	AliasAnalyzer@0x00aff0cc	0x00afef94	1	0	005db4b8	FUN_005db4b8	0x00aff0cc	AliasAnalyzer	005cf409	override	AliasAnalyzer.slot_001	BooleanAccurateAliasAnalyzer__vslot_001	0.90
0x00aff16c	ValueNeededDf	InterblockDf@0x00afd5b8	0x00aff00c	0	0	005ea90a	FUN_005ea90a	0x00afd5b8	InterblockDf	00a92860	override	InterblockDf.slot_000	ValueNeededDf__vslot_000	0.90
0x00aff16c	ValueNeededDf	InterblockDf@0x00afd5b8	0x00aff00c	1	0	005ea96a	FUN_005ea96a	0x00afd5b8	InterblockDf	00a92860	override	InterblockDf.slot_001	ValueNeededDf__vslot_001	0.90
0x00aff19c	FCEReachingWriteDf	InterblockDf@0x00afd5b8	0x00aff054	0	0	005f5279	FUN_005f5279	0x00afd5b8	InterblockDf	00a92860	override	InterblockDf.slot_000	FCEReachingWriteDf__vslot_000	0.90
0x00aff19c	FCEReachingWriteDf	InterblockDf@0x00afd5b8	0x00aff054	1	0	005f5c56	FUN_005f5c56	0x00afd5b8	InterblockDf	00a92860	override	InterblockDf.slot_001	FCEReachingWriteDf__vslot_001	0.90
0x00aff1ec	CopyPropDf	InterblockDf@0x00afd5b8	0x00aff0ac	0	0	005fc273	FUN_005fc273	0x00afd5b8	InterblockDf	00a92860	override	InterblockDf.slot_000	CopyPropDf__vslot_000	0.90
0x00aff1ec	CopyPropDf	InterblockDf@0x00afd5b8	0x00aff0ac	1	0	005fc3a0	FUN_005fc3a0	0x00afd5b8	InterblockDf	00a92860	override	InterblockDf.slot_001	CopyPropDf__vslot_001	0.90
0x00aff4ac	InterblockDf	InterblockDf@0x00aff4ac	0x00aff43c	0	0	00a92860					root_or_new	InterblockDf.slot_000	InterblockDf__vslot_000	0.78
0x00aff4ac	InterblockDf	InterblockDf@0x00aff4ac	0x00aff43c	1	0	00a92860					root_or_new	InterblockDf.slot_001	InterblockDf__vslot_001	0.78
0x00aff4ec	Checker	Checker@0x00aff4ec	0x00aff818	0	0	00a92860					root_or_new	Checker.slot_000	Checker__vslot_000	0.78
0x00aff4ec	Checker	Checker@0x00aff4ec	0x00aff818	1	0	00a92860					root_or_new	Checker.slot_001	Checker__vslot_001	0.78
0x00aff4ec	Checker	Checker@0x00aff4ec	0x00aff818	2	0	00a92860					root_or_new	Checker.slot_002	Checker__vslot_002	0.78
0x00aff4ec	Checker	Checker@0x00aff4ec	0x00aff818	3	0	00a92860					root_or_new	Checker.slot_003	Checker__vslot_003	0.78
0x00aff4ec	Checker	Checker@0x00aff4ec	0x00aff818	4	0	00a92860					root_or_new	Checker.slot_004	Checker__vslot_004	0.78
0x00aff4ec	Checker	Checker@0x00aff4ec	0x00aff818	5	0	00a92860					root_or_new	Checker.slot_005	Checker__vslot_005	0.78
0x00aff4ec	Checker	Checker@0x00aff4ec	0x00aff818	6	0	00a92860					root_or_new	Checker.slot_006	Checker__vslot_006	0.78
0x00aff4ec	Checker	Checker@0x00aff4ec	0x00aff818	7	0	00a92860					root_or_new	Checker.slot_007	Checker__vslot_007	0.78
0x00aff4fc	CheckerIntStateLValue	Checker@0x00aff4ec	0x00aff860	0	0	00a92860		0x00b01690	CheckerIntState	00a92860	inherited	Checker.slot_000	CheckerIntStateLValue__vslot_000	0.93
0x00aff4fc	CheckerIntStateLValue	Checker@0x00aff4ec	0x00aff860	1	0	00a92860		0x00b01690	CheckerIntState	00a92860	inherited	Checker.slot_001	CheckerIntStateLValue__vslot_001	0.93
0x00aff4fc	CheckerIntStateLValue	Checker@0x00aff4ec	0x00aff860	2	0	0060ecc6	FUN_0060ecc6	0x00b01690	CheckerIntState	0060ecc6	inherited	Checker.slot_002	CheckerIntStateLValue__vslot_002	0.93
0x00aff4fc	CheckerIntStateLValue	Checker@0x00aff4ec	0x00aff860	3	0	0060d30f	FUN_0060d30f	0x00b01690	CheckerIntState	0060d30f	inherited	Checker.slot_003	CheckerIntStateLValue__vslot_003	0.93
0x00aff4fc	CheckerIntStateLValue	Checker@0x00aff4ec	0x00aff860	4	0	0060ee8f	FUN_0060ee8f	0x00b01690	CheckerIntState	0060ee8f	inherited	Checker.slot_004	CheckerIntStateLValue__vslot_004	0.93
0x00aff4fc	CheckerIntStateLValue	Checker@0x00aff4ec	0x00aff860	5	0	00a92860		0x00b01690	CheckerIntState	00a92860	inherited	Checker.slot_005	CheckerIntStateLValue__vslot_005	0.93
0x00aff4fc	CheckerIntStateLValue	Checker@0x00aff4ec	0x00aff860	6	0	00606438	FUN_00606438	0x00b01690	CheckerIntState	00606438	inherited	Checker.slot_006	CheckerIntStateLValue__vslot_006	0.93
0x00aff4fc	CheckerIntStateLValue	Checker@0x00aff4ec	0x00aff860	7	0	006034e2	FUN_006034e2	0x00b01690	CheckerIntState	00a92860	override	Checker.slot_007	CheckerIntStateLValue__vslot_007	0.90
0x00aff4fc	CheckerIntStateLValue	Checker@0x00aff4ec	0x00aff860	8	0	00a92860		0x00b01690	CheckerIntState	00a92860	inherited	Checker.slot_008	CheckerIntStateLValue__vslot_008	0.93
0x00aff4fc	CheckerIntStateLValue	Checker@0x00aff4ec	0x00aff860	9	0	00a92860		0x00b01690	CheckerIntState	00a92860	inherited	Checker.slot_009	CheckerIntStateLValue__vslot_009	0.93
0x00aff4fc	CheckerIntStateLValue	Checker@0x00aff4ec	0x00aff860	10	0	00a92860		0x00b01690	CheckerIntState	00a92860	inherited	Checker.slot_010	CheckerIntStateLValue__vslot_010	0.93
0x00aff4fc	CheckerIntStateLValue	Checker@0x00aff4ec	0x00aff860	11	0	00a92860		0x00b01690	CheckerIntState	00a92860	inherited	Checker.slot_011	CheckerIntStateLValue__vslot_011	0.93
0x00aff50c	CheckerLValue	Checker@0x00aff4ec	0x00aff8c8	0	0	00a92860		0x00aff4ec	Checker	00a92860	inherited	Checker.slot_000	CheckerLValue__vslot_000	0.93
0x00aff50c	CheckerLValue	Checker@0x00aff4ec	0x00aff8c8	1	0	00a92860		0x00aff4ec	Checker	00a92860	inherited	Checker.slot_001	CheckerLValue__vslot_001	0.93
0x00aff50c	CheckerLValue	Checker@0x00aff4ec	0x00aff8c8	2	0	00a92860		0x00aff4ec	Checker	00a92860	inherited	Checker.slot_002	CheckerLValue__vslot_002	0.93
0x00aff50c	CheckerLValue	Checker@0x00aff4ec	0x00aff8c8	3	0	00a92860		0x00aff4ec	Checker	00a92860	inherited	Checker.slot_003	CheckerLValue__vslot_003	0.93
0x00aff50c	CheckerLValue	Checker@0x00aff4ec	0x00aff8c8	4	0	00a92860		0x00aff4ec	Checker	00a92860	inherited	Checker.slot_004	CheckerLValue__vslot_004	0.93
0x00aff50c	CheckerLValue	Checker@0x00aff4ec	0x00aff8c8	5	0	00a92860		0x00aff4ec	Checker	00a92860	inherited	Checker.slot_005	CheckerLValue__vslot_005	0.93
0x00aff50c	CheckerLValue	Checker@0x00aff4ec	0x00aff8c8	6	0	00a92860		0x00aff4ec	Checker	00a92860	inherited	Checker.slot_006	CheckerLValue__vslot_006	0.93
0x00aff50c	CheckerLValue	Checker@0x00aff4ec	0x00aff8c8	7	0	006034f7	FUN_006034f7	0x00aff4ec	Checker	00a92860	override	Checker.slot_007	CheckerLValue__vslot_007	0.90
0x00aff51c	CheckerIntStateSafevar	Checker@0x00aff4ec	0x00aff910	0	0	00a92860		0x00b01690	CheckerIntState	00a92860	inherited	Checker.slot_000	CheckerIntStateSafevar__vslot_000	0.93
0x00aff51c	CheckerIntStateSafevar	Checker@0x00aff4ec	0x00aff910	1	0	00a92860		0x00b01690	CheckerIntState	00a92860	inherited	Checker.slot_001	CheckerIntStateSafevar__vslot_001	0.93
0x00aff51c	CheckerIntStateSafevar	Checker@0x00aff4ec	0x00aff910	2	0	0060ecc6	FUN_0060ecc6	0x00b01690	CheckerIntState	0060ecc6	inherited	Checker.slot_002	CheckerIntStateSafevar__vslot_002	0.93
0x00aff51c	CheckerIntStateSafevar	Checker@0x00aff4ec	0x00aff910	3	0	0060d30f	FUN_0060d30f	0x00b01690	CheckerIntState	0060d30f	inherited	Checker.slot_003	CheckerIntStateSafevar__vslot_003	0.93
0x00aff51c	CheckerIntStateSafevar	Checker@0x00aff4ec	0x00aff910	4	0	0060ee8f	FUN_0060ee8f	0x00b01690	CheckerIntState	0060ee8f	inherited	Checker.slot_004	CheckerIntStateSafevar__vslot_004	0.93
0x00aff51c	CheckerIntStateSafevar	Checker@0x00aff4ec	0x00aff910	5	0	00a92860		0x00b01690	CheckerIntState	00a92860	inherited	Checker.slot_005	CheckerIntStateSafevar__vslot_005	0.93
0x00aff51c	CheckerIntStateSafevar	Checker@0x00aff4ec	0x00aff910	6	0	00606438	FUN_00606438	0x00b01690	CheckerIntState	00606438	inherited	Checker.slot_006	CheckerIntStateSafevar__vslot_006	0.93
0x00aff51c	CheckerIntStateSafevar	Checker@0x00aff4ec	0x00aff910	7	0	0060350c	FUN_0060350c	0x00b01690	CheckerIntState	00a92860	override	Checker.slot_007	CheckerIntStateSafevar__vslot_007	0.90
0x00aff51c	CheckerIntStateSafevar	Checker@0x00aff4ec	0x00aff910	8	0	00a92860		0x00b01690	CheckerIntState	00a92860	inherited	Checker.slot_008	CheckerIntStateSafevar__vslot_008	0.93
0x00aff51c	CheckerIntStateSafevar	Checker@0x00aff4ec	0x00aff910	9	0	00a92860		0x00b01690	CheckerIntState	00a92860	inherited	Checker.slot_009	CheckerIntStateSafevar__vslot_009	0.93
0x00aff51c	CheckerIntStateSafevar	Checker@0x00aff4ec	0x00aff910	10	0	00a92860		0x00b01690	CheckerIntState	00a92860	inherited	Checker.slot_010	CheckerIntStateSafevar__vslot_010	0.93
0x00aff51c	CheckerIntStateSafevar	Checker@0x00aff4ec	0x00aff910	11	0	00a92860		0x00b01690	CheckerIntState	00a92860	inherited	Checker.slot_011	CheckerIntStateSafevar__vslot_011	0.93
0x00aff52c	CheckerIntStateAll	Checker@0x00aff4ec	0x00aff978	0	0	00a92860		0x00b01690	CheckerIntState	00a92860	inherited	Checker.slot_000	CheckerIntStateAll__vslot_000	0.93
0x00aff52c	CheckerIntStateAll	Checker@0x00aff4ec	0x00aff978	1	0	00a92860		0x00b01690	CheckerIntState	00a92860	inherited	Checker.slot_001	CheckerIntStateAll__vslot_001	0.93
0x00aff52c	CheckerIntStateAll	Checker@0x00aff4ec	0x00aff978	2	0	0060ecc6	FUN_0060ecc6	0x00b01690	CheckerIntState	0060ecc6	inherited	Checker.slot_002	CheckerIntStateAll__vslot_002	0.93
0x00aff52c	CheckerIntStateAll	Checker@0x00aff4ec	0x00aff978	3	0	0060d30f	FUN_0060d30f	0x00b01690	CheckerIntState	0060d30f	inherited	Checker.slot_003	CheckerIntStateAll__vslot_003	0.93
0x00aff52c	CheckerIntStateAll	Checker@0x00aff4ec	0x00aff978	4	0	0060ee8f	FUN_0060ee8f	0x00b01690	CheckerIntState	0060ee8f	inherited	Checker.slot_004	CheckerIntStateAll__vslot_004	0.93
0x00aff52c	CheckerIntStateAll	Checker@0x00aff4ec	0x00aff978	5	0	00a92860		0x00b01690	CheckerIntState	00a92860	inherited	Checker.slot_005	CheckerIntStateAll__vslot_005	0.93
0x00aff52c	CheckerIntStateAll	Checker@0x00aff4ec	0x00aff978	6	0	00606438	FUN_00606438	0x00b01690	CheckerIntState	00606438	inherited	Checker.slot_006	CheckerIntStateAll__vslot_006	0.93
0x00aff52c	CheckerIntStateAll	Checker@0x00aff4ec	0x00aff978	7	0	00603521	FUN_00603521	0x00b01690	CheckerIntState	00a92860	override	Checker.slot_007	CheckerIntStateAll__vslot_007	0.90
0x00aff52c	CheckerIntStateAll	Checker@0x00aff4ec	0x00aff978	8	0	00a92860		0x00b01690	CheckerIntState	00a92860	inherited	Checker.slot_008	CheckerIntStateAll__vslot_008	0.93
0x00aff52c	CheckerIntStateAll	Checker@0x00aff4ec	0x00aff978	9	0	00a92860		0x00b01690	CheckerIntState	00a92860	inherited	Checker.slot_009	CheckerIntStateAll__vslot_009	0.93
0x00aff52c	CheckerIntStateAll	Checker@0x00aff4ec	0x00aff978	10	0	00a92860		0x00b01690	CheckerIntState	00a92860	inherited	Checker.slot_010	CheckerIntStateAll__vslot_010	0.93
0x00aff52c	CheckerIntStateAll	Checker@0x00aff4ec	0x00aff978	11	0	00a92860		0x00b01690	CheckerIntState	00a92860	inherited	Checker.slot_011	CheckerIntStateAll__vslot_011	0.93
0x00b01680	CheckerFlow	InterblockDf@0x00aff4ac	0x00b00d1c	0	0	006032db	FUN_006032db	0x00aff4ac	InterblockDf	00a92860	override	InterblockDf.slot_000	CheckerFlow__vslot_000	0.90
0x00b01680	CheckerFlow	InterblockDf@0x00aff4ac	0x00b00d1c	1	0	00611205	FUN_00611205	0x00aff4ac	InterblockDf	00a92860	override	InterblockDf.slot_001	CheckerFlow__vslot_001	0.90
0x00b01690	CheckerIntState	Checker@0x00aff4ec	0x00b00d34	0	0	00a92860		0x00aff4ec	Checker	00a92860	inherited	Checker.slot_000	CheckerIntState__vslot_000	0.93
0x00b01690	CheckerIntState	Checker@0x00aff4ec	0x00b00d34	1	0	00a92860		0x00aff4ec	Checker	00a92860	inherited	Checker.slot_001	CheckerIntState__vslot_001	0.93
0x00b01690	CheckerIntState	Checker@0x00aff4ec	0x00b00d34	2	0	0060ecc6	FUN_0060ecc6	0x00aff4ec	Checker	00a92860	override	Checker.slot_002	CheckerIntState__vslot_002	0.90
0x00b01690	CheckerIntState	Checker@0x00aff4ec	0x00b00d34	3	0	0060d30f	FUN_0060d30f	0x00aff4ec	Checker	00a92860	override	Checker.slot_003	CheckerIntState__vslot_003	0.90
0x00b01690	CheckerIntState	Checker@0x00aff4ec	0x00b00d34	4	0	0060ee8f	FUN_0060ee8f	0x00aff4ec	Checker	00a92860	override	Checker.slot_004	CheckerIntState__vslot_004	0.90
0x00b01690	CheckerIntState	Checker@0x00aff4ec	0x00b00d34	5	0	00a92860		0x00aff4ec	Checker	00a92860	inherited	Checker.slot_005	CheckerIntState__vslot_005	0.93
0x00b01690	CheckerIntState	Checker@0x00aff4ec	0x00b00d34	6	0	00606438	FUN_00606438	0x00aff4ec	Checker	00a92860	override	Checker.slot_006	CheckerIntState__vslot_006	0.90
0x00b01690	CheckerIntState	Checker@0x00aff4ec	0x00b00d34	7	0	00a92860		0x00aff4ec	Checker	00a92860	inherited	Checker.slot_007	CheckerIntState__vslot_007	0.93
0x00b01690	CheckerIntState	Checker@0x00aff4ec	0x00b00d34	8	0	00a92860		0x00aff4ec	Checker		root_or_new	Checker.slot_008	CheckerIntState__vslot_008	0.78
0x00b01690	CheckerIntState	Checker@0x00aff4ec	0x00b00d34	9	0	00a92860		0x00aff4ec	Checker		root_or_new	Checker.slot_009	CheckerIntState__vslot_009	0.78
0x00b01690	CheckerIntState	Checker@0x00aff4ec	0x00b00d34	10	0	00a92860		0x00aff4ec	Checker		root_or_new	Checker.slot_010	CheckerIntState__vslot_010	0.78
0x00b01690	CheckerIntState	Checker@0x00aff4ec	0x00b00d34	11	0	00a92860		0x00aff4ec	Checker		root_or_new	Checker.slot_011	CheckerIntState__vslot_011	0.78
0x00b016a0	ConstChecker	Checker@0x00aff4ec	0x00b00d9c	0	0	006044a2	FUN_006044a2	0x00aff50c	CheckerLValue	00a92860	override	Checker.slot_000	ConstChecker__vslot_000	0.90
0x00b016a0	ConstChecker	Checker@0x00aff4ec	0x00b00d9c	1	0	00604574	FUN_00604574	0x00aff50c	CheckerLValue	00a92860	override	Checker.slot_001	ConstChecker__vslot_001	0.90
0x00b016a0	ConstChecker	Checker@0x00aff4ec	0x00b00d9c	2	0	0060486e	FUN_0060486e	0x00aff50c	CheckerLValue	00a92860	override	Checker.slot_002	ConstChecker__vslot_002	0.90
0x00b016a0	ConstChecker	Checker@0x00aff4ec	0x00b00d9c	3	0	00606284	FUN_00606284	0x00aff50c	CheckerLValue	00a92860	override	Checker.slot_003	ConstChecker__vslot_003	0.90
0x00b016a0	ConstChecker	Checker@0x00aff4ec	0x00b00d9c	4	0	006035fe	FUN_006035fe	0x00aff50c	CheckerLValue	00a92860	override	Checker.slot_004	ConstChecker__vslot_004	0.90
0x00b016a0	ConstChecker	Checker@0x00aff4ec	0x00b00d9c	5	0	00606087	FUN_00606087	0x00aff50c	CheckerLValue	00a92860	override	Checker.slot_005	ConstChecker__vslot_005	0.90
0x00b016a0	ConstChecker	Checker@0x00aff4ec	0x00b00d9c	6	0	00606314	FUN_00606314	0x00aff50c	CheckerLValue	00a92860	override	Checker.slot_006	ConstChecker__vslot_006	0.90
0x00b016a0	ConstChecker	Checker@0x00aff4ec	0x00b00d9c	7	0	006034f7	FUN_006034f7	0x00aff50c	CheckerLValue	006034f7	inherited	Checker.slot_007	ConstChecker__vslot_007	0.93
0x00b016b0	EquivChecker	Checker@0x00aff4ec	0x00b00de4	0	0	00603603	FUN_00603603	0x00aff50c	CheckerLValue	00a92860	override	Checker.slot_000	EquivChecker__vslot_000	0.90
0x00b016b0	EquivChecker	Checker@0x00aff4ec	0x00b00de4	1	0	00606e3f	FUN_00606e3f	0x00aff50c	CheckerLValue	00a92860	override	Checker.slot_001	EquivChecker__vslot_001	0.90
0x00b016b0	EquivChecker	Checker@0x00aff4ec	0x00b00de4	2	0	00606f1d	FUN_00606f1d	0x00aff50c	CheckerLValue	00a92860	override	Checker.slot_002	EquivChecker__vslot_002	0.90
0x00b016b0	EquivChecker	Checker@0x00aff4ec	0x00b00de4	3	0	00607059	FUN_00607059	0x00aff50c	CheckerLValue	00a92860	override	Checker.slot_003	EquivChecker__vslot_003	0.90
0x00b016b0	EquivChecker	Checker@0x00aff4ec	0x00b00de4	4	0	00603608	FUN_00603608	0x00aff50c	CheckerLValue	00a92860	override	Checker.slot_004	EquivChecker__vslot_004	0.90
0x00b016b0	EquivChecker	Checker@0x00aff4ec	0x00b00de4	5	0	006074e6	FUN_006074e6	0x00aff50c	CheckerLValue	00a92860	override	Checker.slot_005	EquivChecker__vslot_005	0.90
0x00b016b0	EquivChecker	Checker@0x00aff4ec	0x00b00de4	6	0	00607581	FUN_00607581	0x00aff50c	CheckerLValue	00a92860	override	Checker.slot_006	EquivChecker__vslot_006	0.90
0x00b016b0	EquivChecker	Checker@0x00aff4ec	0x00b00de4	7	0	006034f7	FUN_006034f7	0x00aff50c	CheckerLValue	006034f7	inherited	Checker.slot_007	EquivChecker__vslot_007	0.93
0x00b016c0	UninitMemChecker	Checker@0x00aff4ec	0x00b00e2c	0	0	00607766	FUN_00607766	0x00aff50c	CheckerLValue	00a92860	override	Checker.slot_000	UninitMemChecker__vslot_000	0.90
0x00b016c0	UninitMemChecker	Checker@0x00aff4ec	0x00b00e2c	1	0	00607cad	FUN_00607cad	0x00aff50c	CheckerLValue	00a92860	override	Checker.slot_001	UninitMemChecker__vslot_001	0.90
0x00b016c0	UninitMemChecker	Checker@0x00aff4ec	0x00b00e2c	2	0	00607e6d	FUN_00607e6d	0x00aff50c	CheckerLValue	00a92860	override	Checker.slot_002	UninitMemChecker__vslot_002	0.90
0x00b016c0	UninitMemChecker	Checker@0x00aff4ec	0x00b00e2c	3	0	00607de5	FUN_00607de5	0x00aff50c	CheckerLValue	00a92860	override	Checker.slot_003	UninitMemChecker__vslot_003	0.90
0x00b016c0	UninitMemChecker	Checker@0x00aff4ec	0x00b00e2c	4	0	0060375a	FUN_0060375a	0x00aff50c	CheckerLValue	00a92860	override	Checker.slot_004	UninitMemChecker__vslot_004	0.90
0x00b016c0	UninitMemChecker	Checker@0x00aff4ec	0x00b00e2c	5	0	0060375f	FUN_0060375f	0x00aff50c	CheckerLValue	00a92860	override	Checker.slot_005	UninitMemChecker__vslot_005	0.90
0x00b016c0	UninitMemChecker	Checker@0x00aff4ec	0x00b00e2c	6	0	006080a8	FUN_006080a8	0x00aff50c	CheckerLValue	00a92860	override	Checker.slot_006	UninitMemChecker__vslot_006	0.90
0x00b016c0	UninitMemChecker	Checker@0x00aff4ec	0x00b00e2c	7	0	006034f7	FUN_006034f7	0x00aff50c	CheckerLValue	006034f7	inherited	Checker.slot_007	UninitMemChecker__vslot_007	0.93
0x00b016d0	RangeChecker	Checker@0x00aff4ec	0x00b00e74	0	0	006051cb	FUN_006051cb	0x00aff50c	CheckerLValue	00a92860	override	Checker.slot_000	RangeChecker__vslot_000	0.90
0x00b016d0	RangeChecker	Checker@0x00aff4ec	0x00b00e74	1	0	006059b7	FUN_006059b7	0x00aff50c	CheckerLValue	00a92860	override	Checker.slot_001	RangeChecker__vslot_001	0.90
0x00b016d0	RangeChecker	Checker@0x00aff4ec	0x00b00e74	2	0	00605b0b	FUN_00605b0b	0x00aff50c	CheckerLValue	00a92860	override	Checker.slot_002	RangeChecker__vslot_002	0.90
0x00b016d0	RangeChecker	Checker@0x00aff4ec	0x00b00e74	3	0	006062d2	FUN_006062d2	0x00aff50c	CheckerLValue	00a92860	override	Checker.slot_003	RangeChecker__vslot_003	0.90
0x00b016d0	RangeChecker	Checker@0x00aff4ec	0x00b00e74	4	0	00603764	FUN_00603764	0x00aff50c	CheckerLValue	00a92860	override	Checker.slot_004	RangeChecker__vslot_004	0.90
0x00b016d0	RangeChecker	Checker@0x00aff4ec	0x00b00e74	5	0	00605d43	FUN_00605d43	0x00aff50c	CheckerLValue	00a92860	override	Checker.slot_005	RangeChecker__vslot_005	0.90
0x00b016d0	RangeChecker	Checker@0x00aff4ec	0x00b00e74	6	0	006063ad	FUN_006063ad	0x00aff50c	CheckerLValue	00a92860	override	Checker.slot_006	RangeChecker__vslot_006	0.90
0x00b016d0	RangeChecker	Checker@0x00aff4ec	0x00b00e74	7	0	006034f7	FUN_006034f7	0x00aff50c	CheckerLValue	006034f7	inherited	Checker.slot_007	RangeChecker__vslot_007	0.93
0x00b016e0	MemLeakChecker	Checker@0x00aff4ec	0x00b00ebc	0	0	006066b8	FUN_006066b8	0x00aff51c	CheckerIntStateSafevar	00a92860	override	Checker.slot_000	MemLeakChecker__vslot_000	0.90
0x00b016e0	MemLeakChecker	Checker@0x00aff4ec	0x00b00ebc	1	0	0060677f	FUN_0060677f	0x00aff51c	CheckerIntStateSafevar	00a92860	override	Checker.slot_001	MemLeakChecker__vslot_001	0.90
0x00b016e0	MemLeakChecker	Checker@0x00aff4ec	0x00b00ebc	2	0	0060ecc6	FUN_0060ecc6	0x00aff51c	CheckerIntStateSafevar	0060ecc6	inherited	Checker.slot_002	MemLeakChecker__vslot_002	0.93
0x00b016e0	MemLeakChecker	Checker@0x00aff4ec	0x00b00ebc	3	0	0060d30f	FUN_0060d30f	0x00aff51c	CheckerIntStateSafevar	0060d30f	inherited	Checker.slot_003	MemLeakChecker__vslot_003	0.93
0x00b016e0	MemLeakChecker	Checker@0x00aff4ec	0x00b00ebc	4	0	0060ee8f	FUN_0060ee8f	0x00aff51c	CheckerIntStateSafevar	0060ee8f	inherited	Checker.slot_004	MemLeakChecker__vslot_004	0.93
0x00b016e0	MemLeakChecker	Checker@0x00aff4ec	0x00b00ebc	5	0	00606982	FUN_00606982	0x00aff51c	CheckerIntStateSafevar	00a92860	override	Checker.slot_005	MemLeakChecker__vslot_005	0.90
0x00b016e0	MemLeakChecker	Checker@0x00aff4ec	0x00b00ebc	6	0	00606438	FUN_00606438	0x00aff51c	CheckerIntStateSafevar	00606438	inherited	Checker.slot_006	MemLeakChecker__vslot_006	0.93
0x00b016e0	MemLeakChecker	Checker@0x00aff4ec	0x00b00ebc	7	0	0060350c	FUN_0060350c	0x00aff51c	CheckerIntStateSafevar	0060350c	inherited	Checker.slot_007	MemLeakChecker__vslot_007	0.93
0x00b016e0	MemLeakChecker	Checker@0x00aff4ec	0x00b00ebc	8	0	006068a3	FUN_006068a3	0x00aff51c	CheckerIntStateSafevar	00a92860	override	Checker.slot_008	MemLeakChecker__vslot_008	0.90
0x00b016e0	MemLeakChecker	Checker@0x00aff4ec	0x00b00ebc	9	0	00606908	FUN_00606908	0x00aff51c	CheckerIntStateSafevar	00a92860	override	Checker.slot_009	MemLeakChecker__vslot_009	0.90
0x00b016e0	MemLeakChecker	Checker@0x00aff4ec	0x00b00ebc	10	0	00603769	FUN_00603769	0x00aff51c	CheckerIntStateSafevar	00a92860	override	Checker.slot_010	MemLeakChecker__vslot_010	0.90
0x00b016e0	MemLeakChecker	Checker@0x00aff4ec	0x00b00ebc	11	0	00603773	FUN_00603773	0x00aff51c	CheckerIntStateSafevar	00a92860	override	Checker.slot_011	MemLeakChecker__vslot_011	0.90
0x00b016f0	MemLeakCheckerBackwards	Checker@0x00aff4ec	0x00b00f24	0	0	0060648e	FUN_0060648e	0x00aff51c	CheckerIntStateSafevar	00a92860	override	Checker.slot_000	MemLeakCheckerBackwards__vslot_000	0.90
0x00b016f0	MemLeakCheckerBackwards	Checker@0x00aff4ec	0x00b00f24	1	0	0060652a	FUN_0060652a	0x00aff51c	CheckerIntStateSafevar	00a92860	override	Checker.slot_001	MemLeakCheckerBackwards__vslot_001	0.90
0x00b016f0	MemLeakCheckerBackwards	Checker@0x00aff4ec	0x00b00f24	2	0	0060ecc6	FUN_0060ecc6	0x00aff51c	CheckerIntStateSafevar	0060ecc6	inherited	Checker.slot_002	MemLeakCheckerBackwards__vslot_002	0.93
0x00b016f0	MemLeakCheckerBackwards	Checker@0x00aff4ec	0x00b00f24	3	0	0060d30f	FUN_0060d30f	0x00aff51c	CheckerIntStateSafevar	0060d30f	inherited	Checker.slot_003	MemLeakCheckerBackwards__vslot_003	0.93
0x00b016f0	MemLeakCheckerBackwards	Checker@0x00aff4ec	0x00b00f24	4	0	0060ee8f	FUN_0060ee8f	0x00aff51c	CheckerIntStateSafevar	0060ee8f	inherited	Checker.slot_004	MemLeakCheckerBackwards__vslot_004	0.93
0x00b016f0	MemLeakCheckerBackwards	Checker@0x00aff4ec	0x00b00f24	5	0	006037fc	FUN_006037fc	0x00aff51c	CheckerIntStateSafevar	00a92860	override	Checker.slot_005	MemLeakCheckerBackwards__vslot_005	0.90
0x00b016f0	MemLeakCheckerBackwards	Checker@0x00aff4ec	0x00b00f24	6	0	00606438	FUN_00606438	0x00aff51c	CheckerIntStateSafevar	00606438	inherited	Checker.slot_006	MemLeakCheckerBackwards__vslot_006	0.93
0x00b016f0	MemLeakCheckerBackwards	Checker@0x00aff4ec	0x00b00f24	7	0	0060350c	FUN_0060350c	0x00aff51c	CheckerIntStateSafevar	0060350c	inherited	Checker.slot_007	MemLeakCheckerBackwards__vslot_007	0.93
0x00b016f0	MemLeakCheckerBackwards	Checker@0x00aff4ec	0x00b00f24	8	0	00606659	FUN_00606659	0x00aff51c	CheckerIntStateSafevar	00a92860	override	Checker.slot_008	MemLeakCheckerBackwards__vslot_008	0.90
0x00b016f0	MemLeakCheckerBackwards	Checker@0x00aff4ec	0x00b00f24	9	0	006037f7	FUN_006037f7	0x00aff51c	CheckerIntStateSafevar	00a92860	override	Checker.slot_009	MemLeakCheckerBackwards__vslot_009	0.90
0x00b016f0	MemLeakCheckerBackwards	Checker@0x00aff4ec	0x00b00f24	10	0	006037b0	FUN_006037b0	0x00aff51c	CheckerIntStateSafevar	00a92860	override	Checker.slot_010	MemLeakCheckerBackwards__vslot_010	0.90
0x00b016f0	MemLeakCheckerBackwards	Checker@0x00aff4ec	0x00b00f24	11	0	006037ba	FUN_006037ba	0x00aff51c	CheckerIntStateSafevar	00a92860	override	Checker.slot_011	MemLeakCheckerBackwards__vslot_011	0.90
0x00b01700	NULLCheckChecker	Checker@0x00aff4ec	0x00b00f8c	0	0	0060ad2b	FUN_0060ad2b	0x00aff4fc	CheckerIntStateLValue	00a92860	override	Checker.slot_000	NULLCheckChecker__vslot_000	0.90
0x00b01700	NULLCheckChecker	Checker@0x00aff4ec	0x00b00f8c	1	0	0060ae91	FUN_0060ae91	0x00aff4fc	CheckerIntStateLValue	00a92860	override	Checker.slot_001	NULLCheckChecker__vslot_001	0.90
0x00b01700	NULLCheckChecker	Checker@0x00aff4ec	0x00b00f8c	2	0	0060ecc6	FUN_0060ecc6	0x00aff4fc	CheckerIntStateLValue	0060ecc6	inherited	Checker.slot_002	NULLCheckChecker__vslot_002	0.93
0x00b01700	NULLCheckChecker	Checker@0x00aff4ec	0x00b00f8c	3	0	0060d30f	FUN_0060d30f	0x00aff4fc	CheckerIntStateLValue	0060d30f	inherited	Checker.slot_003	NULLCheckChecker__vslot_003	0.93
0x00b01700	NULLCheckChecker	Checker@0x00aff4ec	0x00b00f8c	4	0	0060ee8f	FUN_0060ee8f	0x00aff4fc	CheckerIntStateLValue	0060ee8f	inherited	Checker.slot_004	NULLCheckChecker__vslot_004	0.93
0x00b01700	NULLCheckChecker	Checker@0x00aff4ec	0x00b00f8c	5	0	0060384d	FUN_0060384d	0x00aff4fc	CheckerIntStateLValue	00a92860	override	Checker.slot_005	NULLCheckChecker__vslot_005	0.90
0x00b01700	NULLCheckChecker	Checker@0x00aff4ec	0x00b00f8c	6	0	00606438	FUN_00606438	0x00aff4fc	CheckerIntStateLValue	00606438	inherited	Checker.slot_006	NULLCheckChecker__vslot_006	0.93
0x00b01700	NULLCheckChecker	Checker@0x00aff4ec	0x00b00f8c	7	0	006034e2	FUN_006034e2	0x00aff4fc	CheckerIntStateLValue	006034e2	inherited	Checker.slot_007	NULLCheckChecker__vslot_007	0.93
0x00b01700	NULLCheckChecker	Checker@0x00aff4ec	0x00b00f8c	8	0	0060af20	FUN_0060af20	0x00aff4fc	CheckerIntStateLValue	00a92860	override	Checker.slot_008	NULLCheckChecker__vslot_008	0.90
0x00b01700	NULLCheckChecker	Checker@0x00aff4ec	0x00b00f8c	9	0	00603848	FUN_00603848	0x00aff4fc	CheckerIntStateLValue	00a92860	override	Checker.slot_009	NULLCheckChecker__vslot_009	0.90
0x00b01700	NULLCheckChecker	Checker@0x00aff4ec	0x00b00f8c	10	0	00603801	FUN_00603801	0x00aff4fc	CheckerIntStateLValue	00a92860	override	Checker.slot_010	NULLCheckChecker__vslot_010	0.90
0x00b01700	NULLCheckChecker	Checker@0x00aff4ec	0x00b00f8c	11	0	0060380b	FUN_0060380b	0x00aff4fc	CheckerIntStateLValue	00a92860	override	Checker.slot_011	NULLCheckChecker__vslot_011	0.90
0x00b01710	NULLCheckCheckerBackwards	Checker@0x00aff4ec	0x00b00ff4	0	0	0060af85	FUN_0060af85	0x00aff4fc	CheckerIntStateLValue	00a92860	override	Checker.slot_000	NULLCheckCheckerBackwards__vslot_000	0.90
0x00b01710	NULLCheckCheckerBackwards	Checker@0x00aff4ec	0x00b00ff4	1	0	0060afe1	FUN_0060afe1	0x00aff4fc	CheckerIntStateLValue	00a92860	override	Checker.slot_001	NULLCheckCheckerBackwards__vslot_001	0.90
0x00b01710	NULLCheckCheckerBackwards	Checker@0x00aff4ec	0x00b00ff4	2	0	0060ecc6	FUN_0060ecc6	0x00aff4fc	CheckerIntStateLValue	0060ecc6	inherited	Checker.slot_002	NULLCheckCheckerBackwards__vslot_002	0.93
0x00b01710	NULLCheckCheckerBackwards	Checker@0x00aff4ec	0x00b00ff4	3	0	0060d30f	FUN_0060d30f	0x00aff4fc	CheckerIntStateLValue	0060d30f	inherited	Checker.slot_003	NULLCheckCheckerBackwards__vslot_003	0.93
0x00b01710	NULLCheckCheckerBackwards	Checker@0x00aff4ec	0x00b00ff4	4	0	0060ee8f	FUN_0060ee8f	0x00aff4fc	CheckerIntStateLValue	0060ee8f	inherited	Checker.slot_004	NULLCheckCheckerBackwards__vslot_004	0.93
0x00b01710	NULLCheckCheckerBackwards	Checker@0x00aff4ec	0x00b00ff4	5	0	0060386b	FUN_0060386b	0x00aff4fc	CheckerIntStateLValue	00a92860	override	Checker.slot_005	NULLCheckCheckerBackwards__vslot_005	0.90
0x00b01710	NULLCheckCheckerBackwards	Checker@0x00aff4ec	0x00b00ff4	6	0	00606438	FUN_00606438	0x00aff4fc	CheckerIntStateLValue	00606438	inherited	Checker.slot_006	NULLCheckCheckerBackwards__vslot_006	0.93
0x00b01710	NULLCheckCheckerBackwards	Checker@0x00aff4ec	0x00b00ff4	7	0	006034e2	FUN_006034e2	0x00aff4fc	CheckerIntStateLValue	006034e2	inherited	Checker.slot_007	NULLCheckCheckerBackwards__vslot_007	0.93
0x00b01710	NULLCheckCheckerBackwards	Checker@0x00aff4ec	0x00b00ff4	8	0	0060b0eb	FUN_0060b0eb	0x00aff4fc	CheckerIntStateLValue	00a92860	override	Checker.slot_008	NULLCheckCheckerBackwards__vslot_008	0.90
0x00b01710	NULLCheckCheckerBackwards	Checker@0x00aff4ec	0x00b00ff4	9	0	00603866	FUN_00603866	0x00aff4fc	CheckerIntStateLValue	00a92860	override	Checker.slot_009	NULLCheckCheckerBackwards__vslot_009	0.90
0x00b01710	NULLCheckCheckerBackwards	Checker@0x00aff4ec	0x00b00ff4	10	0	00603852	FUN_00603852	0x00aff4fc	CheckerIntStateLValue	00a92860	override	Checker.slot_010	NULLCheckCheckerBackwards__vslot_010	0.90
0x00b01710	NULLCheckCheckerBackwards	Checker@0x00aff4ec	0x00b00ff4	11	0	0060385c	FUN_0060385c	0x00aff4fc	CheckerIntStateLValue	00a92860	override	Checker.slot_011	NULLCheckCheckerBackwards__vslot_011	0.90
0x00b01720	FreeChecker	Checker@0x00aff4ec	0x00b0105c	0	0	0060b123	FUN_0060b123	0x00aff52c	CheckerIntStateAll	00a92860	override	Checker.slot_000	FreeChecker__vslot_000	0.90
0x00b01720	FreeChecker	Checker@0x00aff4ec	0x00b0105c	1	0	0060b29e	FUN_0060b29e	0x00aff52c	CheckerIntStateAll	00a92860	override	Checker.slot_001	FreeChecker__vslot_001	0.90
0x00b01720	FreeChecker	Checker@0x00aff4ec	0x00b0105c	2	0	0060ecc6	FUN_0060ecc6	0x00aff52c	CheckerIntStateAll	0060ecc6	inherited	Checker.slot_002	FreeChecker__vslot_002	0.93
0x00b01720	FreeChecker	Checker@0x00aff4ec	0x00b0105c	3	0	0060d30f	FUN_0060d30f	0x00aff52c	CheckerIntStateAll	0060d30f	inherited	Checker.slot_003	FreeChecker__vslot_003	0.93
0x00b01720	FreeChecker	Checker@0x00aff4ec	0x00b0105c	4	0	0060ee8f	FUN_0060ee8f	0x00aff52c	CheckerIntStateAll	0060ee8f	inherited	Checker.slot_004	FreeChecker__vslot_004	0.93
0x00b01720	FreeChecker	Checker@0x00aff4ec	0x00b0105c	5	0	0060389d	FUN_0060389d	0x00aff52c	CheckerIntStateAll	00a92860	override	Checker.slot_005	FreeChecker__vslot_005	0.90
0x00b01720	FreeChecker	Checker@0x00aff4ec	0x00b0105c	6	0	00606438	FUN_00606438	0x00aff52c	CheckerIntStateAll	00606438	inherited	Checker.slot_006	FreeChecker__vslot_006	0.93
0x00b01720	FreeChecker	Checker@0x00aff4ec	0x00b0105c	7	0	00603521	FUN_00603521	0x00aff52c	CheckerIntStateAll	00603521	inherited	Checker.slot_007	FreeChecker__vslot_007	0.93
0x00b01720	FreeChecker	Checker@0x00aff4ec	0x00b0105c	8	0	0060b30d	FUN_0060b30d	0x00aff52c	CheckerIntStateAll	00a92860	override	Checker.slot_008	FreeChecker__vslot_008	0.90
0x00b01720	FreeChecker	Checker@0x00aff4ec	0x00b0105c	9	0	00603898	FUN_00603898	0x00aff52c	CheckerIntStateAll	00a92860	override	Checker.slot_009	FreeChecker__vslot_009	0.90
0x00b01720	FreeChecker	Checker@0x00aff4ec	0x00b0105c	10	0	00603870	FUN_00603870	0x00aff52c	CheckerIntStateAll	00a92860	override	Checker.slot_010	FreeChecker__vslot_010	0.90
0x00b01720	FreeChecker	Checker@0x00aff4ec	0x00b0105c	11	0	0060387a	FUN_0060387a	0x00aff52c	CheckerIntStateAll	00a92860	override	Checker.slot_011	FreeChecker__vslot_011	0.90
0x00b01730	FreeCheckerBackwards	Checker@0x00aff4ec	0x00b010c4	0	0	0060b317	FUN_0060b317	0x00aff52c	CheckerIntStateAll	00a92860	override	Checker.slot_000	FreeCheckerBackwards__vslot_000	0.90
0x00b01730	FreeCheckerBackwards	Checker@0x00aff4ec	0x00b010c4	1	0	0060b430	FUN_0060b430	0x00aff52c	CheckerIntStateAll	00a92860	override	Checker.slot_001	FreeCheckerBackwards__vslot_001	0.90
0x00b01730	FreeCheckerBackwards	Checker@0x00aff4ec	0x00b010c4	2	0	0060ecc6	FUN_0060ecc6	0x00aff52c	CheckerIntStateAll	0060ecc6	inherited	Checker.slot_002	FreeCheckerBackwards__vslot_002	0.93
0x00b01730	FreeCheckerBackwards	Checker@0x00aff4ec	0x00b010c4	3	0	0060d30f	FUN_0060d30f	0x00aff52c	CheckerIntStateAll	0060d30f	inherited	Checker.slot_003	FreeCheckerBackwards__vslot_003	0.93
0x00b01730	FreeCheckerBackwards	Checker@0x00aff4ec	0x00b010c4	4	0	0060ee8f	FUN_0060ee8f	0x00aff52c	CheckerIntStateAll	0060ee8f	inherited	Checker.slot_004	FreeCheckerBackwards__vslot_004	0.93
0x00b01730	FreeCheckerBackwards	Checker@0x00aff4ec	0x00b010c4	5	0	006038bb	FUN_006038bb	0x00aff52c	CheckerIntStateAll	00a92860	override	Checker.slot_005	FreeCheckerBackwards__vslot_005	0.90
0x00b01730	FreeCheckerBackwards	Checker@0x00aff4ec	0x00b010c4	6	0	00606438	FUN_00606438	0x00aff52c	CheckerIntStateAll	00606438	inherited	Checker.slot_006	FreeCheckerBackwards__vslot_006	0.93
0x00b01730	FreeCheckerBackwards	Checker@0x00aff4ec	0x00b010c4	7	0	00603521	FUN_00603521	0x00aff52c	CheckerIntStateAll	00603521	inherited	Checker.slot_007	FreeCheckerBackwards__vslot_007	0.93
0x00b01730	FreeCheckerBackwards	Checker@0x00aff4ec	0x00b010c4	8	0	0060b448	FUN_0060b448	0x00aff52c	CheckerIntStateAll	00a92860	override	Checker.slot_008	FreeCheckerBackwards__vslot_008	0.90
0x00b01730	FreeCheckerBackwards	Checker@0x00aff4ec	0x00b010c4	9	0	006038b6	FUN_006038b6	0x00aff52c	CheckerIntStateAll	00a92860	override	Checker.slot_009	FreeCheckerBackwards__vslot_009	0.90
0x00b01730	FreeCheckerBackwards	Checker@0x00aff4ec	0x00b010c4	10	0	006038a2	FUN_006038a2	0x00aff52c	CheckerIntStateAll	00a92860	override	Checker.slot_010	FreeCheckerBackwards__vslot_010	0.90
0x00b01730	FreeCheckerBackwards	Checker@0x00aff4ec	0x00b010c4	11	0	006038ac	FUN_006038ac	0x00aff52c	CheckerIntStateAll	00a92860	override	Checker.slot_011	FreeCheckerBackwards__vslot_011	0.90
0x00b01740	DerefNULLChecker	Checker@0x00aff4ec	0x00b0112c	0	0	0060b452	FUN_0060b452	0x00aff4fc	CheckerIntStateLValue	00a92860	override	Checker.slot_000	DerefNULLChecker__vslot_000	0.90
0x00b01740	DerefNULLChecker	Checker@0x00aff4ec	0x00b0112c	1	0	0060b615	FUN_0060b615	0x00aff4fc	CheckerIntStateLValue	00a92860	override	Checker.slot_001	DerefNULLChecker__vslot_001	0.90
0x00b01740	DerefNULLChecker	Checker@0x00aff4ec	0x00b0112c	2	0	0060ecc6	FUN_0060ecc6	0x00aff4fc	CheckerIntStateLValue	0060ecc6	inherited	Checker.slot_002	DerefNULLChecker__vslot_002	0.93
0x00b01740	DerefNULLChecker	Checker@0x00aff4ec	0x00b0112c	3	0	0060d30f	FUN_0060d30f	0x00aff4fc	CheckerIntStateLValue	0060d30f	inherited	Checker.slot_003	DerefNULLChecker__vslot_003	0.93
0x00b01740	DerefNULLChecker	Checker@0x00aff4ec	0x00b0112c	4	0	0060ee8f	FUN_0060ee8f	0x00aff4fc	CheckerIntStateLValue	0060ee8f	inherited	Checker.slot_004	DerefNULLChecker__vslot_004	0.93
0x00b01740	DerefNULLChecker	Checker@0x00aff4ec	0x00b0112c	5	0	006038d9	FUN_006038d9	0x00aff4fc	CheckerIntStateLValue	00a92860	override	Checker.slot_005	DerefNULLChecker__vslot_005	0.90
0x00b01740	DerefNULLChecker	Checker@0x00aff4ec	0x00b0112c	6	0	00606438	FUN_00606438	0x00aff4fc	CheckerIntStateLValue	00606438	inherited	Checker.slot_006	DerefNULLChecker__vslot_006	0.93
0x00b01740	DerefNULLChecker	Checker@0x00aff4ec	0x00b0112c	7	0	006034e2	FUN_006034e2	0x00aff4fc	CheckerIntStateLValue	006034e2	inherited	Checker.slot_007	DerefNULLChecker__vslot_007	0.93
0x00b01740	DerefNULLChecker	Checker@0x00aff4ec	0x00b0112c	8	0	0060b64b	FUN_0060b64b	0x00aff4fc	CheckerIntStateLValue	00a92860	override	Checker.slot_008	DerefNULLChecker__vslot_008	0.90
0x00b01740	DerefNULLChecker	Checker@0x00aff4ec	0x00b0112c	9	0	006038d4	FUN_006038d4	0x00aff4fc	CheckerIntStateLValue	00a92860	override	Checker.slot_009	DerefNULLChecker__vslot_009	0.90
0x00b01740	DerefNULLChecker	Checker@0x00aff4ec	0x00b0112c	10	0	006038c0	FUN_006038c0	0x00aff4fc	CheckerIntStateLValue	00a92860	override	Checker.slot_010	DerefNULLChecker__vslot_010	0.90
0x00b01740	DerefNULLChecker	Checker@0x00aff4ec	0x00b0112c	11	0	006038ca	FUN_006038ca	0x00aff4fc	CheckerIntStateLValue	00a92860	override	Checker.slot_011	DerefNULLChecker__vslot_011	0.90
0x00b01750	LocalScopeChecker	Checker@0x00aff4ec	0x00b01194	0	0	0060b655	FUN_0060b655	0x00aff4fc	CheckerIntStateLValue	00a92860	override	Checker.slot_000	LocalScopeChecker__vslot_000	0.90
0x00b01750	LocalScopeChecker	Checker@0x00aff4ec	0x00b01194	1	0	0060b702	FUN_0060b702	0x00aff4fc	CheckerIntStateLValue	00a92860	override	Checker.slot_001	LocalScopeChecker__vslot_001	0.90
0x00b01750	LocalScopeChecker	Checker@0x00aff4ec	0x00b01194	2	0	0060ecc6	FUN_0060ecc6	0x00aff4fc	CheckerIntStateLValue	0060ecc6	inherited	Checker.slot_002	LocalScopeChecker__vslot_002	0.93
0x00b01750	LocalScopeChecker	Checker@0x00aff4ec	0x00b01194	3	0	0060d30f	FUN_0060d30f	0x00aff4fc	CheckerIntStateLValue	0060d30f	inherited	Checker.slot_003	LocalScopeChecker__vslot_003	0.93
0x00b01750	LocalScopeChecker	Checker@0x00aff4ec	0x00b01194	4	0	0060ee8f	FUN_0060ee8f	0x00aff4fc	CheckerIntStateLValue	0060ee8f	inherited	Checker.slot_004	LocalScopeChecker__vslot_004	0.93
0x00b01750	LocalScopeChecker	Checker@0x00aff4ec	0x00b01194	5	0	006038f7	FUN_006038f7	0x00aff4fc	CheckerIntStateLValue	00a92860	override	Checker.slot_005	LocalScopeChecker__vslot_005	0.90
0x00b01750	LocalScopeChecker	Checker@0x00aff4ec	0x00b01194	6	0	00606438	FUN_00606438	0x00aff4fc	CheckerIntStateLValue	00606438	inherited	Checker.slot_006	LocalScopeChecker__vslot_006	0.93
0x00b01750	LocalScopeChecker	Checker@0x00aff4ec	0x00b01194	7	0	006034e2	FUN_006034e2	0x00aff4fc	CheckerIntStateLValue	006034e2	inherited	Checker.slot_007	LocalScopeChecker__vslot_007	0.93
0x00b01750	LocalScopeChecker	Checker@0x00aff4ec	0x00b01194	8	0	0060b8bd	FUN_0060b8bd	0x00aff4fc	CheckerIntStateLValue	00a92860	override	Checker.slot_008	LocalScopeChecker__vslot_008	0.90
0x00b01750	LocalScopeChecker	Checker@0x00aff4ec	0x00b01194	9	0	006038f2	FUN_006038f2	0x00aff4fc	CheckerIntStateLValue	00a92860	override	Checker.slot_009	LocalScopeChecker__vslot_009	0.90
0x00b01750	LocalScopeChecker	Checker@0x00aff4ec	0x00b01194	10	0	006038de	FUN_006038de	0x00aff4fc	CheckerIntStateLValue	00a92860	override	Checker.slot_010	LocalScopeChecker__vslot_010	0.90
0x00b01750	LocalScopeChecker	Checker@0x00aff4ec	0x00b01194	11	0	006038e8	FUN_006038e8	0x00aff4fc	CheckerIntStateLValue	00a92860	override	Checker.slot_011	LocalScopeChecker__vslot_011	0.90
0x00b01760	ReadOnlyWriteChecker	Checker@0x00aff4ec	0x00b011fc	0	0	0060b8f5	FUN_0060b8f5	0x00aff4fc	CheckerIntStateLValue	00a92860	override	Checker.slot_000	ReadOnlyWriteChecker__vslot_000	0.90
0x00b01760	ReadOnlyWriteChecker	Checker@0x00aff4ec	0x00b011fc	1	0	0060b983	FUN_0060b983	0x00aff4fc	CheckerIntStateLValue	00a92860	override	Checker.slot_001	ReadOnlyWriteChecker__vslot_001	0.90
0x00b01760	ReadOnlyWriteChecker	Checker@0x00aff4ec	0x00b011fc	2	0	0060ecc6	FUN_0060ecc6	0x00aff4fc	CheckerIntStateLValue	0060ecc6	inherited	Checker.slot_002	ReadOnlyWriteChecker__vslot_002	0.93
0x00b01760	ReadOnlyWriteChecker	Checker@0x00aff4ec	0x00b011fc	3	0	0060d30f	FUN_0060d30f	0x00aff4fc	CheckerIntStateLValue	0060d30f	inherited	Checker.slot_003	ReadOnlyWriteChecker__vslot_003	0.93
0x00b01760	ReadOnlyWriteChecker	Checker@0x00aff4ec	0x00b011fc	4	0	0060ee8f	FUN_0060ee8f	0x00aff4fc	CheckerIntStateLValue	0060ee8f	inherited	Checker.slot_004	ReadOnlyWriteChecker__vslot_004	0.93
0x00b01760	ReadOnlyWriteChecker	Checker@0x00aff4ec	0x00b011fc	5	0	00603915	FUN_00603915	0x00aff4fc	CheckerIntStateLValue	00a92860	override	Checker.slot_005	ReadOnlyWriteChecker__vslot_005	0.90
0x00b01760	ReadOnlyWriteChecker	Checker@0x00aff4ec	0x00b011fc	6	0	00606438	FUN_00606438	0x00aff4fc	CheckerIntStateLValue	00606438	inherited	Checker.slot_006	ReadOnlyWriteChecker__vslot_006	0.93
0x00b01760	ReadOnlyWriteChecker	Checker@0x00aff4ec	0x00b011fc	7	0	006034e2	FUN_006034e2	0x00aff4fc	CheckerIntStateLValue	006034e2	inherited	Checker.slot_007	ReadOnlyWriteChecker__vslot_007	0.93
0x00b01760	ReadOnlyWriteChecker	Checker@0x00aff4ec	0x00b011fc	8	0	0060ba1b	FUN_0060ba1b	0x00aff4fc	CheckerIntStateLValue	00a92860	override	Checker.slot_008	ReadOnlyWriteChecker__vslot_008	0.90
0x00b01760	ReadOnlyWriteChecker	Checker@0x00aff4ec	0x00b011fc	9	0	00603910	FUN_00603910	0x00aff4fc	CheckerIntStateLValue	00a92860	override	Checker.slot_009	ReadOnlyWriteChecker__vslot_009	0.90
0x00b01760	ReadOnlyWriteChecker	Checker@0x00aff4ec	0x00b011fc	10	0	006038fc	FUN_006038fc	0x00aff4fc	CheckerIntStateLValue	00a92860	override	Checker.slot_010	ReadOnlyWriteChecker__vslot_010	0.90
0x00b01760	ReadOnlyWriteChecker	Checker@0x00aff4ec	0x00b011fc	11	0	00603906	FUN_00603906	0x00aff4fc	CheckerIntStateLValue	00a92860	override	Checker.slot_011	ReadOnlyWriteChecker__vslot_011	0.90
0x00b01770	NewSingleChecker	Checker@0x00aff4ec	0x00b01264	0	0	0060ba53	FUN_0060ba53	0x00aff4fc	CheckerIntStateLValue	00a92860	override	Checker.slot_000	NewSingleChecker__vslot_000	0.90
0x00b01770	NewSingleChecker	Checker@0x00aff4ec	0x00b01264	1	0	0060bb55	FUN_0060bb55	0x00aff4fc	CheckerIntStateLValue	00a92860	override	Checker.slot_001	NewSingleChecker__vslot_001	0.90
0x00b01770	NewSingleChecker	Checker@0x00aff4ec	0x00b01264	2	0	0060ecc6	FUN_0060ecc6	0x00aff4fc	CheckerIntStateLValue	0060ecc6	inherited	Checker.slot_002	NewSingleChecker__vslot_002	0.93
0x00b01770	NewSingleChecker	Checker@0x00aff4ec	0x00b01264	3	0	0060d30f	FUN_0060d30f	0x00aff4fc	CheckerIntStateLValue	0060d30f	inherited	Checker.slot_003	NewSingleChecker__vslot_003	0.93
0x00b01770	NewSingleChecker	Checker@0x00aff4ec	0x00b01264	4	0	0060ee8f	FUN_0060ee8f	0x00aff4fc	CheckerIntStateLValue	0060ee8f	inherited	Checker.slot_004	NewSingleChecker__vslot_004	0.93
0x00b01770	NewSingleChecker	Checker@0x00aff4ec	0x00b01264	5	0	00603933	FUN_00603933	0x00aff4fc	CheckerIntStateLValue	00a92860	override	Checker.slot_005	NewSingleChecker__vslot_005	0.90
0x00b01770	NewSingleChecker	Checker@0x00aff4ec	0x00b01264	6	0	00606438	FUN_00606438	0x00aff4fc	CheckerIntStateLValue	00606438	inherited	Checker.slot_006	NewSingleChecker__vslot_006	0.93
0x00b01770	NewSingleChecker	Checker@0x00aff4ec	0x00b01264	7	0	006034e2	FUN_006034e2	0x00aff4fc	CheckerIntStateLValue	006034e2	inherited	Checker.slot_007	NewSingleChecker__vslot_007	0.93
0x00b01770	NewSingleChecker	Checker@0x00aff4ec	0x00b01264	8	0	0060bc06	FUN_0060bc06	0x00aff4fc	CheckerIntStateLValue	00a92860	override	Checker.slot_008	NewSingleChecker__vslot_008	0.90
0x00b01770	NewSingleChecker	Checker@0x00aff4ec	0x00b01264	9	0	0060392e	FUN_0060392e	0x00aff4fc	CheckerIntStateLValue	00a92860	override	Checker.slot_009	NewSingleChecker__vslot_009	0.90
0x00b01770	NewSingleChecker	Checker@0x00aff4ec	0x00b01264	10	0	0060391a	FUN_0060391a	0x00aff4fc	CheckerIntStateLValue	00a92860	override	Checker.slot_010	NewSingleChecker__vslot_010	0.90
0x00b01770	NewSingleChecker	Checker@0x00aff4ec	0x00b01264	11	0	00603924	FUN_00603924	0x00aff4fc	CheckerIntStateLValue	00a92860	override	Checker.slot_011	NewSingleChecker__vslot_011	0.90
0x00b01780	NewArrayChecker	Checker@0x00aff4ec	0x00b012cc	0	0	0060bc3e	FUN_0060bc3e	0x00aff4fc	CheckerIntStateLValue	00a92860	override	Checker.slot_000	NewArrayChecker__vslot_000	0.90
0x00b01780	NewArrayChecker	Checker@0x00aff4ec	0x00b012cc	1	0	0060bd02	FUN_0060bd02	0x00aff4fc	CheckerIntStateLValue	00a92860	override	Checker.slot_001	NewArrayChecker__vslot_001	0.90
0x00b01780	NewArrayChecker	Checker@0x00aff4ec	0x00b012cc	2	0	0060ecc6	FUN_0060ecc6	0x00aff4fc	CheckerIntStateLValue	0060ecc6	inherited	Checker.slot_002	NewArrayChecker__vslot_002	0.93
0x00b01780	NewArrayChecker	Checker@0x00aff4ec	0x00b012cc	3	0	0060d30f	FUN_0060d30f	0x00aff4fc	CheckerIntStateLValue	0060d30f	inherited	Checker.slot_003	NewArrayChecker__vslot_003	0.93
0x00b01780	NewArrayChecker	Checker@0x00aff4ec	0x00b012cc	4	0	0060ee8f	FUN_0060ee8f	0x00aff4fc	CheckerIntStateLValue	0060ee8f	inherited	Checker.slot_004	NewArrayChecker__vslot_004	0.93
0x00b01780	NewArrayChecker	Checker@0x00aff4ec	0x00b012cc	5	0	00603951	FUN_00603951	0x00aff4fc	CheckerIntStateLValue	00a92860	override	Checker.slot_005	NewArrayChecker__vslot_005	0.90
0x00b01780	NewArrayChecker	Checker@0x00aff4ec	0x00b012cc	6	0	00606438	FUN_00606438	0x00aff4fc	CheckerIntStateLValue	00606438	inherited	Checker.slot_006	NewArrayChecker__vslot_006	0.93
0x00b01780	NewArrayChecker	Checker@0x00aff4ec	0x00b012cc	7	0	006034e2	FUN_006034e2	0x00aff4fc	CheckerIntStateLValue	006034e2	inherited	Checker.slot_007	NewArrayChecker__vslot_007	0.93
0x00b01780	NewArrayChecker	Checker@0x00aff4ec	0x00b012cc	8	0	0060bded	FUN_0060bded	0x00aff4fc	CheckerIntStateLValue	00a92860	override	Checker.slot_008	NewArrayChecker__vslot_008	0.90
0x00b01780	NewArrayChecker	Checker@0x00aff4ec	0x00b012cc	9	0	0060394c	FUN_0060394c	0x00aff4fc	CheckerIntStateLValue	00a92860	override	Checker.slot_009	NewArrayChecker__vslot_009	0.90
0x00b01780	NewArrayChecker	Checker@0x00aff4ec	0x00b012cc	10	0	00603938	FUN_00603938	0x00aff4fc	CheckerIntStateLValue	00a92860	override	Checker.slot_010	NewArrayChecker__vslot_010	0.90
0x00b01780	NewArrayChecker	Checker@0x00aff4ec	0x00b012cc	11	0	00603942	FUN_00603942	0x00aff4fc	CheckerIntStateLValue	00a92860	override	Checker.slot_011	NewArrayChecker__vslot_011	0.90
0x00b01790	NoReturnChecker	Checker@0x00aff4ec	0x00b01334	0	0	0060bfb2	FUN_0060bfb2	0x00aff52c	CheckerIntStateAll	00a92860	override	Checker.slot_000	NoReturnChecker__vslot_000	0.90
0x00b01790	NoReturnChecker	Checker@0x00aff4ec	0x00b01334	1	0	0060396a	FUN_0060396a	0x00aff52c	CheckerIntStateAll	00a92860	override	Checker.slot_001	NoReturnChecker__vslot_001	0.90
0x00b01790	NoReturnChecker	Checker@0x00aff4ec	0x00b01334	2	0	0060ecc6	FUN_0060ecc6	0x00aff52c	CheckerIntStateAll	0060ecc6	inherited	Checker.slot_002	NoReturnChecker__vslot_002	0.93
0x00b01790	NoReturnChecker	Checker@0x00aff4ec	0x00b01334	3	0	0060d30f	FUN_0060d30f	0x00aff52c	CheckerIntStateAll	0060d30f	inherited	Checker.slot_003	NoReturnChecker__vslot_003	0.93
0x00b01790	NoReturnChecker	Checker@0x00aff4ec	0x00b01334	4	0	0060ee8f	FUN_0060ee8f	0x00aff52c	CheckerIntStateAll	0060ee8f	inherited	Checker.slot_004	NoReturnChecker__vslot_004	0.93
0x00b01790	NoReturnChecker	Checker@0x00aff4ec	0x00b01334	5	0	00603979	FUN_00603979	0x00aff52c	CheckerIntStateAll	00a92860	override	Checker.slot_005	NoReturnChecker__vslot_005	0.90
0x00b01790	NoReturnChecker	Checker@0x00aff4ec	0x00b01334	6	0	00606438	FUN_00606438	0x00aff52c	CheckerIntStateAll	00606438	inherited	Checker.slot_006	NoReturnChecker__vslot_006	0.93
0x00b01790	NoReturnChecker	Checker@0x00aff4ec	0x00b01334	7	0	00603521	FUN_00603521	0x00aff52c	CheckerIntStateAll	00603521	inherited	Checker.slot_007	NoReturnChecker__vslot_007	0.93
0x00b01790	NoReturnChecker	Checker@0x00aff4ec	0x00b01334	8	0	0060396f	FUN_0060396f	0x00aff52c	CheckerIntStateAll	00a92860	override	Checker.slot_008	NoReturnChecker__vslot_008	0.90
0x00b01790	NoReturnChecker	Checker@0x00aff4ec	0x00b01334	9	0	0060bffe	FUN_0060bffe	0x00aff52c	CheckerIntStateAll	00a92860	override	Checker.slot_009	NoReturnChecker__vslot_009	0.90
0x00b01790	NoReturnChecker	Checker@0x00aff4ec	0x00b01334	10	0	00603956	FUN_00603956	0x00aff52c	CheckerIntStateAll	00a92860	override	Checker.slot_010	NoReturnChecker__vslot_010	0.90
0x00b01790	NoReturnChecker	Checker@0x00aff4ec	0x00b01334	11	0	00603960	FUN_00603960	0x00aff52c	CheckerIntStateAll	00a92860	override	Checker.slot_011	NoReturnChecker__vslot_011	0.90
0x00b017a0	UnreadChecker	Checker@0x00aff4ec	0x00b0139c	0	0	0060c05a	FUN_0060c05a	0x00aff51c	CheckerIntStateSafevar	00a92860	override	Checker.slot_000	UnreadChecker__vslot_000	0.90
0x00b017a0	UnreadChecker	Checker@0x00aff4ec	0x00b0139c	1	0	0060c08e	FUN_0060c08e	0x00aff51c	CheckerIntStateSafevar	00a92860	override	Checker.slot_001	UnreadChecker__vslot_001	0.90
0x00b017a0	UnreadChecker	Checker@0x00aff4ec	0x00b0139c	2	0	0060ecc6	FUN_0060ecc6	0x00aff51c	CheckerIntStateSafevar	0060ecc6	inherited	Checker.slot_002	UnreadChecker__vslot_002	0.93
0x00b017a0	UnreadChecker	Checker@0x00aff4ec	0x00b0139c	3	0	0060d30f	FUN_0060d30f	0x00aff51c	CheckerIntStateSafevar	0060d30f	inherited	Checker.slot_003	UnreadChecker__vslot_003	0.93
0x00b017a0	UnreadChecker	Checker@0x00aff4ec	0x00b0139c	4	0	0060ee8f	FUN_0060ee8f	0x00aff51c	CheckerIntStateSafevar	0060ee8f	inherited	Checker.slot_004	UnreadChecker__vslot_004	0.93
0x00b017a0	UnreadChecker	Checker@0x00aff4ec	0x00b0139c	5	0	00603997	FUN_00603997	0x00aff51c	CheckerIntStateSafevar	00a92860	override	Checker.slot_005	UnreadChecker__vslot_005	0.90
0x00b017a0	UnreadChecker	Checker@0x00aff4ec	0x00b0139c	6	0	00606438	FUN_00606438	0x00aff51c	CheckerIntStateSafevar	00606438	inherited	Checker.slot_006	UnreadChecker__vslot_006	0.93
0x00b017a0	UnreadChecker	Checker@0x00aff4ec	0x00b0139c	7	0	0060350c	FUN_0060350c	0x00aff51c	CheckerIntStateSafevar	0060350c	inherited	Checker.slot_007	UnreadChecker__vslot_007	0.93
0x00b017a0	UnreadChecker	Checker@0x00aff4ec	0x00b0139c	8	0	0060c0f0	FUN_0060c0f0	0x00aff51c	CheckerIntStateSafevar	00a92860	override	Checker.slot_008	UnreadChecker__vslot_008	0.90
0x00b017a0	UnreadChecker	Checker@0x00aff4ec	0x00b0139c	9	0	00603992	FUN_00603992	0x00aff51c	CheckerIntStateSafevar	00a92860	override	Checker.slot_009	UnreadChecker__vslot_009	0.90
0x00b017a0	UnreadChecker	Checker@0x00aff4ec	0x00b0139c	10	0	0060397e	FUN_0060397e	0x00aff51c	CheckerIntStateSafevar	00a92860	override	Checker.slot_010	UnreadChecker__vslot_010	0.90
0x00b017a0	UnreadChecker	Checker@0x00aff4ec	0x00b0139c	11	0	00603988	FUN_00603988	0x00aff51c	CheckerIntStateSafevar	00a92860	override	Checker.slot_011	UnreadChecker__vslot_011	0.90
0x00b017b0	UnreadCheckerBackwards	Checker@0x00aff4ec	0x00b01404	0	0	0060c128	FUN_0060c128	0x00aff51c	CheckerIntStateSafevar	00a92860	override	Checker.slot_000	UnreadCheckerBackwards__vslot_000	0.90
0x00b017b0	UnreadCheckerBackwards	Checker@0x00aff4ec	0x00b01404	1	0	0060c140	FUN_0060c140	0x00aff51c	CheckerIntStateSafevar	00a92860	override	Checker.slot_001	UnreadCheckerBackwards__vslot_001	0.90
0x00b017b0	UnreadCheckerBackwards	Checker@0x00aff4ec	0x00b01404	2	0	0060ecc6	FUN_0060ecc6	0x00aff51c	CheckerIntStateSafevar	0060ecc6	inherited	Checker.slot_002	UnreadCheckerBackwards__vslot_002	0.93
0x00b017b0	UnreadCheckerBackwards	Checker@0x00aff4ec	0x00b01404	3	0	0060d30f	FUN_0060d30f	0x00aff51c	CheckerIntStateSafevar	0060d30f	inherited	Checker.slot_003	UnreadCheckerBackwards__vslot_003	0.93
0x00b017b0	UnreadCheckerBackwards	Checker@0x00aff4ec	0x00b01404	4	0	0060ee8f	FUN_0060ee8f	0x00aff51c	CheckerIntStateSafevar	0060ee8f	inherited	Checker.slot_004	UnreadCheckerBackwards__vslot_004	0.93
0x00b017b0	UnreadCheckerBackwards	Checker@0x00aff4ec	0x00b01404	5	0	006039c9	FUN_006039c9	0x00aff51c	CheckerIntStateSafevar	00a92860	override	Checker.slot_005	UnreadCheckerBackwards__vslot_005	0.90
0x00b017b0	UnreadCheckerBackwards	Checker@0x00aff4ec	0x00b01404	6	0	00606438	FUN_00606438	0x00aff51c	CheckerIntStateSafevar	00606438	inherited	Checker.slot_006	UnreadCheckerBackwards__vslot_006	0.93
0x00b017b0	UnreadCheckerBackwards	Checker@0x00aff4ec	0x00b01404	7	0	0060350c	FUN_0060350c	0x00aff51c	CheckerIntStateSafevar	0060350c	inherited	Checker.slot_007	UnreadCheckerBackwards__vslot_007	0.93
0x00b017b0	UnreadCheckerBackwards	Checker@0x00aff4ec	0x00b01404	8	0	0060c2f2	FUN_0060c2f2	0x00aff51c	CheckerIntStateSafevar	00a92860	override	Checker.slot_008	UnreadCheckerBackwards__vslot_008	0.90
0x00b017b0	UnreadCheckerBackwards	Checker@0x00aff4ec	0x00b01404	9	0	006039c4	FUN_006039c4	0x00aff51c	CheckerIntStateSafevar	00a92860	override	Checker.slot_009	UnreadCheckerBackwards__vslot_009	0.90
0x00b017b0	UnreadCheckerBackwards	Checker@0x00aff4ec	0x00b01404	10	0	0060399c	FUN_0060399c	0x00aff51c	CheckerIntStateSafevar	00a92860	override	Checker.slot_010	UnreadCheckerBackwards__vslot_010	0.90
0x00b017b0	UnreadCheckerBackwards	Checker@0x00aff4ec	0x00b01404	11	0	006039a6	FUN_006039a6	0x00aff51c	CheckerIntStateSafevar	00a92860	override	Checker.slot_011	UnreadCheckerBackwards__vslot_011	0.90
0x00b017c0	NULLCheckDerefChecker	Checker@0x00aff4ec	0x00b0146c	0	0	0060c34e	FUN_0060c34e	0x00aff4fc	CheckerIntStateLValue	00a92860	override	Checker.slot_000	NULLCheckDerefChecker__vslot_000	0.90
0x00b017c0	NULLCheckDerefChecker	Checker@0x00aff4ec	0x00b0146c	1	0	0060c41a	FUN_0060c41a	0x00aff4fc	CheckerIntStateLValue	00a92860	override	Checker.slot_001	NULLCheckDerefChecker__vslot_001	0.90
0x00b017c0	NULLCheckDerefChecker	Checker@0x00aff4ec	0x00b0146c	2	0	0060ecc6	FUN_0060ecc6	0x00aff4fc	CheckerIntStateLValue	0060ecc6	inherited	Checker.slot_002	NULLCheckDerefChecker__vslot_002	0.93
0x00b017c0	NULLCheckDerefChecker	Checker@0x00aff4ec	0x00b0146c	3	0	0060d30f	FUN_0060d30f	0x00aff4fc	CheckerIntStateLValue	0060d30f	inherited	Checker.slot_003	NULLCheckDerefChecker__vslot_003	0.93
0x00b017c0	NULLCheckDerefChecker	Checker@0x00aff4ec	0x00b0146c	4	0	0060ee8f	FUN_0060ee8f	0x00aff4fc	CheckerIntStateLValue	0060ee8f	inherited	Checker.slot_004	NULLCheckDerefChecker__vslot_004	0.93
0x00b017c0	NULLCheckDerefChecker	Checker@0x00aff4ec	0x00b0146c	5	0	0060c46a	FUN_0060c46a	0x00aff4fc	CheckerIntStateLValue	00a92860	override	Checker.slot_005	NULLCheckDerefChecker__vslot_005	0.90
0x00b017c0	NULLCheckDerefChecker	Checker@0x00aff4ec	0x00b0146c	6	0	00606438	FUN_00606438	0x00aff4fc	CheckerIntStateLValue	00606438	inherited	Checker.slot_006	NULLCheckDerefChecker__vslot_006	0.93
0x00b017c0	NULLCheckDerefChecker	Checker@0x00aff4ec	0x00b0146c	7	0	006034e2	FUN_006034e2	0x00aff4fc	CheckerIntStateLValue	006034e2	inherited	Checker.slot_007	NULLCheckDerefChecker__vslot_007	0.93
0x00b017c0	NULLCheckDerefChecker	Checker@0x00aff4ec	0x00b0146c	8	0	0060c432	FUN_0060c432	0x00aff4fc	CheckerIntStateLValue	00a92860	override	Checker.slot_008	NULLCheckDerefChecker__vslot_008	0.90
0x00b017c0	NULLCheckDerefChecker	Checker@0x00aff4ec	0x00b0146c	9	0	006039e2	FUN_006039e2	0x00aff4fc	CheckerIntStateLValue	00a92860	override	Checker.slot_009	NULLCheckDerefChecker__vslot_009	0.90
0x00b017c0	NULLCheckDerefChecker	Checker@0x00aff4ec	0x00b0146c	10	0	006039ce	FUN_006039ce	0x00aff4fc	CheckerIntStateLValue	00a92860	override	Checker.slot_010	NULLCheckDerefChecker__vslot_010	0.90
0x00b017c0	NULLCheckDerefChecker	Checker@0x00aff4ec	0x00b0146c	11	0	006039d8	FUN_006039d8	0x00aff4fc	CheckerIntStateLValue	00a92860	override	Checker.slot_011	NULLCheckDerefChecker__vslot_011	0.90
0x00b017d0	UninitReadChecker	Checker@0x00aff4ec	0x00b014d4	0	0	0060c4ca	FUN_0060c4ca	0x00aff51c	CheckerIntStateSafevar	00a92860	override	Checker.slot_000	UninitReadChecker__vslot_000	0.90
0x00b017d0	UninitReadChecker	Checker@0x00aff4ec	0x00b014d4	1	0	0060c517	FUN_0060c517	0x00aff51c	CheckerIntStateSafevar	00a92860	override	Checker.slot_001	UninitReadChecker__vslot_001	0.90
0x00b017d0	UninitReadChecker	Checker@0x00aff4ec	0x00b014d4	2	0	0060ecc6	FUN_0060ecc6	0x00aff51c	CheckerIntStateSafevar	0060ecc6	inherited	Checker.slot_002	UninitReadChecker__vslot_002	0.93
0x00b017d0	UninitReadChecker	Checker@0x00aff4ec	0x00b014d4	3	0	0060d30f	FUN_0060d30f	0x00aff51c	CheckerIntStateSafevar	0060d30f	inherited	Checker.slot_003	UninitReadChecker__vslot_003	0.93
0x00b017d0	UninitReadChecker	Checker@0x00aff4ec	0x00b014d4	4	0	0060ee8f	FUN_0060ee8f	0x00aff51c	CheckerIntStateSafevar	0060ee8f	inherited	Checker.slot_004	UninitReadChecker__vslot_004	0.93
0x00b017d0	UninitReadChecker	Checker@0x00aff4ec	0x00b014d4	5	0	00603a00	FUN_00603a00	0x00aff51c	CheckerIntStateSafevar	00a92860	override	Checker.slot_005	UninitReadChecker__vslot_005	0.90
0x00b017d0	UninitReadChecker	Checker@0x00aff4ec	0x00b014d4	6	0	00606438	FUN_00606438	0x00aff51c	CheckerIntStateSafevar	00606438	inherited	Checker.slot_006	UninitReadChecker__vslot_006	0.93
0x00b017d0	UninitReadChecker	Checker@0x00aff4ec	0x00b014d4	7	0	0060350c	FUN_0060350c	0x00aff51c	CheckerIntStateSafevar	0060350c	inherited	Checker.slot_007	UninitReadChecker__vslot_007	0.93
0x00b017d0	UninitReadChecker	Checker@0x00aff4ec	0x00b014d4	8	0	0060c53a	FUN_0060c53a	0x00aff51c	CheckerIntStateSafevar	00a92860	override	Checker.slot_008	UninitReadChecker__vslot_008	0.90
0x00b017d0	UninitReadChecker	Checker@0x00aff4ec	0x00b014d4	9	0	006039fb	FUN_006039fb	0x00aff51c	CheckerIntStateSafevar	00a92860	override	Checker.slot_009	UninitReadChecker__vslot_009	0.90
0x00b017d0	UninitReadChecker	Checker@0x00aff4ec	0x00b014d4	10	0	006039e7	FUN_006039e7	0x00aff51c	CheckerIntStateSafevar	00a92860	override	Checker.slot_010	UninitReadChecker__vslot_010	0.90
0x00b017d0	UninitReadChecker	Checker@0x00aff4ec	0x00b014d4	11	0	006039f1	FUN_006039f1	0x00aff51c	CheckerIntStateSafevar	00a92860	override	Checker.slot_011	UninitReadChecker__vslot_011	0.90
0x00b017e0	UninitReadCheckerBackwards	Checker@0x00aff4ec	0x00b0153c	0	0	0060c578	FUN_0060c578	0x00aff51c	CheckerIntStateSafevar	00a92860	override	Checker.slot_000	UninitReadCheckerBackwards__vslot_000	0.90
0x00b017e0	UninitReadCheckerBackwards	Checker@0x00aff4ec	0x00b0153c	1	0	0060c5c0	FUN_0060c5c0	0x00aff51c	CheckerIntStateSafevar	00a92860	override	Checker.slot_001	UninitReadCheckerBackwards__vslot_001	0.90
0x00b017e0	UninitReadCheckerBackwards	Checker@0x00aff4ec	0x00b0153c	2	0	0060ecc6	FUN_0060ecc6	0x00aff51c	CheckerIntStateSafevar	0060ecc6	inherited	Checker.slot_002	UninitReadCheckerBackwards__vslot_002	0.93
0x00b017e0	UninitReadCheckerBackwards	Checker@0x00aff4ec	0x00b0153c	3	0	0060d30f	FUN_0060d30f	0x00aff51c	CheckerIntStateSafevar	0060d30f	inherited	Checker.slot_003	UninitReadCheckerBackwards__vslot_003	0.93
0x00b017e0	UninitReadCheckerBackwards	Checker@0x00aff4ec	0x00b0153c	4	0	0060ee8f	FUN_0060ee8f	0x00aff51c	CheckerIntStateSafevar	0060ee8f	inherited	Checker.slot_004	UninitReadCheckerBackwards__vslot_004	0.93
0x00b017e0	UninitReadCheckerBackwards	Checker@0x00aff4ec	0x00b0153c	5	0	00603aa4	FUN_00603aa4	0x00aff51c	CheckerIntStateSafevar	00a92860	override	Checker.slot_005	UninitReadCheckerBackwards__vslot_005	0.90
0x00b017e0	UninitReadCheckerBackwards	Checker@0x00aff4ec	0x00b0153c	6	0	00606438	FUN_00606438	0x00aff51c	CheckerIntStateSafevar	00606438	inherited	Checker.slot_006	UninitReadCheckerBackwards__vslot_006	0.93
0x00b017e0	UninitReadCheckerBackwards	Checker@0x00aff4ec	0x00b0153c	7	0	0060350c	FUN_0060350c	0x00aff51c	CheckerIntStateSafevar	0060350c	inherited	Checker.slot_007	UninitReadCheckerBackwards__vslot_007	0.93
0x00b017e0	UninitReadCheckerBackwards	Checker@0x00aff4ec	0x00b0153c	8	0	0060c628	FUN_0060c628	0x00aff51c	CheckerIntStateSafevar	00a92860	override	Checker.slot_008	UninitReadCheckerBackwards__vslot_008	0.90
0x00b017e0	UninitReadCheckerBackwards	Checker@0x00aff4ec	0x00b0153c	9	0	0060c694	FUN_0060c694	0x00aff51c	CheckerIntStateSafevar	00a92860	override	Checker.slot_009	UninitReadCheckerBackwards__vslot_009	0.90
0x00b017e0	UninitReadCheckerBackwards	Checker@0x00aff4ec	0x00b0153c	10	0	00603a05	FUN_00603a05	0x00aff51c	CheckerIntStateSafevar	00a92860	override	Checker.slot_010	UninitReadCheckerBackwards__vslot_010	0.90
0x00b017e0	UninitReadCheckerBackwards	Checker@0x00aff4ec	0x00b0153c	11	0	00603a0f	FUN_00603a0f	0x00aff51c	CheckerIntStateSafevar	00a92860	override	Checker.slot_011	UninitReadCheckerBackwards__vslot_011	0.90
0x00b017f0	NoFlowChecker	Checker@0x00aff4ec	0x00b015a4	0	0	00606a4a	FUN_00606a4a	0x00aff52c	CheckerIntStateAll	00a92860	override	Checker.slot_000	NoFlowChecker__vslot_000	0.90
0x00b017f0	NoFlowChecker	Checker@0x00aff4ec	0x00b015a4	1	0	00603abd	FUN_00603abd	0x00aff52c	CheckerIntStateAll	00a92860	override	Checker.slot_001	NoFlowChecker__vslot_001	0.90
0x00b017f0	NoFlowChecker	Checker@0x00aff4ec	0x00b015a4	2	0	0060ecc6	FUN_0060ecc6	0x00aff52c	CheckerIntStateAll	0060ecc6	inherited	Checker.slot_002	NoFlowChecker__vslot_002	0.93
0x00b017f0	NoFlowChecker	Checker@0x00aff4ec	0x00b015a4	3	0	0060d30f	FUN_0060d30f	0x00aff52c	CheckerIntStateAll	0060d30f	inherited	Checker.slot_003	NoFlowChecker__vslot_003	0.93
0x00b017f0	NoFlowChecker	Checker@0x00aff4ec	0x00b015a4	4	0	0060ee8f	FUN_0060ee8f	0x00aff52c	CheckerIntStateAll	0060ee8f	inherited	Checker.slot_004	NoFlowChecker__vslot_004	0.93
0x00b017f0	NoFlowChecker	Checker@0x00aff4ec	0x00b015a4	5	0	00603ad1	FUN_00603ad1	0x00aff52c	CheckerIntStateAll	00a92860	override	Checker.slot_005	NoFlowChecker__vslot_005	0.90
0x00b017f0	NoFlowChecker	Checker@0x00aff4ec	0x00b015a4	6	0	00606438	FUN_00606438	0x00aff52c	CheckerIntStateAll	00606438	inherited	Checker.slot_006	NoFlowChecker__vslot_006	0.93
0x00b017f0	NoFlowChecker	Checker@0x00aff4ec	0x00b015a4	7	0	00603521	FUN_00603521	0x00aff52c	CheckerIntStateAll	00603521	inherited	Checker.slot_007	NoFlowChecker__vslot_007	0.93
0x00b017f0	NoFlowChecker	Checker@0x00aff4ec	0x00b015a4	8	0	00603ac2	FUN_00603ac2	0x00aff52c	CheckerIntStateAll	00a92860	override	Checker.slot_008	NoFlowChecker__vslot_008	0.90
0x00b017f0	NoFlowChecker	Checker@0x00aff4ec	0x00b015a4	9	0	00603acc	FUN_00603acc	0x00aff52c	CheckerIntStateAll	00a92860	override	Checker.slot_009	NoFlowChecker__vslot_009	0.90
0x00b017f0	NoFlowChecker	Checker@0x00aff4ec	0x00b015a4	10	0	00603aa9	FUN_00603aa9	0x00aff52c	CheckerIntStateAll	00a92860	override	Checker.slot_010	NoFlowChecker__vslot_010	0.90
0x00b017f0	NoFlowChecker	Checker@0x00aff4ec	0x00b015a4	11	0	00603ab3	FUN_00603ab3	0x00aff52c	CheckerIntStateAll	00a92860	override	Checker.slot_011	NoFlowChecker__vslot_011	0.90
0x00b01800	StrictUninitChecker	Checker@0x00aff4ec	0x00b0160c	0	0	0060810e	FUN_0060810e	0x00aff52c	CheckerIntStateAll	00a92860	override	Checker.slot_000	StrictUninitChecker__vslot_000	0.90
0x00b01800	StrictUninitChecker	Checker@0x00aff4ec	0x00b0160c	1	0	00608433	FUN_00608433	0x00aff52c	CheckerIntStateAll	00a92860	override	Checker.slot_001	StrictUninitChecker__vslot_001	0.90
0x00b01800	StrictUninitChecker	Checker@0x00aff4ec	0x00b0160c	2	0	0060ecc6	FUN_0060ecc6	0x00aff52c	CheckerIntStateAll	0060ecc6	inherited	Checker.slot_002	StrictUninitChecker__vslot_002	0.93
0x00b01800	StrictUninitChecker	Checker@0x00aff4ec	0x00b0160c	3	0	0060d30f	FUN_0060d30f	0x00aff52c	CheckerIntStateAll	0060d30f	inherited	Checker.slot_003	StrictUninitChecker__vslot_003	0.93
0x00b01800	StrictUninitChecker	Checker@0x00aff4ec	0x00b0160c	4	0	0060ee8f	FUN_0060ee8f	0x00aff52c	CheckerIntStateAll	0060ee8f	inherited	Checker.slot_004	StrictUninitChecker__vslot_004	0.93
0x00b01800	StrictUninitChecker	Checker@0x00aff4ec	0x00b0160c	5	0	00603af4	FUN_00603af4	0x00aff52c	CheckerIntStateAll	00a92860	override	Checker.slot_005	StrictUninitChecker__vslot_005	0.90
0x00b01800	StrictUninitChecker	Checker@0x00aff4ec	0x00b0160c	6	0	00606438	FUN_00606438	0x00aff52c	CheckerIntStateAll	00606438	inherited	Checker.slot_006	StrictUninitChecker__vslot_006	0.93
0x00b01800	StrictUninitChecker	Checker@0x00aff4ec	0x00b0160c	7	0	00603521	FUN_00603521	0x00aff52c	CheckerIntStateAll	00603521	inherited	Checker.slot_007	StrictUninitChecker__vslot_007	0.93
0x00b01800	StrictUninitChecker	Checker@0x00aff4ec	0x00b0160c	8	0	00603aea	FUN_00603aea	0x00aff52c	CheckerIntStateAll	00a92860	override	Checker.slot_008	StrictUninitChecker__vslot_008	0.90
0x00b01800	StrictUninitChecker	Checker@0x00aff4ec	0x00b0160c	9	0	006084ef	FUN_006084ef	0x00aff52c	CheckerIntStateAll	00a92860	override	Checker.slot_009	StrictUninitChecker__vslot_009	0.90
0x00b01800	StrictUninitChecker	Checker@0x00aff4ec	0x00b0160c	10	0	00603ad6	FUN_00603ad6	0x00aff52c	CheckerIntStateAll	00a92860	override	Checker.slot_010	StrictUninitChecker__vslot_010	0.90
0x00b01800	StrictUninitChecker	Checker@0x00aff4ec	0x00b0160c	11	0	00603ae0	FUN_00603ae0	0x00aff52c	CheckerIntStateAll	00a92860	override	Checker.slot_011	StrictUninitChecker__vslot_011	0.90
0x00b01e58	peep_transformer	peep_transformer@0x00b01e58	0x00b01cd0	0	0	0061fe61	FUN_0061fe61				root_or_new	peep_transformer.slot_000	peep_transformer__vslot_000	0.78
0x00b01e58	peep_transformer	peep_transformer@0x00b01e58	0x00b01cd0	1	0	0061fe6a	FUN_0061fe6a				root_or_new	peep_transformer.slot_001	peep_transformer__vslot_001	0.78
0x00b01e58	peep_transformer	peep_transformer@0x00b01e58	0x00b01cd0	2	0	0061fe73	FUN_0061fe73				root_or_new	peep_transformer.slot_002	peep_transformer__vslot_002	0.78
0x00b01e58	peep_transformer	peep_transformer@0x00b01e58	0x00b01cd0	3	0	0061fe7c	FUN_0061fe7c				root_or_new	peep_transformer.slot_003	peep_transformer__vslot_003	0.78
0x00b01e58	peep_transformer	peep_transformer@0x00b01e58	0x00b01cd0	4	0	0061fe85	FUN_0061fe85				root_or_new	peep_transformer.slot_004	peep_transformer__vslot_004	0.78
0x00b01e58	peep_transformer	peep_transformer@0x00b01e58	0x00b01cd0	5	0	0061fe8e	FUN_0061fe8e				root_or_new	peep_transformer.slot_005	peep_transformer__vslot_005	0.78
0x00b01e58	peep_transformer	peep_transformer@0x00b01e58	0x00b01cd0	6	0	0061fc27	FUN_0061fc27				root_or_new	peep_transformer.slot_006	peep_transformer__vslot_006	0.78
0x00b01e58	peep_transformer	peep_transformer@0x00b01e58	0x00b01cd0	7	0	0061fd8a	FUN_0061fd8a				root_or_new	peep_transformer.slot_007	peep_transformer__vslot_007	0.78
0x00b01e58	peep_transformer	peep_transformer@0x00b01e58	0x00b01cd0	8	0	0061fe5c	FUN_0061fe5c				root_or_new	peep_transformer.slot_008	peep_transformer__vslot_008	0.78
0x00b01e68	pt_condcodes	peep_transformer@0x00b01e58	0x00b01d20	0	0	0061fe61	FUN_0061fe61	0x00b01e58	peep_transformer	0061fe61	inherited	peep_transformer.slot_000	pt_condcodes__vslot_000	0.93
0x00b01e68	pt_condcodes	peep_transformer@0x00b01e58	0x00b01d20	1	0	0061fe6a	FUN_0061fe6a	0x00b01e58	peep_transformer	0061fe6a	inherited	peep_transformer.slot_001	pt_condcodes__vslot_001	0.93
0x00b01e68	pt_condcodes	peep_transformer@0x00b01e58	0x00b01d20	2	0	0061fe73	FUN_0061fe73	0x00b01e58	peep_transformer	0061fe73	inherited	peep_transformer.slot_002	pt_condcodes__vslot_002	0.93
0x00b01e68	pt_condcodes	peep_transformer@0x00b01e58	0x00b01d20	3	0	0061eb9b	FUN_0061eb9b	0x00b01e58	peep_transformer	0061fe7c	override	peep_transformer.slot_003	pt_condcodes__vslot_003	0.90
0x00b01e68	pt_condcodes	peep_transformer@0x00b01e58	0x00b01d20	4	0	0061eba4	FUN_0061eba4	0x00b01e58	peep_transformer	0061fe85	override	peep_transformer.slot_004	pt_condcodes__vslot_004	0.90
0x00b01e68	pt_condcodes	peep_transformer@0x00b01e58	0x00b01d20	5	0	0061ebad	FUN_0061ebad	0x00b01e58	peep_transformer	0061fe8e	override	peep_transformer.slot_005	pt_condcodes__vslot_005	0.90
0x00b01e68	pt_condcodes	peep_transformer@0x00b01e58	0x00b01d20	6	0	0061fc27	FUN_0061fc27	0x00b01e58	peep_transformer	0061fc27	inherited	peep_transformer.slot_006	pt_condcodes__vslot_006	0.93
0x00b01e68	pt_condcodes	peep_transformer@0x00b01e58	0x00b01d20	7	0	0061ebb6	FUN_0061ebb6	0x00b01e58	peep_transformer	0061fd8a	override	peep_transformer.slot_007	pt_condcodes__vslot_007	0.90
0x00b01e68	pt_condcodes	peep_transformer@0x00b01e58	0x00b01d20	8	0	0061fe5c	FUN_0061fe5c	0x00b01e58	peep_transformer	0061fe5c	inherited	peep_transformer.slot_008	pt_condcodes__vslot_008	0.93
0x00b01e78	pt_dead	peep_transformer@0x00b01e58	0x00b01d70	0	0	0061ed9a	FUN_0061ed9a	0x00b01e58	peep_transformer	0061fe61	override	peep_transformer.slot_000	pt_dead__vslot_000	0.90
0x00b01e78	pt_dead	peep_transformer@0x00b01e58	0x00b01d70	1	0	0061ee81	FUN_0061ee81	0x00b01e58	peep_transformer	0061fe6a	override	peep_transformer.slot_001	pt_dead__vslot_001	0.90
0x00b01e78	pt_dead	peep_transformer@0x00b01e58	0x00b01d70	2	0	0061fe73	FUN_0061fe73	0x00b01e58	peep_transformer	0061fe73	inherited	peep_transformer.slot_002	pt_dead__vslot_002	0.93
0x00b01e78	pt_dead	peep_transformer@0x00b01e58	0x00b01d70	3	0	0061ed77	FUN_0061ed77	0x00b01e58	peep_transformer	0061fe7c	override	peep_transformer.slot_003	pt_dead__vslot_003	0.90
0x00b01e78	pt_dead	peep_transformer@0x00b01e58	0x00b01d70	4	0	0061ed88	FUN_0061ed88	0x00b01e58	peep_transformer	0061fe85	override	peep_transformer.slot_004	pt_dead__vslot_004	0.90
0x00b01e78	pt_dead	peep_transformer@0x00b01e58	0x00b01d70	5	0	0061ed91	FUN_0061ed91	0x00b01e58	peep_transformer	0061fe8e	override	peep_transformer.slot_005	pt_dead__vslot_005	0.90
0x00b01e78	pt_dead	peep_transformer@0x00b01e58	0x00b01d70	6	0	0061fc27	FUN_0061fc27	0x00b01e58	peep_transformer	0061fc27	inherited	peep_transformer.slot_006	pt_dead__vslot_006	0.93
0x00b01e78	pt_dead	peep_transformer@0x00b01e58	0x00b01d70	7	0	0061ef23	FUN_0061ef23	0x00b01e58	peep_transformer	0061fd8a	override	peep_transformer.slot_007	pt_dead__vslot_007	0.90
0x00b01e78	pt_dead	peep_transformer@0x00b01e58	0x00b01d70	8	0	0061fe5c	FUN_0061fe5c	0x00b01e58	peep_transformer	0061fe5c	inherited	peep_transformer.slot_008	pt_dead__vslot_008	0.93
0x00b01e88	pt_alias	peep_transformer@0x00b01e58	0x00b01dc0	0	0	0061fe61	FUN_0061fe61	0x00b01e58	peep_transformer	0061fe61	inherited	peep_transformer.slot_000	pt_alias__vslot_000	0.93
0x00b01e88	pt_alias	peep_transformer@0x00b01e58	0x00b01dc0	1	0	0061fe6a	FUN_0061fe6a	0x00b01e58	peep_transformer	0061fe6a	inherited	peep_transformer.slot_001	pt_alias__vslot_001	0.93
0x00b01e88	pt_alias	peep_transformer@0x00b01e58	0x00b01dc0	2	0	0061f062	FUN_0061f062	0x00b01e58	peep_transformer	0061fe73	override	peep_transformer.slot_002	pt_alias__vslot_002	0.90
0x00b01e88	pt_alias	peep_transformer@0x00b01e58	0x00b01dc0	3	0	0061f047	FUN_0061f047	0x00b01e58	peep_transformer	0061fe7c	override	peep_transformer.slot_003	pt_alias__vslot_003	0.90
0x00b01e88	pt_alias	peep_transformer@0x00b01e58	0x00b01dc0	4	0	0061f050	FUN_0061f050	0x00b01e58	peep_transformer	0061fe85	override	peep_transformer.slot_004	pt_alias__vslot_004	0.90
0x00b01e88	pt_alias	peep_transformer@0x00b01e58	0x00b01dc0	5	0	0061f059	FUN_0061f059	0x00b01e58	peep_transformer	0061fe8e	override	peep_transformer.slot_005	pt_alias__vslot_005	0.90
0x00b01e88	pt_alias	peep_transformer@0x00b01e58	0x00b01dc0	6	0	0061fc27	FUN_0061fc27	0x00b01e58	peep_transformer	0061fc27	inherited	peep_transformer.slot_006	pt_alias__vslot_006	0.93
0x00b01e88	pt_alias	peep_transformer@0x00b01e58	0x00b01dc0	7	0	0061fd8a	FUN_0061fd8a	0x00b01e58	peep_transformer	0061fd8a	inherited	peep_transformer.slot_007	pt_alias__vslot_007	0.93
0x00b01e88	pt_alias	peep_transformer@0x00b01e58	0x00b01dc0	8	0	0061f226	FUN_0061f226	0x00b01e58	peep_transformer	0061fe5c	override	peep_transformer.slot_008	pt_alias__vslot_008	0.90
0x00b01e98	pt_const	peep_transformer@0x00b01e58	0x00b01e10	0	0	0061fe61	FUN_0061fe61	0x00b01e58	peep_transformer	0061fe61	inherited	peep_transformer.slot_000	pt_const__vslot_000	0.93
0x00b01e98	pt_const	peep_transformer@0x00b01e58	0x00b01e10	1	0	0061fe6a	FUN_0061fe6a	0x00b01e58	peep_transformer	0061fe6a	inherited	peep_transformer.slot_001	pt_const__vslot_001	0.93
0x00b01e98	pt_const	peep_transformer@0x00b01e58	0x00b01e10	2	0	0061fe73	FUN_0061fe73	0x00b01e58	peep_transformer	0061fe73	inherited	peep_transformer.slot_002	pt_const__vslot_002	0.93
0x00b01e98	pt_const	peep_transformer@0x00b01e58	0x00b01e10	3	0	0061fe41	FUN_0061fe41	0x00b01e58	peep_transformer	0061fe7c	override	peep_transformer.slot_003	pt_const__vslot_003	0.90
0x00b01e98	pt_const	peep_transformer@0x00b01e58	0x00b01e10	4	0	0061fe4a	FUN_0061fe4a	0x00b01e58	peep_transformer	0061fe85	override	peep_transformer.slot_004	pt_const__vslot_004	0.90
0x00b01e98	pt_const	peep_transformer@0x00b01e58	0x00b01e10	5	0	0061fe53	FUN_0061fe53	0x00b01e58	peep_transformer	0061fe8e	override	peep_transformer.slot_005	pt_const__vslot_005	0.90
0x00b01e98	pt_const	peep_transformer@0x00b01e58	0x00b01e10	6	0	0061fc27	FUN_0061fc27	0x00b01e58	peep_transformer	0061fc27	inherited	peep_transformer.slot_006	pt_const__vslot_006	0.93
0x00b01e98	pt_const	peep_transformer@0x00b01e58	0x00b01e10	7	0	0061fd8a	FUN_0061fd8a	0x00b01e58	peep_transformer	0061fd8a	inherited	peep_transformer.slot_007	pt_const__vslot_007	0.93
0x00b01e98	pt_const	peep_transformer@0x00b01e58	0x00b01e10	8	0	0061fb3d	FUN_0061fb3d	0x00b01e58	peep_transformer	0061fe5c	override	peep_transformer.slot_008	pt_const__vslot_008	0.90
0x00b020a0	nonstandard_type_handler	ObjectVisitor@0x00b01ed0	0x00b02068	0	0	0061fea0	FUN_0061fea0	0x00b01ed0	ObjectVisitor		root_or_new	ObjectVisitor.slot_000	nonstandard_type_handler__vslot_000	0.78
0x00b020a0	nonstandard_type_handler	ObjectVisitor@0x00b01ed0	0x00b02068	1	0	00a92860		0x00b01ed0	ObjectVisitor		root_or_new	ObjectVisitor.slot_001	nonstandard_type_handler__vslot_001	0.78
0x00b020a0	nonstandard_type_handler	ObjectVisitor@0x00b01ed0	0x00b02068	2	0	00a92860		0x00b01ed0	ObjectVisitor		root_or_new	ObjectVisitor.slot_002	nonstandard_type_handler__vslot_002	0.78
0x00b020b0	bytereverser	ObjectVisitor@0x00b01ed0	0x00b02088	0	0	0061fea0	FUN_0061fea0	0x00b020a0	nonstandard_type_handler	0061fea0	inherited	ObjectVisitor.slot_000	bytereverser__vslot_000	0.93
0x00b020b0	bytereverser	ObjectVisitor@0x00b01ed0	0x00b02088	1	0	0062036f	FUN_0062036f	0x00b020a0	nonstandard_type_handler	00a92860	override	ObjectVisitor.slot_001	bytereverser__vslot_001	0.90
0x00b020b0	bytereverser	ObjectVisitor@0x00b01ed0	0x00b02088	2	0	006204c7	FUN_006204c7	0x00b020a0	nonstandard_type_handler	00a92860	override	ObjectVisitor.slot_002	bytereverser__vslot_002	0.90
0x00b05b34	vn_advisor_consol	vn_advisor@0x00b053a8	0x00b0593c	0	0	00665891	FUN_00665891	0x00b053a8	vn_advisor		root_or_new	vn_advisor.slot_000	vn_advisor_consol__vslot_000	0.78
0x00b05b34	vn_advisor_consol	vn_advisor@0x00b053a8	0x00b0593c	1	0	00665c91	FUN_00665c91	0x00b053a8	vn_advisor		root_or_new	vn_advisor.slot_001	vn_advisor_consol__vslot_001	0.78
0x00b05b34	vn_advisor_consol	vn_advisor@0x00b053a8	0x00b0593c	2	0	00665d24	FUN_00665d24	0x00b053a8	vn_advisor		root_or_new	vn_advisor.slot_002	vn_advisor_consol__vslot_002	0.78
0x00b05b34	vn_advisor_consol	vn_advisor@0x00b053a8	0x00b0593c	3	0	00a92860		0x00b053a8	vn_advisor		root_or_new	vn_advisor.slot_003	vn_advisor_consol__vslot_003	0.78
0x00b05b34	vn_advisor_consol	vn_advisor@0x00b053a8	0x00b0593c	4	0	00a92860		0x00b053a8	vn_advisor		root_or_new	vn_advisor.slot_004	vn_advisor_consol__vslot_004	0.78
0x00b05b34	vn_advisor_consol	vn_advisor@0x00b053a8	0x00b0593c	5	0	00a92860		0x00b053a8	vn_advisor		root_or_new	vn_advisor.slot_005	vn_advisor_consol__vslot_005	0.78
0x00b05b34	vn_advisor_consol	vn_advisor@0x00b053a8	0x00b0593c	6	0	00a92860		0x00b053a8	vn_advisor		root_or_new	vn_advisor.slot_006	vn_advisor_consol__vslot_006	0.78
0x00b05b44	vn_advisor_consoladd	vn_advisor@0x00b053a8	0x00b0597c	0	0	00665891	FUN_00665891	0x00b05b34	vn_advisor_consol	00665891	inherited	vn_advisor.slot_000	vn_advisor_consoladd__vslot_000	0.93
0x00b05b44	vn_advisor_consoladd	vn_advisor@0x00b053a8	0x00b0597c	1	0	00665c91	FUN_00665c91	0x00b05b34	vn_advisor_consol	00665c91	inherited	vn_advisor.slot_001	vn_advisor_consoladd__vslot_001	0.93
0x00b05b44	vn_advisor_consoladd	vn_advisor@0x00b053a8	0x00b0597c	2	0	00665d24	FUN_00665d24	0x00b05b34	vn_advisor_consol	00665d24	inherited	vn_advisor.slot_002	vn_advisor_consoladd__vslot_002	0.93
0x00b05b44	vn_advisor_consoladd	vn_advisor@0x00b053a8	0x00b0597c	3	0	00665f01	FUN_00665f01	0x00b05b34	vn_advisor_consol	00a92860	override	vn_advisor.slot_003	vn_advisor_consoladd__vslot_003	0.90
0x00b05b44	vn_advisor_consoladd	vn_advisor@0x00b053a8	0x00b0597c	4	0	00665e82	FUN_00665e82	0x00b05b34	vn_advisor_consol	00a92860	override	vn_advisor.slot_004	vn_advisor_consoladd__vslot_004	0.90
0x00b05b44	vn_advisor_consoladd	vn_advisor@0x00b053a8	0x00b0597c	5	0	00665e3b	FUN_00665e3b	0x00b05b34	vn_advisor_consol	00a92860	override	vn_advisor.slot_005	vn_advisor_consoladd__vslot_005	0.90
0x00b05b44	vn_advisor_consoladd	vn_advisor@0x00b053a8	0x00b0597c	6	0	00665f70	FUN_00665f70	0x00b05b34	vn_advisor_consol	00a92860	override	vn_advisor.slot_006	vn_advisor_consoladd__vslot_006	0.90
0x00b05b54	vn_advisor_consolshift	vn_advisor@0x00b053a8	0x00b059bc	0	0	00665891	FUN_00665891	0x00b05b34	vn_advisor_consol	00665891	inherited	vn_advisor.slot_000	vn_advisor_consolshift__vslot_000	0.93
0x00b05b54	vn_advisor_consolshift	vn_advisor@0x00b053a8	0x00b059bc	1	0	0066616f	FUN_0066616f	0x00b05b34	vn_advisor_consol	00665c91	override	vn_advisor.slot_001	vn_advisor_consolshift__vslot_001	0.90
0x00b05b54	vn_advisor_consolshift	vn_advisor@0x00b053a8	0x00b059bc	2	0	006661ce	FUN_006661ce	0x00b05b34	vn_advisor_consol	00665d24	override	vn_advisor.slot_002	vn_advisor_consolshift__vslot_002	0.90
0x00b05b54	vn_advisor_consolshift	vn_advisor@0x00b053a8	0x00b059bc	3	0	00665fc4	FUN_00665fc4	0x00b05b34	vn_advisor_consol	00a92860	override	vn_advisor.slot_003	vn_advisor_consolshift__vslot_003	0.90
0x00b05b54	vn_advisor_consolshift	vn_advisor@0x00b053a8	0x00b059bc	4	0	00666295	FUN_00666295	0x00b05b34	vn_advisor_consol	00a92860	override	vn_advisor.slot_004	vn_advisor_consolshift__vslot_004	0.90
0x00b05b54	vn_advisor_consolshift	vn_advisor@0x00b053a8	0x00b059bc	5	0	006662e1	FUN_006662e1	0x00b05b34	vn_advisor_consol	00a92860	override	vn_advisor.slot_005	vn_advisor_consolshift__vslot_005	0.90
0x00b05b54	vn_advisor_consolshift	vn_advisor@0x00b053a8	0x00b059bc	6	0	006660fd	FUN_006660fd	0x00b05b34	vn_advisor_consol	00a92860	override	vn_advisor.slot_006	vn_advisor_consolshift__vslot_006	0.90
0x00b06c2c	MachopVisitor	MachopVisitor@0x00b06c2c	0x00b06bc4	0	0	00a92860					root_or_new	MachopVisitor.slot_000	MachopVisitor__vslot_000	0.78
0x00b06c2c	MachopVisitor	MachopVisitor@0x00b06c2c	0x00b06bc4	1	0	00696dd5	FUN_00696dd5				root_or_new	MachopVisitor.slot_001	MachopVisitor__vslot_001	0.78
0x00b06c2c	MachopVisitor	MachopVisitor@0x00b06c2c	0x00b06bc4	2	0	00696df1	FUN_00696df1				root_or_new	MachopVisitor.slot_002	MachopVisitor__vslot_002	0.78
0x00b06c5c	Split64TestVisitor	MachopVisitor@0x00b06c2c	0x00b06c04	0	0	006abe80	FUN_006abe80	0x00b06c2c	MachopVisitor	00a92860	override	MachopVisitor.slot_000	Split64TestVisitor__vslot_000	0.90
0x00b06c5c	Split64TestVisitor	MachopVisitor@0x00b06c2c	0x00b06c04	1	0	006abfb6	FUN_006abfb6	0x00b06c2c	MachopVisitor	00696dd5	override	MachopVisitor.slot_001	Split64TestVisitor__vslot_001	0.90
0x00b06c5c	Split64TestVisitor	MachopVisitor@0x00b06c2c	0x00b06c04	2	0	00696df1	FUN_00696df1	0x00b06c2c	MachopVisitor	00696df1	inherited	MachopVisitor.slot_002	Split64TestVisitor__vslot_002	0.93
0x00b06c6c	std::exception	std_exception@0x00b06c6c	0x00b06b34	0	0	00695a04	FUN_00695a04				root_or_new	std_exception.slot_000	std_exception__vslot_000	0.78
0x00b06c6c	std::exception	std_exception@0x00b06c6c	0x00b06b34	1	0	00695a2b	FUN_00695a2b				root_or_new	std_exception.slot_001	std_exception__vslot_001	0.78
0x00b06c6c	std::exception	std_exception@0x00b06c6c	0x00b06b34	2	0	00695a37	FUN_00695a37				root_or_new	std_exception.slot_002	std_exception__vslot_002	0.78
0x00b06c7c	std::bad_alloc	std_exception@0x00b06c6c	0x00b06b54	0	0	00695a3c	FUN_00695a3c	0x00b06c6c	std::exception	00695a04	override	std_exception.slot_000	std_bad_alloc__vslot_000	0.90
0x00b06c7c	std::bad_alloc	std_exception@0x00b06c6c	0x00b06b54	1	0	00695a2b	FUN_00695a2b	0x00b06c6c	std::exception	00695a2b	inherited	std_exception.slot_001	std_bad_alloc__vslot_001	0.93
0x00b06c7c	std::bad_alloc	std_exception@0x00b06c6c	0x00b06b54	2	0	00695a63	FUN_00695a63	0x00b06c6c	std::exception	00695a37	override	std_exception.slot_002	std_bad_alloc__vslot_002	0.90
0x00b06c8c	std::logic_error	std_exception@0x00b06c6c	0x00b06b74	0	0	006960ea	FUN_006960ea	0x00b06c6c	std::exception	00695a04	override	std_exception.slot_000	std_logic_error__vslot_000	0.90
0x00b06c8c	std::logic_error	std_exception@0x00b06c6c	0x00b06b74	1	0	00696123	FUN_00696123	0x00b06c6c	std::exception	00695a2b	override	std_exception.slot_001	std_logic_error__vslot_001	0.90
0x00b06c8c	std::logic_error	std_exception@0x00b06c6c	0x00b06b74	2	0	00696140	FUN_00696140	0x00b06c6c	std::exception	00695a37	override	std_exception.slot_002	std_logic_error__vslot_002	0.90
0x00b06c9c	std::out_of_range	std_exception@0x00b06c6c	0x00b06b94	0	0	00696151	FUN_00696151	0x00b06c8c	std::logic_error	006960ea	override	std_exception.slot_000	std_out_of_range__vslot_000	0.90
0x00b06c9c	std::out_of_range	std_exception@0x00b06c6c	0x00b06b94	1	0	00696123	FUN_00696123	0x00b06c8c	std::logic_error	00696123	inherited	std_exception.slot_001	std_out_of_range__vslot_001	0.93
0x00b06c9c	std::out_of_range	std_exception@0x00b06c6c	0x00b06b94	2	0	0069618a	FUN_0069618a	0x00b06c8c	std::logic_error	00696140	override	std_exception.slot_002	std_out_of_range__vslot_002	0.90
0x00b07ef0	Split64DoVisitor	MachopVisitor@0x00b06c2c	0x00b07e44	0	0	006ac165	FUN_006ac165	0x00b06c2c	MachopVisitor	00a92860	override	MachopVisitor.slot_000	Split64DoVisitor__vslot_000	0.90
0x00b07ef0	Split64DoVisitor	MachopVisitor@0x00b06c2c	0x00b07e44	1	0	006ac246	FUN_006ac246	0x00b06c2c	MachopVisitor	00696dd5	override	MachopVisitor.slot_001	Split64DoVisitor__vslot_001	0.90
0x00b07ef0	Split64DoVisitor	MachopVisitor@0x00b06c2c	0x00b07e44	2	0	00696df1	FUN_00696df1	0x00b06c2c	MachopVisitor	00696df1	inherited	MachopVisitor.slot_002	Split64DoVisitor__vslot_002	0.93
0x00b080a0	MachopVisitor	MachopVisitor@0x00b080a0	0x00b08048	0	0	00a92860					root_or_new	MachopVisitor.slot_000	MachopVisitor__vslot_000	0.78
0x00b080a0	MachopVisitor	MachopVisitor@0x00b080a0	0x00b08048	1	0	006cfb36	FUN_006cfb36				root_or_new	MachopVisitor.slot_001	MachopVisitor__vslot_001	0.78
0x00b080a0	MachopVisitor	MachopVisitor@0x00b080a0	0x00b08048	2	0	006cfb52	FUN_006cfb52				root_or_new	MachopVisitor.slot_002	MachopVisitor__vslot_002	0.78
0x00b080b0	MachopObjectInvalidator	MachopVisitor@0x00b080a0	0x00b08068	0	0	006d77d0	FUN_006d77d0	0x00b080a0	MachopVisitor	00a92860	override	MachopVisitor.slot_000	MachopObjectInvalidator__vslot_000	0.90
0x00b080b0	MachopObjectInvalidator	MachopVisitor@0x00b080a0	0x00b08068	1	0	006cfb36	FUN_006cfb36	0x00b080a0	MachopVisitor	006cfb36	inherited	MachopVisitor.slot_001	MachopObjectInvalidator__vslot_001	0.93
0x00b080b0	MachopObjectInvalidator	MachopVisitor@0x00b080a0	0x00b08068	2	0	006cfb52	FUN_006cfb52	0x00b080a0	MachopVisitor	006cfb52	inherited	MachopVisitor.slot_002	MachopObjectInvalidator__vslot_002	0.93
0x00b080c0	MachopImmpropClearer	MachopVisitor@0x00b080a0	0x00b08088	0	0	006d7ef3	FUN_006d7ef3	0x00b080a0	MachopVisitor	00a92860	override	MachopVisitor.slot_000	MachopImmpropClearer__vslot_000	0.90
0x00b080c0	MachopImmpropClearer	MachopVisitor@0x00b080a0	0x00b08088	1	0	006cfb36	FUN_006cfb36	0x00b080a0	MachopVisitor	006cfb36	inherited	MachopVisitor.slot_001	MachopImmpropClearer__vslot_001	0.93
0x00b080c0	MachopImmpropClearer	MachopVisitor@0x00b080a0	0x00b08088	2	0	006cfb52	FUN_006cfb52	0x00b080a0	MachopVisitor	006cfb52	inherited	MachopVisitor.slot_002	MachopImmpropClearer__vslot_002	0.93
0x00b09ac8	MachopVisitor	MachopVisitor@0x00b09ac8	0x00b09a50	0	0	00a92860					root_or_new	MachopVisitor.slot_000	MachopVisitor__vslot_000	0.78
0x00b09ac8	MachopVisitor	MachopVisitor@0x00b09ac8	0x00b09a50	1	0	00700460	FUN_00700460				root_or_new	MachopVisitor.slot_001	MachopVisitor__vslot_001	0.78
0x00b09ac8	MachopVisitor	MachopVisitor@0x00b09ac8	0x00b09a50	2	0	0070047c	FUN_0070047c				root_or_new	MachopVisitor.slot_002	MachopVisitor__vslot_002	0.78
0x00b09ad8	MachopChecker	MachopVisitor@0x00b09ac8	0x00b09a70	0	0	007005b0	FUN_007005b0	0x00b09ac8	MachopVisitor	00a92860	override	MachopVisitor.slot_000	MachopChecker__vslot_000	0.90
0x00b09ad8	MachopChecker	MachopVisitor@0x00b09ac8	0x00b09a70	1	0	007005ed	FUN_007005ed	0x00b09ac8	MachopVisitor	00700460	override	MachopVisitor.slot_001	MachopChecker__vslot_001	0.90
0x00b09ad8	MachopChecker	MachopVisitor@0x00b09ac8	0x00b09a70	2	0	0070047c	FUN_0070047c	0x00b09ac8	MachopVisitor	0070047c	inherited	MachopVisitor.slot_002	MachopChecker__vslot_002	0.93
0x00b09ae8	MachopBitoffsetClearer	MachopVisitor@0x00b09ac8	0x00b09a90	0	0	0070136d	FUN_0070136d	0x00b09ac8	MachopVisitor	00a92860	override	MachopVisitor.slot_000	MachopBitoffsetClearer__vslot_000	0.90
0x00b09ae8	MachopBitoffsetClearer	MachopVisitor@0x00b09ac8	0x00b09a90	1	0	00700460	FUN_00700460	0x00b09ac8	MachopVisitor	00700460	inherited	MachopVisitor.slot_001	MachopBitoffsetClearer__vslot_001	0.93
0x00b09ae8	MachopBitoffsetClearer	MachopVisitor@0x00b09ac8	0x00b09a90	2	0	0070047c	FUN_0070047c	0x00b09ac8	MachopVisitor	0070047c	inherited	MachopVisitor.slot_002	MachopBitoffsetClearer__vslot_002	0.93
0x00b09af8	AddMachopVisitor	MachopVisitor@0x00b09ac8	0x00b09ab0	0	0	007013f2	FUN_007013f2	0x00b09ac8	MachopVisitor	00a92860	override	MachopVisitor.slot_000	AddMachopVisitor__vslot_000	0.90
0x00b09af8	AddMachopVisitor	MachopVisitor@0x00b09ac8	0x00b09ab0	1	0	00700460	FUN_00700460	0x00b09ac8	MachopVisitor	00700460	inherited	MachopVisitor.slot_001	AddMachopVisitor__vslot_001	0.93
0x00b09af8	AddMachopVisitor	MachopVisitor@0x00b09ac8	0x00b09ab0	2	0	0070047c	FUN_0070047c	0x00b09ac8	MachopVisitor	0070047c	inherited	MachopVisitor.slot_002	AddMachopVisitor__vslot_002	0.93
0x00b0a500	alloc_table	alloc_table@0x00b0a500	0x00b0a4e0	0	0	0071dcd0	FUN_0071dcd0				root_or_new	alloc_table.slot_000	alloc_table__vslot_000	0.78
0x00b0a500	alloc_table	alloc_table@0x00b0a500	0x00b0a4e0	1	0	00a92860					root_or_new	alloc_table.slot_001	alloc_table__vslot_001	0.78
0x00b0a500	alloc_table	alloc_table@0x00b0a500	0x00b0a4e0	2	0	00a92860					root_or_new	alloc_table.slot_002	alloc_table__vslot_002	0.78
0x00b0a500	alloc_table	alloc_table@0x00b0a500	0x00b0a4e0	3	0	00a92860					root_or_new	alloc_table.slot_003	alloc_table__vslot_003	0.78
0x00b0a5c8	alloc_table_hash	alloc_table@0x00b0a500	0x00b0a558	0	0	0071dfdd	FUN_0071dfdd	0x00b0a500	alloc_table	0071dcd0	override	alloc_table.slot_000	alloc_table_hash__vslot_000	0.90
0x00b0a5c8	alloc_table_hash	alloc_table@0x00b0a500	0x00b0a558	1	0	0071ea8f	FUN_0071ea8f	0x00b0a500	alloc_table	00a92860	override	alloc_table.slot_001	alloc_table_hash__vslot_001	0.90
0x00b0a5c8	alloc_table_hash	alloc_table@0x00b0a500	0x00b0a558	2	0	0071f1a1	FUN_0071f1a1	0x00b0a500	alloc_table	00a92860	override	alloc_table.slot_002	alloc_table_hash__vslot_002	0.90
0x00b0a5c8	alloc_table_hash	alloc_table@0x00b0a500	0x00b0a558	3	0	0071f38a	FUN_0071f38a	0x00b0a500	alloc_table	00a92860	override	alloc_table.slot_003	alloc_table_hash__vslot_003	0.90
0x00b0a5d8	alloc_table_btree	alloc_table@0x00b0a500	0x00b0a580	0	0	0071e0a4	FUN_0071e0a4	0x00b0a500	alloc_table	0071dcd0	override	alloc_table.slot_000	alloc_table_btree__vslot_000	0.90
0x00b0a5d8	alloc_table_btree	alloc_table@0x00b0a500	0x00b0a580	1	0	0071f0b7	FUN_0071f0b7	0x00b0a500	alloc_table	00a92860	override	alloc_table.slot_001	alloc_table_btree__vslot_001	0.90
0x00b0a5d8	alloc_table_btree	alloc_table@0x00b0a500	0x00b0a580	2	0	0071f33f	FUN_0071f33f	0x00b0a500	alloc_table	00a92860	override	alloc_table.slot_002	alloc_table_btree__vslot_002	0.90
0x00b0a5d8	alloc_table_btree	alloc_table@0x00b0a500	0x00b0a580	3	0	0071f497	FUN_0071f497	0x00b0a500	alloc_table	00a92860	override	alloc_table.slot_003	alloc_table_btree__vslot_003	0.90
0x00b0a5e8	alloc_table_bcl	alloc_table@0x00b0a500	0x00b0a5a8	0	0	0071e19f	FUN_0071e19f	0x00b0a500	alloc_table	0071dcd0	override	alloc_table.slot_000	alloc_table_bcl__vslot_000	0.90
0x00b0a5e8	alloc_table_bcl	alloc_table@0x00b0a500	0x00b0a5a8	1	0	0071e1f5	FUN_0071e1f5	0x00b0a500	alloc_table	00a92860	override	alloc_table.slot_001	alloc_table_bcl__vslot_001	0.90
0x00b0a5e8	alloc_table_bcl	alloc_table@0x00b0a500	0x00b0a5a8	2	0	0071e320	FUN_0071e320	0x00b0a500	alloc_table	00a92860	override	alloc_table.slot_002	alloc_table_bcl__vslot_002	0.90
0x00b0a5e8	alloc_table_bcl	alloc_table@0x00b0a500	0x00b0a5a8	3	0	0071e388	FUN_0071e388	0x00b0a500	alloc_table	00a92860	override	alloc_table.slot_003	alloc_table_bcl__vslot_003	0.90
0x00b0b784	backend_basetype2	backend_dataflow@0x00b0e82c	0x00b0af54	0	0	00734b30	FUN_00734b30	0x00afc4e0	backend_basetype	005ba5d0	override	backend_dataflow.slot_000	backend_basetype2__vslot_000	0.90
0x00b0b784	backend_basetype2	backend_dataflow@0x00b0e82c	0x00b0af54	1	0	0076fdcf	FUN_0076fdcf	0x00afc4e0	backend_basetype	0076fdcf	inherited	backend_dataflow.slot_001	backend_basetype2__vslot_001	0.93
0x00b0b784	backend_basetype2	backend_dataflow@0x00b0e82c	0x00b0af54	2	0	00734b35	FUN_00734b35	0x00afc4e0	backend_basetype	005ba5d5	override	backend_dataflow.slot_002	backend_basetype2__vslot_002	0.90
0x00b0b784	backend_basetype2	backend_dataflow@0x00b0e82c	0x00b0af54	3	0	00734b3a	FUN_00734b3a	0x00afc4e0	backend_basetype	005ba5da	override	backend_dataflow.slot_003	backend_basetype2__vslot_003	0.90
0x00b0b784	backend_basetype2	backend_dataflow@0x00b0e82c	0x00b0af54	4	0	00734b43	FUN_00734b43	0x00afc4e0	backend_basetype	005ba5e3	override	backend_dataflow.slot_004	backend_basetype2__vslot_004	0.90
0x00b0b784	backend_basetype2	backend_dataflow@0x00b0e82c	0x00b0af54	5	0	0076fd8c	FUN_0076fd8c	0x00afc4e0	backend_basetype	0076fd8c	inherited	backend_dataflow.slot_005	backend_basetype2__vslot_005	0.93
0x00b0b784	backend_basetype2	backend_dataflow@0x00b0e82c	0x00b0af54	6	0	007692da	FUN_007692da	0x00afc4e0	backend_basetype	007692da	inherited	backend_dataflow.slot_006	backend_basetype2__vslot_006	0.93
0x00b0b784	backend_basetype2	backend_dataflow@0x00b0e82c	0x00b0af54	7	0	0076fd44	FUN_0076fd44	0x00afc4e0	backend_basetype	0076fd44	inherited	backend_dataflow.slot_007	backend_basetype2__vslot_007	0.93
0x00b0b784	backend_basetype2	backend_dataflow@0x00b0e82c	0x00b0af54	8	0	00766cae	FUN_00766cae	0x00afc4e0	backend_basetype	00766cae	inherited	backend_dataflow.slot_008	backend_basetype2__vslot_008	0.93
0x00b0b784	backend_basetype2	backend_dataflow@0x00b0e82c	0x00b0af54	9	0	00734b4c	FUN_00734b4c	0x00afc4e0	backend_basetype	005ba5ec	override	backend_dataflow.slot_009	backend_basetype2__vslot_009	0.90
0x00b0b784	backend_basetype2	backend_dataflow@0x00b0e82c	0x00b0af54	10	0	007700a6	FUN_007700a6	0x00afc4e0	backend_basetype	007700a6	inherited	backend_dataflow.slot_010	backend_basetype2__vslot_010	0.93
0x00b0b784	backend_basetype2	backend_dataflow@0x00b0e82c	0x00b0af54	11	0	00734b55	FUN_00734b55	0x00afc4e0	backend_basetype	005ba5f5	override	backend_dataflow.slot_011	backend_basetype2__vslot_011	0.90
0x00b0b784	backend_basetype2	backend_dataflow@0x00b0e82c	0x00b0af54	12	0	0076fd2e	FUN_0076fd2e	0x00afc4e0	backend_basetype	0076fd2e	inherited	backend_dataflow.slot_012	backend_basetype2__vslot_012	0.93
0x00b0b784	backend_basetype2	backend_dataflow@0x00b0e82c	0x00b0af54	13	0	00734b69	FUN_00734b69	0x00afc4e0	backend_basetype	005ba609	override	backend_dataflow.slot_013	backend_basetype2__vslot_013	0.90
0x00b0b784	backend_basetype2	backend_dataflow@0x00b0e82c	0x00b0af54	14	0	00734b72	FUN_00734b72	0x00afc4e0	backend_basetype	005ba612	override	backend_dataflow.slot_014	backend_basetype2__vslot_014	0.90
0x00b0b784	backend_basetype2	backend_dataflow@0x00b0e82c	0x00b0af54	15	0	00734b7b	FUN_00734b7b	0x00afc4e0	backend_basetype	005ba61b	override	backend_dataflow.slot_015	backend_basetype2__vslot_015	0.90
0x00b0b784	backend_basetype2	backend_dataflow@0x00b0e82c	0x00b0af54	16	0	00734b84	FUN_00734b84	0x00afc4e0	backend_basetype	005ba624	override	backend_dataflow.slot_016	backend_basetype2__vslot_016	0.90
0x00b0b784	backend_basetype2	backend_dataflow@0x00b0e82c	0x00b0af54	17	0	00734b93	FUN_00734b93	0x00afc4e0	backend_basetype	005ba633	override	backend_dataflow.slot_017	backend_basetype2__vslot_017	0.90
0x00b0b784	backend_basetype2	backend_dataflow@0x00b0e82c	0x00b0af54	18	0	00734bc0	FUN_00734bc0	0x00afc4e0	backend_basetype	005ba660	override	backend_dataflow.slot_018	backend_basetype2__vslot_018	0.90
0x00b0b784	backend_basetype2	backend_dataflow@0x00b0e82c	0x00b0af54	19	0	00734fee	FUN_00734fee	0x00afc4e0	backend_basetype	005bab1f	override	backend_dataflow.slot_019	backend_basetype2__vslot_019	0.90
0x00b0b784	backend_basetype2	backend_dataflow@0x00b0e82c	0x00b0af54	20	0	00734ff7	FUN_00734ff7	0x00afc4e0	backend_basetype	005bab28	override	backend_dataflow.slot_020	backend_basetype2__vslot_020	0.90
0x00b0b784	backend_basetype2	backend_dataflow@0x00b0e82c	0x00b0af54	21	0	00735000	FUN_00735000	0x00afc4e0	backend_basetype	005bab31	override	backend_dataflow.slot_021	backend_basetype2__vslot_021	0.90
0x00b0b784	backend_basetype2	backend_dataflow@0x00b0e82c	0x00b0af54	22	0	0073500e	FUN_0073500e	0x00afc4e0	backend_basetype	005bab3f	override	backend_dataflow.slot_022	backend_basetype2__vslot_022	0.90
0x00b0b784	backend_basetype2	backend_dataflow@0x00b0e82c	0x00b0af54	23	0	0073501d	FUN_0073501d	0x00afc4e0	backend_basetype	005bab4e	override	backend_dataflow.slot_023	backend_basetype2__vslot_023	0.90
0x00b0b784	backend_basetype2	backend_dataflow@0x00b0e82c	0x00b0af54	24	0	0077017f	FUN_0077017f	0x00afc4e0	backend_basetype	0077017f	inherited	backend_dataflow.slot_024	backend_basetype2__vslot_024	0.93
0x00b0b784	backend_basetype2	backend_dataflow@0x00b0e82c	0x00b0af54	25	0	007711eb	FUN_007711eb	0x00afc4e0	backend_basetype	007711eb	inherited	backend_dataflow.slot_025	backend_basetype2__vslot_025	0.93
0x00b0b784	backend_basetype2	backend_dataflow@0x00b0e82c	0x00b0af54	26	0	00734bca	FUN_00734bca	0x00afc4e0	backend_basetype	005ba66a	override	backend_dataflow.slot_026	backend_basetype2__vslot_026	0.90
0x00b0b784	backend_basetype2	backend_dataflow@0x00b0e82c	0x00b0af54	27	0	00734bdf	FUN_00734bdf	0x00afc4e0	backend_basetype	005ba67f	override	backend_dataflow.slot_027	backend_basetype2__vslot_027	0.90
0x00b0b784	backend_basetype2	backend_dataflow@0x00b0e82c	0x00b0af54	28	0	005bc53a	FUN_005bc53a	0x00afc4e0	backend_basetype	005bc53a	inherited	backend_dataflow.slot_028	backend_basetype2__vslot_028	0.93
0x00b0b784	backend_basetype2	backend_dataflow@0x00b0e82c	0x00b0af54	29	0	00734be8	FUN_00734be8	0x00afc4e0	backend_basetype	005ba688	override	backend_dataflow.slot_029	backend_basetype2__vslot_029	0.90
0x00b0b784	backend_basetype2	backend_dataflow@0x00b0e82c	0x00b0af54	30	0	005bc5d3	FUN_005bc5d3	0x00afc4e0	backend_basetype	005bc5d3	inherited	backend_dataflow.slot_030	backend_basetype2__vslot_030	0.93
0x00b0b784	backend_basetype2	backend_dataflow@0x00b0e82c	0x00b0af54	31	0	005bc608	FUN_005bc608	0x00afc4e0	backend_basetype	005bc608	inherited	backend_dataflow.slot_031	backend_basetype2__vslot_031	0.93
0x00b0b784	backend_basetype2	backend_dataflow@0x00b0e82c	0x00b0af54	32	0	005bc63d	FUN_005bc63d	0x00afc4e0	backend_basetype	005bc63d	inherited	backend_dataflow.slot_032	backend_basetype2__vslot_032	0.93
0x00b0b784	backend_basetype2	backend_dataflow@0x00b0e82c	0x00b0af54	33	0	005bc6a7	FUN_005bc6a7	0x00afc4e0	backend_basetype	005bc6a7	inherited	backend_dataflow.slot_033	backend_basetype2__vslot_033	0.93
0x00b0b784	backend_basetype2	backend_dataflow@0x00b0e82c	0x00b0af54	34	0	00734bf2	FUN_00734bf2	0x00afc4e0	backend_basetype	005ba692	override	backend_dataflow.slot_034	backend_basetype2__vslot_034	0.90
0x00b0b784	backend_basetype2	backend_dataflow@0x00b0e82c	0x00b0af54	35	0	005bc801	FUN_005bc801	0x00afc4e0	backend_basetype	005bc801	inherited	backend_dataflow.slot_035	backend_basetype2__vslot_035	0.93
0x00b0b784	backend_basetype2	backend_dataflow@0x00b0e82c	0x00b0af54	36	0	005bc8c2	FUN_005bc8c2	0x00afc4e0	backend_basetype	005bc8c2	inherited	backend_dataflow.slot_036	backend_basetype2__vslot_036	0.93
0x00b0b784	backend_basetype2	backend_dataflow@0x00b0e82c	0x00b0af54	37	0	005bc947	FUN_005bc947	0x00afc4e0	backend_basetype	005bc947	inherited	backend_dataflow.slot_037	backend_basetype2__vslot_037	0.93
0x00b0b784	backend_basetype2	backend_dataflow@0x00b0e82c	0x00b0af54	38	0	005bca13	FUN_005bca13	0x00afc4e0	backend_basetype	005bca13	inherited	backend_dataflow.slot_038	backend_basetype2__vslot_038	0.93
0x00b0b784	backend_basetype2	backend_dataflow@0x00b0e82c	0x00b0af54	39	0	005bca59	FUN_005bca59	0x00afc4e0	backend_basetype	005bca59	inherited	backend_dataflow.slot_039	backend_basetype2__vslot_039	0.93
0x00b0b784	backend_basetype2	backend_dataflow@0x00b0e82c	0x00b0af54	40	0	00734bfc	FUN_00734bfc	0x00afc4e0	backend_basetype	005ba69c	override	backend_dataflow.slot_040	backend_basetype2__vslot_040	0.90
0x00b0b784	backend_basetype2	backend_dataflow@0x00b0e82c	0x00b0af54	41	0	005bca8e	FUN_005bca8e	0x00afc4e0	backend_basetype	005bca8e	inherited	backend_dataflow.slot_041	backend_basetype2__vslot_041	0.93
0x00b0b784	backend_basetype2	backend_dataflow@0x00b0e82c	0x00b0af54	42	0	005bca93	FUN_005bca93	0x00afc4e0	backend_basetype	005bca93	inherited	backend_dataflow.slot_042	backend_basetype2__vslot_042	0.93
0x00b0b784	backend_basetype2	backend_dataflow@0x00b0e82c	0x00b0af54	43	0	00734c05	FUN_00734c05	0x00afc4e0	backend_basetype	005ba6a5	override	backend_dataflow.slot_043	backend_basetype2__vslot_043	0.90
0x00b0b784	backend_basetype2	backend_dataflow@0x00b0e82c	0x00b0af54	44	0	00734c0e	FUN_00734c0e	0x00afc4e0	backend_basetype	005ba6ae	override	backend_dataflow.slot_044	backend_basetype2__vslot_044	0.90
0x00b0b784	backend_basetype2	backend_dataflow@0x00b0e82c	0x00b0af54	45	0	005bca9c	FUN_005bca9c	0x00afc4e0	backend_basetype	005bca9c	inherited	backend_dataflow.slot_045	backend_basetype2__vslot_045	0.93
0x00b0b784	backend_basetype2	backend_dataflow@0x00b0e82c	0x00b0af54	46	0	005bcaa5	FUN_005bcaa5	0x00afc4e0	backend_basetype	005bcaa5	inherited	backend_dataflow.slot_046	backend_basetype2__vslot_046	0.93
0x00b0b784	backend_basetype2	backend_dataflow@0x00b0e82c	0x00b0af54	47	0	005bcaae	FUN_005bcaae	0x00afc4e0	backend_basetype	005bcaae	inherited	backend_dataflow.slot_047	backend_basetype2__vslot_047	0.93
0x00b0b784	backend_basetype2	backend_dataflow@0x00b0e82c	0x00b0af54	48	0	005bcab7	FUN_005bcab7	0x00afc4e0	backend_basetype	005bcab7	inherited	backend_dataflow.slot_048	backend_basetype2__vslot_048	0.93
0x00b0b784	backend_basetype2	backend_dataflow@0x00b0e82c	0x00b0af54	49	0	005bcac0	FUN_005bcac0	0x00afc4e0	backend_basetype	005bcac0	inherited	backend_dataflow.slot_049	backend_basetype2__vslot_049	0.93
0x00b0b784	backend_basetype2	backend_dataflow@0x00b0e82c	0x00b0af54	50	0	005bcac9	FUN_005bcac9	0x00afc4e0	backend_basetype	005bcac9	inherited	backend_dataflow.slot_050	backend_basetype2__vslot_050	0.93
0x00b0b784	backend_basetype2	backend_dataflow@0x00b0e82c	0x00b0af54	51	0	005bcad2	FUN_005bcad2	0x00afc4e0	backend_basetype	005bcad2	inherited	backend_dataflow.slot_051	backend_basetype2__vslot_051	0.93
0x00b0b784	backend_basetype2	backend_dataflow@0x00b0e82c	0x00b0af54	52	0	005bcadc	FUN_005bcadc	0x00afc4e0	backend_basetype	005bcadc	inherited	backend_dataflow.slot_052	backend_basetype2__vslot_052	0.93
0x00b0b784	backend_basetype2	backend_dataflow@0x00b0e82c	0x00b0af54	53	0	005bcae5	FUN_005bcae5	0x00afc4e0	backend_basetype	005bcae5	inherited	backend_dataflow.slot_053	backend_basetype2__vslot_053	0.93
0x00b0b784	backend_basetype2	backend_dataflow@0x00b0e82c	0x00b0af54	54	0	005bcaee	FUN_005bcaee	0x00afc4e0	backend_basetype	005bcaee	inherited	backend_dataflow.slot_054	backend_basetype2__vslot_054	0.93
0x00b0b784	backend_basetype2	backend_dataflow@0x00b0e82c	0x00b0af54	55	0	005bde39	FUN_005bde39	0x00afc4e0	backend_basetype	005bde39	inherited	backend_dataflow.slot_055	backend_basetype2__vslot_055	0.93
0x00b0b784	backend_basetype2	backend_dataflow@0x00b0e82c	0x00b0af54	56	0	005bde42	FUN_005bde42	0x00afc4e0	backend_basetype	005bde42	inherited	backend_dataflow.slot_056	backend_basetype2__vslot_056	0.93
0x00b0b784	backend_basetype2	backend_dataflow@0x00b0e82c	0x00b0af54	57	0	005bde4b	FUN_005bde4b	0x00afc4e0	backend_basetype	005bde4b	inherited	backend_dataflow.slot_057	backend_basetype2__vslot_057	0.93
0x00b0b784	backend_basetype2	backend_dataflow@0x00b0e82c	0x00b0af54	58	0	00734c17	FUN_00734c17	0x00afc4e0	backend_basetype	005ba6b7	override	backend_dataflow.slot_058	backend_basetype2__vslot_058	0.90
0x00b0b784	backend_basetype2	backend_dataflow@0x00b0e82c	0x00b0af54	59	0	005bcaf7	FUN_005bcaf7	0x00afc4e0	backend_basetype	005bcaf7	inherited	backend_dataflow.slot_059	backend_basetype2__vslot_059	0.93
0x00b0b784	backend_basetype2	backend_dataflow@0x00b0e82c	0x00b0af54	60	0	005bcb00	FUN_005bcb00	0x00afc4e0	backend_basetype	005bcb00	inherited	backend_dataflow.slot_060	backend_basetype2__vslot_060	0.93
0x00b0b784	backend_basetype2	backend_dataflow@0x00b0e82c	0x00b0af54	61	0	0072f96d	FUN_0072f96d	0x00afc4e0	backend_basetype	0072f96d	inherited	backend_dataflow.slot_061	backend_basetype2__vslot_061	0.93
0x00b0b784	backend_basetype2	backend_dataflow@0x00b0e82c	0x00b0af54	62	0	00734c20	FUN_00734c20	0x00afc4e0	backend_basetype	005ba6c0	override	backend_dataflow.slot_062	backend_basetype2__vslot_062	0.90
0x00b0b784	backend_basetype2	backend_dataflow@0x00b0e82c	0x00b0af54	63	0	005bca85	FUN_005bca85	0x00afc4e0	backend_basetype	005bca85	inherited	backend_dataflow.slot_063	backend_basetype2__vslot_063	0.93
0x00b0b784	backend_basetype2	backend_dataflow@0x00b0e82c	0x00b0af54	64	0	005bcb05	FUN_005bcb05	0x00afc4e0	backend_basetype	005bcb05	inherited	backend_dataflow.slot_064	backend_basetype2__vslot_064	0.93
0x00b0b784	backend_basetype2	backend_dataflow@0x00b0e82c	0x00b0af54	65	0	00734c25	FUN_00734c25	0x00afc4e0	backend_basetype	005ba6c5	override	backend_dataflow.slot_065	backend_basetype2__vslot_065	0.90
0x00b0b784	backend_basetype2	backend_dataflow@0x00b0e82c	0x00b0af54	66	0	00735592	FUN_00735592	0x00afc4e0	backend_basetype	005ba6ce	override	backend_dataflow.slot_066	backend_basetype2__vslot_066	0.90
0x00b0b784	backend_basetype2	backend_dataflow@0x00b0e82c	0x00b0af54	67	0	00734c2e	FUN_00734c2e	0x00afc4e0	backend_basetype	005ba6d7	override	backend_dataflow.slot_067	backend_basetype2__vslot_067	0.90
0x00b0b784	backend_basetype2	backend_dataflow@0x00b0e82c	0x00b0af54	68	0	007353e2	FUN_007353e2	0x00afc4e0	backend_basetype	005ba6e0	override	backend_dataflow.slot_068	backend_basetype2__vslot_068	0.90
0x00b0b784	backend_basetype2	backend_dataflow@0x00b0e82c	0x00b0af54	69	0	0073542d	FUN_0073542d	0x00afc4e0	backend_basetype	005ba6ea	override	backend_dataflow.slot_069	backend_basetype2__vslot_069	0.90
0x00b0b784	backend_basetype2	backend_dataflow@0x00b0e82c	0x00b0af54	70	0	00734c37	FUN_00734c37	0x00afc4e0	backend_basetype	005ba6f4	override	backend_dataflow.slot_070	backend_basetype2__vslot_070	0.90
0x00b0b784	backend_basetype2	backend_dataflow@0x00b0e82c	0x00b0af54	71	0	00734c40	FUN_00734c40	0x00afc4e0	backend_basetype	005ba6fd	override	backend_dataflow.slot_071	backend_basetype2__vslot_071	0.90
0x00b0b784	backend_basetype2	backend_dataflow@0x00b0e82c	0x00b0af54	72	0	007354ed	FUN_007354ed	0x00afc4e0	backend_basetype	005ba706	override	backend_dataflow.slot_072	backend_basetype2__vslot_072	0.90
0x00b0b784	backend_basetype2	backend_dataflow@0x00b0e82c	0x00b0af54	73	0	00734c49	FUN_00734c49	0x00afc4e0	backend_basetype	005ba70f	override	backend_dataflow.slot_073	backend_basetype2__vslot_073	0.90
0x00b0b784	backend_basetype2	backend_dataflow@0x00b0e82c	0x00b0af54	74	0	00734c52	FUN_00734c52	0x00afc4e0	backend_basetype	005ba718	override	backend_dataflow.slot_074	backend_basetype2__vslot_074	0.90
0x00b0b784	backend_basetype2	backend_dataflow@0x00b0e82c	0x00b0af54	75	0	00734c57	FUN_00734c57	0x00afc4e0	backend_basetype	005ba71d	override	backend_dataflow.slot_075	backend_basetype2__vslot_075	0.90
0x00b0b784	backend_basetype2	backend_dataflow@0x00b0e82c	0x00b0af54	76	0	00734c5c	FUN_00734c5c	0x00afc4e0	backend_basetype	005ba722	override	backend_dataflow.slot_076	backend_basetype2__vslot_076	0.90
0x00b0b784	backend_basetype2	backend_dataflow@0x00b0e82c	0x00b0af54	77	0	007355be	FUN_007355be	0x00afc4e0	backend_basetype	005ba727	override	backend_dataflow.slot_077	backend_basetype2__vslot_077	0.90
0x00b0b784	backend_basetype2	backend_dataflow@0x00b0e82c	0x00b0af54	78	0	00734c61	FUN_00734c61	0x00afc4e0	backend_basetype	005ba731	override	backend_dataflow.slot_078	backend_basetype2__vslot_078	0.90
0x00b0b784	backend_basetype2	backend_dataflow@0x00b0e82c	0x00b0af54	79	0	00734c6f	FUN_00734c6f	0x00afc4e0	backend_basetype	005ba73f	override	backend_dataflow.slot_079	backend_basetype2__vslot_079	0.90
0x00b0b784	backend_basetype2	backend_dataflow@0x00b0e82c	0x00b0af54	80	0	00734c78	FUN_00734c78	0x00afc4e0	backend_basetype	005ba748	override	backend_dataflow.slot_080	backend_basetype2__vslot_080	0.90
0x00b0b784	backend_basetype2	backend_dataflow@0x00b0e82c	0x00b0af54	81	0	00734c88	FUN_00734c88	0x00afc4e0	backend_basetype	005ba758	override	backend_dataflow.slot_081	backend_basetype2__vslot_081	0.90
0x00b0b784	backend_basetype2	backend_dataflow@0x00b0e82c	0x00b0af54	82	0	005bcf2f	FUN_005bcf2f	0x00afc4e0	backend_basetype	005bcf2f	inherited	backend_dataflow.slot_082	backend_basetype2__vslot_082	0.93
0x00b0b784	backend_basetype2	backend_dataflow@0x00b0e82c	0x00b0af54	83	0	00734c92	FUN_00734c92	0x00afc4e0	backend_basetype	005ba762	override	backend_dataflow.slot_083	backend_basetype2__vslot_083	0.90
0x00b0b784	backend_basetype2	backend_dataflow@0x00b0e82c	0x00b0af54	84	0	00735743	FUN_00735743	0x00afc4e0	backend_basetype	005ba76b	override	backend_dataflow.slot_084	backend_basetype2__vslot_084	0.90
0x00b0b784	backend_basetype2	backend_dataflow@0x00b0e82c	0x00b0af54	85	0	0077f001	FUN_0077f001	0x00afc4e0	backend_basetype	0077f001	inherited	backend_dataflow.slot_085	backend_basetype2__vslot_085	0.93
0x00b0b784	backend_basetype2	backend_dataflow@0x00b0e82c	0x00b0af54	86	0	0077f05d	FUN_0077f05d	0x00afc4e0	backend_basetype	0077f05d	inherited	backend_dataflow.slot_086	backend_basetype2__vslot_086	0.93
0x00b0b784	backend_basetype2	backend_dataflow@0x00b0e82c	0x00b0af54	87	0	00734c9b	FUN_00734c9b	0x00afc4e0	backend_basetype	005ba770	override	backend_dataflow.slot_087	backend_basetype2__vslot_087	0.90
0x00b0b784	backend_basetype2	backend_dataflow@0x00b0e82c	0x00b0af54	88	0	00734ca4	FUN_00734ca4	0x00afc4e0	backend_basetype	005ba779	override	backend_dataflow.slot_088	backend_basetype2__vslot_088	0.90
0x00b0b784	backend_basetype2	backend_dataflow@0x00b0e82c	0x00b0af54	89	0	00734ca9	FUN_00734ca9	0x00afc4e0	backend_basetype	005ba77e	override	backend_dataflow.slot_089	backend_basetype2__vslot_089	0.90
0x00b0b784	backend_basetype2	backend_dataflow@0x00b0e82c	0x00b0af54	90	0	00734cae	FUN_00734cae	0x00afc4e0	backend_basetype	005ba783	override	backend_dataflow.slot_090	backend_basetype2__vslot_090	0.90
0x00b0b784	backend_basetype2	backend_dataflow@0x00b0e82c	0x00b0af54	91	0	005bdbcd	FUN_005bdbcd	0x00afc4e0	backend_basetype	005bdbcd	inherited	backend_dataflow.slot_091	backend_basetype2__vslot_091	0.93
0x00b0b784	backend_basetype2	backend_dataflow@0x00b0e82c	0x00b0af54	92	0	006cd518	FUN_006cd518	0x00afc4e0	backend_basetype	006cd518	inherited	backend_dataflow.slot_092	backend_basetype2__vslot_092	0.93
0x00b0b784	backend_basetype2	backend_dataflow@0x00b0e82c	0x00b0af54	93	0	00734cb8	FUN_00734cb8	0x00afc4e0	backend_basetype	005ba78d	override	backend_dataflow.slot_093	backend_basetype2__vslot_093	0.90
0x00b0b784	backend_basetype2	backend_dataflow@0x00b0e82c	0x00b0af54	94	0	006fc36e	FUN_006fc36e	0x00afc4e0	backend_basetype	006fc36e	inherited	backend_dataflow.slot_094	backend_basetype2__vslot_094	0.93
0x00b0b784	backend_basetype2	backend_dataflow@0x00b0e82c	0x00b0af54	95	0	006fc4f2	FUN_006fc4f2	0x00afc4e0	backend_basetype	006fc4f2	inherited	backend_dataflow.slot_095	backend_basetype2__vslot_095	0.93
0x00b0b784	backend_basetype2	backend_dataflow@0x00b0e82c	0x00b0af54	96	0	006c8f2b	FUN_006c8f2b	0x00afc4e0	backend_basetype	006c8f2b	inherited	backend_dataflow.slot_096	backend_basetype2__vslot_096	0.93
0x00b0b784	backend_basetype2	backend_dataflow@0x00b0e82c	0x00b0af54	97	0	007352a0	FUN_007352a0	0x00afc4e0	backend_basetype	005ba797	override	backend_dataflow.slot_097	backend_basetype2__vslot_097	0.90
0x00b0b784	backend_basetype2	backend_dataflow@0x00b0e82c	0x00b0af54	98	0	007352ea	FUN_007352ea	0x00afc4e0	backend_basetype	005ba7a5	override	backend_dataflow.slot_098	backend_basetype2__vslot_098	0.90
0x00b0b784	backend_basetype2	backend_dataflow@0x00b0e82c	0x00b0af54	99	0	00735341	FUN_00735341	0x00afc4e0	backend_basetype	005ba7b3	override	backend_dataflow.slot_099	backend_basetype2__vslot_099	0.90
0x00b0b784	backend_basetype2	backend_dataflow@0x00b0e82c	0x00b0af54	100	0	0073538b	FUN_0073538b	0x00afc4e0	backend_basetype	005ba7c1	override	backend_dataflow.slot_100	backend_basetype2__vslot_100	0.90
0x00b0b784	backend_basetype2	backend_dataflow@0x00b0e82c	0x00b0af54	101	0	00735612	FUN_00735612	0x00afc4e0	backend_basetype	005bd9df	override	backend_dataflow.slot_101	backend_basetype2__vslot_101	0.90
0x00b0b784	backend_basetype2	backend_dataflow@0x00b0e82c	0x00b0af54	102	0	0073561b	FUN_0073561b	0x00afc4e0	backend_basetype	005bd9e8	override	backend_dataflow.slot_102	backend_basetype2__vslot_102	0.90
0x00b0b784	backend_basetype2	backend_dataflow@0x00b0e82c	0x00b0af54	103	0	00734cc2	FUN_00734cc2	0x00afc4e0	backend_basetype	005ba7cf	override	backend_dataflow.slot_103	backend_basetype2__vslot_103	0.90
0x00b0b784	backend_basetype2	backend_dataflow@0x00b0e82c	0x00b0af54	104	0	00734cd1	FUN_00734cd1	0x00afc4e0	backend_basetype	005ba7de	override	backend_dataflow.slot_104	backend_basetype2__vslot_104	0.90
0x00b0b784	backend_basetype2	backend_dataflow@0x00b0e82c	0x00b0af54	105	0	00734cdb	FUN_00734cdb	0x00afc4e0	backend_basetype	005ba7e8	override	backend_dataflow.slot_105	backend_basetype2__vslot_105	0.90
0x00b0b784	backend_basetype2	backend_dataflow@0x00b0e82c	0x00b0af54	106	0	00734d45	FUN_00734d45	0x00afc4e0	backend_basetype	005ba852	override	backend_dataflow.slot_106	backend_basetype2__vslot_106	0.90
0x00b0b784	backend_basetype2	backend_dataflow@0x00b0e82c	0x00b0af54	107	0	00734d53	FUN_00734d53	0x00afc4e0	backend_basetype	005ba860	override	backend_dataflow.slot_107	backend_basetype2__vslot_107	0.90
0x00b0b784	backend_basetype2	backend_dataflow@0x00b0e82c	0x00b0af54	108	0	00734d61	FUN_00734d61	0x00afc4e0	backend_basetype	005ba86e	override	backend_dataflow.slot_108	backend_basetype2__vslot_108	0.90
0x00b0b784	backend_basetype2	backend_dataflow@0x00b0e82c	0x00b0af54	109	0	00734d6f	FUN_00734d6f	0x00afc4e0	backend_basetype	005ba87c	override	backend_dataflow.slot_109	backend_basetype2__vslot_109	0.90
0x00b0b784	backend_basetype2	backend_dataflow@0x00b0e82c	0x00b0af54	110	0	005bcb18	FUN_005bcb18	0x00afc4e0	backend_basetype	005bcb18	inherited	backend_dataflow.slot_110	backend_basetype2__vslot_110	0.93
0x00b0b784	backend_basetype2	backend_dataflow@0x00b0e82c	0x00b0af54	111	0	005bcb51	FUN_005bcb51	0x00afc4e0	backend_basetype	005bcb51	inherited	backend_dataflow.slot_111	backend_basetype2__vslot_111	0.93
0x00b0b784	backend_basetype2	backend_dataflow@0x00b0e82c	0x00b0af54	112	0	005bdbaa	FUN_005bdbaa	0x00afc4e0	backend_basetype	005bdbaa	inherited	backend_dataflow.slot_112	backend_basetype2__vslot_112	0.93
0x00b0b784	backend_basetype2	backend_dataflow@0x00b0e82c	0x00b0af54	113	0	00739d9d	FUN_00739d9d	0x00afc4e0	backend_basetype	00739d9d	inherited	backend_dataflow.slot_113	backend_basetype2__vslot_113	0.93
0x00b0b784	backend_basetype2	backend_dataflow@0x00b0e82c	0x00b0af54	114	0	005bcb13	FUN_005bcb13	0x00afc4e0	backend_basetype	005bcb13	inherited	backend_dataflow.slot_114	backend_basetype2__vslot_114	0.93
0x00b0b784	backend_basetype2	backend_dataflow@0x00b0e82c	0x00b0af54	115	0	005bccd3	FUN_005bccd3	0x00afc4e0	backend_basetype	005bccd3	inherited	backend_dataflow.slot_115	backend_basetype2__vslot_115	0.93
0x00b0b784	backend_basetype2	backend_dataflow@0x00b0e82c	0x00b0af54	116	0	005bcb0a	FUN_005bcb0a	0x00afc4e0	backend_basetype	005bcb0a	inherited	backend_dataflow.slot_116	backend_basetype2__vslot_116	0.93
0x00b0b784	backend_basetype2	backend_dataflow@0x00b0e82c	0x00b0af54	117	0	00734d7d	FUN_00734d7d	0x00afc4e0	backend_basetype	005ba88a	override	backend_dataflow.slot_117	backend_basetype2__vslot_117	0.90
0x00b0b784	backend_basetype2	backend_dataflow@0x00b0e82c	0x00b0af54	118	0	005bccd8	FUN_005bccd8	0x00afc4e0	backend_basetype	005bccd8	inherited	backend_dataflow.slot_118	backend_basetype2__vslot_118	0.93
0x00b0b784	backend_basetype2	backend_dataflow@0x00b0e82c	0x00b0af54	119	0	005bcce1	FUN_005bcce1	0x00afc4e0	backend_basetype	005bcce1	inherited	backend_dataflow.slot_119	backend_basetype2__vslot_119	0.93
0x00b0b784	backend_basetype2	backend_dataflow@0x00b0e82c	0x00b0af54	120	0	00735098	FUN_00735098	0x00afc4e0	backend_basetype	005ba893	override	backend_dataflow.slot_120	backend_basetype2__vslot_120	0.90
0x00b0b784	backend_basetype2	backend_dataflow@0x00b0e82c	0x00b0af54	121	0	007350d0	FUN_007350d0	0x00afc4e0	backend_basetype	005ba89c	override	backend_dataflow.slot_121	backend_basetype2__vslot_121	0.90
0x00b0b784	backend_basetype2	backend_dataflow@0x00b0e82c	0x00b0af54	122	0	00734d86	FUN_00734d86	0x00afc4e0	backend_basetype	005ba8a5	override	backend_dataflow.slot_122	backend_basetype2__vslot_122	0.90
0x00b0b784	backend_basetype2	backend_dataflow@0x00b0e82c	0x00b0af54	123	0	00734d8f	FUN_00734d8f	0x00afc4e0	backend_basetype	005ba8ae	override	backend_dataflow.slot_123	backend_basetype2__vslot_123	0.90
0x00b0b784	backend_basetype2	backend_dataflow@0x00b0e82c	0x00b0af54	124	0	00734d98	FUN_00734d98	0x00afc4e0	backend_basetype	005ba8b7	override	backend_dataflow.slot_124	backend_basetype2__vslot_124	0.90
0x00b0b784	backend_basetype2	backend_dataflow@0x00b0e82c	0x00b0af54	125	0	00734da1	FUN_00734da1	0x00afc4e0	backend_basetype	005ba8c0	override	backend_dataflow.slot_125	backend_basetype2__vslot_125	0.90
0x00b0b784	backend_basetype2	backend_dataflow@0x00b0e82c	0x00b0af54	126	0	00734daa	FUN_00734daa	0x00afc4e0	backend_basetype	005ba8c9	override	backend_dataflow.slot_126	backend_basetype2__vslot_126	0.90
0x00b0b784	backend_basetype2	backend_dataflow@0x00b0e82c	0x00b0af54	127	0	005bde20	FUN_005bde20	0x00afc4e0	backend_basetype	005bde20	inherited	backend_dataflow.slot_127	backend_basetype2__vslot_127	0.93
0x00b0b784	backend_basetype2	backend_dataflow@0x00b0e82c	0x00b0af54	128	0	00734db3	FUN_00734db3	0x00afc4e0	backend_basetype	005ba8d2	override	backend_dataflow.slot_128	backend_basetype2__vslot_128	0.90
0x00b0b784	backend_basetype2	backend_dataflow@0x00b0e82c	0x00b0af54	129	0	00734e16	FUN_00734e16	0x00afc4e0	backend_basetype	005ba935	override	backend_dataflow.slot_129	backend_basetype2__vslot_129	0.90
0x00b0b784	backend_basetype2	backend_dataflow@0x00b0e82c	0x00b0af54	130	0	005bccea	FUN_005bccea	0x00afc4e0	backend_basetype	005bccea	inherited	backend_dataflow.slot_130	backend_basetype2__vslot_130	0.93
0x00b0b784	backend_basetype2	backend_dataflow@0x00b0e82c	0x00b0af54	131	0	005bce00	FUN_005bce00	0x00afc4e0	backend_basetype	005bce00	inherited	backend_dataflow.slot_131	backend_basetype2__vslot_131	0.93
0x00b0b784	backend_basetype2	backend_dataflow@0x00b0e82c	0x00b0af54	132	0	00734e1b	FUN_00734e1b	0x00afc4e0	backend_basetype	005ba93a	override	backend_dataflow.slot_132	backend_basetype2__vslot_132	0.90
0x00b0b784	backend_basetype2	backend_dataflow@0x00b0e82c	0x00b0af54	133	0	005bce2d	FUN_005bce2d	0x00afc4e0	backend_basetype	005bce2d	inherited	backend_dataflow.slot_133	backend_basetype2__vslot_133	0.93
0x00b0b784	backend_basetype2	backend_dataflow@0x00b0e82c	0x00b0af54	134	0	005bce7d	FUN_005bce7d	0x00afc4e0	backend_basetype	005bce7d	inherited	backend_dataflow.slot_134	backend_basetype2__vslot_134	0.93
0x00b0b784	backend_basetype2	backend_dataflow@0x00b0e82c	0x00b0af54	135	0	005bceca	FUN_005bceca	0x00afc4e0	backend_basetype	005bceca	inherited	backend_dataflow.slot_135	backend_basetype2__vslot_135	0.93
0x00b0b784	backend_basetype2	backend_dataflow@0x00b0e82c	0x00b0af54	136	0	005bcecf	FUN_005bcecf	0x00afc4e0	backend_basetype	005bcecf	inherited	backend_dataflow.slot_136	backend_basetype2__vslot_136	0.93
0x00b0b784	backend_basetype2	backend_dataflow@0x00b0e82c	0x00b0af54	137	0	005bcef3	FUN_005bcef3	0x00afc4e0	backend_basetype	005bcef3	inherited	backend_dataflow.slot_137	backend_basetype2__vslot_137	0.93
0x00b0b784	backend_basetype2	backend_dataflow@0x00b0e82c	0x00b0af54	138	0	00734e24	FUN_00734e24	0x00afc4e0	backend_basetype	005ba943	override	backend_dataflow.slot_138	backend_basetype2__vslot_138	0.90
0x00b0b784	backend_basetype2	backend_dataflow@0x00b0e82c	0x00b0af54	139	0	005bd353	FUN_005bd353	0x00afc4e0	backend_basetype	005bd353	inherited	backend_dataflow.slot_139	backend_basetype2__vslot_139	0.93
0x00b0b784	backend_basetype2	backend_dataflow@0x00b0e82c	0x00b0af54	140	0	00734e2d	FUN_00734e2d	0x00afc4e0	backend_basetype	005ba94c	override	backend_dataflow.slot_140	backend_basetype2__vslot_140	0.90
0x00b0b784	backend_basetype2	backend_dataflow@0x00b0e82c	0x00b0af54	141	0	00734e32	FUN_00734e32	0x00afc4e0	backend_basetype	005ba951	override	backend_dataflow.slot_141	backend_basetype2__vslot_141	0.90
0x00b0b784	backend_basetype2	backend_dataflow@0x00b0e82c	0x00b0af54	142	0	00734e37	FUN_00734e37	0x00afc4e0	backend_basetype	005ba956	override	backend_dataflow.slot_142	backend_basetype2__vslot_142	0.90
0x00b0b784	backend_basetype2	backend_dataflow@0x00b0e82c	0x00b0af54	143	0	00734e3c	FUN_00734e3c	0x00afc4e0	backend_basetype	005ba95b	override	backend_dataflow.slot_143	backend_basetype2__vslot_143	0.90
0x00b0b784	backend_basetype2	backend_dataflow@0x00b0e82c	0x00b0af54	144	0	00734e41	FUN_00734e41	0x00afc4e0	backend_basetype	005ba960	override	backend_dataflow.slot_144	backend_basetype2__vslot_144	0.90
0x00b0b784	backend_basetype2	backend_dataflow@0x00b0e82c	0x00b0af54	145	0	00734e46	FUN_00734e46	0x00afc4e0	backend_basetype	005ba965	override	backend_dataflow.slot_145	backend_basetype2__vslot_145	0.90
0x00b0b784	backend_basetype2	backend_dataflow@0x00b0e82c	0x00b0af54	146	0	00734e55	FUN_00734e55	0x00afc4e0	backend_basetype	005ba974	override	backend_dataflow.slot_146	backend_basetype2__vslot_146	0.90
0x00b0b784	backend_basetype2	backend_dataflow@0x00b0e82c	0x00b0af54	147	0	00734e5a	FUN_00734e5a	0x00afc4e0	backend_basetype	005ba979	override	backend_dataflow.slot_147	backend_basetype2__vslot_147	0.90
0x00b0b784	backend_basetype2	backend_dataflow@0x00b0e82c	0x00b0af54	148	0	00734e5f	FUN_00734e5f	0x00afc4e0	backend_basetype	005ba97e	override	backend_dataflow.slot_148	backend_basetype2__vslot_148	0.90
0x00b0b784	backend_basetype2	backend_dataflow@0x00b0e82c	0x00b0af54	149	0	0073bd67	FUN_0073bd67	0x00afc4e0	backend_basetype	0073bd67	inherited	backend_dataflow.slot_149	backend_basetype2__vslot_149	0.93
0x00b0b784	backend_basetype2	backend_dataflow@0x00b0e82c	0x00b0af54	150	0	0073befc	FUN_0073befc	0x00afc4e0	backend_basetype	0073befc	inherited	backend_dataflow.slot_150	backend_basetype2__vslot_150	0.93
0x00b0b784	backend_basetype2	backend_dataflow@0x00b0e82c	0x00b0af54	151	0	0073c694	FUN_0073c694	0x00afc4e0	backend_basetype	0073c694	inherited	backend_dataflow.slot_151	backend_basetype2__vslot_151	0.93
0x00b0b784	backend_basetype2	backend_dataflow@0x00b0e82c	0x00b0af54	152	0	00734e69	FUN_00734e69	0x00afc4e0	backend_basetype	005ba988	override	backend_dataflow.slot_152	backend_basetype2__vslot_152	0.90
0x00b0b784	backend_basetype2	backend_dataflow@0x00b0e82c	0x00b0af54	153	0	00734e72	FUN_00734e72	0x00afc4e0	backend_basetype	005ba991	override	backend_dataflow.slot_153	backend_basetype2__vslot_153	0.90
0x00b0b784	backend_basetype2	backend_dataflow@0x00b0e82c	0x00b0af54	154	0	00734e7c	FUN_00734e7c	0x00afc4e0	backend_basetype	005ba99b	override	backend_dataflow.slot_154	backend_basetype2__vslot_154	0.90
0x00b0b784	backend_basetype2	backend_dataflow@0x00b0e82c	0x00b0af54	155	0	0073e08f	FUN_0073e08f	0x00afc4e0	backend_basetype	0073e08f	inherited	backend_dataflow.slot_155	backend_basetype2__vslot_155	0.93
0x00b0b784	backend_basetype2	backend_dataflow@0x00b0e82c	0x00b0af54	156	0	0073ef61	FUN_0073ef61	0x00afc4e0	backend_basetype	0073ef61	inherited	backend_dataflow.slot_156	backend_basetype2__vslot_156	0.93
0x00b0b784	backend_basetype2	backend_dataflow@0x00b0e82c	0x00b0af54	157	0	0073f585	FUN_0073f585	0x00afc4e0	backend_basetype	0073f585	inherited	backend_dataflow.slot_157	backend_basetype2__vslot_157	0.93
0x00b0b784	backend_basetype2	backend_dataflow@0x00b0e82c	0x00b0af54	158	0	0073ea02	FUN_0073ea02	0x00afc4e0	backend_basetype	0073ea02	inherited	backend_dataflow.slot_158	backend_basetype2__vslot_158	0.93
0x00b0b784	backend_basetype2	backend_dataflow@0x00b0e82c	0x00b0af54	159	0	00734e86	FUN_00734e86	0x00afc4e0	backend_basetype	005ba9a5	override	backend_dataflow.slot_159	backend_basetype2__vslot_159	0.90
0x00b0b784	backend_basetype2	backend_dataflow@0x00b0e82c	0x00b0af54	160	0	00734e90	FUN_00734e90	0x00afc4e0	backend_basetype	005ba9af	override	backend_dataflow.slot_160	backend_basetype2__vslot_160	0.90
0x00b0b784	backend_basetype2	backend_dataflow@0x00b0e82c	0x00b0af54	161	0	00734e9a	FUN_00734e9a	0x00afc4e0	backend_basetype	005ba9b9	override	backend_dataflow.slot_161	backend_basetype2__vslot_161	0.90
0x00b0b784	backend_basetype2	backend_dataflow@0x00b0e82c	0x00b0af54	162	0	00734e9f	FUN_00734e9f	0x00afc4e0	backend_basetype	005ba9be	override	backend_dataflow.slot_162	backend_basetype2__vslot_162	0.90
0x00b0b784	backend_basetype2	backend_dataflow@0x00b0e82c	0x00b0af54	163	0	00734ea4	FUN_00734ea4	0x00afc4e0	backend_basetype	005ba9c3	override	backend_dataflow.slot_163	backend_basetype2__vslot_163	0.90
0x00b0b784	backend_basetype2	backend_dataflow@0x00b0e82c	0x00b0af54	164	0	00734ea9	FUN_00734ea9	0x00afc4e0	backend_basetype	005ba9c8	override	backend_dataflow.slot_164	backend_basetype2__vslot_164	0.90
0x00b0b784	backend_basetype2	backend_dataflow@0x00b0e82c	0x00b0af54	165	0	005bd358	FUN_005bd358	0x00afc4e0	backend_basetype	005bd358	inherited	backend_dataflow.slot_165	backend_basetype2__vslot_165	0.93
0x00b0b784	backend_basetype2	backend_dataflow@0x00b0e82c	0x00b0af54	166	0	005bd6a3	FUN_005bd6a3	0x00afc4e0	backend_basetype	005bd6a3	inherited	backend_dataflow.slot_166	backend_basetype2__vslot_166	0.93
0x00b0b784	backend_basetype2	backend_dataflow@0x00b0e82c	0x00b0af54	167	0	005bd73a	FUN_005bd73a	0x00afc4e0	backend_basetype	005bd73a	inherited	backend_dataflow.slot_167	backend_basetype2__vslot_167	0.93
0x00b0b784	backend_basetype2	backend_dataflow@0x00b0e82c	0x00b0af54	168	0	005bd82a	FUN_005bd82a	0x00afc4e0	backend_basetype	005bd82a	inherited	backend_dataflow.slot_168	backend_basetype2__vslot_168	0.93
0x00b0b784	backend_basetype2	backend_dataflow@0x00b0e82c	0x00b0af54	169	0	007351e2	FUN_007351e2	0x00afc4e0	backend_basetype	005bca1d	override	backend_dataflow.slot_169	backend_basetype2__vslot_169	0.90
0x00b0b784	backend_basetype2	backend_dataflow@0x00b0e82c	0x00b0af54	170	0	0073522e	FUN_0073522e	0x00afc4e0	backend_basetype	005bca2c	override	backend_dataflow.slot_170	backend_basetype2__vslot_170	0.90
0x00b0b784	backend_basetype2	backend_dataflow@0x00b0e82c	0x00b0af54	171	0	00735254	FUN_00735254	0x00afc4e0	backend_basetype	005bca3b	override	backend_dataflow.slot_171	backend_basetype2__vslot_171	0.90
0x00b0b784	backend_basetype2	backend_dataflow@0x00b0e82c	0x00b0af54	172	0	0073527a	FUN_0073527a	0x00afc4e0	backend_basetype	005bca4a	override	backend_dataflow.slot_172	backend_basetype2__vslot_172	0.90
0x00b0b784	backend_basetype2	backend_dataflow@0x00b0e82c	0x00b0af54	173	0	005bd393	FUN_005bd393	0x00afc4e0	backend_basetype	005bd393	inherited	backend_dataflow.slot_173	backend_basetype2__vslot_173	0.93
0x00b0b784	backend_basetype2	backend_dataflow@0x00b0e82c	0x00b0af54	174	0	005bd398	FUN_005bd398	0x00afc4e0	backend_basetype	005bd398	inherited	backend_dataflow.slot_174	backend_basetype2__vslot_174	0.93
0x00b0b784	backend_basetype2	backend_dataflow@0x00b0e82c	0x00b0af54	175	0	005bd3a0	FUN_005bd3a0	0x00afc4e0	backend_basetype	005bd3a0	inherited	backend_dataflow.slot_175	backend_basetype2__vslot_175	0.93
0x00b0b784	backend_basetype2	backend_dataflow@0x00b0e82c	0x00b0af54	176	0	005bd3a9	FUN_005bd3a9	0x00afc4e0	backend_basetype	005bd3a9	inherited	backend_dataflow.slot_176	backend_basetype2__vslot_176	0.93
0x00b0b784	backend_basetype2	backend_dataflow@0x00b0e82c	0x00b0af54	177	0	005bd3b2	FUN_005bd3b2	0x00afc4e0	backend_basetype	005bd3b2	inherited	backend_dataflow.slot_177	backend_basetype2__vslot_177	0.93
0x00b0b784	backend_basetype2	backend_dataflow@0x00b0e82c	0x00b0af54	178	0	005bd3bb	FUN_005bd3bb	0x00afc4e0	backend_basetype	005bd3bb	inherited	backend_dataflow.slot_178	backend_basetype2__vslot_178	0.93
0x00b0b784	backend_basetype2	backend_dataflow@0x00b0e82c	0x00b0af54	179	0	005bd3c5	FUN_005bd3c5	0x00afc4e0	backend_basetype	005bd3c5	inherited	backend_dataflow.slot_179	backend_basetype2__vslot_179	0.93
0x00b0b784	backend_basetype2	backend_dataflow@0x00b0e82c	0x00b0af54	180	0	005bd3ca	FUN_005bd3ca	0x00afc4e0	backend_basetype	005bd3ca	inherited	backend_dataflow.slot_180	backend_basetype2__vslot_180	0.93
0x00b0b784	backend_basetype2	backend_dataflow@0x00b0e82c	0x00b0af54	181	0	005bd3cf	FUN_005bd3cf	0x00afc4e0	backend_basetype	005bd3cf	inherited	backend_dataflow.slot_181	backend_basetype2__vslot_181	0.93
0x00b0b784	backend_basetype2	backend_dataflow@0x00b0e82c	0x00b0af54	182	0	00734eb3	FUN_00734eb3	0x00afc4e0	backend_basetype	005ba9d2	override	backend_dataflow.slot_182	backend_basetype2__vslot_182	0.90
0x00b0b784	backend_basetype2	backend_dataflow@0x00b0e82c	0x00b0af54	183	0	005bd3d8	FUN_005bd3d8	0x00afc4e0	backend_basetype	005bd3d8	inherited	backend_dataflow.slot_183	backend_basetype2__vslot_183	0.93
0x00b0b784	backend_basetype2	backend_dataflow@0x00b0e82c	0x00b0af54	184	0	005bd3dd	FUN_005bd3dd	0x00afc4e0	backend_basetype	005bd3dd	inherited	backend_dataflow.slot_184	backend_basetype2__vslot_184	0.93
0x00b0b784	backend_basetype2	backend_dataflow@0x00b0e82c	0x00b0af54	185	0	005bd3e7	FUN_005bd3e7	0x00afc4e0	backend_basetype	005bd3e7	inherited	backend_dataflow.slot_185	backend_basetype2__vslot_185	0.93
0x00b0b784	backend_basetype2	backend_dataflow@0x00b0e82c	0x00b0af54	186	0	005bd65c	FUN_005bd65c	0x00afc4e0	backend_basetype	005bd65c	inherited	backend_dataflow.slot_186	backend_basetype2__vslot_186	0.93
0x00b0b784	backend_basetype2	backend_dataflow@0x00b0e82c	0x00b0af54	187	0	00734eb8	FUN_00734eb8	0x00afc4e0	backend_basetype	005ba9d7	override	backend_dataflow.slot_187	backend_basetype2__vslot_187	0.90
0x00b0b784	backend_basetype2	backend_dataflow@0x00b0e82c	0x00b0af54	188	0	00734ebd	FUN_00734ebd	0x00afc4e0	backend_basetype	005ba9dc	override	backend_dataflow.slot_188	backend_basetype2__vslot_188	0.90
0x00b0b784	backend_basetype2	backend_dataflow@0x00b0e82c	0x00b0af54	189	0	00734ec7	FUN_00734ec7	0x00afc4e0	backend_basetype	005ba9e6	override	backend_dataflow.slot_189	backend_basetype2__vslot_189	0.90
0x00b0b784	backend_basetype2	backend_dataflow@0x00b0e82c	0x00b0af54	190	0	00734ecc	FUN_00734ecc	0x00afc4e0	backend_basetype	005ba9eb	override	backend_dataflow.slot_190	backend_basetype2__vslot_190	0.90
0x00b0b784	backend_basetype2	backend_dataflow@0x00b0e82c	0x00b0af54	191	0	00734ed4	FUN_00734ed4	0x00afc4e0	backend_basetype	005ba9f3	override	backend_dataflow.slot_191	backend_basetype2__vslot_191	0.90
0x00b0b784	backend_basetype2	backend_dataflow@0x00b0e82c	0x00b0af54	192	0	00734edd	FUN_00734edd	0x00afc4e0	backend_basetype	005ba9fc	override	backend_dataflow.slot_192	backend_basetype2__vslot_192	0.90
0x00b0b784	backend_basetype2	backend_dataflow@0x00b0e82c	0x00b0af54	193	0	00734ee6	FUN_00734ee6	0x00afc4e0	backend_basetype	005baa05	override	backend_dataflow.slot_193	backend_basetype2__vslot_193	0.90
0x00b0b784	backend_basetype2	backend_dataflow@0x00b0e82c	0x00b0af54	194	0	005bd89d	FUN_005bd89d	0x00afc4e0	backend_basetype	005bd89d	inherited	backend_dataflow.slot_194	backend_basetype2__vslot_194	0.93
0x00b0b784	backend_basetype2	backend_dataflow@0x00b0e82c	0x00b0af54	195	0	00734eef	FUN_00734eef	0x00afc4e0	backend_basetype	005baa0e	override	backend_dataflow.slot_195	backend_basetype2__vslot_195	0.90
0x00b0b784	backend_basetype2	backend_dataflow@0x00b0e82c	0x00b0af54	196	0	005bd972	FUN_005bd972	0x00afc4e0	backend_basetype	005bd972	inherited	backend_dataflow.slot_196	backend_basetype2__vslot_196	0.93
0x00b0b784	backend_basetype2	backend_dataflow@0x00b0e82c	0x00b0af54	197	0	005bd9f1	FUN_005bd9f1	0x00afc4e0	backend_basetype	005bd9f1	inherited	backend_dataflow.slot_197	backend_basetype2__vslot_197	0.93
0x00b0b784	backend_basetype2	backend_dataflow@0x00b0e82c	0x00b0af54	198	0	00734ef9	FUN_00734ef9	0x00afc4e0	backend_basetype	005baa18	override	backend_dataflow.slot_198	backend_basetype2__vslot_198	0.90
0x00b0b784	backend_basetype2	backend_dataflow@0x00b0e82c	0x00b0af54	199	0	005bda6a	FUN_005bda6a	0x00afc4e0	backend_basetype	005bda6a	inherited	backend_dataflow.slot_199	backend_basetype2__vslot_199	0.93
0x00b0b784	backend_basetype2	backend_dataflow@0x00b0e82c	0x00b0af54	200	0	00734f02	FUN_00734f02	0x00afc4e0	backend_basetype	005baa21	override	backend_dataflow.slot_200	backend_basetype2__vslot_200	0.90
0x00b0b784	backend_basetype2	backend_dataflow@0x00b0e82c	0x00b0af54	201	0	00734f0e	FUN_00734f0e	0x00afc4e0	backend_basetype	005baa2d	override	backend_dataflow.slot_201	backend_basetype2__vslot_201	0.90
0x00b0b784	backend_basetype2	backend_dataflow@0x00b0e82c	0x00b0af54	202	0	00734f17	FUN_00734f17	0x00afc4e0	backend_basetype	005baa36	override	backend_dataflow.slot_202	backend_basetype2__vslot_202	0.90
0x00b0b784	backend_basetype2	backend_dataflow@0x00b0e82c	0x00b0af54	203	0	00734f21	FUN_00734f21	0x00afc4e0	backend_basetype	005baa40	override	backend_dataflow.slot_203	backend_basetype2__vslot_203	0.90
0x00b0b784	backend_basetype2	backend_dataflow@0x00b0e82c	0x00b0af54	204	0	00734f2b	FUN_00734f2b	0x00afc4e0	backend_basetype	005baa4a	override	backend_dataflow.slot_204	backend_basetype2__vslot_204	0.90
0x00b0b784	backend_basetype2	backend_dataflow@0x00b0e82c	0x00b0af54	205	0	00734f30	FUN_00734f30	0x00afc4e0	backend_basetype	005baa4f	override	backend_dataflow.slot_205	backend_basetype2__vslot_205	0.90
0x00b0b784	backend_basetype2	backend_dataflow@0x00b0e82c	0x00b0af54	206	0	005bd98d	FUN_005bd98d	0x00afc4e0	backend_basetype	005bd98d	inherited	backend_dataflow.slot_206	backend_basetype2__vslot_206	0.93
0x00b0b784	backend_basetype2	backend_dataflow@0x00b0e82c	0x00b0af54	207	0	00734f35	FUN_00734f35	0x00afc4e0	backend_basetype	005baa54	override	backend_dataflow.slot_207	backend_basetype2__vslot_207	0.90
0x00b0b784	backend_basetype2	backend_dataflow@0x00b0e82c	0x00b0af54	208	0	00734f3a	FUN_00734f3a	0x00afc4e0	backend_basetype	005baa59	override	backend_dataflow.slot_208	backend_basetype2__vslot_208	0.90
0x00b0b784	backend_basetype2	backend_dataflow@0x00b0e82c	0x00b0af54	209	0	00734f43	FUN_00734f43	0x00afc4e0	backend_basetype	005baa62	override	backend_dataflow.slot_209	backend_basetype2__vslot_209	0.90
0x00b0b784	backend_basetype2	backend_dataflow@0x00b0e82c	0x00b0af54	210	0	005bdb08	FUN_005bdb08	0x00afc4e0	backend_basetype	005bdb08	inherited	backend_dataflow.slot_210	backend_basetype2__vslot_210	0.93
0x00b0b784	backend_basetype2	backend_dataflow@0x00b0e82c	0x00b0af54	211	0	00734f4c	FUN_00734f4c	0x00afc4e0	backend_basetype	005baa6b	override	backend_dataflow.slot_211	backend_basetype2__vslot_211	0.90
0x00b0b784	backend_basetype2	backend_dataflow@0x00b0e82c	0x00b0af54	212	0	004e2d50	FUN_004e2d50	0x00afc4e0	backend_basetype	004e2d50	inherited	backend_dataflow.slot_212	backend_basetype2__vslot_212	0.93
0x00b0b784	backend_basetype2	backend_dataflow@0x00b0e82c	0x00b0af54	213	0	00734f56	FUN_00734f56	0x00afc4e0	backend_basetype	005baa75	override	backend_dataflow.slot_213	backend_basetype2__vslot_213	0.90
0x00b0b784	backend_basetype2	backend_dataflow@0x00b0e82c	0x00b0af54	214	0	00734f5b	FUN_00734f5b	0x00afc4e0	backend_basetype	005baa7a	override	backend_dataflow.slot_214	backend_basetype2__vslot_214	0.90
0x00b0b784	backend_basetype2	backend_dataflow@0x00b0e82c	0x00b0af54	215	0	00734f64	FUN_00734f64	0x00afc4e0	backend_basetype	005baa83	override	backend_dataflow.slot_215	backend_basetype2__vslot_215	0.90
0x00b0b784	backend_basetype2	backend_dataflow@0x00b0e82c	0x00b0af54	216	0	005bdd08	FUN_005bdd08	0x00afc4e0	backend_basetype	005bdd08	inherited	backend_dataflow.slot_216	backend_basetype2__vslot_216	0.93
0x00b0b784	backend_basetype2	backend_dataflow@0x00b0e82c	0x00b0af54	217	0	00734f69	FUN_00734f69	0x00afc4e0	backend_basetype	005baa88	override	backend_dataflow.slot_217	backend_basetype2__vslot_217	0.90
0x00b0b784	backend_basetype2	backend_dataflow@0x00b0e82c	0x00b0af54	218	0	00734f72	FUN_00734f72	0x00afc4e0	backend_basetype	005baa91	override	backend_dataflow.slot_218	backend_basetype2__vslot_218	0.90
0x00b0b784	backend_basetype2	backend_dataflow@0x00b0e82c	0x00b0af54	219	0	00734f7b	FUN_00734f7b	0x00afc4e0	backend_basetype	005baa9a	override	backend_dataflow.slot_219	backend_basetype2__vslot_219	0.90
0x00b0b784	backend_basetype2	backend_dataflow@0x00b0e82c	0x00b0af54	220	0	00734f84	FUN_00734f84	0x00afc4e0	backend_basetype	005baaa3	override	backend_dataflow.slot_220	backend_basetype2__vslot_220	0.90
0x00b0b784	backend_basetype2	backend_dataflow@0x00b0e82c	0x00b0af54	221	0	00734f8e	FUN_00734f8e	0x00afc4e0	backend_basetype	005baaad	override	backend_dataflow.slot_221	backend_basetype2__vslot_221	0.90
0x00b0b784	backend_basetype2	backend_dataflow@0x00b0e82c	0x00b0af54	222	0	00734f93	FUN_00734f93	0x00afc4e0	backend_basetype	005baab2	override	backend_dataflow.slot_222	backend_basetype2__vslot_222	0.90
0x00b0b784	backend_basetype2	backend_dataflow@0x00b0e82c	0x00b0af54	223	0	00734f9d	FUN_00734f9d	0x00afc4e0	backend_basetype	005baabc	override	backend_dataflow.slot_223	backend_basetype2__vslot_223	0.90
0x00b0b784	backend_basetype2	backend_dataflow@0x00b0e82c	0x00b0af54	224	0	00734fa7	FUN_00734fa7	0x00afc4e0	backend_basetype	005baac6	override	backend_dataflow.slot_224	backend_basetype2__vslot_224	0.90
0x00b0b784	backend_basetype2	backend_dataflow@0x00b0e82c	0x00b0af54	225	0	00734fb0	FUN_00734fb0	0x00afc4e0	backend_basetype	005baacf	override	backend_dataflow.slot_225	backend_basetype2__vslot_225	0.90
0x00b0b784	backend_basetype2	backend_dataflow@0x00b0e82c	0x00b0af54	226	0	00734fb5	FUN_00734fb5	0x00afc4e0	backend_basetype	005baad4	override	backend_dataflow.slot_226	backend_basetype2__vslot_226	0.90
0x00b0b784	backend_basetype2	backend_dataflow@0x00b0e82c	0x00b0af54	227	0	00734fba	FUN_00734fba	0x00afc4e0	backend_basetype	005baad9	override	backend_dataflow.slot_227	backend_basetype2__vslot_227	0.90
0x00b0b784	backend_basetype2	backend_dataflow@0x00b0e82c	0x00b0af54	228	0	00734fbf	FUN_00734fbf	0x00afc4e0	backend_basetype	005baade	override	backend_dataflow.slot_228	backend_basetype2__vslot_228	0.90
0x00b0b784	backend_basetype2	backend_dataflow@0x00b0e82c	0x00b0af54	229	0	0074249b	FUN_0074249b	0x00afc4e0	backend_basetype	0074249b	inherited	backend_dataflow.slot_229	backend_basetype2__vslot_229	0.93
0x00b0b784	backend_basetype2	backend_dataflow@0x00b0e82c	0x00b0af54	230	0	00734fc8	FUN_00734fc8	0x00afc4e0	backend_basetype	005baae7	override	backend_dataflow.slot_230	backend_basetype2__vslot_230	0.90
0x00b0b784	backend_basetype2	backend_dataflow@0x00b0e82c	0x00b0af54	231	0	00734fd1	FUN_00734fd1	0x00afc4e0	backend_basetype	005baaf0	override	backend_dataflow.slot_231	backend_basetype2__vslot_231	0.90
0x00b0b784	backend_basetype2	backend_dataflow@0x00b0e82c	0x00b0af54	232	0	00734fe0	FUN_00734fe0	0x00afc4e0	backend_basetype	005baaff	override	backend_dataflow.slot_232	backend_basetype2__vslot_232	0.90
0x00b0b784	backend_basetype2	backend_dataflow@0x00b0e82c	0x00b0af54	233	0	00734fe9	FUN_00734fe9	0x00afc4e0	backend_basetype	005bab08	override	backend_dataflow.slot_233	backend_basetype2__vslot_233	0.90
0x00b0b784	backend_basetype2	backend_dataflow@0x00b0e82c	0x00b0af54	234	0	005bdcc7	FUN_005bdcc7	0x00afc4e0	backend_basetype	005bdcc7	inherited	backend_dataflow.slot_234	backend_basetype2__vslot_234	0.93
0x00b0b784	backend_basetype2	backend_dataflow@0x00b0e82c	0x00b0af54	235	0	005bdcdc	FUN_005bdcdc	0x00afc4e0	backend_basetype	005bdcdc	inherited	backend_dataflow.slot_235	backend_basetype2__vslot_235	0.93
0x00b0b784	backend_basetype2	backend_dataflow@0x00b0e82c	0x00b0af54	236	0	0077ef6e	FUN_0077ef6e	0x00afc4e0	backend_basetype	005bab0d	override	backend_dataflow.slot_236	backend_basetype2__vslot_236	0.90
0x00b0b784	backend_basetype2	backend_dataflow@0x00b0e82c	0x00b0af54	237	0	0077efbe	FUN_0077efbe	0x00afc4e0	backend_basetype	005bab16	override	backend_dataflow.slot_237	backend_basetype2__vslot_237	0.90
0x00b0b784	backend_basetype2	backend_dataflow@0x00b0e82c	0x00b0af54	238	0	005bdbe6	FUN_005bdbe6	0x00afc4e0	backend_basetype	005bdbe6	inherited	backend_dataflow.slot_238	backend_basetype2__vslot_238	0.93
0x00b0b784	backend_basetype2	backend_dataflow@0x00b0e82c	0x00b0af54	239	0	00735673	FUN_00735673	0x00afc4e0	backend_basetype	005bab57	override	backend_dataflow.slot_239	backend_basetype2__vslot_239	0.90
0x00b0b784	backend_basetype2	backend_dataflow@0x00b0e82c	0x00b0af54	240	0	00735026	FUN_00735026	0x00afc4e0	backend_basetype	005bab60	override	backend_dataflow.slot_240	backend_basetype2__vslot_240	0.90
0x00b0b784	backend_basetype2	backend_dataflow@0x00b0e82c	0x00b0af54	241	0	005bde11	FUN_005bde11	0x00afc4e0	backend_basetype	005bde11	inherited	backend_dataflow.slot_241	backend_basetype2__vslot_241	0.93
0x00b0b784	backend_basetype2	backend_dataflow@0x00b0e82c	0x00b0af54	242	0	0073502b	FUN_0073502b	0x00afc4e0	backend_basetype	005bab65	override	backend_dataflow.slot_242	backend_basetype2__vslot_242	0.90
0x00b0b784	backend_basetype2	backend_dataflow@0x00b0e82c	0x00b0af54	243	0	00735034	FUN_00735034	0x00afc4e0	backend_basetype	005bab6e	override	backend_dataflow.slot_243	backend_basetype2__vslot_243	0.90
0x00b0b784	backend_basetype2	backend_dataflow@0x00b0e82c	0x00b0af54	244	0	0073503d	FUN_0073503d	0x00afc4e0	backend_basetype	005bab77	override	backend_dataflow.slot_244	backend_basetype2__vslot_244	0.90
0x00b0b784	backend_basetype2	backend_dataflow@0x00b0e82c	0x00b0af54	245	0	00735046	FUN_00735046	0x00afc4e0	backend_basetype	005bab80	override	backend_dataflow.slot_245	backend_basetype2__vslot_245	0.90
0x00b0b784	backend_basetype2	backend_dataflow@0x00b0e82c	0x00b0af54	246	0	009947c2	FUN_009947c2	0x00afc4e0	backend_basetype	009947c2	inherited	backend_dataflow.slot_246	backend_basetype2__vslot_246	0.93
0x00b0b784	backend_basetype2	backend_dataflow@0x00b0e82c	0x00b0af54	247	0	006c4c04	FUN_006c4c04	0x00afc4e0	backend_basetype	006c4c04	inherited	backend_dataflow.slot_247	backend_basetype2__vslot_247	0.93
0x00b0b784	backend_basetype2	backend_dataflow@0x00b0e82c	0x00b0af54	248	0	0073504b	FUN_0073504b	0x00afc4e0	backend_basetype	005bab85	override	backend_dataflow.slot_248	backend_basetype2__vslot_248	0.90
0x00b0b784	backend_basetype2	backend_dataflow@0x00b0e82c	0x00b0af54	249	0	00735054	FUN_00735054	0x00afc4e0	backend_basetype	005bab8e	override	backend_dataflow.slot_249	backend_basetype2__vslot_249	0.90
0x00b0b784	backend_basetype2	backend_dataflow@0x00b0e82c	0x00b0af54	250	0	0073505d	FUN_0073505d	0x00afc4e0	backend_basetype	005bab97	override	backend_dataflow.slot_250	backend_basetype2__vslot_250	0.90
0x00b0b784	backend_basetype2	backend_dataflow@0x00b0e82c	0x00b0af54	251	0	00735062	FUN_00735062	0x00afc4e0	backend_basetype	005bab9c	override	backend_dataflow.slot_251	backend_basetype2__vslot_251	0.90
0x00b0b784	backend_basetype2	backend_dataflow@0x00b0e82c	0x00b0af54	252	0	0073506a	FUN_0073506a	0x00afc4e0	backend_basetype	005baba4	override	backend_dataflow.slot_252	backend_basetype2__vslot_252	0.90
0x00b0b784	backend_basetype2	backend_dataflow@0x00b0e82c	0x00b0af54	253	0	00735073	FUN_00735073	0x00afc4e0	backend_basetype	005babad	override	backend_dataflow.slot_253	backend_basetype2__vslot_253	0.90
0x00b0b784	backend_basetype2	backend_dataflow@0x00b0e82c	0x00b0af54	254	0	0061eb3f	FUN_0061eb3f	0x00afc4e0	backend_basetype	0061eb3f	inherited	backend_dataflow.slot_254	backend_basetype2__vslot_254	0.93
0x00b0b784	backend_basetype2	backend_dataflow@0x00b0e82c	0x00b0af54	255	0	0061ea6d	FUN_0061ea6d	0x00afc4e0	backend_basetype	0061ea6d	inherited	backend_dataflow.slot_255	backend_basetype2__vslot_255	0.93
0x00b0b784	backend_basetype2	backend_dataflow@0x00b0e82c	0x00b0af54	256	0	0061ea04	FUN_0061ea04	0x00afc4e0	backend_basetype	0061ea04	inherited	backend_dataflow.slot_256	backend_basetype2__vslot_256	0.93
0x00b0b784	backend_basetype2	backend_dataflow@0x00b0e82c	0x00b0af54	257	0	0061ead6	FUN_0061ead6	0x00afc4e0	backend_basetype	0061ead6	inherited	backend_dataflow.slot_257	backend_basetype2__vslot_257	0.93
0x00b0b784	backend_basetype2	backend_dataflow@0x00b0e82c	0x00b0af54	258	0	0077f082	FUN_0077f082	0x00afc4e0	backend_basetype	0077f082	inherited	backend_dataflow.slot_258	backend_basetype2__vslot_258	0.93
0x00b0b784	backend_basetype2	backend_dataflow@0x00b0e82c	0x00b0af54	259	0	0073507c	FUN_0073507c	0x00afc4e0	backend_basetype	005babb6	override	backend_dataflow.slot_259	backend_basetype2__vslot_259	0.90
0x00b0b784	backend_basetype2	backend_dataflow@0x00b0e82c	0x00b0af54	260	0	00735085	FUN_00735085	0x00afc4e0	backend_basetype	005babbf	override	backend_dataflow.slot_260	backend_basetype2__vslot_260	0.90
0x00b0b784	backend_basetype2	backend_dataflow@0x00b0e82c	0x00b0af54	261	0	0073508e	FUN_0073508e	0x00afc4e0	backend_basetype	005babc8	override	backend_dataflow.slot_261	backend_basetype2__vslot_261	0.90
0x00b0b7b8	ws_interface	ws_interface@0x00b0b7b8	0x00b0b830	0	0	00a92860					root_or_new	ws_interface.slot_000	ws_interface__vslot_000	0.78
0x00b0b7b8	ws_interface	ws_interface@0x00b0b7b8	0x00b0b830	1	0	00a92860					root_or_new	ws_interface.slot_001	ws_interface__vslot_001	0.78
0x00b0b7b8	ws_interface	ws_interface@0x00b0b7b8	0x00b0b830	2	0	00a92860					root_or_new	ws_interface.slot_002	ws_interface__vslot_002	0.78
0x00b0b7b8	ws_interface	ws_interface@0x00b0b7b8	0x00b0b830	3	0	00a92860					root_or_new	ws_interface.slot_003	ws_interface__vslot_003	0.78
0x00b0b7b8	ws_interface	ws_interface@0x00b0b7b8	0x00b0b830	4	0	00a92860					root_or_new	ws_interface.slot_004	ws_interface__vslot_004	0.78
0x00b0b7b8	ws_interface	ws_interface@0x00b0b7b8	0x00b0b830	5	0	00a92860					root_or_new	ws_interface.slot_005	ws_interface__vslot_005	0.78
0x00b0b7b8	ws_interface	ws_interface@0x00b0b7b8	0x00b0b830	6	0	00a92860					root_or_new	ws_interface.slot_006	ws_interface__vslot_006	0.78
0x00b0b7b8	ws_interface	ws_interface@0x00b0b7b8	0x00b0b830	7	0	00a92860					root_or_new	ws_interface.slot_007	ws_interface__vslot_007	0.78
0x00b0b7b8	ws_interface	ws_interface@0x00b0b7b8	0x00b0b830	8	0	00a92860					root_or_new	ws_interface.slot_008	ws_interface__vslot_008	0.78
0x00b0b7b8	ws_interface	ws_interface@0x00b0b7b8	0x00b0b830	9	0	00a92860					root_or_new	ws_interface.slot_009	ws_interface__vslot_009	0.78
0x00b0b7b8	ws_interface	ws_interface@0x00b0b7b8	0x00b0b830	10	0	00a92860					root_or_new	ws_interface.slot_010	ws_interface__vslot_010	0.78
0x00b0b7b8	ws_interface	ws_interface@0x00b0b7b8	0x00b0b830	11	0	00a92860					root_or_new	ws_interface.slot_011	ws_interface__vslot_011	0.78
0x00b0b7b8	ws_interface	ws_interface@0x00b0b7b8	0x00b0b830	12	0	00a92860					root_or_new	ws_interface.slot_012	ws_interface__vslot_012	0.78
0x00b0c0e4	list_scheduler	list_scheduler@0x00b0c0e4	0x00b0bf48	0	0	00735ab0	FUN_00735ab0				root_or_new	list_scheduler.slot_000	list_scheduler__vslot_000	0.78
0x00b0c0e4	list_scheduler	list_scheduler@0x00b0c0e4	0x00b0bf48	1	0	00737c92	FUN_00737c92				root_or_new	list_scheduler.slot_001	list_scheduler__vslot_001	0.78
0x00b0c0e4	list_scheduler	list_scheduler@0x00b0c0e4	0x00b0bf48	2	0	00736fa6	FUN_00736fa6				root_or_new	list_scheduler.slot_002	list_scheduler__vslot_002	0.78
0x00b0c0e4	list_scheduler	list_scheduler@0x00b0c0e4	0x00b0bf48	3	0	00737736	FUN_00737736				root_or_new	list_scheduler.slot_003	list_scheduler__vslot_003	0.78
0x00b0c0e4	list_scheduler	list_scheduler@0x00b0c0e4	0x00b0bf48	4	0	00a92860					root_or_new	list_scheduler.slot_004	list_scheduler__vslot_004	0.78
0x00b0c0e4	list_scheduler	list_scheduler@0x00b0c0e4	0x00b0bf48	5	0	00737b5c	FUN_00737b5c				root_or_new	list_scheduler.slot_005	list_scheduler__vslot_005	0.78
0x00b0c0e4	list_scheduler	list_scheduler@0x00b0c0e4	0x00b0bf48	6	0	00a92860					root_or_new	list_scheduler.slot_006	list_scheduler__vslot_006	0.78
0x00b0c0e4	list_scheduler	list_scheduler@0x00b0c0e4	0x00b0bf48	7	0	00735ab9	FUN_00735ab9				root_or_new	list_scheduler.slot_007	list_scheduler__vslot_007	0.78
0x00b0c0e4	list_scheduler	list_scheduler@0x00b0c0e4	0x00b0bf48	8	0	00735abe	FUN_00735abe				root_or_new	list_scheduler.slot_008	list_scheduler__vslot_008	0.78
0x00b0c0e4	list_scheduler	list_scheduler@0x00b0c0e4	0x00b0bf48	9	0	007385f8	FUN_007385f8				root_or_new	list_scheduler.slot_009	list_scheduler__vslot_009	0.78
0x00b0c0e4	list_scheduler	list_scheduler@0x00b0c0e4	0x00b0bf48	10	0	00738528	FUN_00738528				root_or_new	list_scheduler.slot_010	list_scheduler__vslot_010	0.78
0x00b0c0f4	resource_model_scheduler	list_scheduler@0x00b0c0e4	0x00b0bfa8	0	0	00735ab0	FUN_00735ab0	0x00b0c0e4	list_scheduler	00735ab0	inherited	list_scheduler.slot_000	resource_model_scheduler__vslot_000	0.93
0x00b0c0f4	resource_model_scheduler	list_scheduler@0x00b0c0e4	0x00b0bfa8	1	0	0073950f	FUN_0073950f	0x00b0c0e4	list_scheduler	00737c92	override	list_scheduler.slot_001	resource_model_scheduler__vslot_001	0.90
0x00b0c0f4	resource_model_scheduler	list_scheduler@0x00b0c0e4	0x00b0bfa8	2	0	007387cf	FUN_007387cf	0x00b0c0e4	list_scheduler	00736fa6	override	list_scheduler.slot_002	resource_model_scheduler__vslot_002	0.90
0x00b0c0f4	resource_model_scheduler	list_scheduler@0x00b0c0e4	0x00b0bfa8	3	0	00738de5	FUN_00738de5	0x00b0c0e4	list_scheduler	00737736	override	list_scheduler.slot_003	resource_model_scheduler__vslot_003	0.90
0x00b0c0f4	resource_model_scheduler	list_scheduler@0x00b0c0e4	0x00b0bfa8	4	0	00738772	FUN_00738772	0x00b0c0e4	list_scheduler	00a92860	override	list_scheduler.slot_004	resource_model_scheduler__vslot_004	0.90
0x00b0c0f4	resource_model_scheduler	list_scheduler@0x00b0c0e4	0x00b0bfa8	5	0	00738d12	FUN_00738d12	0x00b0c0e4	list_scheduler	00737b5c	override	list_scheduler.slot_005	resource_model_scheduler__vslot_005	0.90
0x00b0c0f4	resource_model_scheduler	list_scheduler@0x00b0c0e4	0x00b0bfa8	6	0	00739097	FUN_00739097	0x00b0c0e4	list_scheduler	00a92860	override	list_scheduler.slot_006	resource_model_scheduler__vslot_006	0.90
0x00b0c0f4	resource_model_scheduler	list_scheduler@0x00b0c0e4	0x00b0bfa8	7	0	00739679	FUN_00739679	0x00b0c0e4	list_scheduler	00735ab9	override	list_scheduler.slot_007	resource_model_scheduler__vslot_007	0.90
0x00b0c0f4	resource_model_scheduler	list_scheduler@0x00b0c0e4	0x00b0bfa8	8	0	00739659	FUN_00739659	0x00b0c0e4	list_scheduler	00735abe	override	list_scheduler.slot_008	resource_model_scheduler__vslot_008	0.90
0x00b0c0f4	resource_model_scheduler	list_scheduler@0x00b0c0e4	0x00b0bfa8	9	0	00739ae2	FUN_00739ae2	0x00b0c0e4	list_scheduler	007385f8	override	list_scheduler.slot_009	resource_model_scheduler__vslot_009	0.90
0x00b0c0f4	resource_model_scheduler	list_scheduler@0x00b0c0e4	0x00b0bfa8	10	0	00739824	FUN_00739824	0x00b0c0e4	list_scheduler	00738528	override	list_scheduler.slot_010	resource_model_scheduler__vslot_010	0.90
0x00b0c0f4	resource_model_scheduler	list_scheduler@0x00b0c0e4	0x00b0bfa8	11	0	00a92860		0x00b0c0e4	list_scheduler		root_or_new	list_scheduler.slot_011	resource_model_scheduler__vslot_011	0.78
0x00b0c0f4	resource_model_scheduler	list_scheduler@0x00b0c0e4	0x00b0bfa8	12	0	007399dd	FUN_007399dd	0x00b0c0e4	list_scheduler		root_or_new	list_scheduler.slot_012	resource_model_scheduler__vslot_012	0.78
0x00b0c104	compat_list_scheduler	list_scheduler@0x00b0c0e4	0x00b0c08c	0	0	00735ab0	FUN_00735ab0	0x00b0c0e4	list_scheduler	00735ab0	inherited	list_scheduler.slot_000	compat_list_scheduler__vslot_000	0.93
0x00b0c104	compat_list_scheduler	list_scheduler@0x00b0c0e4	0x00b0c08c	1	0	0073a81f	FUN_0073a81f	0x00b0c0e4	list_scheduler	00737c92	override	list_scheduler.slot_001	compat_list_scheduler__vslot_001	0.90
0x00b0c104	compat_list_scheduler	list_scheduler@0x00b0c0e4	0x00b0c08c	2	0	00736fa6	FUN_00736fa6	0x00b0c0e4	list_scheduler	00736fa6	inherited	list_scheduler.slot_002	compat_list_scheduler__vslot_002	0.93
0x00b0c104	compat_list_scheduler	list_scheduler@0x00b0c0e4	0x00b0c08c	3	0	00737736	FUN_00737736	0x00b0c0e4	list_scheduler	00737736	inherited	list_scheduler.slot_003	compat_list_scheduler__vslot_003	0.93
0x00b0c104	compat_list_scheduler	list_scheduler@0x00b0c0e4	0x00b0c08c	4	0	0073a849	FUN_0073a849	0x00b0c0e4	list_scheduler	00a92860	override	list_scheduler.slot_004	compat_list_scheduler__vslot_004	0.90
0x00b0c104	compat_list_scheduler	list_scheduler@0x00b0c0e4	0x00b0c08c	5	0	00737b5c	FUN_00737b5c	0x00b0c0e4	list_scheduler	00737b5c	inherited	list_scheduler.slot_005	compat_list_scheduler__vslot_005	0.93
0x00b0c104	compat_list_scheduler	list_scheduler@0x00b0c0e4	0x00b0c08c	6	0	0073a7f7	FUN_0073a7f7	0x00b0c0e4	list_scheduler	00a92860	override	list_scheduler.slot_006	compat_list_scheduler__vslot_006	0.90
0x00b0c104	compat_list_scheduler	list_scheduler@0x00b0c0e4	0x00b0c08c	7	0	00735ab9	FUN_00735ab9	0x00b0c0e4	list_scheduler	00735ab9	inherited	list_scheduler.slot_007	compat_list_scheduler__vslot_007	0.93
0x00b0c104	compat_list_scheduler	list_scheduler@0x00b0c0e4	0x00b0c08c	8	0	00735abe	FUN_00735abe	0x00b0c0e4	list_scheduler	00735abe	inherited	list_scheduler.slot_008	compat_list_scheduler__vslot_008	0.93
0x00b0c104	compat_list_scheduler	list_scheduler@0x00b0c0e4	0x00b0c08c	9	0	007385f8	FUN_007385f8	0x00b0c0e4	list_scheduler	007385f8	inherited	list_scheduler.slot_009	compat_list_scheduler__vslot_009	0.93
0x00b0c104	compat_list_scheduler	list_scheduler@0x00b0c0e4	0x00b0c08c	10	0	00738528	FUN_00738528	0x00b0c0e4	list_scheduler	00738528	inherited	list_scheduler.slot_010	compat_list_scheduler__vslot_010	0.93
0x00b0c114	ls_window_scheduler	ws_interface@0x00b0b7b8	0x00b0c018	0	0	0073aa46	FUN_0073aa46	0x00b0b7b8	ws_interface	00a92860	override	ws_interface.slot_000	ls_window_scheduler__vslot_000	0.90
0x00b0c114	ls_window_scheduler	ws_interface@0x00b0b7b8	0x00b0c018	1	0	00735ac3	FUN_00735ac3	0x00b0b7b8	ws_interface	00a92860	override	ws_interface.slot_001	ls_window_scheduler__vslot_001	0.90
0x00b0c114	ls_window_scheduler	ws_interface@0x00b0b7b8	0x00b0c018	2	0	00735ac8	FUN_00735ac8	0x00b0b7b8	ws_interface	00a92860	override	ws_interface.slot_002	ls_window_scheduler__vslot_002	0.90
0x00b0c114	ls_window_scheduler	ws_interface@0x00b0b7b8	0x00b0c018	3	0	0073aa91	FUN_0073aa91	0x00b0b7b8	ws_interface	00a92860	override	ws_interface.slot_003	ls_window_scheduler__vslot_003	0.90
0x00b0c114	ls_window_scheduler	ws_interface@0x00b0b7b8	0x00b0c018	4	0	0073abbc	FUN_0073abbc	0x00b0b7b8	ws_interface	00a92860	override	ws_interface.slot_004	ls_window_scheduler__vslot_004	0.90
0x00b0c114	ls_window_scheduler	ws_interface@0x00b0b7b8	0x00b0c018	5	0	0073abfc	FUN_0073abfc	0x00b0b7b8	ws_interface	00a92860	override	ws_interface.slot_005	ls_window_scheduler__vslot_005	0.90
0x00b0c114	ls_window_scheduler	ws_interface@0x00b0b7b8	0x00b0c018	6	0	0073acce	FUN_0073acce	0x00b0b7b8	ws_interface	00a92860	override	ws_interface.slot_006	ls_window_scheduler__vslot_006	0.90
0x00b0c114	ls_window_scheduler	ws_interface@0x00b0b7b8	0x00b0c018	7	0	0073ad76	FUN_0073ad76	0x00b0b7b8	ws_interface	00a92860	override	ws_interface.slot_007	ls_window_scheduler__vslot_007	0.90
0x00b0c114	ls_window_scheduler	ws_interface@0x00b0b7b8	0x00b0c018	8	0	0073add4	FUN_0073add4	0x00b0b7b8	ws_interface	00a92860	override	ws_interface.slot_008	ls_window_scheduler__vslot_008	0.90
0x00b0c114	ls_window_scheduler	ws_interface@0x00b0b7b8	0x00b0c018	9	0	00735acd	FUN_00735acd	0x00b0b7b8	ws_interface	00a92860	override	ws_interface.slot_009	ls_window_scheduler__vslot_009	0.90
0x00b0c114	ls_window_scheduler	ws_interface@0x00b0b7b8	0x00b0c018	10	0	00735ae0	FUN_00735ae0	0x00b0b7b8	ws_interface	00a92860	override	ws_interface.slot_010	ls_window_scheduler__vslot_010	0.90
0x00b0c114	ls_window_scheduler	ws_interface@0x00b0b7b8	0x00b0c018	11	0	00735af3	FUN_00735af3	0x00b0b7b8	ws_interface	00a92860	override	ws_interface.slot_011	ls_window_scheduler__vslot_011	0.90
0x00b0c114	ls_window_scheduler	ws_interface@0x00b0b7b8	0x00b0c018	12	0	00735b00	FUN_00735b00	0x00b0b7b8	ws_interface	00a92860	override	ws_interface.slot_012	ls_window_scheduler__vslot_012	0.90
0x00b0c328	empty	operand_parser@0x00b0c7cc	0x00b0c364	0	0	0073b5d2	FUN_0073b5d2	0x00b0c7cc	operand_parser	0073b5d2	inherited	operand_parser.slot_000	empty__vslot_000	0.93
0x00b0c328	empty	operand_parser@0x00b0c7cc	0x00b0c364	1	0	0073b5db	FUN_0073b5db	0x00b0c7cc	operand_parser	0073b5db	inherited	operand_parser.slot_001	empty__vslot_001	0.93
0x00b0c328	empty	operand_parser@0x00b0c7cc	0x00b0c364	2	0	0073b5e0	FUN_0073b5e0	0x00b0c7cc	operand_parser	0073b5e0	inherited	operand_parser.slot_002	empty__vslot_002	0.93
0x00b0c328	empty	operand_parser@0x00b0c7cc	0x00b0c364	3	0	0073b629	FUN_0073b629	0x00b0c7cc	operand_parser	0073b629	inherited	operand_parser.slot_003	empty__vslot_003	0.93
0x00b0c328	empty	operand_parser@0x00b0c7cc	0x00b0c364	4	0	0073b65e	FUN_0073b65e	0x00b0c7cc	operand_parser	0073b65e	inherited	operand_parser.slot_004	empty__vslot_004	0.93
0x00b0c328	empty	operand_parser@0x00b0c7cc	0x00b0c364	5	0	0073b663	FUN_0073b663	0x00b0c7cc	operand_parser	0073b663	inherited	operand_parser.slot_005	empty__vslot_005	0.93
0x00b0c328	empty	operand_parser@0x00b0c7cc	0x00b0c364	6	0	00742622	FUN_00742622	0x00b0c7cc	operand_parser	00742622	inherited	operand_parser.slot_006	empty__vslot_006	0.93
0x00b0c328	empty	operand_parser@0x00b0c7cc	0x00b0c364	7	0	0073b684	FUN_0073b684	0x00b0c7cc	operand_parser	0073b684	inherited	operand_parser.slot_007	empty__vslot_007	0.93
0x00b0c328	empty	operand_parser@0x00b0c7cc	0x00b0c364	8	0	0073b68e	FUN_0073b68e	0x00b0c7cc	operand_parser	0073b68e	inherited	operand_parser.slot_008	empty__vslot_008	0.93
0x00b0c328	empty	operand_parser@0x00b0c7cc	0x00b0c364	9	0	0074281b	FUN_0074281b	0x00b0c7cc	operand_parser	0074281b	inherited	operand_parser.slot_009	empty__vslot_009	0.93
0x00b0c328	empty	operand_parser@0x00b0c7cc	0x00b0c364	10	0	0073b697	FUN_0073b697	0x00b0c7cc	operand_parser	0073b697	inherited	operand_parser.slot_010	empty__vslot_010	0.93
0x00b0c328	empty	operand_parser@0x00b0c7cc	0x00b0c364	11	0	0073b6b8	FUN_0073b6b8	0x00b0c7cc	operand_parser	0073b6b8	inherited	operand_parser.slot_011	empty__vslot_011	0.93
0x00b0c328	empty	operand_parser@0x00b0c7cc	0x00b0c364	12	0	0073b6ce	FUN_0073b6ce	0x00b0c7cc	operand_parser	0073b6ce	inherited	operand_parser.slot_012	empty__vslot_012	0.93
0x00b0c328	empty	operand_parser@0x00b0c7cc	0x00b0c364	13	0	0079b5b0	FUN_0079b5b0	0x00b0c7cc	operand_parser	0079b5b0	inherited	operand_parser.slot_013	empty__vslot_013	0.93
0x00b0c328	empty	operand_parser@0x00b0c7cc	0x00b0c364	14	0	0073b6e2	FUN_0073b6e2	0x00b0c7cc	operand_parser	0073b6e2	inherited	operand_parser.slot_014	empty__vslot_014	0.93
0x00b0c328	empty	operand_parser@0x00b0c7cc	0x00b0c364	15	0	0073b6fc	FUN_0073b6fc	0x00b0c7cc	operand_parser	0073b6fc	inherited	operand_parser.slot_015	empty__vslot_015	0.93
0x00b0c328	empty	operand_parser@0x00b0c7cc	0x00b0c364	16	0	0073b710	FUN_0073b710	0x00b0c7cc	operand_parser	0073b710	inherited	operand_parser.slot_016	empty__vslot_016	0.93
0x00b0c328	empty	operand_parser@0x00b0c7cc	0x00b0c364	17	0	0073b731	FUN_0073b731	0x00b0c7cc	operand_parser	0073b731	inherited	operand_parser.slot_017	empty__vslot_017	0.93
0x00b0c328	empty	operand_parser@0x00b0c7cc	0x00b0c364	18	0	0073b751	FUN_0073b751	0x00b0c7cc	operand_parser	0073b751	inherited	operand_parser.slot_018	empty__vslot_018	0.93
0x00b0c328	empty	operand_parser@0x00b0c7cc	0x00b0c364	19	0	0073b7ac	FUN_0073b7ac	0x00b0c7cc	operand_parser	0073b7ac	inherited	operand_parser.slot_019	empty__vslot_019	0.93
0x00b0c328	empty	operand_parser@0x00b0c7cc	0x00b0c364	20	0	0073b7fb	FUN_0073b7fb	0x00b0c7cc	operand_parser	0073b7fb	inherited	operand_parser.slot_020	empty__vslot_020	0.93
0x00b0c328	empty	operand_parser@0x00b0c7cc	0x00b0c364	21	0	0073b853	FUN_0073b853	0x00b0c7cc	operand_parser	0073b853	inherited	operand_parser.slot_021	empty__vslot_021	0.93
0x00b0c328	empty	operand_parser@0x00b0c7cc	0x00b0c364	22	0	0073b874	FUN_0073b874	0x00b0c7cc	operand_parser	0073b874	inherited	operand_parser.slot_022	empty__vslot_022	0.93
0x00b0c7cc	operand_parser	operand_parser@0x00b0c7cc	0x00b0c654	0	0	0073b5d2	FUN_0073b5d2				root_or_new	operand_parser.slot_000	operand_parser__vslot_000	0.78
0x00b0c7cc	operand_parser	operand_parser@0x00b0c7cc	0x00b0c654	1	0	0073b5db	FUN_0073b5db				root_or_new	operand_parser.slot_001	operand_parser__vslot_001	0.78
0x00b0c7cc	operand_parser	operand_parser@0x00b0c7cc	0x00b0c654	2	0	0073b5e0	FUN_0073b5e0				root_or_new	operand_parser.slot_002	operand_parser__vslot_002	0.78
0x00b0c7cc	operand_parser	operand_parser@0x00b0c7cc	0x00b0c654	3	0	0073b629	FUN_0073b629				root_or_new	operand_parser.slot_003	operand_parser__vslot_003	0.78
0x00b0c7cc	operand_parser	operand_parser@0x00b0c7cc	0x00b0c654	4	0	0073b65e	FUN_0073b65e				root_or_new	operand_parser.slot_004	operand_parser__vslot_004	0.78
0x00b0c7cc	operand_parser	operand_parser@0x00b0c7cc	0x00b0c654	5	0	0073b663	FUN_0073b663				root_or_new	operand_parser.slot_005	operand_parser__vslot_005	0.78
0x00b0c7cc	operand_parser	operand_parser@0x00b0c7cc	0x00b0c654	6	0	00742622	FUN_00742622				root_or_new	operand_parser.slot_006	operand_parser__vslot_006	0.78
0x00b0c7cc	operand_parser	operand_parser@0x00b0c7cc	0x00b0c654	7	0	0073b684	FUN_0073b684				root_or_new	operand_parser.slot_007	operand_parser__vslot_007	0.78
0x00b0c7cc	operand_parser	operand_parser@0x00b0c7cc	0x00b0c654	8	0	0073b68e	FUN_0073b68e				root_or_new	operand_parser.slot_008	operand_parser__vslot_008	0.78
0x00b0c7cc	operand_parser	operand_parser@0x00b0c7cc	0x00b0c654	9	0	0074281b	FUN_0074281b				root_or_new	operand_parser.slot_009	operand_parser__vslot_009	0.78
0x00b0c7cc	operand_parser	operand_parser@0x00b0c7cc	0x00b0c654	10	0	0073b697	FUN_0073b697				root_or_new	operand_parser.slot_010	operand_parser__vslot_010	0.78
0x00b0c7cc	operand_parser	operand_parser@0x00b0c7cc	0x00b0c654	11	0	0073b6b8	FUN_0073b6b8				root_or_new	operand_parser.slot_011	operand_parser__vslot_011	0.78
0x00b0c7cc	operand_parser	operand_parser@0x00b0c7cc	0x00b0c654	12	0	0073b6ce	FUN_0073b6ce				root_or_new	operand_parser.slot_012	operand_parser__vslot_012	0.78
0x00b0c7cc	operand_parser	operand_parser@0x00b0c7cc	0x00b0c654	13	0	0079b5b0	FUN_0079b5b0				root_or_new	operand_parser.slot_013	operand_parser__vslot_013	0.78
0x00b0c7cc	operand_parser	operand_parser@0x00b0c7cc	0x00b0c654	14	0	0073b6e2	FUN_0073b6e2				root_or_new	operand_parser.slot_014	operand_parser__vslot_014	0.78
0x00b0c7cc	operand_parser	operand_parser@0x00b0c7cc	0x00b0c654	15	0	0073b6fc	FUN_0073b6fc				root_or_new	operand_parser.slot_015	operand_parser__vslot_015	0.78
0x00b0c7cc	operand_parser	operand_parser@0x00b0c7cc	0x00b0c654	16	0	0073b710	FUN_0073b710				root_or_new	operand_parser.slot_016	operand_parser__vslot_016	0.78
0x00b0c7cc	operand_parser	operand_parser@0x00b0c7cc	0x00b0c654	17	0	0073b731	FUN_0073b731				root_or_new	operand_parser.slot_017	operand_parser__vslot_017	0.78
0x00b0c7cc	operand_parser	operand_parser@0x00b0c7cc	0x00b0c654	18	0	0073b751	FUN_0073b751				root_or_new	operand_parser.slot_018	operand_parser__vslot_018	0.78
0x00b0c7cc	operand_parser	operand_parser@0x00b0c7cc	0x00b0c654	19	0	0073b7ac	FUN_0073b7ac				root_or_new	operand_parser.slot_019	operand_parser__vslot_019	0.78
0x00b0c7cc	operand_parser	operand_parser@0x00b0c7cc	0x00b0c654	20	0	0073b7fb	FUN_0073b7fb				root_or_new	operand_parser.slot_020	operand_parser__vslot_020	0.78
0x00b0c7cc	operand_parser	operand_parser@0x00b0c7cc	0x00b0c654	21	0	0073b853	FUN_0073b853				root_or_new	operand_parser.slot_021	operand_parser__vslot_021	0.78
0x00b0c7cc	operand_parser	operand_parser@0x00b0c7cc	0x00b0c654	22	0	0073b874	FUN_0073b874				root_or_new	operand_parser.slot_022	operand_parser__vslot_022	0.78
0x00b0c7dc	immediate_implicit	operand_parser@0x00b0c7cc	0x00b0c714	0	0	0073b890	FUN_0073b890	0x00b10d70	immediate	0078c28b	override	operand_parser.slot_000	immediate_implicit__vslot_000	0.90
0x00b0c7dc	immediate_implicit	operand_parser@0x00b0c7cc	0x00b0c714	1	0	0073b899	FUN_0073b899	0x00b10d70	immediate	0078cd07	override	operand_parser.slot_001	immediate_implicit__vslot_001	0.90
0x00b0c7dc	immediate_implicit	operand_parser@0x00b0c7cc	0x00b0c714	2	0	0078d31f	FUN_0078d31f	0x00b10d70	immediate	0078d31f	inherited	operand_parser.slot_002	immediate_implicit__vslot_002	0.93
0x00b0c7dc	immediate_implicit	operand_parser@0x00b0c7cc	0x00b0c714	3	0	0078d4c7	FUN_0078d4c7	0x00b10d70	immediate	0078d4c7	inherited	operand_parser.slot_003	immediate_implicit__vslot_003	0.93
0x00b0c7dc	immediate_implicit	operand_parser@0x00b0c7cc	0x00b0c714	4	0	0073b65e	FUN_0073b65e	0x00b10d70	immediate	0078a63f	override	operand_parser.slot_004	immediate_implicit__vslot_004	0.90
0x00b0c7dc	immediate_implicit	operand_parser@0x00b0c7cc	0x00b0c714	5	0	00743944	FUN_00743944	0x00b10d70	immediate	007432aa	override	operand_parser.slot_005	immediate_implicit__vslot_005	0.90
0x00b0c7dc	immediate_implicit	operand_parser@0x00b0c7cc	0x00b0c714	6	0	00742622	FUN_00742622	0x00b10d70	immediate	00742622	inherited	operand_parser.slot_006	immediate_implicit__vslot_006	0.93
0x00b0c7dc	immediate_implicit	operand_parser@0x00b0c7cc	0x00b0c714	7	0	0074396e	FUN_0074396e	0x00b10d70	immediate	0078a665	override	operand_parser.slot_007	immediate_implicit__vslot_007	0.90
0x00b0c7dc	immediate_implicit	operand_parser@0x00b0c7cc	0x00b0c714	8	0	00743723	FUN_00743723	0x00b10d70	immediate	00743723	inherited	operand_parser.slot_008	immediate_implicit__vslot_008	0.93
0x00b0c7dc	immediate_implicit	operand_parser@0x00b0c7cc	0x00b0c714	9	0	00743a1f	FUN_00743a1f	0x00b10d70	immediate	007438b4	override	operand_parser.slot_009	immediate_implicit__vslot_009	0.90
0x00b0c7dc	immediate_implicit	operand_parser@0x00b0c7cc	0x00b0c714	10	0	0073b697	FUN_0073b697	0x00b10d70	immediate	0078a678	override	operand_parser.slot_010	immediate_implicit__vslot_010	0.90
0x00b0c7dc	immediate_implicit	operand_parser@0x00b0c7cc	0x00b0c714	11	0	0079b922	FUN_0079b922	0x00b10d70	immediate	0079b922	inherited	operand_parser.slot_011	immediate_implicit__vslot_011	0.93
0x00b0c7dc	immediate_implicit	operand_parser@0x00b0c7cc	0x00b0c714	12	0	0079bd33	FUN_0079bd33	0x00b10d70	immediate	0079bc62	override	operand_parser.slot_012	immediate_implicit__vslot_012	0.90
0x00b0c7dc	immediate_implicit	operand_parser@0x00b0c7cc	0x00b0c714	13	0	0079b5b0	FUN_0079b5b0	0x00b10d70	immediate	0079b5b0	inherited	operand_parser.slot_013	immediate_implicit__vslot_013	0.93
0x00b0c7dc	immediate_implicit	operand_parser@0x00b0c7cc	0x00b0c714	14	0	007a1480	FUN_007a1480	0x00b10d70	immediate	007a1480	inherited	operand_parser.slot_014	immediate_implicit__vslot_014	0.93
0x00b0c7dc	immediate_implicit	operand_parser@0x00b0c7cc	0x00b0c714	15	0	007a14a0	FUN_007a14a0	0x00b10d70	immediate	007a14a0	inherited	operand_parser.slot_015	immediate_implicit__vslot_015	0.93
0x00b0c7dc	immediate_implicit	operand_parser@0x00b0c7cc	0x00b0c714	16	0	007a14c0	FUN_007a14c0	0x00b10d70	immediate	007a14c0	inherited	operand_parser.slot_016	immediate_implicit__vslot_016	0.93
0x00b0c7dc	immediate_implicit	operand_parser@0x00b0c7cc	0x00b0c714	17	0	007a14e1	FUN_007a14e1	0x00b10d70	immediate	007a14e1	inherited	operand_parser.slot_017	immediate_implicit__vslot_017	0.93
0x00b0c7dc	immediate_implicit	operand_parser@0x00b0c7cc	0x00b0c714	18	0	0078da29	FUN_0078da29	0x00b10d70	immediate	0078da29	inherited	operand_parser.slot_018	immediate_implicit__vslot_018	0.93
0x00b0c7dc	immediate_implicit	operand_parser@0x00b0c7cc	0x00b0c714	19	0	0078da77	FUN_0078da77	0x00b10d70	immediate	0078da77	inherited	operand_parser.slot_019	immediate_implicit__vslot_019	0.93
0x00b0c7dc	immediate_implicit	operand_parser@0x00b0c7cc	0x00b0c714	20	0	0073b7fb	FUN_0073b7fb	0x00b10d70	immediate	0078a7dc	override	operand_parser.slot_020	immediate_implicit__vslot_020	0.90
0x00b0c7dc	immediate_implicit	operand_parser@0x00b0c7cc	0x00b0c714	21	0	0078da83	FUN_0078da83	0x00b10d70	immediate	0078da83	inherited	operand_parser.slot_021	immediate_implicit__vslot_021	0.93
0x00b0c7dc	immediate_implicit	operand_parser@0x00b0c7cc	0x00b0c714	22	0	0078da8f	FUN_0078da8f	0x00b10d70	immediate	0078da8f	inherited	operand_parser.slot_022	immediate_implicit__vslot_022	0.93
0x00b0c89c	Val	Exp@0x00b0d2d4	0x00b0c934	0	0	00747c41	FUN_00747c41	0x00b0d2d4	Exp	00a92860	override	Exp.slot_000	Val__vslot_000	0.90
0x00b0c89c	Val	Exp@0x00b0d2d4	0x00b0c934	1	0	00748931	FUN_00748931	0x00b0d2d4	Exp	00748931	inherited	Exp.slot_001	Val__vslot_001	0.93
0x00b0c89c	Val	Exp@0x00b0d2d4	0x00b0c934	2	0	00746f50	FUN_00746f50	0x00b0d2d4	Exp	00746f50	inherited	Exp.slot_002	Val__vslot_002	0.93
0x00b0c89c	Val	Exp@0x00b0d2d4	0x00b0c934	3	0	00746f73	FUN_00746f73	0x00b0d2d4	Exp	00746f73	inherited	Exp.slot_003	Val__vslot_003	0.93
0x00b0c89c	Val	Exp@0x00b0d2d4	0x00b0c934	4	0	00746f96	FUN_00746f96	0x00b0d2d4	Exp	00746f96	inherited	Exp.slot_004	Val__vslot_004	0.93
0x00b0c89c	Val	Exp@0x00b0d2d4	0x00b0c934	5	0	00746fb9	FUN_00746fb9	0x00b0d2d4	Exp	00746fb9	inherited	Exp.slot_005	Val__vslot_005	0.93
0x00b0c89c	Val	Exp@0x00b0d2d4	0x00b0c934	6	0	00746fdc	FUN_00746fdc	0x00b0d2d4	Exp	00746fdc	inherited	Exp.slot_006	Val__vslot_006	0.93
0x00b0c89c	Val	Exp@0x00b0d2d4	0x00b0c934	7	0	00746fff	FUN_00746fff	0x00b0d2d4	Exp	00746fff	inherited	Exp.slot_007	Val__vslot_007	0.93
0x00b0c89c	Val	Exp@0x00b0d2d4	0x00b0c934	8	0	00747014	FUN_00747014	0x00b0d2d4	Exp	00747014	inherited	Exp.slot_008	Val__vslot_008	0.93
0x00b0c89c	Val	Exp@0x00b0d2d4	0x00b0c934	9	0	00747029	FUN_00747029	0x00b0d2d4	Exp	00747029	inherited	Exp.slot_009	Val__vslot_009	0.93
0x00b0c89c	Val	Exp@0x00b0d2d4	0x00b0c934	10	0	0074703e	FUN_0074703e	0x00b0d2d4	Exp	0074703e	inherited	Exp.slot_010	Val__vslot_010	0.93
0x00b0c89c	Val	Exp@0x00b0d2d4	0x00b0c934	11	0	00747053	FUN_00747053	0x00b0d2d4	Exp	00747053	inherited	Exp.slot_011	Val__vslot_011	0.93
0x00b0c89c	Val	Exp@0x00b0d2d4	0x00b0c934	12	0	00747065	FUN_00747065	0x00b0d2d4	Exp	00747065	inherited	Exp.slot_012	Val__vslot_012	0.93
0x00b0c89c	Val	Exp@0x00b0d2d4	0x00b0c934	13	0	00747077	FUN_00747077	0x00b0d2d4	Exp	00747077	inherited	Exp.slot_013	Val__vslot_013	0.93
0x00b0c89c	Val	Exp@0x00b0d2d4	0x00b0c934	14	0	00747c38	FUN_00747c38	0x00b0d2d4	Exp	00747246	override	Exp.slot_014	Val__vslot_014	0.90
0x00b0c89c	Val	Exp@0x00b0d2d4	0x00b0c934	15	0	0074724f	FUN_0074724f	0x00b0d2d4	Exp	0074724f	inherited	Exp.slot_015	Val__vslot_015	0.93
0x00b0c89c	Val	Exp@0x00b0d2d4	0x00b0c934	16	0	00747258	FUN_00747258	0x00b0d2d4	Exp	00747258	inherited	Exp.slot_016	Val__vslot_016	0.93
0x00b0c89c	Val	Exp@0x00b0d2d4	0x00b0c934	17	0	00747261	FUN_00747261	0x00b0d2d4	Exp	00747261	inherited	Exp.slot_017	Val__vslot_017	0.93
0x00b0c89c	Val	Exp@0x00b0d2d4	0x00b0c934	18	0	0074726a	FUN_0074726a	0x00b0d2d4	Exp	0074726a	inherited	Exp.slot_018	Val__vslot_018	0.93
0x00b0c89c	Val	Exp@0x00b0d2d4	0x00b0c934	19	0	00747273	FUN_00747273	0x00b0d2d4	Exp	00747273	inherited	Exp.slot_019	Val__vslot_019	0.93
0x00b0c89c	Val	Exp@0x00b0d2d4	0x00b0c934	20	0	0074727c	FUN_0074727c	0x00b0d2d4	Exp	0074727c	inherited	Exp.slot_020	Val__vslot_020	0.93
0x00b0c89c	Val	Exp@0x00b0d2d4	0x00b0c934	21	0	00747285	FUN_00747285	0x00b0d2d4	Exp	00747285	inherited	Exp.slot_021	Val__vslot_021	0.93
0x00b0c89c	Val	Exp@0x00b0d2d4	0x00b0c934	22	0	0074728e	FUN_0074728e	0x00b0d2d4	Exp	0074728e	inherited	Exp.slot_022	Val__vslot_022	0.93
0x00b0c89c	Val	Exp@0x00b0d2d4	0x00b0c934	23	0	00747297	FUN_00747297	0x00b0d2d4	Exp	00747297	inherited	Exp.slot_023	Val__vslot_023	0.93
0x00b0c89c	Val	Exp@0x00b0d2d4	0x00b0c934	24	0	00a92860		0x00b0d2d4	Exp		root_or_new	Exp.slot_024	Val__vslot_024	0.78
0x00b0c8ac	Num	Exp@0x00b0d2d4	0x00b0ca04	0	0	00747c41	FUN_00747c41	0x00b0c89c	Val	00747c41	inherited	Exp.slot_000	Num__vslot_000	0.93
0x00b0c8ac	Num	Exp@0x00b0d2d4	0x00b0ca04	1	0	00748931	FUN_00748931	0x00b0c89c	Val	00748931	inherited	Exp.slot_001	Num__vslot_001	0.93
0x00b0c8ac	Num	Exp@0x00b0d2d4	0x00b0ca04	2	0	00746f50	FUN_00746f50	0x00b0c89c	Val	00746f50	inherited	Exp.slot_002	Num__vslot_002	0.93
0x00b0c8ac	Num	Exp@0x00b0d2d4	0x00b0ca04	3	0	00746f73	FUN_00746f73	0x00b0c89c	Val	00746f73	inherited	Exp.slot_003	Num__vslot_003	0.93
0x00b0c8ac	Num	Exp@0x00b0d2d4	0x00b0ca04	4	0	00746f96	FUN_00746f96	0x00b0c89c	Val	00746f96	inherited	Exp.slot_004	Num__vslot_004	0.93
0x00b0c8ac	Num	Exp@0x00b0d2d4	0x00b0ca04	5	0	00746fb9	FUN_00746fb9	0x00b0c89c	Val	00746fb9	inherited	Exp.slot_005	Num__vslot_005	0.93
0x00b0c8ac	Num	Exp@0x00b0d2d4	0x00b0ca04	6	0	00746fdc	FUN_00746fdc	0x00b0c89c	Val	00746fdc	inherited	Exp.slot_006	Num__vslot_006	0.93
0x00b0c8ac	Num	Exp@0x00b0d2d4	0x00b0ca04	7	0	00746fff	FUN_00746fff	0x00b0c89c	Val	00746fff	inherited	Exp.slot_007	Num__vslot_007	0.93
0x00b0c8ac	Num	Exp@0x00b0d2d4	0x00b0ca04	8	0	00747014	FUN_00747014	0x00b0c89c	Val	00747014	inherited	Exp.slot_008	Num__vslot_008	0.93
0x00b0c8ac	Num	Exp@0x00b0d2d4	0x00b0ca04	9	0	00747029	FUN_00747029	0x00b0c89c	Val	00747029	inherited	Exp.slot_009	Num__vslot_009	0.93
0x00b0c8ac	Num	Exp@0x00b0d2d4	0x00b0ca04	10	0	0074703e	FUN_0074703e	0x00b0c89c	Val	0074703e	inherited	Exp.slot_010	Num__vslot_010	0.93
0x00b0c8ac	Num	Exp@0x00b0d2d4	0x00b0ca04	11	0	00747053	FUN_00747053	0x00b0c89c	Val	00747053	inherited	Exp.slot_011	Num__vslot_011	0.93
0x00b0c8ac	Num	Exp@0x00b0d2d4	0x00b0ca04	12	0	00747065	FUN_00747065	0x00b0c89c	Val	00747065	inherited	Exp.slot_012	Num__vslot_012	0.93
0x00b0c8ac	Num	Exp@0x00b0d2d4	0x00b0ca04	13	0	00747077	FUN_00747077	0x00b0c89c	Val	00747077	inherited	Exp.slot_013	Num__vslot_013	0.93
0x00b0c8ac	Num	Exp@0x00b0d2d4	0x00b0ca04	14	0	00747c38	FUN_00747c38	0x00b0c89c	Val	00747c38	inherited	Exp.slot_014	Num__vslot_014	0.93
0x00b0c8ac	Num	Exp@0x00b0d2d4	0x00b0ca04	15	0	0074724f	FUN_0074724f	0x00b0c89c	Val	0074724f	inherited	Exp.slot_015	Num__vslot_015	0.93
0x00b0c8ac	Num	Exp@0x00b0d2d4	0x00b0ca04	16	0	00747cd2	FUN_00747cd2	0x00b0c89c	Val	00747258	override	Exp.slot_016	Num__vslot_016	0.90
0x00b0c8ac	Num	Exp@0x00b0d2d4	0x00b0ca04	17	0	00747261	FUN_00747261	0x00b0c89c	Val	00747261	inherited	Exp.slot_017	Num__vslot_017	0.93
0x00b0c8ac	Num	Exp@0x00b0d2d4	0x00b0ca04	18	0	0074726a	FUN_0074726a	0x00b0c89c	Val	0074726a	inherited	Exp.slot_018	Num__vslot_018	0.93
0x00b0c8ac	Num	Exp@0x00b0d2d4	0x00b0ca04	19	0	00747273	FUN_00747273	0x00b0c89c	Val	00747273	inherited	Exp.slot_019	Num__vslot_019	0.93
0x00b0c8ac	Num	Exp@0x00b0d2d4	0x00b0ca04	20	0	0074727c	FUN_0074727c	0x00b0c89c	Val	0074727c	inherited	Exp.slot_020	Num__vslot_020	0.93
0x00b0c8ac	Num	Exp@0x00b0d2d4	0x00b0ca04	21	0	00747285	FUN_00747285	0x00b0c89c	Val	00747285	inherited	Exp.slot_021	Num__vslot_021	0.93
0x00b0c8ac	Num	Exp@0x00b0d2d4	0x00b0ca04	22	0	0074728e	FUN_0074728e	0x00b0c89c	Val	0074728e	inherited	Exp.slot_022	Num__vslot_022	0.93
0x00b0c8ac	Num	Exp@0x00b0d2d4	0x00b0ca04	23	0	00747297	FUN_00747297	0x00b0c89c	Val	00747297	inherited	Exp.slot_023	Num__vslot_023	0.93
0x00b0c8ac	Num	Exp@0x00b0d2d4	0x00b0ca04	24	0	00747cdb	FUN_00747cdb	0x00b0c89c	Val	00a92860	override	Exp.slot_024	Num__vslot_024	0.90
0x00b0c8bc	Unk	Exp@0x00b0d2d4	0x00b0cad4	0	0	00747c41	FUN_00747c41	0x00b0c89c	Val	00747c41	inherited	Exp.slot_000	Unk__vslot_000	0.93
0x00b0c8bc	Unk	Exp@0x00b0d2d4	0x00b0cad4	1	0	00748931	FUN_00748931	0x00b0c89c	Val	00748931	inherited	Exp.slot_001	Unk__vslot_001	0.93
0x00b0c8bc	Unk	Exp@0x00b0d2d4	0x00b0cad4	2	0	00746f50	FUN_00746f50	0x00b0c89c	Val	00746f50	inherited	Exp.slot_002	Unk__vslot_002	0.93
0x00b0c8bc	Unk	Exp@0x00b0d2d4	0x00b0cad4	3	0	00746f73	FUN_00746f73	0x00b0c89c	Val	00746f73	inherited	Exp.slot_003	Unk__vslot_003	0.93
0x00b0c8bc	Unk	Exp@0x00b0d2d4	0x00b0cad4	4	0	00746f96	FUN_00746f96	0x00b0c89c	Val	00746f96	inherited	Exp.slot_004	Unk__vslot_004	0.93
0x00b0c8bc	Unk	Exp@0x00b0d2d4	0x00b0cad4	5	0	00746fb9	FUN_00746fb9	0x00b0c89c	Val	00746fb9	inherited	Exp.slot_005	Unk__vslot_005	0.93
0x00b0c8bc	Unk	Exp@0x00b0d2d4	0x00b0cad4	6	0	00746fdc	FUN_00746fdc	0x00b0c89c	Val	00746fdc	inherited	Exp.slot_006	Unk__vslot_006	0.93
0x00b0c8bc	Unk	Exp@0x00b0d2d4	0x00b0cad4	7	0	00746fff	FUN_00746fff	0x00b0c89c	Val	00746fff	inherited	Exp.slot_007	Unk__vslot_007	0.93
0x00b0c8bc	Unk	Exp@0x00b0d2d4	0x00b0cad4	8	0	00747014	FUN_00747014	0x00b0c89c	Val	00747014	inherited	Exp.slot_008	Unk__vslot_008	0.93
0x00b0c8bc	Unk	Exp@0x00b0d2d4	0x00b0cad4	9	0	00747029	FUN_00747029	0x00b0c89c	Val	00747029	inherited	Exp.slot_009	Unk__vslot_009	0.93
0x00b0c8bc	Unk	Exp@0x00b0d2d4	0x00b0cad4	10	0	0074703e	FUN_0074703e	0x00b0c89c	Val	0074703e	inherited	Exp.slot_010	Unk__vslot_010	0.93
0x00b0c8bc	Unk	Exp@0x00b0d2d4	0x00b0cad4	11	0	00747053	FUN_00747053	0x00b0c89c	Val	00747053	inherited	Exp.slot_011	Unk__vslot_011	0.93
0x00b0c8bc	Unk	Exp@0x00b0d2d4	0x00b0cad4	12	0	00747065	FUN_00747065	0x00b0c89c	Val	00747065	inherited	Exp.slot_012	Unk__vslot_012	0.93
0x00b0c8bc	Unk	Exp@0x00b0d2d4	0x00b0cad4	13	0	00747077	FUN_00747077	0x00b0c89c	Val	00747077	inherited	Exp.slot_013	Unk__vslot_013	0.93
0x00b0c8bc	Unk	Exp@0x00b0d2d4	0x00b0cad4	14	0	00747c38	FUN_00747c38	0x00b0c89c	Val	00747c38	inherited	Exp.slot_014	Unk__vslot_014	0.93
0x00b0c8bc	Unk	Exp@0x00b0d2d4	0x00b0cad4	15	0	0074724f	FUN_0074724f	0x00b0c89c	Val	0074724f	inherited	Exp.slot_015	Unk__vslot_015	0.93
0x00b0c8bc	Unk	Exp@0x00b0d2d4	0x00b0cad4	16	0	00747258	FUN_00747258	0x00b0c89c	Val	00747258	inherited	Exp.slot_016	Unk__vslot_016	0.93
0x00b0c8bc	Unk	Exp@0x00b0d2d4	0x00b0cad4	17	0	00747d4a	FUN_00747d4a	0x00b0c89c	Val	00747261	override	Exp.slot_017	Unk__vslot_017	0.90
0x00b0c8bc	Unk	Exp@0x00b0d2d4	0x00b0cad4	18	0	0074726a	FUN_0074726a	0x00b0c89c	Val	0074726a	inherited	Exp.slot_018	Unk__vslot_018	0.93
0x00b0c8bc	Unk	Exp@0x00b0d2d4	0x00b0cad4	19	0	00747273	FUN_00747273	0x00b0c89c	Val	00747273	inherited	Exp.slot_019	Unk__vslot_019	0.93
0x00b0c8bc	Unk	Exp@0x00b0d2d4	0x00b0cad4	20	0	0074727c	FUN_0074727c	0x00b0c89c	Val	0074727c	inherited	Exp.slot_020	Unk__vslot_020	0.93
0x00b0c8bc	Unk	Exp@0x00b0d2d4	0x00b0cad4	21	0	00747285	FUN_00747285	0x00b0c89c	Val	00747285	inherited	Exp.slot_021	Unk__vslot_021	0.93
0x00b0c8bc	Unk	Exp@0x00b0d2d4	0x00b0cad4	22	0	0074728e	FUN_0074728e	0x00b0c89c	Val	0074728e	inherited	Exp.slot_022	Unk__vslot_022	0.93
0x00b0c8bc	Unk	Exp@0x00b0d2d4	0x00b0cad4	23	0	00747297	FUN_00747297	0x00b0c89c	Val	00747297	inherited	Exp.slot_023	Unk__vslot_023	0.93
0x00b0c8bc	Unk	Exp@0x00b0d2d4	0x00b0cad4	24	0	00747d53	FUN_00747d53	0x00b0c89c	Val	00a92860	override	Exp.slot_024	Unk__vslot_024	0.90
0x00b0c8bc	Unk	Exp@0x00b0d2d4	0x00b0cad4	25	0	00a92860		0x00b0c89c	Val		root_or_new	Exp.slot_025	Unk__vslot_025	0.78
0x00b0c8cc	Bot	Exp@0x00b0d2d4	0x00b0cbac	0	0	00747c41	FUN_00747c41	0x00b0c8bc	Unk	00747c41	inherited	Exp.slot_000	Bot__vslot_000	0.93
0x00b0c8cc	Bot	Exp@0x00b0d2d4	0x00b0cbac	1	0	00748931	FUN_00748931	0x00b0c8bc	Unk	00748931	inherited	Exp.slot_001	Bot__vslot_001	0.93
0x00b0c8cc	Bot	Exp@0x00b0d2d4	0x00b0cbac	2	0	00746f50	FUN_00746f50	0x00b0c8bc	Unk	00746f50	inherited	Exp.slot_002	Bot__vslot_002	0.93
0x00b0c8cc	Bot	Exp@0x00b0d2d4	0x00b0cbac	3	0	00746f73	FUN_00746f73	0x00b0c8bc	Unk	00746f73	inherited	Exp.slot_003	Bot__vslot_003	0.93
0x00b0c8cc	Bot	Exp@0x00b0d2d4	0x00b0cbac	4	0	00746f96	FUN_00746f96	0x00b0c8bc	Unk	00746f96	inherited	Exp.slot_004	Bot__vslot_004	0.93
0x00b0c8cc	Bot	Exp@0x00b0d2d4	0x00b0cbac	5	0	00746fb9	FUN_00746fb9	0x00b0c8bc	Unk	00746fb9	inherited	Exp.slot_005	Bot__vslot_005	0.93
0x00b0c8cc	Bot	Exp@0x00b0d2d4	0x00b0cbac	6	0	00746fdc	FUN_00746fdc	0x00b0c8bc	Unk	00746fdc	inherited	Exp.slot_006	Bot__vslot_006	0.93
0x00b0c8cc	Bot	Exp@0x00b0d2d4	0x00b0cbac	7	0	00746fff	FUN_00746fff	0x00b0c8bc	Unk	00746fff	inherited	Exp.slot_007	Bot__vslot_007	0.93
0x00b0c8cc	Bot	Exp@0x00b0d2d4	0x00b0cbac	8	0	00747014	FUN_00747014	0x00b0c8bc	Unk	00747014	inherited	Exp.slot_008	Bot__vslot_008	0.93
0x00b0c8cc	Bot	Exp@0x00b0d2d4	0x00b0cbac	9	0	00747029	FUN_00747029	0x00b0c8bc	Unk	00747029	inherited	Exp.slot_009	Bot__vslot_009	0.93
0x00b0c8cc	Bot	Exp@0x00b0d2d4	0x00b0cbac	10	0	0074703e	FUN_0074703e	0x00b0c8bc	Unk	0074703e	inherited	Exp.slot_010	Bot__vslot_010	0.93
0x00b0c8cc	Bot	Exp@0x00b0d2d4	0x00b0cbac	11	0	00747053	FUN_00747053	0x00b0c8bc	Unk	00747053	inherited	Exp.slot_011	Bot__vslot_011	0.93
0x00b0c8cc	Bot	Exp@0x00b0d2d4	0x00b0cbac	12	0	00747065	FUN_00747065	0x00b0c8bc	Unk	00747065	inherited	Exp.slot_012	Bot__vslot_012	0.93
0x00b0c8cc	Bot	Exp@0x00b0d2d4	0x00b0cbac	13	0	00747077	FUN_00747077	0x00b0c8bc	Unk	00747077	inherited	Exp.slot_013	Bot__vslot_013	0.93
0x00b0c8cc	Bot	Exp@0x00b0d2d4	0x00b0cbac	14	0	00747c38	FUN_00747c38	0x00b0c8bc	Unk	00747c38	inherited	Exp.slot_014	Bot__vslot_014	0.93
0x00b0c8cc	Bot	Exp@0x00b0d2d4	0x00b0cbac	15	0	0074724f	FUN_0074724f	0x00b0c8bc	Unk	0074724f	inherited	Exp.slot_015	Bot__vslot_015	0.93
0x00b0c8cc	Bot	Exp@0x00b0d2d4	0x00b0cbac	16	0	00747258	FUN_00747258	0x00b0c8bc	Unk	00747258	inherited	Exp.slot_016	Bot__vslot_016	0.93
0x00b0c8cc	Bot	Exp@0x00b0d2d4	0x00b0cbac	17	0	00747d4a	FUN_00747d4a	0x00b0c8bc	Unk	00747d4a	inherited	Exp.slot_017	Bot__vslot_017	0.93
0x00b0c8cc	Bot	Exp@0x00b0d2d4	0x00b0cbac	18	0	00747dd5	FUN_00747dd5	0x00b0c8bc	Unk	0074726a	override	Exp.slot_018	Bot__vslot_018	0.90
0x00b0c8cc	Bot	Exp@0x00b0d2d4	0x00b0cbac	19	0	00747273	FUN_00747273	0x00b0c8bc	Unk	00747273	inherited	Exp.slot_019	Bot__vslot_019	0.93
0x00b0c8cc	Bot	Exp@0x00b0d2d4	0x00b0cbac	20	0	0074727c	FUN_0074727c	0x00b0c8bc	Unk	0074727c	inherited	Exp.slot_020	Bot__vslot_020	0.93
0x00b0c8cc	Bot	Exp@0x00b0d2d4	0x00b0cbac	21	0	00747285	FUN_00747285	0x00b0c8bc	Unk	00747285	inherited	Exp.slot_021	Bot__vslot_021	0.93
0x00b0c8cc	Bot	Exp@0x00b0d2d4	0x00b0cbac	22	0	0074728e	FUN_0074728e	0x00b0c8bc	Unk	0074728e	inherited	Exp.slot_022	Bot__vslot_022	0.93
0x00b0c8cc	Bot	Exp@0x00b0d2d4	0x00b0cbac	23	0	00747297	FUN_00747297	0x00b0c8bc	Unk	00747297	inherited	Exp.slot_023	Bot__vslot_023	0.93
0x00b0c8cc	Bot	Exp@0x00b0d2d4	0x00b0cbac	24	0	00747d53	FUN_00747d53	0x00b0c8bc	Unk	00747d53	inherited	Exp.slot_024	Bot__vslot_024	0.93
0x00b0c8cc	Bot	Exp@0x00b0d2d4	0x00b0cbac	25	0	00747dde	FUN_00747dde	0x00b0c8bc	Unk	00a92860	override	Exp.slot_025	Bot__vslot_025	0.90
0x00b0c8dc	Mem	Exp@0x00b0d2d4	0x00b0cc84	0	0	00747c41	FUN_00747c41	0x00b0c8bc	Unk	00747c41	inherited	Exp.slot_000	Mem__vslot_000	0.93
0x00b0c8dc	Mem	Exp@0x00b0d2d4	0x00b0cc84	1	0	00748931	FUN_00748931	0x00b0c8bc	Unk	00748931	inherited	Exp.slot_001	Mem__vslot_001	0.93
0x00b0c8dc	Mem	Exp@0x00b0d2d4	0x00b0cc84	2	0	00746f50	FUN_00746f50	0x00b0c8bc	Unk	00746f50	inherited	Exp.slot_002	Mem__vslot_002	0.93
0x00b0c8dc	Mem	Exp@0x00b0d2d4	0x00b0cc84	3	0	00746f73	FUN_00746f73	0x00b0c8bc	Unk	00746f73	inherited	Exp.slot_003	Mem__vslot_003	0.93
0x00b0c8dc	Mem	Exp@0x00b0d2d4	0x00b0cc84	4	0	00746f96	FUN_00746f96	0x00b0c8bc	Unk	00746f96	inherited	Exp.slot_004	Mem__vslot_004	0.93
0x00b0c8dc	Mem	Exp@0x00b0d2d4	0x00b0cc84	5	0	00746fb9	FUN_00746fb9	0x00b0c8bc	Unk	00746fb9	inherited	Exp.slot_005	Mem__vslot_005	0.93
0x00b0c8dc	Mem	Exp@0x00b0d2d4	0x00b0cc84	6	0	00746fdc	FUN_00746fdc	0x00b0c8bc	Unk	00746fdc	inherited	Exp.slot_006	Mem__vslot_006	0.93
0x00b0c8dc	Mem	Exp@0x00b0d2d4	0x00b0cc84	7	0	00746fff	FUN_00746fff	0x00b0c8bc	Unk	00746fff	inherited	Exp.slot_007	Mem__vslot_007	0.93
0x00b0c8dc	Mem	Exp@0x00b0d2d4	0x00b0cc84	8	0	00747014	FUN_00747014	0x00b0c8bc	Unk	00747014	inherited	Exp.slot_008	Mem__vslot_008	0.93
0x00b0c8dc	Mem	Exp@0x00b0d2d4	0x00b0cc84	9	0	00747029	FUN_00747029	0x00b0c8bc	Unk	00747029	inherited	Exp.slot_009	Mem__vslot_009	0.93
0x00b0c8dc	Mem	Exp@0x00b0d2d4	0x00b0cc84	10	0	0074703e	FUN_0074703e	0x00b0c8bc	Unk	0074703e	inherited	Exp.slot_010	Mem__vslot_010	0.93
0x00b0c8dc	Mem	Exp@0x00b0d2d4	0x00b0cc84	11	0	00747053	FUN_00747053	0x00b0c8bc	Unk	00747053	inherited	Exp.slot_011	Mem__vslot_011	0.93
0x00b0c8dc	Mem	Exp@0x00b0d2d4	0x00b0cc84	12	0	00747065	FUN_00747065	0x00b0c8bc	Unk	00747065	inherited	Exp.slot_012	Mem__vslot_012	0.93
0x00b0c8dc	Mem	Exp@0x00b0d2d4	0x00b0cc84	13	0	00747077	FUN_00747077	0x00b0c8bc	Unk	00747077	inherited	Exp.slot_013	Mem__vslot_013	0.93
0x00b0c8dc	Mem	Exp@0x00b0d2d4	0x00b0cc84	14	0	00747c38	FUN_00747c38	0x00b0c8bc	Unk	00747c38	inherited	Exp.slot_014	Mem__vslot_014	0.93
0x00b0c8dc	Mem	Exp@0x00b0d2d4	0x00b0cc84	15	0	0074724f	FUN_0074724f	0x00b0c8bc	Unk	0074724f	inherited	Exp.slot_015	Mem__vslot_015	0.93
0x00b0c8dc	Mem	Exp@0x00b0d2d4	0x00b0cc84	16	0	00747258	FUN_00747258	0x00b0c8bc	Unk	00747258	inherited	Exp.slot_016	Mem__vslot_016	0.93
0x00b0c8dc	Mem	Exp@0x00b0d2d4	0x00b0cc84	17	0	00747d4a	FUN_00747d4a	0x00b0c8bc	Unk	00747d4a	inherited	Exp.slot_017	Mem__vslot_017	0.93
0x00b0c8dc	Mem	Exp@0x00b0d2d4	0x00b0cc84	18	0	0074726a	FUN_0074726a	0x00b0c8bc	Unk	0074726a	inherited	Exp.slot_018	Mem__vslot_018	0.93
0x00b0c8dc	Mem	Exp@0x00b0d2d4	0x00b0cc84	19	0	00747ed8	FUN_00747ed8	0x00b0c8bc	Unk	00747273	override	Exp.slot_019	Mem__vslot_019	0.90
0x00b0c8dc	Mem	Exp@0x00b0d2d4	0x00b0cc84	20	0	0074727c	FUN_0074727c	0x00b0c8bc	Unk	0074727c	inherited	Exp.slot_020	Mem__vslot_020	0.93
0x00b0c8dc	Mem	Exp@0x00b0d2d4	0x00b0cc84	21	0	00747285	FUN_00747285	0x00b0c8bc	Unk	00747285	inherited	Exp.slot_021	Mem__vslot_021	0.93
0x00b0c8dc	Mem	Exp@0x00b0d2d4	0x00b0cc84	22	0	0074728e	FUN_0074728e	0x00b0c8bc	Unk	0074728e	inherited	Exp.slot_022	Mem__vslot_022	0.93
0x00b0c8dc	Mem	Exp@0x00b0d2d4	0x00b0cc84	23	0	00747297	FUN_00747297	0x00b0c8bc	Unk	00747297	inherited	Exp.slot_023	Mem__vslot_023	0.93
0x00b0c8dc	Mem	Exp@0x00b0d2d4	0x00b0cc84	24	0	00747d53	FUN_00747d53	0x00b0c8bc	Unk	00747d53	inherited	Exp.slot_024	Mem__vslot_024	0.93
0x00b0c8dc	Mem	Exp@0x00b0d2d4	0x00b0cc84	25	0	00747ee1	FUN_00747ee1	0x00b0c8bc	Unk	00a92860	override	Exp.slot_025	Mem__vslot_025	0.90
0x00b0c8ec	Alu	Exp@0x00b0d2d4	0x00b0cd5c	0	0	0074812e	FUN_0074812e	0x00b0d2d4	Exp	00a92860	override	Exp.slot_000	Alu__vslot_000	0.90
0x00b0c8ec	Alu	Exp@0x00b0d2d4	0x00b0cd5c	1	0	00748931	FUN_00748931	0x00b0d2d4	Exp	00748931	inherited	Exp.slot_001	Alu__vslot_001	0.93
0x00b0c8ec	Alu	Exp@0x00b0d2d4	0x00b0cd5c	2	0	00746f50	FUN_00746f50	0x00b0d2d4	Exp	00746f50	inherited	Exp.slot_002	Alu__vslot_002	0.93
0x00b0c8ec	Alu	Exp@0x00b0d2d4	0x00b0cd5c	3	0	00746f73	FUN_00746f73	0x00b0d2d4	Exp	00746f73	inherited	Exp.slot_003	Alu__vslot_003	0.93
0x00b0c8ec	Alu	Exp@0x00b0d2d4	0x00b0cd5c	4	0	00746f96	FUN_00746f96	0x00b0d2d4	Exp	00746f96	inherited	Exp.slot_004	Alu__vslot_004	0.93
0x00b0c8ec	Alu	Exp@0x00b0d2d4	0x00b0cd5c	5	0	00746fb9	FUN_00746fb9	0x00b0d2d4	Exp	00746fb9	inherited	Exp.slot_005	Alu__vslot_005	0.93
0x00b0c8ec	Alu	Exp@0x00b0d2d4	0x00b0cd5c	6	0	00746fdc	FUN_00746fdc	0x00b0d2d4	Exp	00746fdc	inherited	Exp.slot_006	Alu__vslot_006	0.93
0x00b0c8ec	Alu	Exp@0x00b0d2d4	0x00b0cd5c	7	0	00746fff	FUN_00746fff	0x00b0d2d4	Exp	00746fff	inherited	Exp.slot_007	Alu__vslot_007	0.93
0x00b0c8ec	Alu	Exp@0x00b0d2d4	0x00b0cd5c	8	0	00747014	FUN_00747014	0x00b0d2d4	Exp	00747014	inherited	Exp.slot_008	Alu__vslot_008	0.93
0x00b0c8ec	Alu	Exp@0x00b0d2d4	0x00b0cd5c	9	0	00747029	FUN_00747029	0x00b0d2d4	Exp	00747029	inherited	Exp.slot_009	Alu__vslot_009	0.93
0x00b0c8ec	Alu	Exp@0x00b0d2d4	0x00b0cd5c	10	0	0074703e	FUN_0074703e	0x00b0d2d4	Exp	0074703e	inherited	Exp.slot_010	Alu__vslot_010	0.93
0x00b0c8ec	Alu	Exp@0x00b0d2d4	0x00b0cd5c	11	0	00747053	FUN_00747053	0x00b0d2d4	Exp	00747053	inherited	Exp.slot_011	Alu__vslot_011	0.93
0x00b0c8ec	Alu	Exp@0x00b0d2d4	0x00b0cd5c	12	0	00747065	FUN_00747065	0x00b0d2d4	Exp	00747065	inherited	Exp.slot_012	Alu__vslot_012	0.93
0x00b0c8ec	Alu	Exp@0x00b0d2d4	0x00b0cd5c	13	0	00747077	FUN_00747077	0x00b0d2d4	Exp	00747077	inherited	Exp.slot_013	Alu__vslot_013	0.93
0x00b0c8ec	Alu	Exp@0x00b0d2d4	0x00b0cd5c	14	0	00747246	FUN_00747246	0x00b0d2d4	Exp	00747246	inherited	Exp.slot_014	Alu__vslot_014	0.93
0x00b0c8ec	Alu	Exp@0x00b0d2d4	0x00b0cd5c	15	0	00748125	FUN_00748125	0x00b0d2d4	Exp	0074724f	override	Exp.slot_015	Alu__vslot_015	0.90
0x00b0c8ec	Alu	Exp@0x00b0d2d4	0x00b0cd5c	16	0	00747258	FUN_00747258	0x00b0d2d4	Exp	00747258	inherited	Exp.slot_016	Alu__vslot_016	0.93
0x00b0c8ec	Alu	Exp@0x00b0d2d4	0x00b0cd5c	17	0	00747261	FUN_00747261	0x00b0d2d4	Exp	00747261	inherited	Exp.slot_017	Alu__vslot_017	0.93
0x00b0c8ec	Alu	Exp@0x00b0d2d4	0x00b0cd5c	18	0	0074726a	FUN_0074726a	0x00b0d2d4	Exp	0074726a	inherited	Exp.slot_018	Alu__vslot_018	0.93
0x00b0c8ec	Alu	Exp@0x00b0d2d4	0x00b0cd5c	19	0	00747273	FUN_00747273	0x00b0d2d4	Exp	00747273	inherited	Exp.slot_019	Alu__vslot_019	0.93
0x00b0c8ec	Alu	Exp@0x00b0d2d4	0x00b0cd5c	20	0	0074727c	FUN_0074727c	0x00b0d2d4	Exp	0074727c	inherited	Exp.slot_020	Alu__vslot_020	0.93
0x00b0c8ec	Alu	Exp@0x00b0d2d4	0x00b0cd5c	21	0	00747285	FUN_00747285	0x00b0d2d4	Exp	00747285	inherited	Exp.slot_021	Alu__vslot_021	0.93
0x00b0c8ec	Alu	Exp@0x00b0d2d4	0x00b0cd5c	22	0	0074728e	FUN_0074728e	0x00b0d2d4	Exp	0074728e	inherited	Exp.slot_022	Alu__vslot_022	0.93
0x00b0c8ec	Alu	Exp@0x00b0d2d4	0x00b0cd5c	23	0	00747297	FUN_00747297	0x00b0d2d4	Exp	00747297	inherited	Exp.slot_023	Alu__vslot_023	0.93
0x00b0c8ec	Alu	Exp@0x00b0d2d4	0x00b0cd5c	24	0	00a92860		0x00b0d2d4	Exp		root_or_new	Exp.slot_024	Alu__vslot_024	0.78
0x00b0c8fc	Bop	Exp@0x00b0d2d4	0x00b0ce2c	0	0	0074812e	FUN_0074812e	0x00b0c8ec	Alu	0074812e	inherited	Exp.slot_000	Bop__vslot_000	0.93
0x00b0c8fc	Bop	Exp@0x00b0d2d4	0x00b0ce2c	1	0	00748931	FUN_00748931	0x00b0c8ec	Alu	00748931	inherited	Exp.slot_001	Bop__vslot_001	0.93
0x00b0c8fc	Bop	Exp@0x00b0d2d4	0x00b0ce2c	2	0	00746f50	FUN_00746f50	0x00b0c8ec	Alu	00746f50	inherited	Exp.slot_002	Bop__vslot_002	0.93
0x00b0c8fc	Bop	Exp@0x00b0d2d4	0x00b0ce2c	3	0	00746f73	FUN_00746f73	0x00b0c8ec	Alu	00746f73	inherited	Exp.slot_003	Bop__vslot_003	0.93
0x00b0c8fc	Bop	Exp@0x00b0d2d4	0x00b0ce2c	4	0	00746f96	FUN_00746f96	0x00b0c8ec	Alu	00746f96	inherited	Exp.slot_004	Bop__vslot_004	0.93
0x00b0c8fc	Bop	Exp@0x00b0d2d4	0x00b0ce2c	5	0	00746fb9	FUN_00746fb9	0x00b0c8ec	Alu	00746fb9	inherited	Exp.slot_005	Bop__vslot_005	0.93
0x00b0c8fc	Bop	Exp@0x00b0d2d4	0x00b0ce2c	6	0	00746fdc	FUN_00746fdc	0x00b0c8ec	Alu	00746fdc	inherited	Exp.slot_006	Bop__vslot_006	0.93
0x00b0c8fc	Bop	Exp@0x00b0d2d4	0x00b0ce2c	7	0	00746fff	FUN_00746fff	0x00b0c8ec	Alu	00746fff	inherited	Exp.slot_007	Bop__vslot_007	0.93
0x00b0c8fc	Bop	Exp@0x00b0d2d4	0x00b0ce2c	8	0	00747014	FUN_00747014	0x00b0c8ec	Alu	00747014	inherited	Exp.slot_008	Bop__vslot_008	0.93
0x00b0c8fc	Bop	Exp@0x00b0d2d4	0x00b0ce2c	9	0	00747029	FUN_00747029	0x00b0c8ec	Alu	00747029	inherited	Exp.slot_009	Bop__vslot_009	0.93
0x00b0c8fc	Bop	Exp@0x00b0d2d4	0x00b0ce2c	10	0	0074703e	FUN_0074703e	0x00b0c8ec	Alu	0074703e	inherited	Exp.slot_010	Bop__vslot_010	0.93
0x00b0c8fc	Bop	Exp@0x00b0d2d4	0x00b0ce2c	11	0	00747053	FUN_00747053	0x00b0c8ec	Alu	00747053	inherited	Exp.slot_011	Bop__vslot_011	0.93
0x00b0c8fc	Bop	Exp@0x00b0d2d4	0x00b0ce2c	12	0	00747065	FUN_00747065	0x00b0c8ec	Alu	00747065	inherited	Exp.slot_012	Bop__vslot_012	0.93
0x00b0c8fc	Bop	Exp@0x00b0d2d4	0x00b0ce2c	13	0	00747077	FUN_00747077	0x00b0c8ec	Alu	00747077	inherited	Exp.slot_013	Bop__vslot_013	0.93
0x00b0c8fc	Bop	Exp@0x00b0d2d4	0x00b0ce2c	14	0	00747246	FUN_00747246	0x00b0c8ec	Alu	00747246	inherited	Exp.slot_014	Bop__vslot_014	0.93
0x00b0c8fc	Bop	Exp@0x00b0d2d4	0x00b0ce2c	15	0	00748125	FUN_00748125	0x00b0c8ec	Alu	00748125	inherited	Exp.slot_015	Bop__vslot_015	0.93
0x00b0c8fc	Bop	Exp@0x00b0d2d4	0x00b0ce2c	16	0	00747258	FUN_00747258	0x00b0c8ec	Alu	00747258	inherited	Exp.slot_016	Bop__vslot_016	0.93
0x00b0c8fc	Bop	Exp@0x00b0d2d4	0x00b0ce2c	17	0	00747261	FUN_00747261	0x00b0c8ec	Alu	00747261	inherited	Exp.slot_017	Bop__vslot_017	0.93
0x00b0c8fc	Bop	Exp@0x00b0d2d4	0x00b0ce2c	18	0	0074726a	FUN_0074726a	0x00b0c8ec	Alu	0074726a	inherited	Exp.slot_018	Bop__vslot_018	0.93
0x00b0c8fc	Bop	Exp@0x00b0d2d4	0x00b0ce2c	19	0	00747273	FUN_00747273	0x00b0c8ec	Alu	00747273	inherited	Exp.slot_019	Bop__vslot_019	0.93
0x00b0c8fc	Bop	Exp@0x00b0d2d4	0x00b0ce2c	20	0	007481db	FUN_007481db	0x00b0c8ec	Alu	0074727c	override	Exp.slot_020	Bop__vslot_020	0.90
0x00b0c8fc	Bop	Exp@0x00b0d2d4	0x00b0ce2c	21	0	00747285	FUN_00747285	0x00b0c8ec	Alu	00747285	inherited	Exp.slot_021	Bop__vslot_021	0.93
0x00b0c8fc	Bop	Exp@0x00b0d2d4	0x00b0ce2c	22	0	0074728e	FUN_0074728e	0x00b0c8ec	Alu	0074728e	inherited	Exp.slot_022	Bop__vslot_022	0.93
0x00b0c8fc	Bop	Exp@0x00b0d2d4	0x00b0ce2c	23	0	00747297	FUN_00747297	0x00b0c8ec	Alu	00747297	inherited	Exp.slot_023	Bop__vslot_023	0.93
0x00b0c8fc	Bop	Exp@0x00b0d2d4	0x00b0ce2c	24	0	007481e4	FUN_007481e4	0x00b0c8ec	Alu	00a92860	override	Exp.slot_024	Bop__vslot_024	0.90
0x00b0c8fc	Bop	Exp@0x00b0d2d4	0x00b0ce2c	25	0	00a92860		0x00b0c8ec	Alu		root_or_new	Exp.slot_025	Bop__vslot_025	0.78
0x00b0c90c	Ncm	Exp@0x00b0d2d4	0x00b0cf04	0	0	0074812e	FUN_0074812e	0x00b0c8fc	Bop	0074812e	inherited	Exp.slot_000	Ncm__vslot_000	0.93
0x00b0c90c	Ncm	Exp@0x00b0d2d4	0x00b0cf04	1	0	00748931	FUN_00748931	0x00b0c8fc	Bop	00748931	inherited	Exp.slot_001	Ncm__vslot_001	0.93
0x00b0c90c	Ncm	Exp@0x00b0d2d4	0x00b0cf04	2	0	00746f50	FUN_00746f50	0x00b0c8fc	Bop	00746f50	inherited	Exp.slot_002	Ncm__vslot_002	0.93
0x00b0c90c	Ncm	Exp@0x00b0d2d4	0x00b0cf04	3	0	00746f73	FUN_00746f73	0x00b0c8fc	Bop	00746f73	inherited	Exp.slot_003	Ncm__vslot_003	0.93
0x00b0c90c	Ncm	Exp@0x00b0d2d4	0x00b0cf04	4	0	00746f96	FUN_00746f96	0x00b0c8fc	Bop	00746f96	inherited	Exp.slot_004	Ncm__vslot_004	0.93
0x00b0c90c	Ncm	Exp@0x00b0d2d4	0x00b0cf04	5	0	00746fb9	FUN_00746fb9	0x00b0c8fc	Bop	00746fb9	inherited	Exp.slot_005	Ncm__vslot_005	0.93
0x00b0c90c	Ncm	Exp@0x00b0d2d4	0x00b0cf04	6	0	00746fdc	FUN_00746fdc	0x00b0c8fc	Bop	00746fdc	inherited	Exp.slot_006	Ncm__vslot_006	0.93
0x00b0c90c	Ncm	Exp@0x00b0d2d4	0x00b0cf04	7	0	00746fff	FUN_00746fff	0x00b0c8fc	Bop	00746fff	inherited	Exp.slot_007	Ncm__vslot_007	0.93
0x00b0c90c	Ncm	Exp@0x00b0d2d4	0x00b0cf04	8	0	00747014	FUN_00747014	0x00b0c8fc	Bop	00747014	inherited	Exp.slot_008	Ncm__vslot_008	0.93
0x00b0c90c	Ncm	Exp@0x00b0d2d4	0x00b0cf04	9	0	00747029	FUN_00747029	0x00b0c8fc	Bop	00747029	inherited	Exp.slot_009	Ncm__vslot_009	0.93
0x00b0c90c	Ncm	Exp@0x00b0d2d4	0x00b0cf04	10	0	0074703e	FUN_0074703e	0x00b0c8fc	Bop	0074703e	inherited	Exp.slot_010	Ncm__vslot_010	0.93
0x00b0c90c	Ncm	Exp@0x00b0d2d4	0x00b0cf04	11	0	00747053	FUN_00747053	0x00b0c8fc	Bop	00747053	inherited	Exp.slot_011	Ncm__vslot_011	0.93
0x00b0c90c	Ncm	Exp@0x00b0d2d4	0x00b0cf04	12	0	00747065	FUN_00747065	0x00b0c8fc	Bop	00747065	inherited	Exp.slot_012	Ncm__vslot_012	0.93
0x00b0c90c	Ncm	Exp@0x00b0d2d4	0x00b0cf04	13	0	00747077	FUN_00747077	0x00b0c8fc	Bop	00747077	inherited	Exp.slot_013	Ncm__vslot_013	0.93
0x00b0c90c	Ncm	Exp@0x00b0d2d4	0x00b0cf04	14	0	00747246	FUN_00747246	0x00b0c8fc	Bop	00747246	inherited	Exp.slot_014	Ncm__vslot_014	0.93
0x00b0c90c	Ncm	Exp@0x00b0d2d4	0x00b0cf04	15	0	00748125	FUN_00748125	0x00b0c8fc	Bop	00748125	inherited	Exp.slot_015	Ncm__vslot_015	0.93
0x00b0c90c	Ncm	Exp@0x00b0d2d4	0x00b0cf04	16	0	00747258	FUN_00747258	0x00b0c8fc	Bop	00747258	inherited	Exp.slot_016	Ncm__vslot_016	0.93
0x00b0c90c	Ncm	Exp@0x00b0d2d4	0x00b0cf04	17	0	00747261	FUN_00747261	0x00b0c8fc	Bop	00747261	inherited	Exp.slot_017	Ncm__vslot_017	0.93
0x00b0c90c	Ncm	Exp@0x00b0d2d4	0x00b0cf04	18	0	0074726a	FUN_0074726a	0x00b0c8fc	Bop	0074726a	inherited	Exp.slot_018	Ncm__vslot_018	0.93
0x00b0c90c	Ncm	Exp@0x00b0d2d4	0x00b0cf04	19	0	00747273	FUN_00747273	0x00b0c8fc	Bop	00747273	inherited	Exp.slot_019	Ncm__vslot_019	0.93
0x00b0c90c	Ncm	Exp@0x00b0d2d4	0x00b0cf04	20	0	007481db	FUN_007481db	0x00b0c8fc	Bop	007481db	inherited	Exp.slot_020	Ncm__vslot_020	0.93
0x00b0c90c	Ncm	Exp@0x00b0d2d4	0x00b0cf04	21	0	00747285	FUN_00747285	0x00b0c8fc	Bop	00747285	inherited	Exp.slot_021	Ncm__vslot_021	0.93
0x00b0c90c	Ncm	Exp@0x00b0d2d4	0x00b0cf04	22	0	007482e8	FUN_007482e8	0x00b0c8fc	Bop	0074728e	override	Exp.slot_022	Ncm__vslot_022	0.90
0x00b0c90c	Ncm	Exp@0x00b0d2d4	0x00b0cf04	23	0	00747297	FUN_00747297	0x00b0c8fc	Bop	00747297	inherited	Exp.slot_023	Ncm__vslot_023	0.93
0x00b0c90c	Ncm	Exp@0x00b0d2d4	0x00b0cf04	24	0	007481e4	FUN_007481e4	0x00b0c8fc	Bop	007481e4	inherited	Exp.slot_024	Ncm__vslot_024	0.93
0x00b0c90c	Ncm	Exp@0x00b0d2d4	0x00b0cf04	25	0	00748388	FUN_00748388	0x00b0c8fc	Bop	00a92860	override	Exp.slot_025	Ncm__vslot_025	0.90
0x00b0c91c	Uop	Exp@0x00b0d2d4	0x00b0cfdc	0	0	0074812e	FUN_0074812e	0x00b0c8ec	Alu	0074812e	inherited	Exp.slot_000	Uop__vslot_000	0.93
0x00b0c91c	Uop	Exp@0x00b0d2d4	0x00b0cfdc	1	0	00748931	FUN_00748931	0x00b0c8ec	Alu	00748931	inherited	Exp.slot_001	Uop__vslot_001	0.93
0x00b0c91c	Uop	Exp@0x00b0d2d4	0x00b0cfdc	2	0	00746f50	FUN_00746f50	0x00b0c8ec	Alu	00746f50	inherited	Exp.slot_002	Uop__vslot_002	0.93
0x00b0c91c	Uop	Exp@0x00b0d2d4	0x00b0cfdc	3	0	00746f73	FUN_00746f73	0x00b0c8ec	Alu	00746f73	inherited	Exp.slot_003	Uop__vslot_003	0.93
0x00b0c91c	Uop	Exp@0x00b0d2d4	0x00b0cfdc	4	0	00746f96	FUN_00746f96	0x00b0c8ec	Alu	00746f96	inherited	Exp.slot_004	Uop__vslot_004	0.93
0x00b0c91c	Uop	Exp@0x00b0d2d4	0x00b0cfdc	5	0	00746fb9	FUN_00746fb9	0x00b0c8ec	Alu	00746fb9	inherited	Exp.slot_005	Uop__vslot_005	0.93
0x00b0c91c	Uop	Exp@0x00b0d2d4	0x00b0cfdc	6	0	00746fdc	FUN_00746fdc	0x00b0c8ec	Alu	00746fdc	inherited	Exp.slot_006	Uop__vslot_006	0.93
0x00b0c91c	Uop	Exp@0x00b0d2d4	0x00b0cfdc	7	0	00746fff	FUN_00746fff	0x00b0c8ec	Alu	00746fff	inherited	Exp.slot_007	Uop__vslot_007	0.93
0x00b0c91c	Uop	Exp@0x00b0d2d4	0x00b0cfdc	8	0	00747014	FUN_00747014	0x00b0c8ec	Alu	00747014	inherited	Exp.slot_008	Uop__vslot_008	0.93
0x00b0c91c	Uop	Exp@0x00b0d2d4	0x00b0cfdc	9	0	00747029	FUN_00747029	0x00b0c8ec	Alu	00747029	inherited	Exp.slot_009	Uop__vslot_009	0.93
0x00b0c91c	Uop	Exp@0x00b0d2d4	0x00b0cfdc	10	0	0074703e	FUN_0074703e	0x00b0c8ec	Alu	0074703e	inherited	Exp.slot_010	Uop__vslot_010	0.93
0x00b0c91c	Uop	Exp@0x00b0d2d4	0x00b0cfdc	11	0	00747053	FUN_00747053	0x00b0c8ec	Alu	00747053	inherited	Exp.slot_011	Uop__vslot_011	0.93
0x00b0c91c	Uop	Exp@0x00b0d2d4	0x00b0cfdc	12	0	00747065	FUN_00747065	0x00b0c8ec	Alu	00747065	inherited	Exp.slot_012	Uop__vslot_012	0.93
0x00b0c91c	Uop	Exp@0x00b0d2d4	0x00b0cfdc	13	0	00747077	FUN_00747077	0x00b0c8ec	Alu	00747077	inherited	Exp.slot_013	Uop__vslot_013	0.93
0x00b0c91c	Uop	Exp@0x00b0d2d4	0x00b0cfdc	14	0	00747246	FUN_00747246	0x00b0c8ec	Alu	00747246	inherited	Exp.slot_014	Uop__vslot_014	0.93
0x00b0c91c	Uop	Exp@0x00b0d2d4	0x00b0cfdc	15	0	00748125	FUN_00748125	0x00b0c8ec	Alu	00748125	inherited	Exp.slot_015	Uop__vslot_015	0.93
0x00b0c91c	Uop	Exp@0x00b0d2d4	0x00b0cfdc	16	0	00747258	FUN_00747258	0x00b0c8ec	Alu	00747258	inherited	Exp.slot_016	Uop__vslot_016	0.93
0x00b0c91c	Uop	Exp@0x00b0d2d4	0x00b0cfdc	17	0	00747261	FUN_00747261	0x00b0c8ec	Alu	00747261	inherited	Exp.slot_017	Uop__vslot_017	0.93
0x00b0c91c	Uop	Exp@0x00b0d2d4	0x00b0cfdc	18	0	0074726a	FUN_0074726a	0x00b0c8ec	Alu	0074726a	inherited	Exp.slot_018	Uop__vslot_018	0.93
0x00b0c91c	Uop	Exp@0x00b0d2d4	0x00b0cfdc	19	0	00747273	FUN_00747273	0x00b0c8ec	Alu	00747273	inherited	Exp.slot_019	Uop__vslot_019	0.93
0x00b0c91c	Uop	Exp@0x00b0d2d4	0x00b0cfdc	20	0	0074727c	FUN_0074727c	0x00b0c8ec	Alu	0074727c	inherited	Exp.slot_020	Uop__vslot_020	0.93
0x00b0c91c	Uop	Exp@0x00b0d2d4	0x00b0cfdc	21	0	00747285	FUN_00747285	0x00b0c8ec	Alu	00747285	inherited	Exp.slot_021	Uop__vslot_021	0.93
0x00b0c91c	Uop	Exp@0x00b0d2d4	0x00b0cfdc	22	0	0074728e	FUN_0074728e	0x00b0c8ec	Alu	0074728e	inherited	Exp.slot_022	Uop__vslot_022	0.93
0x00b0c91c	Uop	Exp@0x00b0d2d4	0x00b0cfdc	23	0	007483f8	FUN_007483f8	0x00b0c8ec	Alu	00747297	override	Exp.slot_023	Uop__vslot_023	0.90
0x00b0c91c	Uop	Exp@0x00b0d2d4	0x00b0cfdc	24	0	00748401	FUN_00748401	0x00b0c8ec	Alu	00a92860	override	Exp.slot_024	Uop__vslot_024	0.90
0x00b0d2d4	Exp	Exp@0x00b0d2d4	0x00b0d13c	0	0	00a92860					root_or_new	Exp.slot_000	Exp__vslot_000	0.78
0x00b0d2d4	Exp	Exp@0x00b0d2d4	0x00b0d13c	1	0	00748931	FUN_00748931				root_or_new	Exp.slot_001	Exp__vslot_001	0.78
0x00b0d2d4	Exp	Exp@0x00b0d2d4	0x00b0d13c	2	0	00746f50	FUN_00746f50				root_or_new	Exp.slot_002	Exp__vslot_002	0.78
0x00b0d2d4	Exp	Exp@0x00b0d2d4	0x00b0d13c	3	0	00746f73	FUN_00746f73				root_or_new	Exp.slot_003	Exp__vslot_003	0.78
0x00b0d2d4	Exp	Exp@0x00b0d2d4	0x00b0d13c	4	0	00746f96	FUN_00746f96				root_or_new	Exp.slot_004	Exp__vslot_004	0.78
0x00b0d2d4	Exp	Exp@0x00b0d2d4	0x00b0d13c	5	0	00746fb9	FUN_00746fb9				root_or_new	Exp.slot_005	Exp__vslot_005	0.78
0x00b0d2d4	Exp	Exp@0x00b0d2d4	0x00b0d13c	6	0	00746fdc	FUN_00746fdc				root_or_new	Exp.slot_006	Exp__vslot_006	0.78
0x00b0d2d4	Exp	Exp@0x00b0d2d4	0x00b0d13c	7	0	00746fff	FUN_00746fff				root_or_new	Exp.slot_007	Exp__vslot_007	0.78
0x00b0d2d4	Exp	Exp@0x00b0d2d4	0x00b0d13c	8	0	00747014	FUN_00747014				root_or_new	Exp.slot_008	Exp__vslot_008	0.78
0x00b0d2d4	Exp	Exp@0x00b0d2d4	0x00b0d13c	9	0	00747029	FUN_00747029				root_or_new	Exp.slot_009	Exp__vslot_009	0.78
0x00b0d2d4	Exp	Exp@0x00b0d2d4	0x00b0d13c	10	0	0074703e	FUN_0074703e				root_or_new	Exp.slot_010	Exp__vslot_010	0.78
0x00b0d2d4	Exp	Exp@0x00b0d2d4	0x00b0d13c	11	0	00747053	FUN_00747053				root_or_new	Exp.slot_011	Exp__vslot_011	0.78
0x00b0d2d4	Exp	Exp@0x00b0d2d4	0x00b0d13c	12	0	00747065	FUN_00747065				root_or_new	Exp.slot_012	Exp__vslot_012	0.78
0x00b0d2d4	Exp	Exp@0x00b0d2d4	0x00b0d13c	13	0	00747077	FUN_00747077				root_or_new	Exp.slot_013	Exp__vslot_013	0.78
0x00b0d2d4	Exp	Exp@0x00b0d2d4	0x00b0d13c	14	0	00747246	FUN_00747246				root_or_new	Exp.slot_014	Exp__vslot_014	0.78
0x00b0d2d4	Exp	Exp@0x00b0d2d4	0x00b0d13c	15	0	0074724f	FUN_0074724f				root_or_new	Exp.slot_015	Exp__vslot_015	0.78
0x00b0d2d4	Exp	Exp@0x00b0d2d4	0x00b0d13c	16	0	00747258	FUN_00747258				root_or_new	Exp.slot_016	Exp__vslot_016	0.78
0x00b0d2d4	Exp	Exp@0x00b0d2d4	0x00b0d13c	17	0	00747261	FUN_00747261				root_or_new	Exp.slot_017	Exp__vslot_017	0.78
0x00b0d2d4	Exp	Exp@0x00b0d2d4	0x00b0d13c	18	0	0074726a	FUN_0074726a				root_or_new	Exp.slot_018	Exp__vslot_018	0.78
0x00b0d2d4	Exp	Exp@0x00b0d2d4	0x00b0d13c	19	0	00747273	FUN_00747273				root_or_new	Exp.slot_019	Exp__vslot_019	0.78
0x00b0d2d4	Exp	Exp@0x00b0d2d4	0x00b0d13c	20	0	0074727c	FUN_0074727c				root_or_new	Exp.slot_020	Exp__vslot_020	0.78
0x00b0d2d4	Exp	Exp@0x00b0d2d4	0x00b0d13c	21	0	00747285	FUN_00747285				root_or_new	Exp.slot_021	Exp__vslot_021	0.78
0x00b0d2d4	Exp	Exp@0x00b0d2d4	0x00b0d13c	22	0	0074728e	FUN_0074728e				root_or_new	Exp.slot_022	Exp__vslot_022	0.78
0x00b0d2d4	Exp	Exp@0x00b0d2d4	0x00b0d13c	23	0	00747297	FUN_00747297				root_or_new	Exp.slot_023	Exp__vslot_023	0.78
0x00b0d2e4	Cmm	Exp@0x00b0d2d4	0x00b0d204	0	0	0074812e	FUN_0074812e	0x00b0c8fc	Bop	0074812e	inherited	Exp.slot_000	Cmm__vslot_000	0.93
0x00b0d2e4	Cmm	Exp@0x00b0d2d4	0x00b0d204	1	0	00748805	FUN_00748805	0x00b0c8fc	Bop	00748931	override	Exp.slot_001	Cmm__vslot_001	0.90
0x00b0d2e4	Cmm	Exp@0x00b0d2d4	0x00b0d204	2	0	00746f50	FUN_00746f50	0x00b0c8fc	Bop	00746f50	inherited	Exp.slot_002	Cmm__vslot_002	0.93
0x00b0d2e4	Cmm	Exp@0x00b0d2d4	0x00b0d204	3	0	00746f73	FUN_00746f73	0x00b0c8fc	Bop	00746f73	inherited	Exp.slot_003	Cmm__vslot_003	0.93
0x00b0d2e4	Cmm	Exp@0x00b0d2d4	0x00b0d204	4	0	00746f96	FUN_00746f96	0x00b0c8fc	Bop	00746f96	inherited	Exp.slot_004	Cmm__vslot_004	0.93
0x00b0d2e4	Cmm	Exp@0x00b0d2d4	0x00b0d204	5	0	00746fb9	FUN_00746fb9	0x00b0c8fc	Bop	00746fb9	inherited	Exp.slot_005	Cmm__vslot_005	0.93
0x00b0d2e4	Cmm	Exp@0x00b0d2d4	0x00b0d204	6	0	00746fdc	FUN_00746fdc	0x00b0c8fc	Bop	00746fdc	inherited	Exp.slot_006	Cmm__vslot_006	0.93
0x00b0d2e4	Cmm	Exp@0x00b0d2d4	0x00b0d204	7	0	00746fff	FUN_00746fff	0x00b0c8fc	Bop	00746fff	inherited	Exp.slot_007	Cmm__vslot_007	0.93
0x00b0d2e4	Cmm	Exp@0x00b0d2d4	0x00b0d204	8	0	00747014	FUN_00747014	0x00b0c8fc	Bop	00747014	inherited	Exp.slot_008	Cmm__vslot_008	0.93
0x00b0d2e4	Cmm	Exp@0x00b0d2d4	0x00b0d204	9	0	00747029	FUN_00747029	0x00b0c8fc	Bop	00747029	inherited	Exp.slot_009	Cmm__vslot_009	0.93
0x00b0d2e4	Cmm	Exp@0x00b0d2d4	0x00b0d204	10	0	0074703e	FUN_0074703e	0x00b0c8fc	Bop	0074703e	inherited	Exp.slot_010	Cmm__vslot_010	0.93
0x00b0d2e4	Cmm	Exp@0x00b0d2d4	0x00b0d204	11	0	00747053	FUN_00747053	0x00b0c8fc	Bop	00747053	inherited	Exp.slot_011	Cmm__vslot_011	0.93
0x00b0d2e4	Cmm	Exp@0x00b0d2d4	0x00b0d204	12	0	00747065	FUN_00747065	0x00b0c8fc	Bop	00747065	inherited	Exp.slot_012	Cmm__vslot_012	0.93
0x00b0d2e4	Cmm	Exp@0x00b0d2d4	0x00b0d204	13	0	00747077	FUN_00747077	0x00b0c8fc	Bop	00747077	inherited	Exp.slot_013	Cmm__vslot_013	0.93
0x00b0d2e4	Cmm	Exp@0x00b0d2d4	0x00b0d204	14	0	00747246	FUN_00747246	0x00b0c8fc	Bop	00747246	inherited	Exp.slot_014	Cmm__vslot_014	0.93
0x00b0d2e4	Cmm	Exp@0x00b0d2d4	0x00b0d204	15	0	00748125	FUN_00748125	0x00b0c8fc	Bop	00748125	inherited	Exp.slot_015	Cmm__vslot_015	0.93
0x00b0d2e4	Cmm	Exp@0x00b0d2d4	0x00b0d204	16	0	00747258	FUN_00747258	0x00b0c8fc	Bop	00747258	inherited	Exp.slot_016	Cmm__vslot_016	0.93
0x00b0d2e4	Cmm	Exp@0x00b0d2d4	0x00b0d204	17	0	00747261	FUN_00747261	0x00b0c8fc	Bop	00747261	inherited	Exp.slot_017	Cmm__vslot_017	0.93
0x00b0d2e4	Cmm	Exp@0x00b0d2d4	0x00b0d204	18	0	0074726a	FUN_0074726a	0x00b0c8fc	Bop	0074726a	inherited	Exp.slot_018	Cmm__vslot_018	0.93
0x00b0d2e4	Cmm	Exp@0x00b0d2d4	0x00b0d204	19	0	00747273	FUN_00747273	0x00b0c8fc	Bop	00747273	inherited	Exp.slot_019	Cmm__vslot_019	0.93
0x00b0d2e4	Cmm	Exp@0x00b0d2d4	0x00b0d204	20	0	007481db	FUN_007481db	0x00b0c8fc	Bop	007481db	inherited	Exp.slot_020	Cmm__vslot_020	0.93
0x00b0d2e4	Cmm	Exp@0x00b0d2d4	0x00b0d204	21	0	00748266	FUN_00748266	0x00b0c8fc	Bop	00747285	override	Exp.slot_021	Cmm__vslot_021	0.90
0x00b0d2e4	Cmm	Exp@0x00b0d2d4	0x00b0d204	22	0	0074728e	FUN_0074728e	0x00b0c8fc	Bop	0074728e	inherited	Exp.slot_022	Cmm__vslot_022	0.93
0x00b0d2e4	Cmm	Exp@0x00b0d2d4	0x00b0d204	23	0	00747297	FUN_00747297	0x00b0c8fc	Bop	00747297	inherited	Exp.slot_023	Cmm__vslot_023	0.93
0x00b0d2e4	Cmm	Exp@0x00b0d2d4	0x00b0d204	24	0	007481e4	FUN_007481e4	0x00b0c8fc	Bop	007481e4	inherited	Exp.slot_024	Cmm__vslot_024	0.93
0x00b0d2e4	Cmm	Exp@0x00b0d2d4	0x00b0d204	25	0	0074826f	FUN_0074826f	0x00b0c8fc	Bop	00a92860	override	Exp.slot_025	Cmm__vslot_025	0.90
0x00b0d3b8	obj_iter	obj_iter@0x00b0d3b8	0x00b0d580	0	0	00a92860					root_or_new	obj_iter.slot_000	obj_iter__vslot_000	0.78
0x00b0d3b8	obj_iter	obj_iter@0x00b0d3b8	0x00b0d580	1	0	00a92860					root_or_new	obj_iter.slot_001	obj_iter__vslot_001	0.78
0x00b0d3b8	obj_iter	obj_iter@0x00b0d3b8	0x00b0d580	2	0	00a92860					root_or_new	obj_iter.slot_002	obj_iter__vslot_002	0.78
0x00b0d3c8	singleton_iter	obj_iter@0x00b0d3b8	0x00b0d330	0	0	0074a248	FUN_0074a248	0x00b0d3b8	obj_iter	00a92860	override	obj_iter.slot_000	singleton_iter__vslot_000	0.90
0x00b0d3c8	singleton_iter	obj_iter@0x00b0d3b8	0x00b0d330	1	0	0074a25b	FUN_0074a25b	0x00b0d3b8	obj_iter	00a92860	override	obj_iter.slot_001	singleton_iter__vslot_001	0.90
0x00b0d3c8	singleton_iter	obj_iter@0x00b0d3b8	0x00b0d330	2	0	0074a26f	FUN_0074a26f	0x00b0d3b8	obj_iter	00a92860	override	obj_iter.slot_002	singleton_iter__vslot_002	0.90
0x00b0d3d8	var_multimap	var_multimap@0x00b0d3d8	0x00b0d4d0	0	0	00a92860					root_or_new	var_multimap.slot_000	var_multimap__vslot_000	0.78
0x00b0d3d8	var_multimap	var_multimap@0x00b0d3d8	0x00b0d4d0	1	0	00a92860					root_or_new	var_multimap.slot_001	var_multimap__vslot_001	0.78
0x00b0d3d8	var_multimap	var_multimap@0x00b0d3d8	0x00b0d4d0	2	0	00a92860					root_or_new	var_multimap.slot_002	var_multimap__vslot_002	0.78
0x00b0d3d8	var_multimap	var_multimap@0x00b0d3d8	0x00b0d4d0	3	0	00a92860					root_or_new	var_multimap.slot_003	var_multimap__vslot_003	0.78
0x00b0d3d8	var_multimap	var_multimap@0x00b0d3d8	0x00b0d4d0	4	0	00a92860					root_or_new	var_multimap.slot_004	var_multimap__vslot_004	0.78
0x00b0d3d8	var_multimap	var_multimap@0x00b0d3d8	0x00b0d4d0	5	0	00a92860					root_or_new	var_multimap.slot_005	var_multimap__vslot_005	0.78
0x00b0d3d8	var_multimap	var_multimap@0x00b0d3d8	0x00b0d4d0	6	0	00a92860					root_or_new	var_multimap.slot_006	var_multimap__vslot_006	0.78
0x00b0d3d8	var_multimap	var_multimap@0x00b0d3d8	0x00b0d4d0	7	0	00a92860					root_or_new	var_multimap.slot_007	var_multimap__vslot_007	0.78
0x00b0d3d8	var_multimap	var_multimap@0x00b0d3d8	0x00b0d4d0	8	0	00a92860					root_or_new	var_multimap.slot_008	var_multimap__vslot_008	0.78
0x00b0d3d8	var_multimap	var_multimap@0x00b0d3d8	0x00b0d4d0	9	0	00a92860					root_or_new	var_multimap.slot_009	var_multimap__vslot_009	0.78
0x00b0d3e8	var_disjointsets	var_disjointsets@0x00b0d3e8	0x00b0d370	0	0	00a92860					root_or_new	var_disjointsets.slot_000	var_disjointsets__vslot_000	0.78
0x00b0d3e8	var_disjointsets	var_disjointsets@0x00b0d3e8	0x00b0d370	1	0	00a92860					root_or_new	var_disjointsets.slot_001	var_disjointsets__vslot_001	0.78
0x00b0d3e8	var_disjointsets	var_disjointsets@0x00b0d3e8	0x00b0d370	2	0	00a92860					root_or_new	var_disjointsets.slot_002	var_disjointsets__vslot_002	0.78
0x00b0d3e8	var_disjointsets	var_disjointsets@0x00b0d3e8	0x00b0d370	3	0	00a92860					root_or_new	var_disjointsets.slot_003	var_disjointsets__vslot_003	0.78
0x00b0d3f8	objectlist_iter	obj_iter@0x00b0d3b8	0x00b0d350	0	0	0074a36a	FUN_0074a36a	0x00b0d3b8	obj_iter	00a92860	override	obj_iter.slot_000	objectlist_iter__vslot_000	0.90
0x00b0d3f8	objectlist_iter	obj_iter@0x00b0d3b8	0x00b0d350	1	0	0074a350	FUN_0074a350	0x00b0d3b8	obj_iter	00a92860	override	obj_iter.slot_001	objectlist_iter__vslot_001	0.90
0x00b0d3f8	objectlist_iter	obj_iter@0x00b0d3b8	0x00b0d350	2	0	0074a37d	FUN_0074a37d	0x00b0d3b8	obj_iter	00a92860	override	obj_iter.slot_002	objectlist_iter__vslot_002	0.90
0x00b0d408	var_multimap_impl	var_multimap@0x00b0d3d8	0x00b0d528	0	0	0074a392	FUN_0074a392	0x00b0d3d8	var_multimap	00a92860	override	var_multimap.slot_000	var_multimap_impl__vslot_000	0.90
0x00b0d408	var_multimap_impl	var_multimap@0x00b0d3d8	0x00b0d528	1	0	0074a3d9	FUN_0074a3d9	0x00b0d3d8	var_multimap	00a92860	override	var_multimap.slot_001	var_multimap_impl__vslot_001	0.90
0x00b0d408	var_multimap_impl	var_multimap@0x00b0d3d8	0x00b0d528	2	0	0074a41e	FUN_0074a41e	0x00b0d3d8	var_multimap	00a92860	override	var_multimap.slot_002	var_multimap_impl__vslot_002	0.90
0x00b0d408	var_multimap_impl	var_multimap@0x00b0d3d8	0x00b0d528	3	0	0074a477	FUN_0074a477	0x00b0d3d8	var_multimap	00a92860	override	var_multimap.slot_003	var_multimap_impl__vslot_003	0.90
0x00b0d408	var_multimap_impl	var_multimap@0x00b0d3d8	0x00b0d528	4	0	0074a4d0	FUN_0074a4d0	0x00b0d3d8	var_multimap	00a92860	override	var_multimap.slot_004	var_multimap_impl__vslot_004	0.90
0x00b0d408	var_multimap_impl	var_multimap@0x00b0d3d8	0x00b0d528	5	0	0074a4e8	FUN_0074a4e8	0x00b0d3d8	var_multimap	00a92860	override	var_multimap.slot_005	var_multimap_impl__vslot_005	0.90
0x00b0d408	var_multimap_impl	var_multimap@0x00b0d3d8	0x00b0d528	6	0	0074a4fd	FUN_0074a4fd	0x00b0d3d8	var_multimap	00a92860	override	var_multimap.slot_006	var_multimap_impl__vslot_006	0.90
0x00b0d408	var_multimap_impl	var_multimap@0x00b0d3d8	0x00b0d528	7	0	0074a547	FUN_0074a547	0x00b0d3d8	var_multimap	00a92860	override	var_multimap.slot_007	var_multimap_impl__vslot_007	0.90
0x00b0d408	var_multimap_impl	var_multimap@0x00b0d3d8	0x00b0d528	8	0	0074a589	FUN_0074a589	0x00b0d3d8	var_multimap	00a92860	override	var_multimap.slot_008	var_multimap_impl__vslot_008	0.90
0x00b0d408	var_multimap_impl	var_multimap@0x00b0d3d8	0x00b0d528	9	0	0074a61d	FUN_0074a61d	0x00b0d3d8	var_multimap	00a92860	override	var_multimap.slot_009	var_multimap_impl__vslot_009	0.90
0x00b0d418	var_map<objectlist>::var_map_iter	obj_iter@0x00b0d3b8	0x00b0d5a0	0	0	0074a284	FUN_0074a284	0x00b0d3b8	obj_iter	00a92860	override	obj_iter.slot_000	var_map_objectlist_var_map_iter__vslot_000	0.90
0x00b0d418	var_map<objectlist>::var_map_iter	obj_iter@0x00b0d3b8	0x00b0d5a0	1	0	0074a303	FUN_0074a303	0x00b0d3b8	obj_iter	00a92860	override	obj_iter.slot_001	var_map_objectlist_var_map_iter__vslot_001	0.90
0x00b0d418	var_map<objectlist>::var_map_iter	obj_iter@0x00b0d3b8	0x00b0d5a0	2	0	0074a33b	FUN_0074a33b	0x00b0d3b8	obj_iter	00a92860	override	obj_iter.slot_002	var_map_objectlist_var_map_iter__vslot_002	0.90
0x00b0d428	var_disjointsets_impl	var_disjointsets@0x00b0d3e8	0x00b0d398	0	0	0074a780	FUN_0074a780	0x00b0d3e8	var_disjointsets	00a92860	override	var_disjointsets.slot_000	var_disjointsets_impl__vslot_000	0.90
0x00b0d428	var_disjointsets_impl	var_disjointsets@0x00b0d3e8	0x00b0d398	1	0	0074a7b6	FUN_0074a7b6	0x00b0d3e8	var_disjointsets	00a92860	override	var_disjointsets.slot_001	var_disjointsets_impl__vslot_001	0.90
0x00b0d428	var_disjointsets_impl	var_disjointsets@0x00b0d3e8	0x00b0d398	2	0	0074a846	FUN_0074a846	0x00b0d3e8	var_disjointsets	00a92860	override	var_disjointsets.slot_002	var_disjointsets_impl__vslot_002	0.90
0x00b0d428	var_disjointsets_impl	var_disjointsets@0x00b0d3e8	0x00b0d398	3	0	0074a869	FUN_0074a869	0x00b0d3e8	var_disjointsets	00a92860	override	var_disjointsets.slot_003	var_disjointsets_impl__vslot_003	0.90
0x00b0d680	obj_iter	obj_iter@0x00b0d680	0x00b0d648	0	0	00a92860					root_or_new	obj_iter.slot_000	obj_iter__vslot_000	0.78
0x00b0d680	obj_iter	obj_iter@0x00b0d680	0x00b0d648	1	0	00a92860					root_or_new	obj_iter.slot_001	obj_iter__vslot_001	0.78
0x00b0d680	obj_iter	obj_iter@0x00b0d680	0x00b0d648	2	0	00a92860					root_or_new	obj_iter.slot_002	obj_iter__vslot_002	0.78
0x00b0d8b8	objpairlist_searchiter	obj_iter@0x00b0d680	0x00b0d8a0	0	0	0074d343	FUN_0074d343	0x00b0d680	obj_iter	00a92860	override	obj_iter.slot_000	objpairlist_searchiter__vslot_000	0.90
0x00b0d8b8	objpairlist_searchiter	obj_iter@0x00b0d680	0x00b0d8a0	1	0	0074d3ac	FUN_0074d3ac	0x00b0d680	obj_iter	00a92860	override	obj_iter.slot_001	objpairlist_searchiter__vslot_001	0.90
0x00b0d8b8	objpairlist_searchiter	obj_iter@0x00b0d680	0x00b0d8a0	2	0	0074afa4	FUN_0074afa4	0x00b0d680	obj_iter	00a92860	override	obj_iter.slot_002	objpairlist_searchiter__vslot_002	0.90
0x00b0d908	InterblockDf	InterblockDf@0x00b0d908	0x00b0d8f8	0	0	00a92860					root_or_new	InterblockDf.slot_000	InterblockDf__vslot_000	0.78
0x00b0d908	InterblockDf	InterblockDf@0x00b0d908	0x00b0d8f8	1	0	00a92860					root_or_new	InterblockDf.slot_001	InterblockDf__vslot_001	0.78
0x00b0e82c	backend_dataflow	backend_dataflow@0x00b0e82c	0x00b0e544	0	0	0074dae0	FUN_0074dae0				root_or_new	backend_dataflow.slot_000	backend_dataflow__vslot_000	0.78
0x00b0e82c	backend_dataflow	backend_dataflow@0x00b0e82c	0x00b0e544	1	0	0076fdcf	FUN_0076fdcf				root_or_new	backend_dataflow.slot_001	backend_dataflow__vslot_001	0.78
0x00b0e82c	backend_dataflow	backend_dataflow@0x00b0e82c	0x00b0e544	2	0	0074dae5	FUN_0074dae5				root_or_new	backend_dataflow.slot_002	backend_dataflow__vslot_002	0.78
0x00b0e82c	backend_dataflow	backend_dataflow@0x00b0e82c	0x00b0e544	3	0	0074daea	FUN_0074daea				root_or_new	backend_dataflow.slot_003	backend_dataflow__vslot_003	0.78
0x00b0e82c	backend_dataflow	backend_dataflow@0x00b0e82c	0x00b0e544	4	0	0074daf3	FUN_0074daf3				root_or_new	backend_dataflow.slot_004	backend_dataflow__vslot_004	0.78
0x00b0e82c	backend_dataflow	backend_dataflow@0x00b0e82c	0x00b0e544	5	0	0076fd8c	FUN_0076fd8c				root_or_new	backend_dataflow.slot_005	backend_dataflow__vslot_005	0.78
0x00b0e82c	backend_dataflow	backend_dataflow@0x00b0e82c	0x00b0e544	6	0	007692da	FUN_007692da				root_or_new	backend_dataflow.slot_006	backend_dataflow__vslot_006	0.78
0x00b0e82c	backend_dataflow	backend_dataflow@0x00b0e82c	0x00b0e544	7	0	0076fd44	FUN_0076fd44				root_or_new	backend_dataflow.slot_007	backend_dataflow__vslot_007	0.78
0x00b0e82c	backend_dataflow	backend_dataflow@0x00b0e82c	0x00b0e544	8	0	00766cae	FUN_00766cae				root_or_new	backend_dataflow.slot_008	backend_dataflow__vslot_008	0.78
0x00b0e82c	backend_dataflow	backend_dataflow@0x00b0e82c	0x00b0e544	9	0	0074dafc	FUN_0074dafc				root_or_new	backend_dataflow.slot_009	backend_dataflow__vslot_009	0.78
0x00b0e82c	backend_dataflow	backend_dataflow@0x00b0e82c	0x00b0e544	10	0	007700a6	FUN_007700a6				root_or_new	backend_dataflow.slot_010	backend_dataflow__vslot_010	0.78
0x00b0e82c	backend_dataflow	backend_dataflow@0x00b0e82c	0x00b0e544	11	0	0074db05	FUN_0074db05				root_or_new	backend_dataflow.slot_011	backend_dataflow__vslot_011	0.78
0x00b0e82c	backend_dataflow	backend_dataflow@0x00b0e82c	0x00b0e544	12	0	0076fd2e	FUN_0076fd2e				root_or_new	backend_dataflow.slot_012	backend_dataflow__vslot_012	0.78
0x00b0e82c	backend_dataflow	backend_dataflow@0x00b0e82c	0x00b0e544	13	0	0074db19	FUN_0074db19				root_or_new	backend_dataflow.slot_013	backend_dataflow__vslot_013	0.78
0x00b0e82c	backend_dataflow	backend_dataflow@0x00b0e82c	0x00b0e544	14	0	0074db22	FUN_0074db22				root_or_new	backend_dataflow.slot_014	backend_dataflow__vslot_014	0.78
0x00b0e82c	backend_dataflow	backend_dataflow@0x00b0e82c	0x00b0e544	15	0	0074db2b	FUN_0074db2b				root_or_new	backend_dataflow.slot_015	backend_dataflow__vslot_015	0.78
0x00b0e82c	backend_dataflow	backend_dataflow@0x00b0e82c	0x00b0e544	16	0	0074db34	FUN_0074db34				root_or_new	backend_dataflow.slot_016	backend_dataflow__vslot_016	0.78
0x00b0e82c	backend_dataflow	backend_dataflow@0x00b0e82c	0x00b0e544	17	0	0074db43	FUN_0074db43				root_or_new	backend_dataflow.slot_017	backend_dataflow__vslot_017	0.78
0x00b0e82c	backend_dataflow	backend_dataflow@0x00b0e82c	0x00b0e544	18	0	0074db70	FUN_0074db70				root_or_new	backend_dataflow.slot_018	backend_dataflow__vslot_018	0.78
0x00b0e82c	backend_dataflow	backend_dataflow@0x00b0e82c	0x00b0e544	19	0	0076c5f7	FUN_0076c5f7				root_or_new	backend_dataflow.slot_019	backend_dataflow__vslot_019	0.78
0x00b0e82c	backend_dataflow	backend_dataflow@0x00b0e82c	0x00b0e544	20	0	0076c612	FUN_0076c612				root_or_new	backend_dataflow.slot_020	backend_dataflow__vslot_020	0.78
0x00b0e82c	backend_dataflow	backend_dataflow@0x00b0e82c	0x00b0e544	21	0	0074db7a	FUN_0074db7a				root_or_new	backend_dataflow.slot_021	backend_dataflow__vslot_021	0.78
0x00b0e82c	backend_dataflow	backend_dataflow@0x00b0e82c	0x00b0e544	22	0	0076ce1e	FUN_0076ce1e				root_or_new	backend_dataflow.slot_022	backend_dataflow__vslot_022	0.78
0x00b0e82c	backend_dataflow	backend_dataflow@0x00b0e82c	0x00b0e544	23	0	0074db88	FUN_0074db88				root_or_new	backend_dataflow.slot_023	backend_dataflow__vslot_023	0.78
0x00b0e82c	backend_dataflow	backend_dataflow@0x00b0e82c	0x00b0e544	24	0	0077017f	FUN_0077017f				root_or_new	backend_dataflow.slot_024	backend_dataflow__vslot_024	0.78
0x00b0e82c	backend_dataflow	backend_dataflow@0x00b0e82c	0x00b0e544	25	0	007711eb	FUN_007711eb				root_or_new	backend_dataflow.slot_025	backend_dataflow__vslot_025	0.78
0x00b0e82c	backend_dataflow	backend_dataflow@0x00b0e82c	0x00b0e544	26	0	0074db91	FUN_0074db91				root_or_new	backend_dataflow.slot_026	backend_dataflow__vslot_026	0.78
0x00b0e82c	backend_dataflow	backend_dataflow@0x00b0e82c	0x00b0e544	27	0	0074dba6	FUN_0074dba6				root_or_new	backend_dataflow.slot_027	backend_dataflow__vslot_027	0.78
0x00b0e83c	IndDataFlow	InterblockDf@0x00b0d908	0x00b0e62c	0	0	00a92860		0x00b0d908	InterblockDf	00a92860	inherited	InterblockDf.slot_000	IndDataFlow__vslot_000	0.93
0x00b0e83c	IndDataFlow	InterblockDf@0x00b0d908	0x00b0e62c	1	0	00a92860		0x00b0d908	InterblockDf	00a92860	inherited	InterblockDf.slot_001	IndDataFlow__vslot_001	0.93
0x00b0e83c	IndDataFlow	InterblockDf@0x00b0d908	0x00b0e62c	2	0	0074dd47	FUN_0074dd47	0x00b0d908	InterblockDf		root_or_new	InterblockDf.slot_002	IndDataFlow__vslot_002	0.78
0x00b0e83c	IndDataFlow	InterblockDf@0x00b0d908	0x00b0e62c	3	0	0074dd4c	FUN_0074dd4c	0x00b0d908	InterblockDf		root_or_new	InterblockDf.slot_003	IndDataFlow__vslot_003	0.78
0x00b0e83c	IndDataFlow	InterblockDf@0x00b0d908	0x00b0e62c	4	0	0074dd69	FUN_0074dd69	0x00b0d908	InterblockDf		root_or_new	InterblockDf.slot_004	IndDataFlow__vslot_004	0.78
0x00b0e83c	IndDataFlow	InterblockDf@0x00b0d908	0x00b0e62c	5	0	0074dd86	FUN_0074dd86	0x00b0d908	InterblockDf		root_or_new	InterblockDf.slot_005	IndDataFlow__vslot_005	0.78
0x00b0e83c	IndDataFlow	InterblockDf@0x00b0d908	0x00b0e62c	6	0	0074dd9f	FUN_0074dd9f	0x00b0d908	InterblockDf		root_or_new	InterblockDf.slot_006	IndDataFlow__vslot_006	0.78
0x00b0e83c	IndDataFlow	InterblockDf@0x00b0d908	0x00b0e62c	7	0	00a92860		0x00b0d908	InterblockDf		root_or_new	InterblockDf.slot_007	IndDataFlow__vslot_007	0.78
0x00b0e83c	IndDataFlow	InterblockDf@0x00b0d908	0x00b0e62c	8	0	0074ddb8	FUN_0074ddb8	0x00b0d908	InterblockDf		root_or_new	InterblockDf.slot_008	IndDataFlow__vslot_008	0.78
0x00b0e83c	IndDataFlow	InterblockDf@0x00b0d908	0x00b0e62c	9	0	0074ddbd	FUN_0074ddbd	0x00b0d908	InterblockDf		root_or_new	InterblockDf.slot_009	IndDataFlow__vslot_009	0.78
0x00b0e83c	IndDataFlow	InterblockDf@0x00b0d908	0x00b0e62c	10	0	0074ddc7	FUN_0074ddc7	0x00b0d908	InterblockDf		root_or_new	InterblockDf.slot_010	IndDataFlow__vslot_010	0.78
0x00b0e83c	IndDataFlow	InterblockDf@0x00b0d908	0x00b0e62c	11	0	00a92860		0x00b0d908	InterblockDf		root_or_new	InterblockDf.slot_011	IndDataFlow__vslot_011	0.78
0x00b0e83c	IndDataFlow	InterblockDf@0x00b0d908	0x00b0e62c	12	0	0076da5c	FUN_0076da5c	0x00b0d908	InterblockDf		root_or_new	InterblockDf.slot_012	IndDataFlow__vslot_012	0.78
0x00b0e83c	IndDataFlow	InterblockDf@0x00b0d908	0x00b0e62c	13	0	0076da6c	FUN_0076da6c	0x00b0d908	InterblockDf		root_or_new	InterblockDf.slot_013	IndDataFlow__vslot_013	0.78
0x00b0e83c	IndDataFlow	InterblockDf@0x00b0d908	0x00b0e62c	14	0	0074ddcc	FUN_0074ddcc	0x00b0d908	InterblockDf		root_or_new	InterblockDf.slot_014	IndDataFlow__vslot_014	0.78
0x00b0e84c	RBFwdDataFlow	InterblockDf@0x00b0d908	0x00b0e6ac	0	0	0076e5c3	FUN_0076e5c3	0x00b0e83c	IndDataFlow	00a92860	override	InterblockDf.slot_000	RBFwdDataFlow__vslot_000	0.90
0x00b0e84c	RBFwdDataFlow	InterblockDf@0x00b0d908	0x00b0e6ac	1	0	0076e876	FUN_0076e876	0x00b0e83c	IndDataFlow	00a92860	override	InterblockDf.slot_001	RBFwdDataFlow__vslot_001	0.90
0x00b0e84c	RBFwdDataFlow	InterblockDf@0x00b0d908	0x00b0e6ac	2	0	0074e21a	FUN_0074e21a	0x00b0e83c	IndDataFlow	0074dd47	override	InterblockDf.slot_002	RBFwdDataFlow__vslot_002	0.90
0x00b0e84c	RBFwdDataFlow	InterblockDf@0x00b0d908	0x00b0e6ac	3	0	00753da9	FUN_00753da9	0x00b0e83c	IndDataFlow	0074dd4c	override	InterblockDf.slot_003	RBFwdDataFlow__vslot_003	0.90
0x00b0e84c	RBFwdDataFlow	InterblockDf@0x00b0d908	0x00b0e6ac	4	0	0074dd69	FUN_0074dd69	0x00b0e83c	IndDataFlow	0074dd69	inherited	InterblockDf.slot_004	RBFwdDataFlow__vslot_004	0.93
0x00b0e84c	RBFwdDataFlow	InterblockDf@0x00b0d908	0x00b0e6ac	5	0	00753eb5	FUN_00753eb5	0x00b0e83c	IndDataFlow	0074dd86	override	InterblockDf.slot_005	RBFwdDataFlow__vslot_005	0.90
0x00b0e84c	RBFwdDataFlow	InterblockDf@0x00b0d908	0x00b0e6ac	6	0	0074dd9f	FUN_0074dd9f	0x00b0e83c	IndDataFlow	0074dd9f	inherited	InterblockDf.slot_006	RBFwdDataFlow__vslot_006	0.93
0x00b0e84c	RBFwdDataFlow	InterblockDf@0x00b0d908	0x00b0e6ac	7	0	00753f4e	FUN_00753f4e	0x00b0e83c	IndDataFlow	00a92860	override	InterblockDf.slot_007	RBFwdDataFlow__vslot_007	0.90
0x00b0e84c	RBFwdDataFlow	InterblockDf@0x00b0d908	0x00b0e6ac	8	0	0076e139	FUN_0076e139	0x00b0e83c	IndDataFlow	0074ddb8	override	InterblockDf.slot_008	RBFwdDataFlow__vslot_008	0.90
0x00b0e84c	RBFwdDataFlow	InterblockDf@0x00b0d908	0x00b0e6ac	9	0	0074ddbd	FUN_0074ddbd	0x00b0e83c	IndDataFlow	0074ddbd	inherited	InterblockDf.slot_009	RBFwdDataFlow__vslot_009	0.93
0x00b0e84c	RBFwdDataFlow	InterblockDf@0x00b0d908	0x00b0e6ac	10	0	00753c6c	FUN_00753c6c	0x00b0e83c	IndDataFlow	0074ddc7	override	InterblockDf.slot_010	RBFwdDataFlow__vslot_010	0.90
0x00b0e84c	RBFwdDataFlow	InterblockDf@0x00b0d908	0x00b0e6ac	11	0	0076e53f	FUN_0076e53f	0x00b0e83c	IndDataFlow	00a92860	override	InterblockDf.slot_011	RBFwdDataFlow__vslot_011	0.90
0x00b0e84c	RBFwdDataFlow	InterblockDf@0x00b0d908	0x00b0e6ac	12	0	0076da5c	FUN_0076da5c	0x00b0e83c	IndDataFlow	0076da5c	inherited	InterblockDf.slot_012	RBFwdDataFlow__vslot_012	0.93
0x00b0e84c	RBFwdDataFlow	InterblockDf@0x00b0d908	0x00b0e6ac	13	0	0076da6c	FUN_0076da6c	0x00b0e83c	IndDataFlow	0076da6c	inherited	InterblockDf.slot_013	RBFwdDataFlow__vslot_013	0.93
0x00b0e84c	RBFwdDataFlow	InterblockDf@0x00b0d908	0x00b0e6ac	14	0	0074ddcc	FUN_0074ddcc	0x00b0e83c	IndDataFlow	0074ddcc	inherited	InterblockDf.slot_014	RBFwdDataFlow__vslot_014	0.93
0x00b0e85c	RBBkwdDataFlow	InterblockDf@0x00b0d908	0x00b0e72c	0	0	0076e643	FUN_0076e643	0x00b0e83c	IndDataFlow	00a92860	override	InterblockDf.slot_000	RBBkwdDataFlow__vslot_000	0.90
0x00b0e85c	RBBkwdDataFlow	InterblockDf@0x00b0d908	0x00b0e72c	1	0	0076ec9e	FUN_0076ec9e	0x00b0e83c	IndDataFlow	00a92860	override	InterblockDf.slot_001	RBBkwdDataFlow__vslot_001	0.90
0x00b0e85c	RBBkwdDataFlow	InterblockDf@0x00b0d908	0x00b0e72c	2	0	0074e300	FUN_0074e300	0x00b0e83c	IndDataFlow	0074dd47	override	InterblockDf.slot_002	RBBkwdDataFlow__vslot_002	0.90
0x00b0e85c	RBBkwdDataFlow	InterblockDf@0x00b0d908	0x00b0e72c	3	0	0074dd4c	FUN_0074dd4c	0x00b0e83c	IndDataFlow	0074dd4c	inherited	InterblockDf.slot_003	RBBkwdDataFlow__vslot_003	0.93
0x00b0e85c	RBBkwdDataFlow	InterblockDf@0x00b0d908	0x00b0e72c	4	0	0074e30e	FUN_0074e30e	0x00b0e83c	IndDataFlow	0074dd69	override	InterblockDf.slot_004	RBBkwdDataFlow__vslot_004	0.90
0x00b0e85c	RBBkwdDataFlow	InterblockDf@0x00b0d908	0x00b0e72c	5	0	0074dd86	FUN_0074dd86	0x00b0e83c	IndDataFlow	0074dd86	inherited	InterblockDf.slot_005	RBBkwdDataFlow__vslot_005	0.93
0x00b0e85c	RBBkwdDataFlow	InterblockDf@0x00b0d908	0x00b0e72c	6	0	0074e377	FUN_0074e377	0x00b0e83c	IndDataFlow	0074dd9f	override	InterblockDf.slot_006	RBBkwdDataFlow__vslot_006	0.90
0x00b0e85c	RBBkwdDataFlow	InterblockDf@0x00b0d908	0x00b0e72c	7	0	00753fc7	FUN_00753fc7	0x00b0e83c	IndDataFlow	00a92860	override	InterblockDf.slot_007	RBBkwdDataFlow__vslot_007	0.90
0x00b0e85c	RBBkwdDataFlow	InterblockDf@0x00b0d908	0x00b0e72c	8	0	0076da7c	FUN_0076da7c	0x00b0e83c	IndDataFlow	0074ddb8	override	InterblockDf.slot_008	RBBkwdDataFlow__vslot_008	0.90
0x00b0e85c	RBBkwdDataFlow	InterblockDf@0x00b0d908	0x00b0e72c	9	0	0074e3bd	FUN_0074e3bd	0x00b0e83c	IndDataFlow	0074ddbd	override	InterblockDf.slot_009	RBBkwdDataFlow__vslot_009	0.90
0x00b0e85c	RBBkwdDataFlow	InterblockDf@0x00b0d908	0x00b0e72c	10	0	0074ddc7	FUN_0074ddc7	0x00b0e83c	IndDataFlow	0074ddc7	inherited	InterblockDf.slot_010	RBBkwdDataFlow__vslot_010	0.93
0x00b0e85c	RBBkwdDataFlow	InterblockDf@0x00b0d908	0x00b0e72c	11	0	0076e46b	FUN_0076e46b	0x00b0e83c	IndDataFlow	00a92860	override	InterblockDf.slot_011	RBBkwdDataFlow__vslot_011	0.90
0x00b0e85c	RBBkwdDataFlow	InterblockDf@0x00b0d908	0x00b0e72c	12	0	0076da5c	FUN_0076da5c	0x00b0e83c	IndDataFlow	0076da5c	inherited	InterblockDf.slot_012	RBBkwdDataFlow__vslot_012	0.93
0x00b0e85c	RBBkwdDataFlow	InterblockDf@0x00b0d908	0x00b0e72c	13	0	0076da6c	FUN_0076da6c	0x00b0e83c	IndDataFlow	0076da6c	inherited	InterblockDf.slot_013	RBBkwdDataFlow__vslot_013	0.93
0x00b0e85c	RBBkwdDataFlow	InterblockDf@0x00b0d908	0x00b0e72c	14	0	0074ddcc	FUN_0074ddcc	0x00b0e83c	IndDataFlow	0074ddcc	inherited	InterblockDf.slot_014	RBBkwdDataFlow__vslot_014	0.93
0x00b0e86c	RegReNameBkwdDataFlow	InterblockDf@0x00b0d908	0x00b0e7ac	0	0	0076a145	FUN_0076a145	0x00b0e83c	IndDataFlow	00a92860	override	InterblockDf.slot_000	RegReNameBkwdDataFlow__vslot_000	0.90
0x00b0e86c	RegReNameBkwdDataFlow	InterblockDf@0x00b0d908	0x00b0e7ac	1	0	0076a4bf	FUN_0076a4bf	0x00b0e83c	IndDataFlow	00a92860	override	InterblockDf.slot_001	RegReNameBkwdDataFlow__vslot_001	0.90
0x00b0e86c	RegReNameBkwdDataFlow	InterblockDf@0x00b0d908	0x00b0e7ac	2	0	0074dd47	FUN_0074dd47	0x00b0e83c	IndDataFlow	0074dd47	inherited	InterblockDf.slot_002	RegReNameBkwdDataFlow__vslot_002	0.93
0x00b0e86c	RegReNameBkwdDataFlow	InterblockDf@0x00b0d908	0x00b0e7ac	3	0	0074dd4c	FUN_0074dd4c	0x00b0e83c	IndDataFlow	0074dd4c	inherited	InterblockDf.slot_003	RegReNameBkwdDataFlow__vslot_003	0.93
0x00b0e86c	RegReNameBkwdDataFlow	InterblockDf@0x00b0d908	0x00b0e7ac	4	0	0074e3d6	FUN_0074e3d6	0x00b0e83c	IndDataFlow	0074dd69	override	InterblockDf.slot_004	RegReNameBkwdDataFlow__vslot_004	0.90
0x00b0e86c	RegReNameBkwdDataFlow	InterblockDf@0x00b0d908	0x00b0e7ac	5	0	0074dd86	FUN_0074dd86	0x00b0e83c	IndDataFlow	0074dd86	inherited	InterblockDf.slot_005	RegReNameBkwdDataFlow__vslot_005	0.93
0x00b0e86c	RegReNameBkwdDataFlow	InterblockDf@0x00b0d908	0x00b0e7ac	6	0	0074e429	FUN_0074e429	0x00b0e83c	IndDataFlow	0074dd9f	override	InterblockDf.slot_006	RegReNameBkwdDataFlow__vslot_006	0.90
0x00b0e86c	RegReNameBkwdDataFlow	InterblockDf@0x00b0d908	0x00b0e7ac	7	0	0074e464	FUN_0074e464	0x00b0e83c	IndDataFlow	00a92860	override	InterblockDf.slot_007	RegReNameBkwdDataFlow__vslot_007	0.90
0x00b0e86c	RegReNameBkwdDataFlow	InterblockDf@0x00b0d908	0x00b0e7ac	8	0	0074ddb8	FUN_0074ddb8	0x00b0e83c	IndDataFlow	0074ddb8	inherited	InterblockDf.slot_008	RegReNameBkwdDataFlow__vslot_008	0.93
0x00b0e86c	RegReNameBkwdDataFlow	InterblockDf@0x00b0d908	0x00b0e7ac	9	0	0076a5ce	FUN_0076a5ce	0x00b0e83c	IndDataFlow	0074ddbd	override	InterblockDf.slot_009	RegReNameBkwdDataFlow__vslot_009	0.90
0x00b0e86c	RegReNameBkwdDataFlow	InterblockDf@0x00b0d908	0x00b0e7ac	10	0	0074ddc7	FUN_0074ddc7	0x00b0e83c	IndDataFlow	0074ddc7	inherited	InterblockDf.slot_010	RegReNameBkwdDataFlow__vslot_010	0.93
0x00b0e86c	RegReNameBkwdDataFlow	InterblockDf@0x00b0d908	0x00b0e7ac	11	0	0076a793	FUN_0076a793	0x00b0e83c	IndDataFlow	00a92860	override	InterblockDf.slot_011	RegReNameBkwdDataFlow__vslot_011	0.90
0x00b0e86c	RegReNameBkwdDataFlow	InterblockDf@0x00b0d908	0x00b0e7ac	12	0	0076da5c	FUN_0076da5c	0x00b0e83c	IndDataFlow	0076da5c	inherited	InterblockDf.slot_012	RegReNameBkwdDataFlow__vslot_012	0.93
0x00b0e86c	RegReNameBkwdDataFlow	InterblockDf@0x00b0d908	0x00b0e7ac	13	0	0076da6c	FUN_0076da6c	0x00b0e83c	IndDataFlow	0076da6c	inherited	InterblockDf.slot_013	RegReNameBkwdDataFlow__vslot_013	0.93
0x00b0e86c	RegReNameBkwdDataFlow	InterblockDf@0x00b0d908	0x00b0e7ac	14	0	0074ddcc	FUN_0074ddcc	0x00b0e83c	IndDataFlow	0074ddcc	inherited	InterblockDf.slot_014	RegReNameBkwdDataFlow__vslot_014	0.93
0x00b0e91c	InterblockDf	InterblockDf@0x00b0e91c	0x00b0e8dc	0	0	00a92860					root_or_new	InterblockDf.slot_000	InterblockDf__vslot_000	0.78
0x00b0e91c	InterblockDf	InterblockDf@0x00b0e91c	0x00b0e8dc	1	0	00a92860					root_or_new	InterblockDf.slot_001	InterblockDf__vslot_001	0.78
0x00b0ed44	VNFwdDataFlow	InterblockDf@0x00b0d908	0x00b0ecb8	0	0	00779f66	FUN_00779f66	0x00b0e83c	IndDataFlow	00a92860	override	InterblockDf.slot_000	VNFwdDataFlow__vslot_000	0.90
0x00b0ed44	VNFwdDataFlow	InterblockDf@0x00b0d908	0x00b0ecb8	1	0	0077a131	FUN_0077a131	0x00b0e83c	IndDataFlow	00a92860	override	InterblockDf.slot_001	VNFwdDataFlow__vslot_001	0.90
0x00b0ed44	VNFwdDataFlow	InterblockDf@0x00b0d908	0x00b0ecb8	2	0	00779b03	FUN_00779b03	0x00b0e83c	IndDataFlow	0074dd47	override	InterblockDf.slot_002	VNFwdDataFlow__vslot_002	0.90
0x00b0ed44	VNFwdDataFlow	InterblockDf@0x00b0d908	0x00b0ecb8	3	0	00779b11	FUN_00779b11	0x00b0e83c	IndDataFlow	0074dd4c	override	InterblockDf.slot_003	VNFwdDataFlow__vslot_003	0.90
0x00b0ed44	VNFwdDataFlow	InterblockDf@0x00b0d908	0x00b0ecb8	4	0	00774486	FUN_00774486	0x00b0e83c	IndDataFlow	0074dd69	override	InterblockDf.slot_004	VNFwdDataFlow__vslot_004	0.90
0x00b0ed44	VNFwdDataFlow	InterblockDf@0x00b0d908	0x00b0ecb8	5	0	00779c05	FUN_00779c05	0x00b0e83c	IndDataFlow	0074dd86	override	InterblockDf.slot_005	VNFwdDataFlow__vslot_005	0.90
0x00b0ed44	VNFwdDataFlow	InterblockDf@0x00b0d908	0x00b0ecb8	6	0	007744a3	FUN_007744a3	0x00b0e83c	IndDataFlow	0074dd9f	override	InterblockDf.slot_006	VNFwdDataFlow__vslot_006	0.90
0x00b0ed44	VNFwdDataFlow	InterblockDf@0x00b0d908	0x00b0ecb8	7	0	00779cfc	FUN_00779cfc	0x00b0e83c	IndDataFlow	00a92860	override	InterblockDf.slot_007	VNFwdDataFlow__vslot_007	0.90
0x00b0ed44	VNFwdDataFlow	InterblockDf@0x00b0d908	0x00b0ecb8	8	0	007744bc	FUN_007744bc	0x00b0e83c	IndDataFlow	0074ddb8	override	InterblockDf.slot_008	VNFwdDataFlow__vslot_008	0.90
0x00b0ed44	VNFwdDataFlow	InterblockDf@0x00b0d908	0x00b0ecb8	9	0	007744c1	FUN_007744c1	0x00b0e83c	IndDataFlow	0074ddbd	override	InterblockDf.slot_009	VNFwdDataFlow__vslot_009	0.90
0x00b0ed44	VNFwdDataFlow	InterblockDf@0x00b0d908	0x00b0ecb8	10	0	007744cb	FUN_007744cb	0x00b0e83c	IndDataFlow	0074ddc7	override	InterblockDf.slot_010	VNFwdDataFlow__vslot_010	0.90
0x00b0ed44	VNFwdDataFlow	InterblockDf@0x00b0d908	0x00b0ecb8	11	0	0077a910	FUN_0077a910	0x00b0e83c	IndDataFlow	00a92860	override	InterblockDf.slot_011	VNFwdDataFlow__vslot_011	0.90
0x00b0ed44	VNFwdDataFlow	InterblockDf@0x00b0d908	0x00b0ecb8	12	0	00779add	FUN_00779add	0x00b0e83c	IndDataFlow	0076da5c	override	InterblockDf.slot_012	VNFwdDataFlow__vslot_012	0.90
0x00b0ed44	VNFwdDataFlow	InterblockDf@0x00b0d908	0x00b0ecb8	13	0	00779afe	FUN_00779afe	0x00b0e83c	IndDataFlow	0076da6c	override	InterblockDf.slot_013	VNFwdDataFlow__vslot_013	0.90
0x00b0ed44	VNFwdDataFlow	InterblockDf@0x00b0d908	0x00b0ecb8	14	0	00775706	FUN_00775706	0x00b0e83c	IndDataFlow	0074ddcc	override	InterblockDf.slot_014	VNFwdDataFlow__vslot_014	0.90
0x00b0edf0	ScavengingFixup	ScavengingFixup@0x00b0edf0	0x00b0ed98	0	0	00780a92	FUN_00780a92				root_or_new	ScavengingFixup.slot_000	ScavengingFixup__vslot_000	0.78
0x00b0edf0	ScavengingFixup	ScavengingFixup@0x00b0edf0	0x00b0ed98	1	0	00a92860					root_or_new	ScavengingFixup.slot_001	ScavengingFixup__vslot_001	0.78
0x00b0edf0	ScavengingFixup	ScavengingFixup@0x00b0edf0	0x00b0ed98	2	0	007808d0	FUN_007808d0				root_or_new	ScavengingFixup.slot_002	ScavengingFixup__vslot_002	0.78
0x00b0edf0	ScavengingFixup	ScavengingFixup@0x00b0edf0	0x00b0ed98	3	0	007808d9	FUN_007808d9				root_or_new	ScavengingFixup.slot_003	ScavengingFixup__vslot_003	0.78
0x00b0edf0	ScavengingFixup	ScavengingFixup@0x00b0edf0	0x00b0ed98	4	0	007808e2	FUN_007808e2				root_or_new	ScavengingFixup.slot_004	ScavengingFixup__vslot_004	0.78
0x00b0edf0	ScavengingFixup	ScavengingFixup@0x00b0edf0	0x00b0ed98	5	0	007808f2	FUN_007808f2				root_or_new	ScavengingFixup.slot_005	ScavengingFixup__vslot_005	0.78
0x00b0edf0	ScavengingFixup	ScavengingFixup@0x00b0edf0	0x00b0ed98	6	0	00780902	FUN_00780902				root_or_new	ScavengingFixup.slot_006	ScavengingFixup__vslot_006	0.78
0x00b0edf0	ScavengingFixup	ScavengingFixup@0x00b0edf0	0x00b0ed98	7	0	0078090b	FUN_0078090b				root_or_new	ScavengingFixup.slot_007	ScavengingFixup__vslot_007	0.78
0x00b0edf0	ScavengingFixup	ScavengingFixup@0x00b0edf0	0x00b0ed98	8	0	00a92860					root_or_new	ScavengingFixup.slot_008	ScavengingFixup__vslot_008	0.78
0x00b0edf0	ScavengingFixup	ScavengingFixup@0x00b0edf0	0x00b0ed98	9	0	00a92860					root_or_new	ScavengingFixup.slot_009	ScavengingFixup__vslot_009	0.78
0x00b0edf0	ScavengingFixup	ScavengingFixup@0x00b0edf0	0x00b0ed98	10	0	00780914	FUN_00780914				root_or_new	ScavengingFixup.slot_010	ScavengingFixup__vslot_010	0.78
0x00b0f1ec	std::exception	std_exception@0x00b0f1ec	0x00b0f174	0	0	00785910	FUN_00785910				root_or_new	std_exception.slot_000	std_exception__vslot_000	0.78
0x00b0f1ec	std::exception	std_exception@0x00b0f1ec	0x00b0f174	1	0	00785937	FUN_00785937				root_or_new	std_exception.slot_001	std_exception__vslot_001	0.78
0x00b0f1ec	std::exception	std_exception@0x00b0f1ec	0x00b0f174	2	0	00785943	FUN_00785943				root_or_new	std_exception.slot_002	std_exception__vslot_002	0.78
0x00b0f1fc	std::bad_alloc	std_exception@0x00b0f1ec	0x00b0f194	0	0	00785948	FUN_00785948	0x00b0f1ec	std::exception	00785910	override	std_exception.slot_000	std_bad_alloc__vslot_000	0.90
0x00b0f1fc	std::bad_alloc	std_exception@0x00b0f1ec	0x00b0f194	1	0	00785937	FUN_00785937	0x00b0f1ec	std::exception	00785937	inherited	std_exception.slot_001	std_bad_alloc__vslot_001	0.93
0x00b0f1fc	std::bad_alloc	std_exception@0x00b0f1ec	0x00b0f194	2	0	0078596f	FUN_0078596f	0x00b0f1ec	std::exception	00785943	override	std_exception.slot_002	std_bad_alloc__vslot_002	0.90
0x00b0f20c	std::logic_error	std_exception@0x00b0f1ec	0x00b0f1b4	0	0	00786081	FUN_00786081	0x00b0f1ec	std::exception	00785910	override	std_exception.slot_000	std_logic_error__vslot_000	0.90
0x00b0f20c	std::logic_error	std_exception@0x00b0f1ec	0x00b0f1b4	1	0	007860ba	FUN_007860ba	0x00b0f1ec	std::exception	00785937	override	std_exception.slot_001	std_logic_error__vslot_001	0.90
0x00b0f20c	std::logic_error	std_exception@0x00b0f1ec	0x00b0f1b4	2	0	007860d7	FUN_007860d7	0x00b0f1ec	std::exception	00785943	override	std_exception.slot_002	std_logic_error__vslot_002	0.90
0x00b0f21c	std::length_error	std_exception@0x00b0f1ec	0x00b0f1d4	0	0	007860e8	FUN_007860e8	0x00b0f20c	std::logic_error	00786081	override	std_exception.slot_000	std_length_error__vslot_000	0.90
0x00b0f21c	std::length_error	std_exception@0x00b0f1ec	0x00b0f1d4	1	0	007860ba	FUN_007860ba	0x00b0f20c	std::logic_error	007860ba	inherited	std_exception.slot_001	std_length_error__vslot_001	0.93
0x00b0f21c	std::length_error	std_exception@0x00b0f1ec	0x00b0f1d4	2	0	00786121	FUN_00786121	0x00b0f20c	std::logic_error	007860d7	override	std_exception.slot_002	std_length_error__vslot_002	0.90
0x00b0f5dc	std::exception	std_exception@0x00b0f5dc	0x00b0f544	0	0	00787800	FUN_00787800				root_or_new	std_exception.slot_000	std_exception__vslot_000	0.78
0x00b0f5dc	std::exception	std_exception@0x00b0f5dc	0x00b0f544	1	0	00787827	FUN_00787827				root_or_new	std_exception.slot_001	std_exception__vslot_001	0.78
0x00b0f5dc	std::exception	std_exception@0x00b0f5dc	0x00b0f544	2	0	00787833	FUN_00787833				root_or_new	std_exception.slot_002	std_exception__vslot_002	0.78
0x00b0f5ec	std::bad_alloc	std_exception@0x00b0f5dc	0x00b0f564	0	0	00787838	FUN_00787838	0x00b0f5dc	std::exception	00787800	override	std_exception.slot_000	std_bad_alloc__vslot_000	0.90
0x00b0f5ec	std::bad_alloc	std_exception@0x00b0f5dc	0x00b0f564	1	0	00787827	FUN_00787827	0x00b0f5dc	std::exception	00787827	inherited	std_exception.slot_001	std_bad_alloc__vslot_001	0.93
0x00b0f5ec	std::bad_alloc	std_exception@0x00b0f5dc	0x00b0f564	2	0	0078785f	FUN_0078785f	0x00b0f5dc	std::exception	00787833	override	std_exception.slot_002	std_bad_alloc__vslot_002	0.90
0x00b0f5fc	std::logic_error	std_exception@0x00b0f5dc	0x00b0f584	0	0	007881fc	FUN_007881fc	0x00b0f5dc	std::exception	00787800	override	std_exception.slot_000	std_logic_error__vslot_000	0.90
0x00b0f5fc	std::logic_error	std_exception@0x00b0f5dc	0x00b0f584	1	0	00788235	FUN_00788235	0x00b0f5dc	std::exception	00787827	override	std_exception.slot_001	std_logic_error__vslot_001	0.90
0x00b0f5fc	std::logic_error	std_exception@0x00b0f5dc	0x00b0f584	2	0	00788252	FUN_00788252	0x00b0f5dc	std::exception	00787833	override	std_exception.slot_002	std_logic_error__vslot_002	0.90
0x00b0f60c	std::length_error	std_exception@0x00b0f5dc	0x00b0f5a4	0	0	00788263	FUN_00788263	0x00b0f5fc	std::logic_error	007881fc	override	std_exception.slot_000	std_length_error__vslot_000	0.90
0x00b0f60c	std::length_error	std_exception@0x00b0f5dc	0x00b0f5a4	1	0	00788235	FUN_00788235	0x00b0f5fc	std::logic_error	00788235	inherited	std_exception.slot_001	std_length_error__vslot_001	0.93
0x00b0f60c	std::length_error	std_exception@0x00b0f5dc	0x00b0f5a4	2	0	0078829c	FUN_0078829c	0x00b0f5fc	std::logic_error	00788252	override	std_exception.slot_002	std_length_error__vslot_002	0.90
0x00b0f61c	std::out_of_range	std_exception@0x00b0f5dc	0x00b0f5c4	0	0	007882ad	FUN_007882ad	0x00b0f5fc	std::logic_error	007881fc	override	std_exception.slot_000	std_out_of_range__vslot_000	0.90
0x00b0f61c	std::out_of_range	std_exception@0x00b0f5dc	0x00b0f5c4	1	0	00788235	FUN_00788235	0x00b0f5fc	std::logic_error	00788235	inherited	std_exception.slot_001	std_out_of_range__vslot_001	0.93
0x00b0f61c	std::out_of_range	std_exception@0x00b0f5dc	0x00b0f5c4	2	0	007882e6	FUN_007882e6	0x00b0f5fc	std::logic_error	00788252	override	std_exception.slot_002	std_out_of_range__vslot_002	0.90
0x00b10d30	register_range	operand_parser@0x00b0c7cc	0x00b105b8	0	0	0078acb8	FUN_0078acb8	0x00b0c7cc	operand_parser	0073b5d2	override	operand_parser.slot_000	register_range__vslot_000	0.90
0x00b10d30	register_range	operand_parser@0x00b0c7cc	0x00b105b8	1	0	0078ae3a	FUN_0078ae3a	0x00b0c7cc	operand_parser	0073b5db	override	operand_parser.slot_001	register_range__vslot_001	0.90
0x00b10d30	register_range	operand_parser@0x00b0c7cc	0x00b105b8	2	0	0078ada6	FUN_0078ada6	0x00b0c7cc	operand_parser	0073b5e0	override	operand_parser.slot_002	register_range__vslot_002	0.90
0x00b10d30	register_range	operand_parser@0x00b0c7cc	0x00b105b8	3	0	0078addc	FUN_0078addc	0x00b0c7cc	operand_parser	0073b629	override	operand_parser.slot_003	register_range__vslot_003	0.90
0x00b10d30	register_range	operand_parser@0x00b0c7cc	0x00b105b8	4	0	0078af4d	FUN_0078af4d	0x00b0c7cc	operand_parser	0073b65e	override	operand_parser.slot_004	register_range__vslot_004	0.90
0x00b10d30	register_range	operand_parser@0x00b0c7cc	0x00b105b8	5	0	00742a3b	FUN_00742a3b	0x00b0c7cc	operand_parser	0073b663	override	operand_parser.slot_005	register_range__vslot_005	0.90
0x00b10d30	register_range	operand_parser@0x00b0c7cc	0x00b105b8	6	0	00742622	FUN_00742622	0x00b0c7cc	operand_parser	00742622	inherited	operand_parser.slot_006	register_range__vslot_006	0.93
0x00b10d30	register_range	operand_parser@0x00b0c7cc	0x00b105b8	7	0	0078a665	FUN_0078a665	0x00b0c7cc	operand_parser	0073b684	override	operand_parser.slot_007	register_range__vslot_007	0.90
0x00b10d30	register_range	operand_parser@0x00b0c7cc	0x00b105b8	8	0	00742bcd	FUN_00742bcd	0x00b0c7cc	operand_parser	0073b68e	override	operand_parser.slot_008	register_range__vslot_008	0.90
0x00b10d30	register_range	operand_parser@0x00b0c7cc	0x00b105b8	9	0	0074281b	FUN_0074281b	0x00b0c7cc	operand_parser	0074281b	inherited	operand_parser.slot_009	register_range__vslot_009	0.93
0x00b10d30	register_range	operand_parser@0x00b0c7cc	0x00b105b8	10	0	00742c28	FUN_00742c28	0x00b0c7cc	operand_parser	0073b697	override	operand_parser.slot_010	register_range__vslot_010	0.90
0x00b10d30	register_range	operand_parser@0x00b0c7cc	0x00b105b8	11	0	0079b5c2	FUN_0079b5c2	0x00b0c7cc	operand_parser	0073b6b8	override	operand_parser.slot_011	register_range__vslot_011	0.90
0x00b10d30	register_range	operand_parser@0x00b0c7cc	0x00b105b8	12	0	0079b63f	FUN_0079b63f	0x00b0c7cc	operand_parser	0073b6ce	override	operand_parser.slot_012	register_range__vslot_012	0.90
0x00b10d30	register_range	operand_parser@0x00b0c7cc	0x00b105b8	13	0	0079b5b0	FUN_0079b5b0	0x00b0c7cc	operand_parser	0079b5b0	inherited	operand_parser.slot_013	register_range__vslot_013	0.93
0x00b10d30	register_range	operand_parser@0x00b0c7cc	0x00b105b8	14	0	007a127c	FUN_007a127c	0x00b0c7cc	operand_parser	0073b6e2	override	operand_parser.slot_014	register_range__vslot_014	0.90
0x00b10d30	register_range	operand_parser@0x00b0c7cc	0x00b105b8	15	0	007a129c	FUN_007a129c	0x00b0c7cc	operand_parser	0073b6fc	override	operand_parser.slot_015	register_range__vslot_015	0.90
0x00b10d30	register_range	operand_parser@0x00b0c7cc	0x00b105b8	16	0	007a12bc	FUN_007a12bc	0x00b0c7cc	operand_parser	0073b710	override	operand_parser.slot_016	register_range__vslot_016	0.90
0x00b10d30	register_range	operand_parser@0x00b0c7cc	0x00b105b8	17	0	007a12dd	FUN_007a12dd	0x00b0c7cc	operand_parser	0073b731	override	operand_parser.slot_017	register_range__vslot_017	0.90
0x00b10d30	register_range	operand_parser@0x00b0c7cc	0x00b105b8	18	0	0078b2a2	FUN_0078b2a2	0x00b0c7cc	operand_parser	0073b751	override	operand_parser.slot_018	register_range__vslot_018	0.90
0x00b10d30	register_range	operand_parser@0x00b0c7cc	0x00b105b8	19	0	0078b309	FUN_0078b309	0x00b0c7cc	operand_parser	0073b7ac	override	operand_parser.slot_019	register_range__vslot_019	0.90
0x00b10d30	register_range	operand_parser@0x00b0c7cc	0x00b105b8	20	0	0078a7dc	FUN_0078a7dc	0x00b0c7cc	operand_parser	0073b7fb	override	operand_parser.slot_020	register_range__vslot_020	0.90
0x00b10d30	register_range	operand_parser@0x00b0c7cc	0x00b105b8	21	0	0078b33f	FUN_0078b33f	0x00b0c7cc	operand_parser	0073b853	override	operand_parser.slot_021	register_range__vslot_021	0.90
0x00b10d30	register_range	operand_parser@0x00b0c7cc	0x00b105b8	22	0	0078b375	FUN_0078b375	0x00b0c7cc	operand_parser	0073b874	override	operand_parser.slot_022	register_range__vslot_022	0.90
0x00b10d40	register_set	operand_parser@0x00b0c7cc	0x00b10070	0	0	0078b6c7	FUN_0078b6c7	0x00b0c7cc	operand_parser	0073b5d2	override	operand_parser.slot_000	register_set__vslot_000	0.90
0x00b10d40	register_set	operand_parser@0x00b0c7cc	0x00b10070	1	0	0078b8ab	FUN_0078b8ab	0x00b0c7cc	operand_parser	0073b5db	override	operand_parser.slot_001	register_set__vslot_001	0.90
0x00b10d40	register_set	operand_parser@0x00b0c7cc	0x00b10070	2	0	0078b7db	FUN_0078b7db	0x00b0c7cc	operand_parser	0073b5e0	override	operand_parser.slot_002	register_set__vslot_002	0.90
0x00b10d40	register_set	operand_parser@0x00b0c7cc	0x00b10070	3	0	0078b81f	FUN_0078b81f	0x00b0c7cc	operand_parser	0073b629	override	operand_parser.slot_003	register_set__vslot_003	0.90
0x00b10d40	register_set	operand_parser@0x00b0c7cc	0x00b10070	4	0	0078b927	FUN_0078b927	0x00b0c7cc	operand_parser	0073b65e	override	operand_parser.slot_004	register_set__vslot_004	0.90
0x00b10d40	register_set	operand_parser@0x00b0c7cc	0x00b10070	5	0	00742c51	FUN_00742c51	0x00b0c7cc	operand_parser	0073b663	override	operand_parser.slot_005	register_set__vslot_005	0.90
0x00b10d40	register_set	operand_parser@0x00b0c7cc	0x00b10070	6	0	00742622	FUN_00742622	0x00b0c7cc	operand_parser	00742622	inherited	operand_parser.slot_006	register_set__vslot_006	0.93
0x00b10d40	register_set	operand_parser@0x00b0c7cc	0x00b10070	7	0	00742e0d	FUN_00742e0d	0x00b0c7cc	operand_parser	0073b684	override	operand_parser.slot_007	register_set__vslot_007	0.90
0x00b10d40	register_set	operand_parser@0x00b0c7cc	0x00b10070	8	0	00742e72	FUN_00742e72	0x00b0c7cc	operand_parser	0073b68e	override	operand_parser.slot_008	register_set__vslot_008	0.90
0x00b10d40	register_set	operand_parser@0x00b0c7cc	0x00b10070	9	0	0074281b	FUN_0074281b	0x00b0c7cc	operand_parser	0074281b	inherited	operand_parser.slot_009	register_set__vslot_009	0.93
0x00b10d40	register_set	operand_parser@0x00b0c7cc	0x00b10070	10	0	0078a678	FUN_0078a678	0x00b0c7cc	operand_parser	0073b697	override	operand_parser.slot_010	register_set__vslot_010	0.90
0x00b10d40	register_set	operand_parser@0x00b0c7cc	0x00b10070	11	0	0079b669	FUN_0079b669	0x00b0c7cc	operand_parser	0073b6b8	override	operand_parser.slot_011	register_set__vslot_011	0.90
0x00b10d40	register_set	operand_parser@0x00b0c7cc	0x00b10070	12	0	0079b710	FUN_0079b710	0x00b0c7cc	operand_parser	0073b6ce	override	operand_parser.slot_012	register_set__vslot_012	0.90
0x00b10d40	register_set	operand_parser@0x00b0c7cc	0x00b10070	13	0	0079b5b0	FUN_0079b5b0	0x00b0c7cc	operand_parser	0079b5b0	inherited	operand_parser.slot_013	register_set__vslot_013	0.93
0x00b10d40	register_set	operand_parser@0x00b0c7cc	0x00b10070	14	0	007a12fd	FUN_007a12fd	0x00b0c7cc	operand_parser	0073b6e2	override	operand_parser.slot_014	register_set__vslot_014	0.90
0x00b10d40	register_set	operand_parser@0x00b0c7cc	0x00b10070	15	0	007a131d	FUN_007a131d	0x00b0c7cc	operand_parser	0073b6fc	override	operand_parser.slot_015	register_set__vslot_015	0.90
0x00b10d40	register_set	operand_parser@0x00b0c7cc	0x00b10070	16	0	007a133d	FUN_007a133d	0x00b0c7cc	operand_parser	0073b710	override	operand_parser.slot_016	register_set__vslot_016	0.90
0x00b10d40	register_set	operand_parser@0x00b0c7cc	0x00b10070	17	0	007a135e	FUN_007a135e	0x00b0c7cc	operand_parser	0073b731	override	operand_parser.slot_017	register_set__vslot_017	0.90
0x00b10d40	register_set	operand_parser@0x00b0c7cc	0x00b10070	18	0	0078bc7c	FUN_0078bc7c	0x00b0c7cc	operand_parser	0073b751	override	operand_parser.slot_018	register_set__vslot_018	0.90
0x00b10d40	register_set	operand_parser@0x00b0c7cc	0x00b10070	19	0	0078bce3	FUN_0078bce3	0x00b0c7cc	operand_parser	0073b7ac	override	operand_parser.slot_019	register_set__vslot_019	0.90
0x00b10d40	register_set	operand_parser@0x00b0c7cc	0x00b10070	20	0	0078a7dc	FUN_0078a7dc	0x00b0c7cc	operand_parser	0073b7fb	override	operand_parser.slot_020	register_set__vslot_020	0.90
0x00b10d40	register_set	operand_parser@0x00b0c7cc	0x00b10070	21	0	0078bd19	FUN_0078bd19	0x00b0c7cc	operand_parser	0073b853	override	operand_parser.slot_021	register_set__vslot_021	0.90
0x00b10d40	register_set	operand_parser@0x00b0c7cc	0x00b10070	22	0	0078bd4f	FUN_0078bd4f	0x00b0c7cc	operand_parser	0073b874	override	operand_parser.slot_022	register_set__vslot_022	0.90
0x00b10d50	register_implicit	operand_parser@0x00b0c7cc	0x00b10678	0	0	0078a5b3	FUN_0078a5b3	0x00b0c7cc	operand_parser	0073b5d2	override	operand_parser.slot_000	register_implicit__vslot_000	0.90
0x00b10d50	register_implicit	operand_parser@0x00b0c7cc	0x00b10678	1	0	0078a5bc	FUN_0078a5bc	0x00b0c7cc	operand_parser	0073b5db	override	operand_parser.slot_001	register_implicit__vslot_001	0.90
0x00b10d50	register_implicit	operand_parser@0x00b0c7cc	0x00b10678	2	0	0078a5c1	FUN_0078a5c1	0x00b0c7cc	operand_parser	0073b5e0	override	operand_parser.slot_002	register_implicit__vslot_002	0.90
0x00b10d50	register_implicit	operand_parser@0x00b0c7cc	0x00b10678	3	0	0078a60a	FUN_0078a60a	0x00b0c7cc	operand_parser	0073b629	override	operand_parser.slot_003	register_implicit__vslot_003	0.90
0x00b10d50	register_implicit	operand_parser@0x00b0c7cc	0x00b10678	4	0	0078be11	FUN_0078be11	0x00b0c7cc	operand_parser	0073b65e	override	operand_parser.slot_004	register_implicit__vslot_004	0.90
0x00b10d50	register_implicit	operand_parser@0x00b0c7cc	0x00b10678	5	0	00742ef7	FUN_00742ef7	0x00b0c7cc	operand_parser	0073b663	override	operand_parser.slot_005	register_implicit__vslot_005	0.90
0x00b10d50	register_implicit	operand_parser@0x00b0c7cc	0x00b10678	6	0	00742622	FUN_00742622	0x00b0c7cc	operand_parser	00742622	inherited	operand_parser.slot_006	register_implicit__vslot_006	0.93
0x00b10d50	register_implicit	operand_parser@0x00b0c7cc	0x00b10678	7	0	0074308b	FUN_0074308b	0x00b0c7cc	operand_parser	0073b684	override	operand_parser.slot_007	register_implicit__vslot_007	0.90
0x00b10d50	register_implicit	operand_parser@0x00b0c7cc	0x00b10678	8	0	0078a66f	FUN_0078a66f	0x00b0c7cc	operand_parser	0073b68e	override	operand_parser.slot_008	register_implicit__vslot_008	0.90
0x00b10d50	register_implicit	operand_parser@0x00b0c7cc	0x00b10678	9	0	007430b7	FUN_007430b7	0x00b0c7cc	operand_parser	0074281b	override	operand_parser.slot_009	register_implicit__vslot_009	0.90
0x00b10d50	register_implicit	operand_parser@0x00b0c7cc	0x00b10678	10	0	0078a678	FUN_0078a678	0x00b0c7cc	operand_parser	0073b697	override	operand_parser.slot_010	register_implicit__vslot_010	0.90
0x00b10d50	register_implicit	operand_parser@0x00b0c7cc	0x00b10678	11	0	0079b73a	FUN_0079b73a	0x00b0c7cc	operand_parser	0073b6b8	override	operand_parser.slot_011	register_implicit__vslot_011	0.90
0x00b10d50	register_implicit	operand_parser@0x00b0c7cc	0x00b10678	12	0	0079b7cd	FUN_0079b7cd	0x00b0c7cc	operand_parser	0073b6ce	override	operand_parser.slot_012	register_implicit__vslot_012	0.90
0x00b10d50	register_implicit	operand_parser@0x00b0c7cc	0x00b10678	13	0	0079b5b0	FUN_0079b5b0	0x00b0c7cc	operand_parser	0079b5b0	inherited	operand_parser.slot_013	register_implicit__vslot_013	0.93
0x00b10d50	register_implicit	operand_parser@0x00b0c7cc	0x00b10678	14	0	007a137e	FUN_007a137e	0x00b0c7cc	operand_parser	0073b6e2	override	operand_parser.slot_014	register_implicit__vslot_014	0.90
0x00b10d50	register_implicit	operand_parser@0x00b0c7cc	0x00b10678	15	0	007a139e	FUN_007a139e	0x00b0c7cc	operand_parser	0073b6fc	override	operand_parser.slot_015	register_implicit__vslot_015	0.90
0x00b10d50	register_implicit	operand_parser@0x00b0c7cc	0x00b10678	16	0	007a13be	FUN_007a13be	0x00b0c7cc	operand_parser	0073b710	override	operand_parser.slot_016	register_implicit__vslot_016	0.90
0x00b10d50	register_implicit	operand_parser@0x00b0c7cc	0x00b10678	17	0	007a13df	FUN_007a13df	0x00b0c7cc	operand_parser	0073b731	override	operand_parser.slot_017	register_implicit__vslot_017	0.90
0x00b10d50	register_implicit	operand_parser@0x00b0c7cc	0x00b10678	18	0	0078a732	FUN_0078a732	0x00b0c7cc	operand_parser	0073b751	override	operand_parser.slot_018	register_implicit__vslot_018	0.90
0x00b10d50	register_implicit	operand_parser@0x00b0c7cc	0x00b10678	19	0	0078c15d	FUN_0078c15d	0x00b0c7cc	operand_parser	0073b7ac	override	operand_parser.slot_019	register_implicit__vslot_019	0.90
0x00b10d50	register_implicit	operand_parser@0x00b0c7cc	0x00b10678	20	0	0078a7dc	FUN_0078a7dc	0x00b0c7cc	operand_parser	0073b7fb	override	operand_parser.slot_020	register_implicit__vslot_020	0.90
0x00b10d50	register_implicit	operand_parser@0x00b0c7cc	0x00b10678	21	0	0078a834	FUN_0078a834	0x00b0c7cc	operand_parser	0073b853	override	operand_parser.slot_021	register_implicit__vslot_021	0.90
0x00b10d50	register_implicit	operand_parser@0x00b0c7cc	0x00b10678	22	0	0078a855	FUN_0078a855	0x00b0c7cc	operand_parser	0073b874	override	operand_parser.slot_022	register_implicit__vslot_022	0.90
0x00b10d60	textset	operand_parser@0x00b0c7cc	0x00b10130	0	0	0078dfda	FUN_0078dfda	0x00b0c7cc	operand_parser	0073b5d2	override	operand_parser.slot_000	textset__vslot_000	0.90
0x00b10d60	textset	operand_parser@0x00b0c7cc	0x00b10130	1	0	0078e142	FUN_0078e142	0x00b0c7cc	operand_parser	0073b5db	override	operand_parser.slot_001	textset__vslot_001	0.90
0x00b10d60	textset	operand_parser@0x00b0c7cc	0x00b10130	2	0	0078a5c1	FUN_0078a5c1	0x00b0c7cc	operand_parser	0073b5e0	override	operand_parser.slot_002	textset__vslot_002	0.90
0x00b10d60	textset	operand_parser@0x00b0c7cc	0x00b10130	3	0	0078e0d1	FUN_0078e0d1	0x00b0c7cc	operand_parser	0073b629	override	operand_parser.slot_003	textset__vslot_003	0.90
0x00b10d60	textset	operand_parser@0x00b0c7cc	0x00b10130	4	0	0078a63f	FUN_0078a63f	0x00b0c7cc	operand_parser	0073b65e	override	operand_parser.slot_004	textset__vslot_004	0.90
0x00b10d60	textset	operand_parser@0x00b0c7cc	0x00b10130	5	0	0078a871	FUN_0078a871	0x00b0c7cc	operand_parser	0073b663	override	operand_parser.slot_005	textset__vslot_005	0.90
0x00b10d60	textset	operand_parser@0x00b0c7cc	0x00b10130	6	0	00742622	FUN_00742622	0x00b0c7cc	operand_parser	00742622	inherited	operand_parser.slot_006	textset__vslot_006	0.93
0x00b10d60	textset	operand_parser@0x00b0c7cc	0x00b10130	7	0	0078a665	FUN_0078a665	0x00b0c7cc	operand_parser	0073b684	override	operand_parser.slot_007	textset__vslot_007	0.90
0x00b10d60	textset	operand_parser@0x00b0c7cc	0x00b10130	8	0	0078a66f	FUN_0078a66f	0x00b0c7cc	operand_parser	0073b68e	override	operand_parser.slot_008	textset__vslot_008	0.90
0x00b10d60	textset	operand_parser@0x00b0c7cc	0x00b10130	9	0	0074281b	FUN_0074281b	0x00b0c7cc	operand_parser	0074281b	inherited	operand_parser.slot_009	textset__vslot_009	0.93
0x00b10d60	textset	operand_parser@0x00b0c7cc	0x00b10130	10	0	0078a678	FUN_0078a678	0x00b0c7cc	operand_parser	0073b697	override	operand_parser.slot_010	textset__vslot_010	0.90
0x00b10d60	textset	operand_parser@0x00b0c7cc	0x00b10130	11	0	0079b7f8	FUN_0079b7f8	0x00b0c7cc	operand_parser	0073b6b8	override	operand_parser.slot_011	textset__vslot_011	0.90
0x00b10d60	textset	operand_parser@0x00b0c7cc	0x00b10130	12	0	0079b8e2	FUN_0079b8e2	0x00b0c7cc	operand_parser	0073b6ce	override	operand_parser.slot_012	textset__vslot_012	0.90
0x00b10d60	textset	operand_parser@0x00b0c7cc	0x00b10130	13	0	0079b5b0	FUN_0079b5b0	0x00b0c7cc	operand_parser	0079b5b0	inherited	operand_parser.slot_013	textset__vslot_013	0.93
0x00b10d60	textset	operand_parser@0x00b0c7cc	0x00b10130	14	0	007a13ff	FUN_007a13ff	0x00b0c7cc	operand_parser	0073b6e2	override	operand_parser.slot_014	textset__vslot_014	0.90
0x00b10d60	textset	operand_parser@0x00b0c7cc	0x00b10130	15	0	007a141f	FUN_007a141f	0x00b0c7cc	operand_parser	0073b6fc	override	operand_parser.slot_015	textset__vslot_015	0.90
0x00b10d60	textset	operand_parser@0x00b0c7cc	0x00b10130	16	0	007a143f	FUN_007a143f	0x00b0c7cc	operand_parser	0073b710	override	operand_parser.slot_016	textset__vslot_016	0.90
0x00b10d60	textset	operand_parser@0x00b0c7cc	0x00b10130	17	0	007a1460	FUN_007a1460	0x00b0c7cc	operand_parser	0073b731	override	operand_parser.slot_017	textset__vslot_017	0.90
0x00b10d60	textset	operand_parser@0x00b0c7cc	0x00b10130	18	0	0078a732	FUN_0078a732	0x00b0c7cc	operand_parser	0073b751	override	operand_parser.slot_018	textset__vslot_018	0.90
0x00b10d60	textset	operand_parser@0x00b0c7cc	0x00b10130	19	0	0078a78d	FUN_0078a78d	0x00b0c7cc	operand_parser	0073b7ac	override	operand_parser.slot_019	textset__vslot_019	0.90
0x00b10d60	textset	operand_parser@0x00b0c7cc	0x00b10130	20	0	0078a7dc	FUN_0078a7dc	0x00b0c7cc	operand_parser	0073b7fb	override	operand_parser.slot_020	textset__vslot_020	0.90
0x00b10d60	textset	operand_parser@0x00b0c7cc	0x00b10130	21	0	0078a87b	FUN_0078a87b	0x00b0c7cc	operand_parser	0073b853	override	operand_parser.slot_021	textset__vslot_021	0.90
0x00b10d60	textset	operand_parser@0x00b0c7cc	0x00b10130	22	0	0078a855	FUN_0078a855	0x00b0c7cc	operand_parser	0073b874	override	operand_parser.slot_022	textset__vslot_022	0.90
0x00b10d70	immediate	operand_parser@0x00b0c7cc	0x00b101f0	0	0	0078c28b	FUN_0078c28b	0x00b0c7cc	operand_parser	0073b5d2	override	operand_parser.slot_000	immediate__vslot_000	0.90
0x00b10d70	immediate	operand_parser@0x00b0c7cc	0x00b101f0	1	0	0078cd07	FUN_0078cd07	0x00b0c7cc	operand_parser	0073b5db	override	operand_parser.slot_001	immediate__vslot_001	0.90
0x00b10d70	immediate	operand_parser@0x00b0c7cc	0x00b101f0	2	0	0078d31f	FUN_0078d31f	0x00b0c7cc	operand_parser	0073b5e0	override	operand_parser.slot_002	immediate__vslot_002	0.90
0x00b10d70	immediate	operand_parser@0x00b0c7cc	0x00b101f0	3	0	0078d4c7	FUN_0078d4c7	0x00b0c7cc	operand_parser	0073b629	override	operand_parser.slot_003	immediate__vslot_003	0.90
0x00b10d70	immediate	operand_parser@0x00b0c7cc	0x00b101f0	4	0	0078a63f	FUN_0078a63f	0x00b0c7cc	operand_parser	0073b65e	override	operand_parser.slot_004	immediate__vslot_004	0.90
0x00b10d70	immediate	operand_parser@0x00b0c7cc	0x00b101f0	5	0	007432aa	FUN_007432aa	0x00b0c7cc	operand_parser	0073b663	override	operand_parser.slot_005	immediate__vslot_005	0.90
0x00b10d70	immediate	operand_parser@0x00b0c7cc	0x00b101f0	6	0	00742622	FUN_00742622	0x00b0c7cc	operand_parser	00742622	inherited	operand_parser.slot_006	immediate__vslot_006	0.93
0x00b10d70	immediate	operand_parser@0x00b0c7cc	0x00b101f0	7	0	0078a665	FUN_0078a665	0x00b0c7cc	operand_parser	0073b684	override	operand_parser.slot_007	immediate__vslot_007	0.90
0x00b10d70	immediate	operand_parser@0x00b0c7cc	0x00b101f0	8	0	00743723	FUN_00743723	0x00b0c7cc	operand_parser	0073b68e	override	operand_parser.slot_008	immediate__vslot_008	0.90
0x00b10d70	immediate	operand_parser@0x00b0c7cc	0x00b101f0	9	0	007438b4	FUN_007438b4	0x00b0c7cc	operand_parser	0074281b	override	operand_parser.slot_009	immediate__vslot_009	0.90
0x00b10d70	immediate	operand_parser@0x00b0c7cc	0x00b101f0	10	0	0078a678	FUN_0078a678	0x00b0c7cc	operand_parser	0073b697	override	operand_parser.slot_010	immediate__vslot_010	0.90
0x00b10d70	immediate	operand_parser@0x00b0c7cc	0x00b101f0	11	0	0079b922	FUN_0079b922	0x00b0c7cc	operand_parser	0073b6b8	override	operand_parser.slot_011	immediate__vslot_011	0.90
0x00b10d70	immediate	operand_parser@0x00b0c7cc	0x00b101f0	12	0	0079bc62	FUN_0079bc62	0x00b0c7cc	operand_parser	0073b6ce	override	operand_parser.slot_012	immediate__vslot_012	0.90
0x00b10d70	immediate	operand_parser@0x00b0c7cc	0x00b101f0	13	0	0079b5b0	FUN_0079b5b0	0x00b0c7cc	operand_parser	0079b5b0	inherited	operand_parser.slot_013	immediate__vslot_013	0.93
0x00b10d70	immediate	operand_parser@0x00b0c7cc	0x00b101f0	14	0	007a1480	FUN_007a1480	0x00b0c7cc	operand_parser	0073b6e2	override	operand_parser.slot_014	immediate__vslot_014	0.90
0x00b10d70	immediate	operand_parser@0x00b0c7cc	0x00b101f0	15	0	007a14a0	FUN_007a14a0	0x00b0c7cc	operand_parser	0073b6fc	override	operand_parser.slot_015	immediate__vslot_015	0.90
0x00b10d70	immediate	operand_parser@0x00b0c7cc	0x00b101f0	16	0	007a14c0	FUN_007a14c0	0x00b0c7cc	operand_parser	0073b710	override	operand_parser.slot_016	immediate__vslot_016	0.90
0x00b10d70	immediate	operand_parser@0x00b0c7cc	0x00b101f0	17	0	007a14e1	FUN_007a14e1	0x00b0c7cc	operand_parser	0073b731	override	operand_parser.slot_017	immediate__vslot_017	0.90
0x00b10d70	immediate	operand_parser@0x00b0c7cc	0x00b101f0	18	0	0078da29	FUN_0078da29	0x00b0c7cc	operand_parser	0073b751	override	operand_parser.slot_018	immediate__vslot_018	0.90
0x00b10d70	immediate	operand_parser@0x00b0c7cc	0x00b101f0	19	0	0078da77	FUN_0078da77	0x00b0c7cc	operand_parser	0073b7ac	override	operand_parser.slot_019	immediate__vslot_019	0.90
0x00b10d70	immediate	operand_parser@0x00b0c7cc	0x00b101f0	20	0	0078a7dc	FUN_0078a7dc	0x00b0c7cc	operand_parser	0073b7fb	override	operand_parser.slot_020	immediate__vslot_020	0.90
0x00b10d70	immediate	operand_parser@0x00b0c7cc	0x00b101f0	21	0	0078da83	FUN_0078da83	0x00b0c7cc	operand_parser	0073b853	override	operand_parser.slot_021	immediate__vslot_021	0.90
0x00b10d70	immediate	operand_parser@0x00b0c7cc	0x00b101f0	22	0	0078da8f	FUN_0078da8f	0x00b0c7cc	operand_parser	0073b874	override	operand_parser.slot_022	immediate__vslot_022	0.90
0x00b10d80	register_list	operand_parser@0x00b0c7cc	0x00b10a38	0	0	0079059f	FUN_0079059f	0x00b0c7cc	operand_parser	0073b5d2	override	operand_parser.slot_000	register_list__vslot_000	0.90
0x00b10d80	register_list	operand_parser@0x00b0c7cc	0x00b10a38	1	0	00790805	FUN_00790805	0x00b0c7cc	operand_parser	0073b5db	override	operand_parser.slot_001	register_list__vslot_001	0.90
0x00b10d80	register_list	operand_parser@0x00b0c7cc	0x00b10a38	2	0	0078a5c1	FUN_0078a5c1	0x00b0c7cc	operand_parser	0073b5e0	override	operand_parser.slot_002	register_list__vslot_002	0.90
0x00b10d80	register_list	operand_parser@0x00b0c7cc	0x00b10a38	3	0	0078a60a	FUN_0078a60a	0x00b0c7cc	operand_parser	0073b629	override	operand_parser.slot_003	register_list__vslot_003	0.90
0x00b10d80	register_list	operand_parser@0x00b0c7cc	0x00b10a38	4	0	0078a63f	FUN_0078a63f	0x00b0c7cc	operand_parser	0073b65e	override	operand_parser.slot_004	register_list__vslot_004	0.90
0x00b10d80	register_list	operand_parser@0x00b0c7cc	0x00b10a38	5	0	0078a644	FUN_0078a644	0x00b0c7cc	operand_parser	0073b663	override	operand_parser.slot_005	register_list__vslot_005	0.90
0x00b10d80	register_list	operand_parser@0x00b0c7cc	0x00b10a38	6	0	00742622	FUN_00742622	0x00b0c7cc	operand_parser	00742622	inherited	operand_parser.slot_006	register_list__vslot_006	0.93
0x00b10d80	register_list	operand_parser@0x00b0c7cc	0x00b10a38	7	0	0078a665	FUN_0078a665	0x00b0c7cc	operand_parser	0073b684	override	operand_parser.slot_007	register_list__vslot_007	0.90
0x00b10d80	register_list	operand_parser@0x00b0c7cc	0x00b10a38	8	0	0078a66f	FUN_0078a66f	0x00b0c7cc	operand_parser	0073b68e	override	operand_parser.slot_008	register_list__vslot_008	0.90
0x00b10d80	register_list	operand_parser@0x00b0c7cc	0x00b10a38	9	0	0074281b	FUN_0074281b	0x00b0c7cc	operand_parser	0074281b	inherited	operand_parser.slot_009	register_list__vslot_009	0.93
0x00b10d80	register_list	operand_parser@0x00b0c7cc	0x00b10a38	10	0	0078a678	FUN_0078a678	0x00b0c7cc	operand_parser	0073b697	override	operand_parser.slot_010	register_list__vslot_010	0.90
0x00b10d80	register_list	operand_parser@0x00b0c7cc	0x00b10a38	11	0	0078a699	FUN_0078a699	0x00b0c7cc	operand_parser	0073b6b8	override	operand_parser.slot_011	register_list__vslot_011	0.90
0x00b10d80	register_list	operand_parser@0x00b0c7cc	0x00b10a38	12	0	0078a6af	FUN_0078a6af	0x00b0c7cc	operand_parser	0073b6ce	override	operand_parser.slot_012	register_list__vslot_012	0.90
0x00b10d80	register_list	operand_parser@0x00b0c7cc	0x00b10a38	13	0	0079b5b0	FUN_0079b5b0	0x00b0c7cc	operand_parser	0079b5b0	inherited	operand_parser.slot_013	register_list__vslot_013	0.93
0x00b10d80	register_list	operand_parser@0x00b0c7cc	0x00b10a38	14	0	0078a6c3	FUN_0078a6c3	0x00b0c7cc	operand_parser	0073b6e2	override	operand_parser.slot_014	register_list__vslot_014	0.90
0x00b10d80	register_list	operand_parser@0x00b0c7cc	0x00b10a38	15	0	0078a6dd	FUN_0078a6dd	0x00b0c7cc	operand_parser	0073b6fc	override	operand_parser.slot_015	register_list__vslot_015	0.90
0x00b10d80	register_list	operand_parser@0x00b0c7cc	0x00b10a38	16	0	0078a6f1	FUN_0078a6f1	0x00b0c7cc	operand_parser	0073b710	override	operand_parser.slot_016	register_list__vslot_016	0.90
0x00b10d80	register_list	operand_parser@0x00b0c7cc	0x00b10a38	17	0	0078a712	FUN_0078a712	0x00b0c7cc	operand_parser	0073b731	override	operand_parser.slot_017	register_list__vslot_017	0.90
0x00b10d80	register_list	operand_parser@0x00b0c7cc	0x00b10a38	18	0	0078a732	FUN_0078a732	0x00b0c7cc	operand_parser	0073b751	override	operand_parser.slot_018	register_list__vslot_018	0.90
0x00b10d80	register_list	operand_parser@0x00b0c7cc	0x00b10a38	19	0	0078a78d	FUN_0078a78d	0x00b0c7cc	operand_parser	0073b7ac	override	operand_parser.slot_019	register_list__vslot_019	0.90
0x00b10d80	register_list	operand_parser@0x00b0c7cc	0x00b10a38	20	0	0078a7dc	FUN_0078a7dc	0x00b0c7cc	operand_parser	0073b7fb	override	operand_parser.slot_020	register_list__vslot_020	0.90
0x00b10d80	register_list	operand_parser@0x00b0c7cc	0x00b10a38	21	0	0078a834	FUN_0078a834	0x00b0c7cc	operand_parser	0073b853	override	operand_parser.slot_021	register_list__vslot_021	0.90
0x00b10d80	register_list	operand_parser@0x00b0c7cc	0x00b10a38	22	0	0078a855	FUN_0078a855	0x00b0c7cc	operand_parser	0073b874	override	operand_parser.slot_022	register_list__vslot_022	0.90
0x00b10d90	statictext	operand_parser@0x00b0c7cc	0x00b102b0	0	0	0078db80	FUN_0078db80	0x00b0c7cc	operand_parser	0073b5d2	override	operand_parser.slot_000	statictext__vslot_000	0.90
0x00b10d90	statictext	operand_parser@0x00b0c7cc	0x00b102b0	1	0	0078dbf2	FUN_0078dbf2	0x00b0c7cc	operand_parser	0073b5db	override	operand_parser.slot_001	statictext__vslot_001	0.90
0x00b10d90	statictext	operand_parser@0x00b0c7cc	0x00b102b0	2	0	0078a5c1	FUN_0078a5c1	0x00b0c7cc	operand_parser	0073b5e0	override	operand_parser.slot_002	statictext__vslot_002	0.90
0x00b10d90	statictext	operand_parser@0x00b0c7cc	0x00b102b0	3	0	0078a60a	FUN_0078a60a	0x00b0c7cc	operand_parser	0073b629	override	operand_parser.slot_003	statictext__vslot_003	0.90
0x00b10d90	statictext	operand_parser@0x00b0c7cc	0x00b102b0	4	0	0078a63f	FUN_0078a63f	0x00b0c7cc	operand_parser	0073b65e	override	operand_parser.slot_004	statictext__vslot_004	0.90
0x00b10d90	statictext	operand_parser@0x00b0c7cc	0x00b102b0	5	0	0078a644	FUN_0078a644	0x00b0c7cc	operand_parser	0073b663	override	operand_parser.slot_005	statictext__vslot_005	0.90
0x00b10d90	statictext	operand_parser@0x00b0c7cc	0x00b102b0	6	0	00742622	FUN_00742622	0x00b0c7cc	operand_parser	00742622	inherited	operand_parser.slot_006	statictext__vslot_006	0.93
0x00b10d90	statictext	operand_parser@0x00b0c7cc	0x00b102b0	7	0	0078a665	FUN_0078a665	0x00b0c7cc	operand_parser	0073b684	override	operand_parser.slot_007	statictext__vslot_007	0.90
0x00b10d90	statictext	operand_parser@0x00b0c7cc	0x00b102b0	8	0	00743bcd	FUN_00743bcd	0x00b0c7cc	operand_parser	0073b68e	override	operand_parser.slot_008	statictext__vslot_008	0.90
0x00b10d90	statictext	operand_parser@0x00b0c7cc	0x00b102b0	9	0	0074281b	FUN_0074281b	0x00b0c7cc	operand_parser	0074281b	inherited	operand_parser.slot_009	statictext__vslot_009	0.93
0x00b10d90	statictext	operand_parser@0x00b0c7cc	0x00b102b0	10	0	0078a678	FUN_0078a678	0x00b0c7cc	operand_parser	0073b697	override	operand_parser.slot_010	statictext__vslot_010	0.90
0x00b10d90	statictext	operand_parser@0x00b0c7cc	0x00b102b0	11	0	0078a699	FUN_0078a699	0x00b0c7cc	operand_parser	0073b6b8	override	operand_parser.slot_011	statictext__vslot_011	0.90
0x00b10d90	statictext	operand_parser@0x00b0c7cc	0x00b102b0	12	0	0078a6af	FUN_0078a6af	0x00b0c7cc	operand_parser	0073b6ce	override	operand_parser.slot_012	statictext__vslot_012	0.90
0x00b10d90	statictext	operand_parser@0x00b0c7cc	0x00b102b0	13	0	0079b5b0	FUN_0079b5b0	0x00b0c7cc	operand_parser	0079b5b0	inherited	operand_parser.slot_013	statictext__vslot_013	0.93
0x00b10d90	statictext	operand_parser@0x00b0c7cc	0x00b102b0	14	0	0078a6c3	FUN_0078a6c3	0x00b0c7cc	operand_parser	0073b6e2	override	operand_parser.slot_014	statictext__vslot_014	0.90
0x00b10d90	statictext	operand_parser@0x00b0c7cc	0x00b102b0	15	0	0078a6dd	FUN_0078a6dd	0x00b0c7cc	operand_parser	0073b6fc	override	operand_parser.slot_015	statictext__vslot_015	0.90
0x00b10d90	statictext	operand_parser@0x00b0c7cc	0x00b102b0	16	0	0078a6f1	FUN_0078a6f1	0x00b0c7cc	operand_parser	0073b710	override	operand_parser.slot_016	statictext__vslot_016	0.90
0x00b10d90	statictext	operand_parser@0x00b0c7cc	0x00b102b0	17	0	0078a712	FUN_0078a712	0x00b0c7cc	operand_parser	0073b731	override	operand_parser.slot_017	statictext__vslot_017	0.90
0x00b10d90	statictext	operand_parser@0x00b0c7cc	0x00b102b0	18	0	0078a732	FUN_0078a732	0x00b0c7cc	operand_parser	0073b751	override	operand_parser.slot_018	statictext__vslot_018	0.90
0x00b10d90	statictext	operand_parser@0x00b0c7cc	0x00b102b0	19	0	0078dcfb	FUN_0078dcfb	0x00b0c7cc	operand_parser	0073b7ac	override	operand_parser.slot_019	statictext__vslot_019	0.90
0x00b10d90	statictext	operand_parser@0x00b0c7cc	0x00b102b0	20	0	0078a7dc	FUN_0078a7dc	0x00b0c7cc	operand_parser	0073b7fb	override	operand_parser.slot_020	statictext__vslot_020	0.90
0x00b10d90	statictext	operand_parser@0x00b0c7cc	0x00b102b0	21	0	0078a885	FUN_0078a885	0x00b0c7cc	operand_parser	0073b853	override	operand_parser.slot_021	statictext__vslot_021	0.90
0x00b10d90	statictext	operand_parser@0x00b0c7cc	0x00b102b0	22	0	0078a855	FUN_0078a855	0x00b0c7cc	operand_parser	0073b874	override	operand_parser.slot_022	statictext__vslot_022	0.90
0x00b10da0	hardcode	operand_parser@0x00b0c7cc	0x00b10370	0	0	0078a5b3	FUN_0078a5b3	0x00b0c7cc	operand_parser	0073b5d2	override	operand_parser.slot_000	hardcode__vslot_000	0.90
0x00b10da0	hardcode	operand_parser@0x00b0c7cc	0x00b10370	1	0	0078a5bc	FUN_0078a5bc	0x00b0c7cc	operand_parser	0073b5db	override	operand_parser.slot_001	hardcode__vslot_001	0.90
0x00b10da0	hardcode	operand_parser@0x00b0c7cc	0x00b10370	2	0	0078de53	FUN_0078de53	0x00b0c7cc	operand_parser	0073b5e0	override	operand_parser.slot_002	hardcode__vslot_002	0.90
0x00b10da0	hardcode	operand_parser@0x00b0c7cc	0x00b10370	3	0	0078ddf0	FUN_0078ddf0	0x00b0c7cc	operand_parser	0073b629	override	operand_parser.slot_003	hardcode__vslot_003	0.90
0x00b10da0	hardcode	operand_parser@0x00b0c7cc	0x00b10370	4	0	0078a63f	FUN_0078a63f	0x00b0c7cc	operand_parser	0073b65e	override	operand_parser.slot_004	hardcode__vslot_004	0.90
0x00b10da0	hardcode	operand_parser@0x00b0c7cc	0x00b10370	5	0	0078a644	FUN_0078a644	0x00b0c7cc	operand_parser	0073b663	override	operand_parser.slot_005	hardcode__vslot_005	0.90
0x00b10da0	hardcode	operand_parser@0x00b0c7cc	0x00b10370	6	0	00742622	FUN_00742622	0x00b0c7cc	operand_parser	00742622	inherited	operand_parser.slot_006	hardcode__vslot_006	0.93
0x00b10da0	hardcode	operand_parser@0x00b0c7cc	0x00b10370	7	0	0078a665	FUN_0078a665	0x00b0c7cc	operand_parser	0073b684	override	operand_parser.slot_007	hardcode__vslot_007	0.90
0x00b10da0	hardcode	operand_parser@0x00b0c7cc	0x00b10370	8	0	0078a66f	FUN_0078a66f	0x00b0c7cc	operand_parser	0073b68e	override	operand_parser.slot_008	hardcode__vslot_008	0.90
0x00b10da0	hardcode	operand_parser@0x00b0c7cc	0x00b10370	9	0	0074281b	FUN_0074281b	0x00b0c7cc	operand_parser	0074281b	inherited	operand_parser.slot_009	hardcode__vslot_009	0.93
0x00b10da0	hardcode	operand_parser@0x00b0c7cc	0x00b10370	10	0	0078a678	FUN_0078a678	0x00b0c7cc	operand_parser	0073b697	override	operand_parser.slot_010	hardcode__vslot_010	0.90
0x00b10da0	hardcode	operand_parser@0x00b0c7cc	0x00b10370	11	0	0078a699	FUN_0078a699	0x00b0c7cc	operand_parser	0073b6b8	override	operand_parser.slot_011	hardcode__vslot_011	0.90
0x00b10da0	hardcode	operand_parser@0x00b0c7cc	0x00b10370	12	0	0078a6af	FUN_0078a6af	0x00b0c7cc	operand_parser	0073b6ce	override	operand_parser.slot_012	hardcode__vslot_012	0.90
0x00b10da0	hardcode	operand_parser@0x00b0c7cc	0x00b10370	13	0	0079b5b0	FUN_0079b5b0	0x00b0c7cc	operand_parser	0079b5b0	inherited	operand_parser.slot_013	hardcode__vslot_013	0.93
0x00b10da0	hardcode	operand_parser@0x00b0c7cc	0x00b10370	14	0	0078a6c3	FUN_0078a6c3	0x00b0c7cc	operand_parser	0073b6e2	override	operand_parser.slot_014	hardcode__vslot_014	0.90
0x00b10da0	hardcode	operand_parser@0x00b0c7cc	0x00b10370	15	0	0078a6dd	FUN_0078a6dd	0x00b0c7cc	operand_parser	0073b6fc	override	operand_parser.slot_015	hardcode__vslot_015	0.90
0x00b10da0	hardcode	operand_parser@0x00b0c7cc	0x00b10370	16	0	0078a6f1	FUN_0078a6f1	0x00b0c7cc	operand_parser	0073b710	override	operand_parser.slot_016	hardcode__vslot_016	0.90
0x00b10da0	hardcode	operand_parser@0x00b0c7cc	0x00b10370	17	0	0078a712	FUN_0078a712	0x00b0c7cc	operand_parser	0073b731	override	operand_parser.slot_017	hardcode__vslot_017	0.90
0x00b10da0	hardcode	operand_parser@0x00b0c7cc	0x00b10370	18	0	0078a732	FUN_0078a732	0x00b0c7cc	operand_parser	0073b751	override	operand_parser.slot_018	hardcode__vslot_018	0.90
0x00b10da0	hardcode	operand_parser@0x00b0c7cc	0x00b10370	19	0	0078de86	FUN_0078de86	0x00b0c7cc	operand_parser	0073b7ac	override	operand_parser.slot_019	hardcode__vslot_019	0.90
0x00b10da0	hardcode	operand_parser@0x00b0c7cc	0x00b10370	20	0	0078a7dc	FUN_0078a7dc	0x00b0c7cc	operand_parser	0073b7fb	override	operand_parser.slot_020	hardcode__vslot_020	0.90
0x00b10da0	hardcode	operand_parser@0x00b0c7cc	0x00b10370	21	0	0078a88f	FUN_0078a88f	0x00b0c7cc	operand_parser	0073b853	override	operand_parser.slot_021	hardcode__vslot_021	0.90
0x00b10da0	hardcode	operand_parser@0x00b0c7cc	0x00b10370	22	0	0078a855	FUN_0078a855	0x00b0c7cc	operand_parser	0073b874	override	operand_parser.slot_022	hardcode__vslot_022	0.90
0x00b10db0	compose	operand_parser@0x00b0c7cc	0x00b107f8	0	0	0078e4fa	FUN_0078e4fa	0x00b0c7cc	operand_parser	0073b5d2	override	operand_parser.slot_000	compose__vslot_000	0.90
0x00b10db0	compose	operand_parser@0x00b0c7cc	0x00b107f8	1	0	0078e84d	FUN_0078e84d	0x00b0c7cc	operand_parser	0073b5db	override	operand_parser.slot_001	compose__vslot_001	0.90
0x00b10db0	compose	operand_parser@0x00b0c7cc	0x00b107f8	2	0	0078eb1d	FUN_0078eb1d	0x00b0c7cc	operand_parser	0073b5e0	override	operand_parser.slot_002	compose__vslot_002	0.90
0x00b10db0	compose	operand_parser@0x00b0c7cc	0x00b107f8	3	0	0078ec37	FUN_0078ec37	0x00b0c7cc	operand_parser	0073b629	override	operand_parser.slot_003	compose__vslot_003	0.90
0x00b10db0	compose	operand_parser@0x00b0c7cc	0x00b107f8	4	0	0078ed64	FUN_0078ed64	0x00b0c7cc	operand_parser	0073b65e	override	operand_parser.slot_004	compose__vslot_004	0.90
0x00b10db0	compose	operand_parser@0x00b0c7cc	0x00b107f8	5	0	00744328	FUN_00744328	0x00b0c7cc	operand_parser	0073b663	override	operand_parser.slot_005	compose__vslot_005	0.90
0x00b10db0	compose	operand_parser@0x00b0c7cc	0x00b107f8	6	0	00744931	FUN_00744931	0x00b0c7cc	operand_parser	00742622	override	operand_parser.slot_006	compose__vslot_006	0.90
0x00b10db0	compose	operand_parser@0x00b0c7cc	0x00b107f8	7	0	0078a665	FUN_0078a665	0x00b0c7cc	operand_parser	0073b684	override	operand_parser.slot_007	compose__vslot_007	0.90
0x00b10db0	compose	operand_parser@0x00b0c7cc	0x00b107f8	8	0	0078a66f	FUN_0078a66f	0x00b0c7cc	operand_parser	0073b68e	override	operand_parser.slot_008	compose__vslot_008	0.90
0x00b10db0	compose	operand_parser@0x00b0c7cc	0x00b107f8	9	0	0074520f	FUN_0074520f	0x00b0c7cc	operand_parser	0074281b	override	operand_parser.slot_009	compose__vslot_009	0.90
0x00b10db0	compose	operand_parser@0x00b0c7cc	0x00b107f8	10	0	0078a678	FUN_0078a678	0x00b0c7cc	operand_parser	0073b697	override	operand_parser.slot_010	compose__vslot_010	0.90
0x00b10db0	compose	operand_parser@0x00b0c7cc	0x00b107f8	11	0	0079bfc6	FUN_0079bfc6	0x00b0c7cc	operand_parser	0073b6b8	override	operand_parser.slot_011	compose__vslot_011	0.90
0x00b10db0	compose	operand_parser@0x00b0c7cc	0x00b107f8	12	0	0079c30a	FUN_0079c30a	0x00b0c7cc	operand_parser	0073b6ce	override	operand_parser.slot_012	compose__vslot_012	0.90
0x00b10db0	compose	operand_parser@0x00b0c7cc	0x00b107f8	13	0	0079c628	FUN_0079c628	0x00b0c7cc	operand_parser	0079b5b0	override	operand_parser.slot_013	compose__vslot_013	0.90
0x00b10db0	compose	operand_parser@0x00b0c7cc	0x00b107f8	14	0	007a1501	FUN_007a1501	0x00b0c7cc	operand_parser	0073b6e2	override	operand_parser.slot_014	compose__vslot_014	0.90
0x00b10db0	compose	operand_parser@0x00b0c7cc	0x00b107f8	15	0	007a1521	FUN_007a1521	0x00b0c7cc	operand_parser	0073b6fc	override	operand_parser.slot_015	compose__vslot_015	0.90
0x00b10db0	compose	operand_parser@0x00b0c7cc	0x00b107f8	16	0	007a1541	FUN_007a1541	0x00b0c7cc	operand_parser	0073b710	override	operand_parser.slot_016	compose__vslot_016	0.90
0x00b10db0	compose	operand_parser@0x00b0c7cc	0x00b107f8	17	0	007a1562	FUN_007a1562	0x00b0c7cc	operand_parser	0073b731	override	operand_parser.slot_017	compose__vslot_017	0.90
0x00b10db0	compose	operand_parser@0x00b0c7cc	0x00b107f8	18	0	0078ef64	FUN_0078ef64	0x00b0c7cc	operand_parser	0073b751	override	operand_parser.slot_018	compose__vslot_018	0.90
0x00b10db0	compose	operand_parser@0x00b0c7cc	0x00b107f8	19	0	0078f047	FUN_0078f047	0x00b0c7cc	operand_parser	0073b7ac	override	operand_parser.slot_019	compose__vslot_019	0.90
0x00b10db0	compose	operand_parser@0x00b0c7cc	0x00b107f8	20	0	0078f12a	FUN_0078f12a	0x00b0c7cc	operand_parser	0073b7fb	override	operand_parser.slot_020	compose__vslot_020	0.90
0x00b10db0	compose	operand_parser@0x00b0c7cc	0x00b107f8	21	0	0078f278	FUN_0078f278	0x00b0c7cc	operand_parser	0073b853	override	operand_parser.slot_021	compose__vslot_021	0.90
0x00b10db0	compose	operand_parser@0x00b0c7cc	0x00b107f8	22	0	0078f35b	FUN_0078f35b	0x00b0c7cc	operand_parser	0073b874	override	operand_parser.slot_022	compose__vslot_022	0.90
0x00b10dc0	choose	operand_parser@0x00b0c7cc	0x00b10430	0	0	0078f66f	FUN_0078f66f	0x00b0c7cc	operand_parser	0073b5d2	override	operand_parser.slot_000	choose__vslot_000	0.90
0x00b10dc0	choose	operand_parser@0x00b0c7cc	0x00b10430	1	0	0078f94d	FUN_0078f94d	0x00b0c7cc	operand_parser	0073b5db	override	operand_parser.slot_001	choose__vslot_001	0.90
0x00b10dc0	choose	operand_parser@0x00b0c7cc	0x00b10430	2	0	0078fb8b	FUN_0078fb8b	0x00b0c7cc	operand_parser	0073b5e0	override	operand_parser.slot_002	choose__vslot_002	0.90
0x00b10dc0	choose	operand_parser@0x00b0c7cc	0x00b10430	3	0	0078f9fa	FUN_0078f9fa	0x00b0c7cc	operand_parser	0073b629	override	operand_parser.slot_003	choose__vslot_003	0.90
0x00b10dc0	choose	operand_parser@0x00b0c7cc	0x00b10430	4	0	0078fc59	FUN_0078fc59	0x00b0c7cc	operand_parser	0073b65e	override	operand_parser.slot_004	choose__vslot_004	0.90
0x00b10dc0	choose	operand_parser@0x00b0c7cc	0x00b10430	5	0	0074563b	FUN_0074563b	0x00b0c7cc	operand_parser	0073b663	override	operand_parser.slot_005	choose__vslot_005	0.90
0x00b10dc0	choose	operand_parser@0x00b0c7cc	0x00b10430	6	0	0074567e	FUN_0074567e	0x00b0c7cc	operand_parser	00742622	override	operand_parser.slot_006	choose__vslot_006	0.90
0x00b10dc0	choose	operand_parser@0x00b0c7cc	0x00b10430	7	0	0078a665	FUN_0078a665	0x00b0c7cc	operand_parser	0073b684	override	operand_parser.slot_007	choose__vslot_007	0.90
0x00b10dc0	choose	operand_parser@0x00b0c7cc	0x00b10430	8	0	0078a66f	FUN_0078a66f	0x00b0c7cc	operand_parser	0073b68e	override	operand_parser.slot_008	choose__vslot_008	0.90
0x00b10dc0	choose	operand_parser@0x00b0c7cc	0x00b10430	9	0	00745727	FUN_00745727	0x00b0c7cc	operand_parser	0074281b	override	operand_parser.slot_009	choose__vslot_009	0.90
0x00b10dc0	choose	operand_parser@0x00b0c7cc	0x00b10430	10	0	0078a899	FUN_0078a899	0x00b0c7cc	operand_parser	0073b697	override	operand_parser.slot_010	choose__vslot_010	0.90
0x00b10dc0	choose	operand_parser@0x00b0c7cc	0x00b10430	11	0	0079c8c8	FUN_0079c8c8	0x00b0c7cc	operand_parser	0073b6b8	override	operand_parser.slot_011	choose__vslot_011	0.90
0x00b10dc0	choose	operand_parser@0x00b0c7cc	0x00b10430	12	0	0079c993	FUN_0079c993	0x00b0c7cc	operand_parser	0073b6ce	override	operand_parser.slot_012	choose__vslot_012	0.90
0x00b10dc0	choose	operand_parser@0x00b0c7cc	0x00b10430	13	0	0079b5b0	FUN_0079b5b0	0x00b0c7cc	operand_parser	0079b5b0	inherited	operand_parser.slot_013	choose__vslot_013	0.93
0x00b10dc0	choose	operand_parser@0x00b0c7cc	0x00b10430	14	0	007a1582	FUN_007a1582	0x00b0c7cc	operand_parser	0073b6e2	override	operand_parser.slot_014	choose__vslot_014	0.90
0x00b10dc0	choose	operand_parser@0x00b0c7cc	0x00b10430	15	0	007a15a2	FUN_007a15a2	0x00b0c7cc	operand_parser	0073b6fc	override	operand_parser.slot_015	choose__vslot_015	0.90
0x00b10dc0	choose	operand_parser@0x00b0c7cc	0x00b10430	16	0	007a15c2	FUN_007a15c2	0x00b0c7cc	operand_parser	0073b710	override	operand_parser.slot_016	choose__vslot_016	0.90
0x00b10dc0	choose	operand_parser@0x00b0c7cc	0x00b10430	17	0	007a15e3	FUN_007a15e3	0x00b0c7cc	operand_parser	0073b731	override	operand_parser.slot_017	choose__vslot_017	0.90
0x00b10dc0	choose	operand_parser@0x00b0c7cc	0x00b10430	18	0	0078fcf0	FUN_0078fcf0	0x00b0c7cc	operand_parser	0073b751	override	operand_parser.slot_018	choose__vslot_018	0.90
0x00b10dc0	choose	operand_parser@0x00b0c7cc	0x00b10430	19	0	0078fd46	FUN_0078fd46	0x00b0c7cc	operand_parser	0073b7ac	override	operand_parser.slot_019	choose__vslot_019	0.90
0x00b10dc0	choose	operand_parser@0x00b0c7cc	0x00b10430	20	0	0078a7dc	FUN_0078a7dc	0x00b0c7cc	operand_parser	0073b7fb	override	operand_parser.slot_020	choose__vslot_020	0.90
0x00b10dc0	choose	operand_parser@0x00b0c7cc	0x00b10430	21	0	0078fe03	FUN_0078fe03	0x00b0c7cc	operand_parser	0073b853	override	operand_parser.slot_021	choose__vslot_021	0.90
0x00b10dc0	choose	operand_parser@0x00b0c7cc	0x00b10430	22	0	0078fe59	FUN_0078fe59	0x00b0c7cc	operand_parser	0073b874	override	operand_parser.slot_022	choose__vslot_022	0.90
0x00b10dd0	multiple_fields	operand_parser@0x00b0c7cc	0x00b104f0	0	0	0078ff0b	FUN_0078ff0b	0x00b0c7cc	operand_parser	0073b5d2	override	operand_parser.slot_000	multiple_fields__vslot_000	0.90
0x00b10dd0	multiple_fields	operand_parser@0x00b0c7cc	0x00b104f0	1	0	0078ff51	FUN_0078ff51	0x00b0c7cc	operand_parser	0073b5db	override	operand_parser.slot_001	multiple_fields__vslot_001	0.90
0x00b10dd0	multiple_fields	operand_parser@0x00b0c7cc	0x00b104f0	2	0	0078ff7b	FUN_0078ff7b	0x00b0c7cc	operand_parser	0073b5e0	override	operand_parser.slot_002	multiple_fields__vslot_002	0.90
0x00b10dd0	multiple_fields	operand_parser@0x00b0c7cc	0x00b104f0	3	0	0078ffd3	FUN_0078ffd3	0x00b0c7cc	operand_parser	0073b629	override	operand_parser.slot_003	multiple_fields__vslot_003	0.90
0x00b10dd0	multiple_fields	operand_parser@0x00b0c7cc	0x00b104f0	4	0	0079015a	FUN_0079015a	0x00b0c7cc	operand_parser	0073b65e	override	operand_parser.slot_004	multiple_fields__vslot_004	0.90
0x00b10dd0	multiple_fields	operand_parser@0x00b0c7cc	0x00b104f0	5	0	00745783	FUN_00745783	0x00b0c7cc	operand_parser	0073b663	override	operand_parser.slot_005	multiple_fields__vslot_005	0.90
0x00b10dd0	multiple_fields	operand_parser@0x00b0c7cc	0x00b104f0	6	0	007457ad	FUN_007457ad	0x00b0c7cc	operand_parser	00742622	override	operand_parser.slot_006	multiple_fields__vslot_006	0.90
0x00b10dd0	multiple_fields	operand_parser@0x00b0c7cc	0x00b104f0	7	0	0078a665	FUN_0078a665	0x00b0c7cc	operand_parser	0073b684	override	operand_parser.slot_007	multiple_fields__vslot_007	0.90
0x00b10dd0	multiple_fields	operand_parser@0x00b0c7cc	0x00b104f0	8	0	0078a66f	FUN_0078a66f	0x00b0c7cc	operand_parser	0073b68e	override	operand_parser.slot_008	multiple_fields__vslot_008	0.90
0x00b10dd0	multiple_fields	operand_parser@0x00b0c7cc	0x00b104f0	9	0	0074582f	FUN_0074582f	0x00b0c7cc	operand_parser	0074281b	override	operand_parser.slot_009	multiple_fields__vslot_009	0.90
0x00b10dd0	multiple_fields	operand_parser@0x00b0c7cc	0x00b104f0	10	0	0078a678	FUN_0078a678	0x00b0c7cc	operand_parser	0073b697	override	operand_parser.slot_010	multiple_fields__vslot_010	0.90
0x00b10dd0	multiple_fields	operand_parser@0x00b0c7cc	0x00b104f0	11	0	0078a8c8	FUN_0078a8c8	0x00b0c7cc	operand_parser	0073b6b8	override	operand_parser.slot_011	multiple_fields__vslot_011	0.90
0x00b10dd0	multiple_fields	operand_parser@0x00b0c7cc	0x00b104f0	12	0	0078a8f5	FUN_0078a8f5	0x00b0c7cc	operand_parser	0073b6ce	override	operand_parser.slot_012	multiple_fields__vslot_012	0.90
0x00b10dd0	multiple_fields	operand_parser@0x00b0c7cc	0x00b104f0	13	0	0079b5b0	FUN_0079b5b0	0x00b0c7cc	operand_parser	0079b5b0	inherited	operand_parser.slot_013	multiple_fields__vslot_013	0.93
0x00b10dd0	multiple_fields	operand_parser@0x00b0c7cc	0x00b104f0	14	0	0078a924	FUN_0078a924	0x00b0c7cc	operand_parser	0073b6e2	override	operand_parser.slot_014	multiple_fields__vslot_014	0.90
0x00b10dd0	multiple_fields	operand_parser@0x00b0c7cc	0x00b104f0	15	0	0078a953	FUN_0078a953	0x00b0c7cc	operand_parser	0073b6fc	override	operand_parser.slot_015	multiple_fields__vslot_015	0.90
0x00b10dd0	multiple_fields	operand_parser@0x00b0c7cc	0x00b104f0	16	0	0078a984	FUN_0078a984	0x00b0c7cc	operand_parser	0073b710	override	operand_parser.slot_016	multiple_fields__vslot_016	0.90
0x00b10dd0	multiple_fields	operand_parser@0x00b0c7cc	0x00b104f0	17	0	0078a9b3	FUN_0078a9b3	0x00b0c7cc	operand_parser	0073b731	override	operand_parser.slot_017	multiple_fields__vslot_017	0.90
0x00b10dd0	multiple_fields	operand_parser@0x00b0c7cc	0x00b104f0	18	0	0078a732	FUN_0078a732	0x00b0c7cc	operand_parser	0073b751	override	operand_parser.slot_018	multiple_fields__vslot_018	0.90
0x00b10dd0	multiple_fields	operand_parser@0x00b0c7cc	0x00b104f0	19	0	00790184	FUN_00790184	0x00b0c7cc	operand_parser	0073b7ac	override	operand_parser.slot_019	multiple_fields__vslot_019	0.90
0x00b10dd0	multiple_fields	operand_parser@0x00b0c7cc	0x00b104f0	20	0	0078a7dc	FUN_0078a7dc	0x00b0c7cc	operand_parser	0073b7fb	override	operand_parser.slot_020	multiple_fields__vslot_020	0.90
0x00b10dd0	multiple_fields	operand_parser@0x00b0c7cc	0x00b104f0	21	0	007901ad	FUN_007901ad	0x00b0c7cc	operand_parser	0073b853	override	operand_parser.slot_021	multiple_fields__vslot_021	0.90
0x00b10dd0	multiple_fields	operand_parser@0x00b0c7cc	0x00b104f0	22	0	0078a855	FUN_0078a855	0x00b0c7cc	operand_parser	0073b874	override	operand_parser.slot_022	multiple_fields__vslot_022	0.90
0x00b10de0	split_fields	operand_parser@0x00b0c7cc	0x00b10978	0	0	00790349	FUN_00790349	0x00b0c7cc	operand_parser	0073b5d2	override	operand_parser.slot_000	split_fields__vslot_000	0.90
0x00b10de0	split_fields	operand_parser@0x00b0c7cc	0x00b10978	1	0	0079037d	FUN_0079037d	0x00b0c7cc	operand_parser	0073b5db	override	operand_parser.slot_001	split_fields__vslot_001	0.90
0x00b10de0	split_fields	operand_parser@0x00b0c7cc	0x00b10978	2	0	007903a7	FUN_007903a7	0x00b0c7cc	operand_parser	0073b5e0	override	operand_parser.slot_002	split_fields__vslot_002	0.90
0x00b10de0	split_fields	operand_parser@0x00b0c7cc	0x00b10978	3	0	00790442	FUN_00790442	0x00b0c7cc	operand_parser	0073b629	override	operand_parser.slot_003	split_fields__vslot_003	0.90
0x00b10de0	split_fields	operand_parser@0x00b0c7cc	0x00b10978	4	0	0078a63f	FUN_0078a63f	0x00b0c7cc	operand_parser	0073b65e	override	operand_parser.slot_004	split_fields__vslot_004	0.90
0x00b10de0	split_fields	operand_parser@0x00b0c7cc	0x00b10978	5	0	0078a644	FUN_0078a644	0x00b0c7cc	operand_parser	0073b663	override	operand_parser.slot_005	split_fields__vslot_005	0.90
0x00b10de0	split_fields	operand_parser@0x00b0c7cc	0x00b10978	6	0	00742622	FUN_00742622	0x00b0c7cc	operand_parser	00742622	inherited	operand_parser.slot_006	split_fields__vslot_006	0.93
0x00b10de0	split_fields	operand_parser@0x00b0c7cc	0x00b10978	7	0	0078a665	FUN_0078a665	0x00b0c7cc	operand_parser	0073b684	override	operand_parser.slot_007	split_fields__vslot_007	0.90
0x00b10de0	split_fields	operand_parser@0x00b0c7cc	0x00b10978	8	0	0078a66f	FUN_0078a66f	0x00b0c7cc	operand_parser	0073b68e	override	operand_parser.slot_008	split_fields__vslot_008	0.90
0x00b10de0	split_fields	operand_parser@0x00b0c7cc	0x00b10978	9	0	0074281b	FUN_0074281b	0x00b0c7cc	operand_parser	0074281b	inherited	operand_parser.slot_009	split_fields__vslot_009	0.93
0x00b10de0	split_fields	operand_parser@0x00b0c7cc	0x00b10978	10	0	0078a678	FUN_0078a678	0x00b0c7cc	operand_parser	0073b697	override	operand_parser.slot_010	split_fields__vslot_010	0.90
0x00b10de0	split_fields	operand_parser@0x00b0c7cc	0x00b10978	11	0	0078a699	FUN_0078a699	0x00b0c7cc	operand_parser	0073b6b8	override	operand_parser.slot_011	split_fields__vslot_011	0.90
0x00b10de0	split_fields	operand_parser@0x00b0c7cc	0x00b10978	12	0	0078a6af	FUN_0078a6af	0x00b0c7cc	operand_parser	0073b6ce	override	operand_parser.slot_012	split_fields__vslot_012	0.90
0x00b10de0	split_fields	operand_parser@0x00b0c7cc	0x00b10978	13	0	0079b5b0	FUN_0079b5b0	0x00b0c7cc	operand_parser	0079b5b0	inherited	operand_parser.slot_013	split_fields__vslot_013	0.93
0x00b10de0	split_fields	operand_parser@0x00b0c7cc	0x00b10978	14	0	0078a6c3	FUN_0078a6c3	0x00b0c7cc	operand_parser	0073b6e2	override	operand_parser.slot_014	split_fields__vslot_014	0.90
0x00b10de0	split_fields	operand_parser@0x00b0c7cc	0x00b10978	15	0	0078a6dd	FUN_0078a6dd	0x00b0c7cc	operand_parser	0073b6fc	override	operand_parser.slot_015	split_fields__vslot_015	0.90
0x00b10de0	split_fields	operand_parser@0x00b0c7cc	0x00b10978	16	0	0078a6f1	FUN_0078a6f1	0x00b0c7cc	operand_parser	0073b710	override	operand_parser.slot_016	split_fields__vslot_016	0.90
0x00b10de0	split_fields	operand_parser@0x00b0c7cc	0x00b10978	17	0	0078a712	FUN_0078a712	0x00b0c7cc	operand_parser	0073b731	override	operand_parser.slot_017	split_fields__vslot_017	0.90
0x00b10de0	split_fields	operand_parser@0x00b0c7cc	0x00b10978	18	0	0078a732	FUN_0078a732	0x00b0c7cc	operand_parser	0073b751	override	operand_parser.slot_018	split_fields__vslot_018	0.90
0x00b10de0	split_fields	operand_parser@0x00b0c7cc	0x00b10978	19	0	0078a78d	FUN_0078a78d	0x00b0c7cc	operand_parser	0073b7ac	override	operand_parser.slot_019	split_fields__vslot_019	0.90
0x00b10de0	split_fields	operand_parser@0x00b0c7cc	0x00b10978	20	0	0078a7dc	FUN_0078a7dc	0x00b0c7cc	operand_parser	0073b7fb	override	operand_parser.slot_020	split_fields__vslot_020	0.90
0x00b10de0	split_fields	operand_parser@0x00b0c7cc	0x00b10978	21	0	0078a834	FUN_0078a834	0x00b0c7cc	operand_parser	0073b853	override	operand_parser.slot_021	split_fields__vslot_021	0.90
0x00b10de0	split_fields	operand_parser@0x00b0c7cc	0x00b10978	22	0	0078a855	FUN_0078a855	0x00b0c7cc	operand_parser	0073b874	override	operand_parser.slot_022	split_fields__vslot_022	0.90
0x00b10df0	suffix	operand_parser@0x00b0c7cc	0x00b10c78	0	0	007912d2	FUN_007912d2	0x00b0c7cc	operand_parser	0073b5d2	override	operand_parser.slot_000	suffix__vslot_000	0.90
0x00b10df0	suffix	operand_parser@0x00b0c7cc	0x00b10c78	1	0	007913bd	FUN_007913bd	0x00b0c7cc	operand_parser	0073b5db	override	operand_parser.slot_001	suffix__vslot_001	0.90
0x00b10df0	suffix	operand_parser@0x00b0c7cc	0x00b10c78	2	0	007913f8	FUN_007913f8	0x00b0c7cc	operand_parser	0073b5e0	override	operand_parser.slot_002	suffix__vslot_002	0.90
0x00b10df0	suffix	operand_parser@0x00b0c7cc	0x00b10c78	3	0	00791425	FUN_00791425	0x00b0c7cc	operand_parser	0073b629	override	operand_parser.slot_003	suffix__vslot_003	0.90
0x00b10df0	suffix	operand_parser@0x00b0c7cc	0x00b10c78	4	0	0078a63f	FUN_0078a63f	0x00b0c7cc	operand_parser	0073b65e	override	operand_parser.slot_004	suffix__vslot_004	0.90
0x00b10df0	suffix	operand_parser@0x00b0c7cc	0x00b10c78	5	0	0078a644	FUN_0078a644	0x00b0c7cc	operand_parser	0073b663	override	operand_parser.slot_005	suffix__vslot_005	0.90
0x00b10df0	suffix	operand_parser@0x00b0c7cc	0x00b10c78	6	0	00742622	FUN_00742622	0x00b0c7cc	operand_parser	00742622	inherited	operand_parser.slot_006	suffix__vslot_006	0.93
0x00b10df0	suffix	operand_parser@0x00b0c7cc	0x00b10c78	7	0	0078a665	FUN_0078a665	0x00b0c7cc	operand_parser	0073b684	override	operand_parser.slot_007	suffix__vslot_007	0.90
0x00b10df0	suffix	operand_parser@0x00b0c7cc	0x00b10c78	8	0	0078a66f	FUN_0078a66f	0x00b0c7cc	operand_parser	0073b68e	override	operand_parser.slot_008	suffix__vslot_008	0.90
0x00b10df0	suffix	operand_parser@0x00b0c7cc	0x00b10c78	9	0	0074281b	FUN_0074281b	0x00b0c7cc	operand_parser	0074281b	inherited	operand_parser.slot_009	suffix__vslot_009	0.93
0x00b10df0	suffix	operand_parser@0x00b0c7cc	0x00b10c78	10	0	0078a678	FUN_0078a678	0x00b0c7cc	operand_parser	0073b697	override	operand_parser.slot_010	suffix__vslot_010	0.90
0x00b10df0	suffix	operand_parser@0x00b0c7cc	0x00b10c78	11	0	0078a699	FUN_0078a699	0x00b0c7cc	operand_parser	0073b6b8	override	operand_parser.slot_011	suffix__vslot_011	0.90
0x00b10df0	suffix	operand_parser@0x00b0c7cc	0x00b10c78	12	0	0078a6af	FUN_0078a6af	0x00b0c7cc	operand_parser	0073b6ce	override	operand_parser.slot_012	suffix__vslot_012	0.90
0x00b10df0	suffix	operand_parser@0x00b0c7cc	0x00b10c78	13	0	0079b5b0	FUN_0079b5b0	0x00b0c7cc	operand_parser	0079b5b0	inherited	operand_parser.slot_013	suffix__vslot_013	0.93
0x00b10df0	suffix	operand_parser@0x00b0c7cc	0x00b10c78	14	0	0078a6c3	FUN_0078a6c3	0x00b0c7cc	operand_parser	0073b6e2	override	operand_parser.slot_014	suffix__vslot_014	0.90
0x00b10df0	suffix	operand_parser@0x00b0c7cc	0x00b10c78	15	0	0078a6dd	FUN_0078a6dd	0x00b0c7cc	operand_parser	0073b6fc	override	operand_parser.slot_015	suffix__vslot_015	0.90
0x00b10df0	suffix	operand_parser@0x00b0c7cc	0x00b10c78	16	0	0078a6f1	FUN_0078a6f1	0x00b0c7cc	operand_parser	0073b710	override	operand_parser.slot_016	suffix__vslot_016	0.90
0x00b10df0	suffix	operand_parser@0x00b0c7cc	0x00b10c78	17	0	0078a712	FUN_0078a712	0x00b0c7cc	operand_parser	0073b731	override	operand_parser.slot_017	suffix__vslot_017	0.90
0x00b10df0	suffix	operand_parser@0x00b0c7cc	0x00b10c78	18	0	0078a732	FUN_0078a732	0x00b0c7cc	operand_parser	0073b751	override	operand_parser.slot_018	suffix__vslot_018	0.90
0x00b10df0	suffix	operand_parser@0x00b0c7cc	0x00b10c78	19	0	0078a78d	FUN_0078a78d	0x00b0c7cc	operand_parser	0073b7ac	override	operand_parser.slot_019	suffix__vslot_019	0.90
0x00b10df0	suffix	operand_parser@0x00b0c7cc	0x00b10c78	20	0	0078a7dc	FUN_0078a7dc	0x00b0c7cc	operand_parser	0073b7fb	override	operand_parser.slot_020	suffix__vslot_020	0.90
0x00b10df0	suffix	operand_parser@0x00b0c7cc	0x00b10c78	21	0	0078a834	FUN_0078a834	0x00b0c7cc	operand_parser	0073b853	override	operand_parser.slot_021	suffix__vslot_021	0.90
0x00b10df0	suffix	operand_parser@0x00b0c7cc	0x00b10c78	22	0	0078a855	FUN_0078a855	0x00b0c7cc	operand_parser	0073b874	override	operand_parser.slot_022	suffix__vslot_022	0.90
0x00b10e00	join	operand_parser@0x00b0c7cc	0x00b10bb8	0	0	00790b2e	FUN_00790b2e	0x00b0c7cc	operand_parser	0073b5d2	override	operand_parser.slot_000	join__vslot_000	0.90
0x00b10e00	join	operand_parser@0x00b0c7cc	0x00b10bb8	1	0	00790fa6	FUN_00790fa6	0x00b0c7cc	operand_parser	0073b5db	override	operand_parser.slot_001	join__vslot_001	0.90
0x00b10e00	join	operand_parser@0x00b0c7cc	0x00b10bb8	2	0	0079103a	FUN_0079103a	0x00b0c7cc	operand_parser	0073b5e0	override	operand_parser.slot_002	join__vslot_002	0.90
0x00b10e00	join	operand_parser@0x00b0c7cc	0x00b10bb8	3	0	007910ce	FUN_007910ce	0x00b0c7cc	operand_parser	0073b629	override	operand_parser.slot_003	join__vslot_003	0.90
0x00b10e00	join	operand_parser@0x00b0c7cc	0x00b10bb8	4	0	0078a63f	FUN_0078a63f	0x00b0c7cc	operand_parser	0073b65e	override	operand_parser.slot_004	join__vslot_004	0.90
0x00b10e00	join	operand_parser@0x00b0c7cc	0x00b10bb8	5	0	0078a644	FUN_0078a644	0x00b0c7cc	operand_parser	0073b663	override	operand_parser.slot_005	join__vslot_005	0.90
0x00b10e00	join	operand_parser@0x00b0c7cc	0x00b10bb8	6	0	00742622	FUN_00742622	0x00b0c7cc	operand_parser	00742622	inherited	operand_parser.slot_006	join__vslot_006	0.93
0x00b10e00	join	operand_parser@0x00b0c7cc	0x00b10bb8	7	0	0078a665	FUN_0078a665	0x00b0c7cc	operand_parser	0073b684	override	operand_parser.slot_007	join__vslot_007	0.90
0x00b10e00	join	operand_parser@0x00b0c7cc	0x00b10bb8	8	0	0078a66f	FUN_0078a66f	0x00b0c7cc	operand_parser	0073b68e	override	operand_parser.slot_008	join__vslot_008	0.90
0x00b10e00	join	operand_parser@0x00b0c7cc	0x00b10bb8	9	0	0074281b	FUN_0074281b	0x00b0c7cc	operand_parser	0074281b	inherited	operand_parser.slot_009	join__vslot_009	0.93
0x00b10e00	join	operand_parser@0x00b0c7cc	0x00b10bb8	10	0	0078a678	FUN_0078a678	0x00b0c7cc	operand_parser	0073b697	override	operand_parser.slot_010	join__vslot_010	0.90
0x00b10e00	join	operand_parser@0x00b0c7cc	0x00b10bb8	11	0	0078a699	FUN_0078a699	0x00b0c7cc	operand_parser	0073b6b8	override	operand_parser.slot_011	join__vslot_011	0.90
0x00b10e00	join	operand_parser@0x00b0c7cc	0x00b10bb8	12	0	0078a6af	FUN_0078a6af	0x00b0c7cc	operand_parser	0073b6ce	override	operand_parser.slot_012	join__vslot_012	0.90
0x00b10e00	join	operand_parser@0x00b0c7cc	0x00b10bb8	13	0	0079b5b0	FUN_0079b5b0	0x00b0c7cc	operand_parser	0079b5b0	inherited	operand_parser.slot_013	join__vslot_013	0.93
0x00b10e00	join	operand_parser@0x00b0c7cc	0x00b10bb8	14	0	0078a6c3	FUN_0078a6c3	0x00b0c7cc	operand_parser	0073b6e2	override	operand_parser.slot_014	join__vslot_014	0.90
0x00b10e00	join	operand_parser@0x00b0c7cc	0x00b10bb8	15	0	0078a6dd	FUN_0078a6dd	0x00b0c7cc	operand_parser	0073b6fc	override	operand_parser.slot_015	join__vslot_015	0.90
0x00b10e00	join	operand_parser@0x00b0c7cc	0x00b10bb8	16	0	0078a6f1	FUN_0078a6f1	0x00b0c7cc	operand_parser	0073b710	override	operand_parser.slot_016	join__vslot_016	0.90
0x00b10e00	join	operand_parser@0x00b0c7cc	0x00b10bb8	17	0	0078a712	FUN_0078a712	0x00b0c7cc	operand_parser	0073b731	override	operand_parser.slot_017	join__vslot_017	0.90
0x00b10e00	join	operand_parser@0x00b0c7cc	0x00b10bb8	18	0	0078a732	FUN_0078a732	0x00b0c7cc	operand_parser	0073b751	override	operand_parser.slot_018	join__vslot_018	0.90
0x00b10e00	join	operand_parser@0x00b0c7cc	0x00b10bb8	19	0	00791176	FUN_00791176	0x00b0c7cc	operand_parser	0073b7ac	override	operand_parser.slot_019	join__vslot_019	0.90
0x00b10e00	join	operand_parser@0x00b0c7cc	0x00b10bb8	20	0	0079118f	FUN_0079118f	0x00b0c7cc	operand_parser	0073b7fb	override	operand_parser.slot_020	join__vslot_020	0.90
0x00b10e00	join	operand_parser@0x00b0c7cc	0x00b10bb8	21	0	0078a834	FUN_0078a834	0x00b0c7cc	operand_parser	0073b853	override	operand_parser.slot_021	join__vslot_021	0.90
0x00b10e00	join	operand_parser@0x00b0c7cc	0x00b10bb8	22	0	0078a855	FUN_0078a855	0x00b0c7cc	operand_parser	0073b874	override	operand_parser.slot_022	join__vslot_022	0.90
0x00b10e10	sameas	operand_parser@0x00b0c7cc	0x00b108b8	0	0	00790a91	FUN_00790a91	0x00b0c7cc	operand_parser	0073b5d2	override	operand_parser.slot_000	sameas__vslot_000	0.90
0x00b10e10	sameas	operand_parser@0x00b0c7cc	0x00b108b8	1	0	00790aa9	FUN_00790aa9	0x00b0c7cc	operand_parser	0073b5db	override	operand_parser.slot_001	sameas__vslot_001	0.90
0x00b10e10	sameas	operand_parser@0x00b0c7cc	0x00b108b8	2	0	0078a5c1	FUN_0078a5c1	0x00b0c7cc	operand_parser	0073b5e0	override	operand_parser.slot_002	sameas__vslot_002	0.90
0x00b10e10	sameas	operand_parser@0x00b0c7cc	0x00b108b8	3	0	0078a60a	FUN_0078a60a	0x00b0c7cc	operand_parser	0073b629	override	operand_parser.slot_003	sameas__vslot_003	0.90
0x00b10e10	sameas	operand_parser@0x00b0c7cc	0x00b108b8	4	0	0078a63f	FUN_0078a63f	0x00b0c7cc	operand_parser	0073b65e	override	operand_parser.slot_004	sameas__vslot_004	0.90
0x00b10e10	sameas	operand_parser@0x00b0c7cc	0x00b108b8	5	0	0078a644	FUN_0078a644	0x00b0c7cc	operand_parser	0073b663	override	operand_parser.slot_005	sameas__vslot_005	0.90
0x00b10e10	sameas	operand_parser@0x00b0c7cc	0x00b108b8	6	0	00742622	FUN_00742622	0x00b0c7cc	operand_parser	00742622	inherited	operand_parser.slot_006	sameas__vslot_006	0.93
0x00b10e10	sameas	operand_parser@0x00b0c7cc	0x00b108b8	7	0	0078a665	FUN_0078a665	0x00b0c7cc	operand_parser	0073b684	override	operand_parser.slot_007	sameas__vslot_007	0.90
0x00b10e10	sameas	operand_parser@0x00b0c7cc	0x00b108b8	8	0	0078a66f	FUN_0078a66f	0x00b0c7cc	operand_parser	0073b68e	override	operand_parser.slot_008	sameas__vslot_008	0.90
0x00b10e10	sameas	operand_parser@0x00b0c7cc	0x00b108b8	9	0	0074281b	FUN_0074281b	0x00b0c7cc	operand_parser	0074281b	inherited	operand_parser.slot_009	sameas__vslot_009	0.93
0x00b10e10	sameas	operand_parser@0x00b0c7cc	0x00b108b8	10	0	0078a678	FUN_0078a678	0x00b0c7cc	operand_parser	0073b697	override	operand_parser.slot_010	sameas__vslot_010	0.90
0x00b10e10	sameas	operand_parser@0x00b0c7cc	0x00b108b8	11	0	0078a699	FUN_0078a699	0x00b0c7cc	operand_parser	0073b6b8	override	operand_parser.slot_011	sameas__vslot_011	0.90
0x00b10e10	sameas	operand_parser@0x00b0c7cc	0x00b108b8	12	0	0078a6af	FUN_0078a6af	0x00b0c7cc	operand_parser	0073b6ce	override	operand_parser.slot_012	sameas__vslot_012	0.90
0x00b10e10	sameas	operand_parser@0x00b0c7cc	0x00b108b8	13	0	0079b5b0	FUN_0079b5b0	0x00b0c7cc	operand_parser	0079b5b0	inherited	operand_parser.slot_013	sameas__vslot_013	0.93
0x00b10e10	sameas	operand_parser@0x00b0c7cc	0x00b108b8	14	0	0078a6c3	FUN_0078a6c3	0x00b0c7cc	operand_parser	0073b6e2	override	operand_parser.slot_014	sameas__vslot_014	0.90
0x00b10e10	sameas	operand_parser@0x00b0c7cc	0x00b108b8	15	0	0078a6dd	FUN_0078a6dd	0x00b0c7cc	operand_parser	0073b6fc	override	operand_parser.slot_015	sameas__vslot_015	0.90
0x00b10e10	sameas	operand_parser@0x00b0c7cc	0x00b108b8	16	0	0078a6f1	FUN_0078a6f1	0x00b0c7cc	operand_parser	0073b710	override	operand_parser.slot_016	sameas__vslot_016	0.90
0x00b10e10	sameas	operand_parser@0x00b0c7cc	0x00b108b8	17	0	0078a712	FUN_0078a712	0x00b0c7cc	operand_parser	0073b731	override	operand_parser.slot_017	sameas__vslot_017	0.90
0x00b10e10	sameas	operand_parser@0x00b0c7cc	0x00b108b8	18	0	0078a732	FUN_0078a732	0x00b0c7cc	operand_parser	0073b751	override	operand_parser.slot_018	sameas__vslot_018	0.90
0x00b10e10	sameas	operand_parser@0x00b0c7cc	0x00b108b8	19	0	0078a78d	FUN_0078a78d	0x00b0c7cc	operand_parser	0073b7ac	override	operand_parser.slot_019	sameas__vslot_019	0.90
0x00b10e10	sameas	operand_parser@0x00b0c7cc	0x00b108b8	20	0	0078a7dc	FUN_0078a7dc	0x00b0c7cc	operand_parser	0073b7fb	override	operand_parser.slot_020	sameas__vslot_020	0.90
0x00b10e10	sameas	operand_parser@0x00b0c7cc	0x00b108b8	21	0	0078a834	FUN_0078a834	0x00b0c7cc	operand_parser	0073b853	override	operand_parser.slot_021	sameas__vslot_021	0.90
0x00b10e10	sameas	operand_parser@0x00b0c7cc	0x00b108b8	22	0	0078a855	FUN_0078a855	0x00b0c7cc	operand_parser	0073b874	override	operand_parser.slot_022	sameas__vslot_022	0.90
0x00b10e20	ignore	operand_parser@0x00b0c7cc	0x00b10738	0	0	0078dd90	FUN_0078dd90	0x00b0c7cc	operand_parser	0073b5d2	override	operand_parser.slot_000	ignore__vslot_000	0.90
0x00b10e20	ignore	operand_parser@0x00b0c7cc	0x00b10738	1	0	0078a5bc	FUN_0078a5bc	0x00b0c7cc	operand_parser	0073b5db	override	operand_parser.slot_001	ignore__vslot_001	0.90
0x00b10e20	ignore	operand_parser@0x00b0c7cc	0x00b10738	2	0	0078a5c1	FUN_0078a5c1	0x00b0c7cc	operand_parser	0073b5e0	override	operand_parser.slot_002	ignore__vslot_002	0.90
0x00b10e20	ignore	operand_parser@0x00b0c7cc	0x00b10738	3	0	0078a60a	FUN_0078a60a	0x00b0c7cc	operand_parser	0073b629	override	operand_parser.slot_003	ignore__vslot_003	0.90
0x00b10e20	ignore	operand_parser@0x00b0c7cc	0x00b10738	4	0	0078a63f	FUN_0078a63f	0x00b0c7cc	operand_parser	0073b65e	override	operand_parser.slot_004	ignore__vslot_004	0.90
0x00b10e20	ignore	operand_parser@0x00b0c7cc	0x00b10738	5	0	0078a644	FUN_0078a644	0x00b0c7cc	operand_parser	0073b663	override	operand_parser.slot_005	ignore__vslot_005	0.90
0x00b10e20	ignore	operand_parser@0x00b0c7cc	0x00b10738	6	0	00742622	FUN_00742622	0x00b0c7cc	operand_parser	00742622	inherited	operand_parser.slot_006	ignore__vslot_006	0.93
0x00b10e20	ignore	operand_parser@0x00b0c7cc	0x00b10738	7	0	0078a665	FUN_0078a665	0x00b0c7cc	operand_parser	0073b684	override	operand_parser.slot_007	ignore__vslot_007	0.90
0x00b10e20	ignore	operand_parser@0x00b0c7cc	0x00b10738	8	0	0078a66f	FUN_0078a66f	0x00b0c7cc	operand_parser	0073b68e	override	operand_parser.slot_008	ignore__vslot_008	0.90
0x00b10e20	ignore	operand_parser@0x00b0c7cc	0x00b10738	9	0	0074281b	FUN_0074281b	0x00b0c7cc	operand_parser	0074281b	inherited	operand_parser.slot_009	ignore__vslot_009	0.93
0x00b10e20	ignore	operand_parser@0x00b0c7cc	0x00b10738	10	0	0078a678	FUN_0078a678	0x00b0c7cc	operand_parser	0073b697	override	operand_parser.slot_010	ignore__vslot_010	0.90
0x00b10e20	ignore	operand_parser@0x00b0c7cc	0x00b10738	11	0	0078a699	FUN_0078a699	0x00b0c7cc	operand_parser	0073b6b8	override	operand_parser.slot_011	ignore__vslot_011	0.90
0x00b10e20	ignore	operand_parser@0x00b0c7cc	0x00b10738	12	0	0078a6af	FUN_0078a6af	0x00b0c7cc	operand_parser	0073b6ce	override	operand_parser.slot_012	ignore__vslot_012	0.90
0x00b10e20	ignore	operand_parser@0x00b0c7cc	0x00b10738	13	0	0079b5b0	FUN_0079b5b0	0x00b0c7cc	operand_parser	0079b5b0	inherited	operand_parser.slot_013	ignore__vslot_013	0.93
0x00b10e20	ignore	operand_parser@0x00b0c7cc	0x00b10738	14	0	0078a6c3	FUN_0078a6c3	0x00b0c7cc	operand_parser	0073b6e2	override	operand_parser.slot_014	ignore__vslot_014	0.90
0x00b10e20	ignore	operand_parser@0x00b0c7cc	0x00b10738	15	0	0078a6dd	FUN_0078a6dd	0x00b0c7cc	operand_parser	0073b6fc	override	operand_parser.slot_015	ignore__vslot_015	0.90
0x00b10e20	ignore	operand_parser@0x00b0c7cc	0x00b10738	16	0	0078a6f1	FUN_0078a6f1	0x00b0c7cc	operand_parser	0073b710	override	operand_parser.slot_016	ignore__vslot_016	0.90
0x00b10e20	ignore	operand_parser@0x00b0c7cc	0x00b10738	17	0	0078a712	FUN_0078a712	0x00b0c7cc	operand_parser	0073b731	override	operand_parser.slot_017	ignore__vslot_017	0.90
0x00b10e20	ignore	operand_parser@0x00b0c7cc	0x00b10738	18	0	0078a732	FUN_0078a732	0x00b0c7cc	operand_parser	0073b751	override	operand_parser.slot_018	ignore__vslot_018	0.90
0x00b10e20	ignore	operand_parser@0x00b0c7cc	0x00b10738	19	0	0078a78d	FUN_0078a78d	0x00b0c7cc	operand_parser	0073b7ac	override	operand_parser.slot_019	ignore__vslot_019	0.90
0x00b10e20	ignore	operand_parser@0x00b0c7cc	0x00b10738	20	0	0078a7dc	FUN_0078a7dc	0x00b0c7cc	operand_parser	0073b7fb	override	operand_parser.slot_020	ignore__vslot_020	0.90
0x00b10e20	ignore	operand_parser@0x00b0c7cc	0x00b10738	21	0	0078a834	FUN_0078a834	0x00b0c7cc	operand_parser	0073b853	override	operand_parser.slot_021	ignore__vslot_021	0.90
0x00b10e20	ignore	operand_parser@0x00b0c7cc	0x00b10738	22	0	0078a855	FUN_0078a855	0x00b0c7cc	operand_parser	0073b874	override	operand_parser.slot_022	ignore__vslot_022	0.90
0x00b10e30	mnemonic_placeholder	operand_parser@0x00b0c7cc	0x00b10af8	0	0	00790a1c	FUN_00790a1c	0x00b0c7cc	operand_parser	0073b5d2	override	operand_parser.slot_000	mnemonic_placeholder__vslot_000	0.90
0x00b10e30	mnemonic_placeholder	operand_parser@0x00b0c7cc	0x00b10af8	1	0	0078a5bc	FUN_0078a5bc	0x00b0c7cc	operand_parser	0073b5db	override	operand_parser.slot_001	mnemonic_placeholder__vslot_001	0.90
0x00b10e30	mnemonic_placeholder	operand_parser@0x00b0c7cc	0x00b10af8	2	0	0078a5c1	FUN_0078a5c1	0x00b0c7cc	operand_parser	0073b5e0	override	operand_parser.slot_002	mnemonic_placeholder__vslot_002	0.90
0x00b10e30	mnemonic_placeholder	operand_parser@0x00b0c7cc	0x00b10af8	3	0	0078a60a	FUN_0078a60a	0x00b0c7cc	operand_parser	0073b629	override	operand_parser.slot_003	mnemonic_placeholder__vslot_003	0.90
0x00b10e30	mnemonic_placeholder	operand_parser@0x00b0c7cc	0x00b10af8	4	0	0078a63f	FUN_0078a63f	0x00b0c7cc	operand_parser	0073b65e	override	operand_parser.slot_004	mnemonic_placeholder__vslot_004	0.90
0x00b10e30	mnemonic_placeholder	operand_parser@0x00b0c7cc	0x00b10af8	5	0	0078a644	FUN_0078a644	0x00b0c7cc	operand_parser	0073b663	override	operand_parser.slot_005	mnemonic_placeholder__vslot_005	0.90
0x00b10e30	mnemonic_placeholder	operand_parser@0x00b0c7cc	0x00b10af8	6	0	00742622	FUN_00742622	0x00b0c7cc	operand_parser	00742622	inherited	operand_parser.slot_006	mnemonic_placeholder__vslot_006	0.93
0x00b10e30	mnemonic_placeholder	operand_parser@0x00b0c7cc	0x00b10af8	7	0	0078a665	FUN_0078a665	0x00b0c7cc	operand_parser	0073b684	override	operand_parser.slot_007	mnemonic_placeholder__vslot_007	0.90
0x00b10e30	mnemonic_placeholder	operand_parser@0x00b0c7cc	0x00b10af8	8	0	0078a66f	FUN_0078a66f	0x00b0c7cc	operand_parser	0073b68e	override	operand_parser.slot_008	mnemonic_placeholder__vslot_008	0.90
0x00b10e30	mnemonic_placeholder	operand_parser@0x00b0c7cc	0x00b10af8	9	0	0074281b	FUN_0074281b	0x00b0c7cc	operand_parser	0074281b	inherited	operand_parser.slot_009	mnemonic_placeholder__vslot_009	0.93
0x00b10e30	mnemonic_placeholder	operand_parser@0x00b0c7cc	0x00b10af8	10	0	0078a678	FUN_0078a678	0x00b0c7cc	operand_parser	0073b697	override	operand_parser.slot_010	mnemonic_placeholder__vslot_010	0.90
0x00b10e30	mnemonic_placeholder	operand_parser@0x00b0c7cc	0x00b10af8	11	0	0078a699	FUN_0078a699	0x00b0c7cc	operand_parser	0073b6b8	override	operand_parser.slot_011	mnemonic_placeholder__vslot_011	0.90
0x00b10e30	mnemonic_placeholder	operand_parser@0x00b0c7cc	0x00b10af8	12	0	0078a6af	FUN_0078a6af	0x00b0c7cc	operand_parser	0073b6ce	override	operand_parser.slot_012	mnemonic_placeholder__vslot_012	0.90
0x00b10e30	mnemonic_placeholder	operand_parser@0x00b0c7cc	0x00b10af8	13	0	0079b5b0	FUN_0079b5b0	0x00b0c7cc	operand_parser	0079b5b0	inherited	operand_parser.slot_013	mnemonic_placeholder__vslot_013	0.93
0x00b10e30	mnemonic_placeholder	operand_parser@0x00b0c7cc	0x00b10af8	14	0	0078a6c3	FUN_0078a6c3	0x00b0c7cc	operand_parser	0073b6e2	override	operand_parser.slot_014	mnemonic_placeholder__vslot_014	0.90
0x00b10e30	mnemonic_placeholder	operand_parser@0x00b0c7cc	0x00b10af8	15	0	0078a6dd	FUN_0078a6dd	0x00b0c7cc	operand_parser	0073b6fc	override	operand_parser.slot_015	mnemonic_placeholder__vslot_015	0.90
0x00b10e30	mnemonic_placeholder	operand_parser@0x00b0c7cc	0x00b10af8	16	0	0078a6f1	FUN_0078a6f1	0x00b0c7cc	operand_parser	0073b710	override	operand_parser.slot_016	mnemonic_placeholder__vslot_016	0.90
0x00b10e30	mnemonic_placeholder	operand_parser@0x00b0c7cc	0x00b10af8	17	0	0078a712	FUN_0078a712	0x00b0c7cc	operand_parser	0073b731	override	operand_parser.slot_017	mnemonic_placeholder__vslot_017	0.90
0x00b10e30	mnemonic_placeholder	operand_parser@0x00b0c7cc	0x00b10af8	18	0	0078a732	FUN_0078a732	0x00b0c7cc	operand_parser	0073b751	override	operand_parser.slot_018	mnemonic_placeholder__vslot_018	0.90
0x00b10e30	mnemonic_placeholder	operand_parser@0x00b0c7cc	0x00b10af8	19	0	0078a78d	FUN_0078a78d	0x00b0c7cc	operand_parser	0073b7ac	override	operand_parser.slot_019	mnemonic_placeholder__vslot_019	0.90
0x00b10e30	mnemonic_placeholder	operand_parser@0x00b0c7cc	0x00b10af8	20	0	0078a7dc	FUN_0078a7dc	0x00b0c7cc	operand_parser	0073b7fb	override	operand_parser.slot_020	mnemonic_placeholder__vslot_020	0.90
0x00b10e30	mnemonic_placeholder	operand_parser@0x00b0c7cc	0x00b10af8	21	0	0078a834	FUN_0078a834	0x00b0c7cc	operand_parser	0073b853	override	operand_parser.slot_021	mnemonic_placeholder__vslot_021	0.90
0x00b10e30	mnemonic_placeholder	operand_parser@0x00b0c7cc	0x00b10af8	22	0	0078a855	FUN_0078a855	0x00b0c7cc	operand_parser	0073b874	override	operand_parser.slot_022	mnemonic_placeholder__vslot_022	0.90
0x00b10f10	std::exception	std_exception@0x00b10f10	0x00b10e78	0	0	007918c0	FUN_007918c0				root_or_new	std_exception.slot_000	std_exception__vslot_000	0.78
0x00b10f10	std::exception	std_exception@0x00b10f10	0x00b10e78	1	0	007918e7	FUN_007918e7				root_or_new	std_exception.slot_001	std_exception__vslot_001	0.78
0x00b10f10	std::exception	std_exception@0x00b10f10	0x00b10e78	2	0	007918f3	FUN_007918f3				root_or_new	std_exception.slot_002	std_exception__vslot_002	0.78
0x00b10f20	std::bad_alloc	std_exception@0x00b10f10	0x00b10e98	0	0	007918f8	FUN_007918f8	0x00b10f10	std::exception	007918c0	override	std_exception.slot_000	std_bad_alloc__vslot_000	0.90
0x00b10f20	std::bad_alloc	std_exception@0x00b10f10	0x00b10e98	1	0	007918e7	FUN_007918e7	0x00b10f10	std::exception	007918e7	inherited	std_exception.slot_001	std_bad_alloc__vslot_001	0.93
0x00b10f20	std::bad_alloc	std_exception@0x00b10f10	0x00b10e98	2	0	0079191f	FUN_0079191f	0x00b10f10	std::exception	007918f3	override	std_exception.slot_002	std_bad_alloc__vslot_002	0.90
0x00b10f30	std::logic_error	std_exception@0x00b10f10	0x00b10eb8	0	0	007922d9	FUN_007922d9	0x00b10f10	std::exception	007918c0	override	std_exception.slot_000	std_logic_error__vslot_000	0.90
0x00b10f30	std::logic_error	std_exception@0x00b10f10	0x00b10eb8	1	0	00792312	FUN_00792312	0x00b10f10	std::exception	007918e7	override	std_exception.slot_001	std_logic_error__vslot_001	0.90
0x00b10f30	std::logic_error	std_exception@0x00b10f10	0x00b10eb8	2	0	0079232f	FUN_0079232f	0x00b10f10	std::exception	007918f3	override	std_exception.slot_002	std_logic_error__vslot_002	0.90
0x00b10f40	std::length_error	std_exception@0x00b10f10	0x00b10ed8	0	0	00792340	FUN_00792340	0x00b10f30	std::logic_error	007922d9	override	std_exception.slot_000	std_length_error__vslot_000	0.90
0x00b10f40	std::length_error	std_exception@0x00b10f10	0x00b10ed8	1	0	00792312	FUN_00792312	0x00b10f30	std::logic_error	00792312	inherited	std_exception.slot_001	std_length_error__vslot_001	0.93
0x00b10f40	std::length_error	std_exception@0x00b10f10	0x00b10ed8	2	0	00792379	FUN_00792379	0x00b10f30	std::logic_error	0079232f	override	std_exception.slot_002	std_length_error__vslot_002	0.90
0x00b10f50	std::out_of_range	std_exception@0x00b10f10	0x00b10ef8	0	0	0079238a	FUN_0079238a	0x00b10f30	std::logic_error	007922d9	override	std_exception.slot_000	std_out_of_range__vslot_000	0.90
0x00b10f50	std::out_of_range	std_exception@0x00b10f10	0x00b10ef8	1	0	00792312	FUN_00792312	0x00b10f30	std::logic_error	00792312	inherited	std_exception.slot_001	std_out_of_range__vslot_001	0.93
0x00b10f50	std::out_of_range	std_exception@0x00b10f10	0x00b10ef8	2	0	007923c3	FUN_007923c3	0x00b10f30	std::logic_error	0079232f	override	std_exception.slot_002	std_out_of_range__vslot_002	0.90
0x00b1155c	Disassembler	Disassembler@0x00b1155c	0x00b114bc	0	0	00796e31	FUN_00796e31				root_or_new	Disassembler.slot_000	Disassembler__vslot_000	0.78
0x00b1155c	Disassembler	Disassembler@0x00b1155c	0x00b114bc	1	0	00795c8c	FUN_00795c8c				root_or_new	Disassembler.slot_001	Disassembler__vslot_001	0.78
0x00b1155c	Disassembler	Disassembler@0x00b1155c	0x00b114bc	2	0	00795c95	FUN_00795c95				root_or_new	Disassembler.slot_002	Disassembler__vslot_002	0.78
0x00b1155c	Disassembler	Disassembler@0x00b1155c	0x00b114bc	3	0	00795ca2	FUN_00795ca2				root_or_new	Disassembler.slot_003	Disassembler__vslot_003	0.78
0x00b1155c	Disassembler	Disassembler@0x00b1155c	0x00b114bc	4	0	00795cc3	FUN_00795cc3				root_or_new	Disassembler.slot_004	Disassembler__vslot_004	0.78
0x00b1155c	Disassembler	Disassembler@0x00b1155c	0x00b114bc	5	0	00795ccd	FUN_00795ccd				root_or_new	Disassembler.slot_005	Disassembler__vslot_005	0.78
0x00b1155c	Disassembler	Disassembler@0x00b1155c	0x00b114bc	6	0	00797bb6	FUN_00797bb6				root_or_new	Disassembler.slot_006	Disassembler__vslot_006	0.78
0x00b1155c	Disassembler	Disassembler@0x00b1155c	0x00b114bc	7	0	00798d6d	FUN_00798d6d				root_or_new	Disassembler.slot_007	Disassembler__vslot_007	0.78
0x00b1155c	Disassembler	Disassembler@0x00b1155c	0x00b114bc	8	0	007991de	FUN_007991de				root_or_new	Disassembler.slot_008	Disassembler__vslot_008	0.78
0x00b1155c	Disassembler	Disassembler@0x00b1155c	0x00b114bc	9	0	0079ab66	FUN_0079ab66				root_or_new	Disassembler.slot_009	Disassembler__vslot_009	0.78
0x00b1155c	Disassembler	Disassembler@0x00b1155c	0x00b114bc	10	0	00795cec	FUN_00795cec				root_or_new	Disassembler.slot_010	Disassembler__vslot_010	0.78
0x00b1155c	Disassembler	Disassembler@0x00b1155c	0x00b114bc	11	0	00795cf6	FUN_00795cf6				root_or_new	Disassembler.slot_011	Disassembler__vslot_011	0.78
0x00b1155c	Disassembler	Disassembler@0x00b1155c	0x00b114bc	12	0	00796ef1	FUN_00796ef1				root_or_new	Disassembler.slot_012	Disassembler__vslot_012	0.78
0x00b1155c	Disassembler	Disassembler@0x00b1155c	0x00b114bc	13	0	00795d00	FUN_00795d00				root_or_new	Disassembler.slot_013	Disassembler__vslot_013	0.78
0x00b1155c	Disassembler	Disassembler@0x00b1155c	0x00b114bc	14	0	007972fd	FUN_007972fd				root_or_new	Disassembler.slot_014	Disassembler__vslot_014	0.78
0x00b1155c	Disassembler	Disassembler@0x00b1155c	0x00b114bc	15	0	00795d0c	FUN_00795d0c				root_or_new	Disassembler.slot_015	Disassembler__vslot_015	0.78
0x00b1155c	Disassembler	Disassembler@0x00b1155c	0x00b114bc	16	0	00795d15	FUN_00795d15				root_or_new	Disassembler.slot_016	Disassembler__vslot_016	0.78
0x00b1155c	Disassembler	Disassembler@0x00b1155c	0x00b114bc	17	0	00795d2b	FUN_00795d2b				root_or_new	Disassembler.slot_017	Disassembler__vslot_017	0.78
0x00b11aa8	std::exception	std_exception@0x00b11aa8	0x00b11a30	0	0	0079ca40	FUN_0079ca40				root_or_new	std_exception.slot_000	std_exception__vslot_000	0.78
0x00b11aa8	std::exception	std_exception@0x00b11aa8	0x00b11a30	1	0	0079ca67	FUN_0079ca67				root_or_new	std_exception.slot_001	std_exception__vslot_001	0.78
0x00b11aa8	std::exception	std_exception@0x00b11aa8	0x00b11a30	2	0	0079ca73	FUN_0079ca73				root_or_new	std_exception.slot_002	std_exception__vslot_002	0.78
0x00b11ab8	std::bad_alloc	std_exception@0x00b11aa8	0x00b11a50	0	0	0079ca78	FUN_0079ca78	0x00b11aa8	std::exception	0079ca40	override	std_exception.slot_000	std_bad_alloc__vslot_000	0.90
0x00b11ab8	std::bad_alloc	std_exception@0x00b11aa8	0x00b11a50	1	0	0079ca67	FUN_0079ca67	0x00b11aa8	std::exception	0079ca67	inherited	std_exception.slot_001	std_bad_alloc__vslot_001	0.93
0x00b11ab8	std::bad_alloc	std_exception@0x00b11aa8	0x00b11a50	2	0	0079ca9f	FUN_0079ca9f	0x00b11aa8	std::exception	0079ca73	override	std_exception.slot_002	std_bad_alloc__vslot_002	0.90
0x00b11ac8	std::logic_error	std_exception@0x00b11aa8	0x00b11a70	0	0	0079d325	FUN_0079d325	0x00b11aa8	std::exception	0079ca40	override	std_exception.slot_000	std_logic_error__vslot_000	0.90
0x00b11ac8	std::logic_error	std_exception@0x00b11aa8	0x00b11a70	1	0	0079d35e	FUN_0079d35e	0x00b11aa8	std::exception	0079ca67	override	std_exception.slot_001	std_logic_error__vslot_001	0.90
0x00b11ac8	std::logic_error	std_exception@0x00b11aa8	0x00b11a70	2	0	0079d37b	FUN_0079d37b	0x00b11aa8	std::exception	0079ca73	override	std_exception.slot_002	std_logic_error__vslot_002	0.90
0x00b11ad8	std::length_error	std_exception@0x00b11aa8	0x00b11a90	0	0	0079d38c	FUN_0079d38c	0x00b11ac8	std::logic_error	0079d325	override	std_exception.slot_000	std_length_error__vslot_000	0.90
0x00b11ad8	std::length_error	std_exception@0x00b11aa8	0x00b11a90	1	0	0079d35e	FUN_0079d35e	0x00b11ac8	std::logic_error	0079d35e	inherited	std_exception.slot_001	std_length_error__vslot_001	0.93
0x00b11ad8	std::length_error	std_exception@0x00b11aa8	0x00b11a90	2	0	0079d3c5	FUN_0079d3c5	0x00b11ac8	std::logic_error	0079d37b	override	std_exception.slot_002	std_length_error__vslot_002	0.90
0x00b11f18	IndInst::instop	IndInst_instop@0x00b11f18	0x00b11e80	0	0	0079d717	FUN_0079d717				root_or_new	IndInst_instop.slot_000	IndInst_instop__vslot_000	0.78
0x00b11f18	IndInst::instop	IndInst_instop@0x00b11f18	0x00b11e80	1	0	00a92860					root_or_new	IndInst_instop.slot_001	IndInst_instop__vslot_001	0.78
0x00b11f18	IndInst::instop	IndInst_instop@0x00b11f18	0x00b11e80	2	0	0079d917	FUN_0079d917				root_or_new	IndInst_instop.slot_002	IndInst_instop__vslot_002	0.78
0x00b11f28	IndInst::instopreg	IndInst_instop@0x00b11f18	0x00b11ea0	0	0	0079d73e	FUN_0079d73e	0x00b11f18	IndInst::instop	0079d717	override	IndInst_instop.slot_000	IndInst_instopreg__vslot_000	0.90
0x00b11f28	IndInst::instopreg	IndInst_instop@0x00b11f18	0x00b11ea0	1	0	0079d993	FUN_0079d993	0x00b11f18	IndInst::instop	00a92860	override	IndInst_instop.slot_001	IndInst_instopreg__vslot_001	0.90
0x00b11f28	IndInst::instopreg	IndInst_instop@0x00b11f18	0x00b11ea0	2	0	0079da64	FUN_0079da64	0x00b11f18	IndInst::instop	0079d917	override	IndInst_instop.slot_002	IndInst_instopreg__vslot_002	0.90
0x00b11f38	IndInst::instopimm	IndInst_instop@0x00b11f18	0x00b11ec0	0	0	0079d765	FUN_0079d765	0x00b11f18	IndInst::instop	0079d717	override	IndInst_instop.slot_000	IndInst_instopimm__vslot_000	0.90
0x00b11f38	IndInst::instopimm	IndInst_instop@0x00b11f18	0x00b11ec0	1	0	0079daaf	FUN_0079daaf	0x00b11f18	IndInst::instop	00a92860	override	IndInst_instop.slot_001	IndInst_instopimm__vslot_001	0.90
0x00b11f38	IndInst::instopimm	IndInst_instop@0x00b11f18	0x00b11ec0	2	0	0079dba8	FUN_0079dba8	0x00b11f18	IndInst::instop	0079d917	override	IndInst_instop.slot_002	IndInst_instopimm__vslot_002	0.90
0x00b11f48	IndInst::instopcomp	IndInst_instop@0x00b11f18	0x00b11ee0	0	0	0079dc2a	FUN_0079dc2a	0x00b11f18	IndInst::instop	0079d717	override	IndInst_instop.slot_000	IndInst_instopcomp__vslot_000	0.90
0x00b11f48	IndInst::instopcomp	IndInst_instop@0x00b11f18	0x00b11ee0	1	0	0079dcba	FUN_0079dcba	0x00b11f18	IndInst::instop	00a92860	override	IndInst_instop.slot_001	IndInst_instopcomp__vslot_001	0.90
0x00b11f48	IndInst::instopcomp	IndInst_instop@0x00b11f18	0x00b11ee0	2	0	0079dd7a	FUN_0079dd7a	0x00b11f18	IndInst::instop	0079d917	override	IndInst_instop.slot_002	IndInst_instopcomp__vslot_002	0.90
0x00b11f58	IndInst::instopreglist	IndInst_instop@0x00b11f18	0x00b11f00	0	0	0079de2e	FUN_0079de2e	0x00b11f18	IndInst::instop	0079d717	override	IndInst_instop.slot_000	IndInst_instopreglist__vslot_000	0.90
0x00b11f58	IndInst::instopreglist	IndInst_instop@0x00b11f18	0x00b11f00	1	0	0079deed	FUN_0079deed	0x00b11f18	IndInst::instop	00a92860	override	IndInst_instop.slot_001	IndInst_instopreglist__vslot_001	0.90
0x00b11f58	IndInst::instopreglist	IndInst_instop@0x00b11f18	0x00b11f00	2	0	0079e0ab	FUN_0079e0ab	0x00b11f18	IndInst::instop	0079d917	override	IndInst_instop.slot_002	IndInst_instopreglist__vslot_002	0.90
0x00b12008	std::exception	std_exception@0x00b12008	0x00b11f90	0	0	0079ea10	FUN_0079ea10				root_or_new	std_exception.slot_000	std_exception__vslot_000	0.78
0x00b12008	std::exception	std_exception@0x00b12008	0x00b11f90	1	0	0079ea37	FUN_0079ea37				root_or_new	std_exception.slot_001	std_exception__vslot_001	0.78
0x00b12008	std::exception	std_exception@0x00b12008	0x00b11f90	2	0	0079ea43	FUN_0079ea43				root_or_new	std_exception.slot_002	std_exception__vslot_002	0.78
0x00b12018	std::bad_alloc	std_exception@0x00b12008	0x00b11fb0	0	0	0079ea48	FUN_0079ea48	0x00b12008	std::exception	0079ea10	override	std_exception.slot_000	std_bad_alloc__vslot_000	0.90
0x00b12018	std::bad_alloc	std_exception@0x00b12008	0x00b11fb0	1	0	0079ea37	FUN_0079ea37	0x00b12008	std::exception	0079ea37	inherited	std_exception.slot_001	std_bad_alloc__vslot_001	0.93
0x00b12018	std::bad_alloc	std_exception@0x00b12008	0x00b11fb0	2	0	0079ea6f	FUN_0079ea6f	0x00b12008	std::exception	0079ea43	override	std_exception.slot_002	std_bad_alloc__vslot_002	0.90
0x00b12028	std::logic_error	std_exception@0x00b12008	0x00b11fd0	0	0	0079f489	FUN_0079f489	0x00b12008	std::exception	0079ea10	override	std_exception.slot_000	std_logic_error__vslot_000	0.90
0x00b12028	std::logic_error	std_exception@0x00b12008	0x00b11fd0	1	0	0079f4c2	FUN_0079f4c2	0x00b12008	std::exception	0079ea37	override	std_exception.slot_001	std_logic_error__vslot_001	0.90
0x00b12028	std::logic_error	std_exception@0x00b12008	0x00b11fd0	2	0	0079f4df	FUN_0079f4df	0x00b12008	std::exception	0079ea43	override	std_exception.slot_002	std_logic_error__vslot_002	0.90
0x00b12038	std::length_error	std_exception@0x00b12008	0x00b11ff0	0	0	0079f4f0	FUN_0079f4f0	0x00b12028	std::logic_error	0079f489	override	std_exception.slot_000	std_length_error__vslot_000	0.90
0x00b12038	std::length_error	std_exception@0x00b12008	0x00b11ff0	1	0	0079f4c2	FUN_0079f4c2	0x00b12028	std::logic_error	0079f4c2	inherited	std_exception.slot_001	std_length_error__vslot_001	0.93
0x00b12038	std::length_error	std_exception@0x00b12008	0x00b11ff0	2	0	0079f529	FUN_0079f529	0x00b12028	std::logic_error	0079f4df	override	std_exception.slot_002	std_length_error__vslot_002	0.90
0x00b125a0	IndInst::IndInstInterface	IndInst_IndInstInterface@0x00b125a0	0x00b12570	0	0	0079f959	FUN_0079f959				root_or_new	IndInst_IndInstInterface.slot_000	IndInst_IndInstInterface__vslot_000	0.78
0x00b125a0	IndInst::IndInstInterface	IndInst_IndInstInterface@0x00b125a0	0x00b12570	1	0	0079f9bd	FUN_0079f9bd				root_or_new	IndInst_IndInstInterface.slot_001	IndInst_IndInstInterface__vslot_001	0.78
0x00b125a0	IndInst::IndInstInterface	IndInst_IndInstInterface@0x00b125a0	0x00b12570	2	0	0079fa60	FUN_0079fa60				root_or_new	IndInst_IndInstInterface.slot_002	IndInst_IndInstInterface__vslot_002	0.78
0x00b125a0	IndInst::IndInstInterface	IndInst_IndInstInterface@0x00b125a0	0x00b12570	3	0	0079fdcc	FUN_0079fdcc				root_or_new	IndInst_IndInstInterface.slot_003	IndInst_IndInstInterface__vslot_003	0.78
0x00b125a0	IndInst::IndInstInterface	IndInst_IndInstInterface@0x00b125a0	0x00b12570	4	0	007a023e	FUN_007a023e				root_or_new	IndInst_IndInstInterface.slot_004	IndInst_IndInstInterface__vslot_004	0.78
0x00b125a0	IndInst::IndInstInterface	IndInst_IndInstInterface@0x00b125a0	0x00b12570	5	0	007a044d	FUN_007a044d				root_or_new	IndInst_IndInstInterface.slot_005	IndInst_IndInstInterface__vslot_005	0.78
0x00b12800	OutputGen	OutputGen@0x00b12800	0x00b12740	0	0	00a92860					root_or_new	OutputGen.slot_000	OutputGen__vslot_000	0.78
0x00b12800	OutputGen	OutputGen@0x00b12800	0x00b12740	1	0	007a0ddc	FUN_007a0ddc				root_or_new	OutputGen.slot_001	OutputGen__vslot_001	0.78
0x00b12800	OutputGen	OutputGen@0x00b12800	0x00b12740	2	0	007a0e16	FUN_007a0e16				root_or_new	OutputGen.slot_002	OutputGen__vslot_002	0.78
0x00b12800	OutputGen	OutputGen@0x00b12800	0x00b12740	3	0	007a0e54	FUN_007a0e54				root_or_new	OutputGen.slot_003	OutputGen__vslot_003	0.78
0x00b12810	SimpleOutputGen	OutputGen@0x00b12800	0x00b12768	0	0	007a0ed0	FUN_007a0ed0	0x00b12800	OutputGen	00a92860	override	OutputGen.slot_000	SimpleOutputGen__vslot_000	0.90
0x00b12810	SimpleOutputGen	OutputGen@0x00b12800	0x00b12768	1	0	007a0f69	FUN_007a0f69	0x00b12800	OutputGen	007a0ddc	override	OutputGen.slot_001	SimpleOutputGen__vslot_001	0.90
0x00b12810	SimpleOutputGen	OutputGen@0x00b12800	0x00b12768	2	0	007a0ff2	FUN_007a0ff2	0x00b12800	OutputGen	007a0e16	override	OutputGen.slot_002	SimpleOutputGen__vslot_002	0.90
0x00b12810	SimpleOutputGen	OutputGen@0x00b12800	0x00b12768	3	0	007a0e54	FUN_007a0e54	0x00b12800	OutputGen	007a0e54	inherited	OutputGen.slot_003	SimpleOutputGen__vslot_003	0.93
0x00b12820	FileOutputGen	OutputGen@0x00b12800	0x00b12790	0	0	007a1026	FUN_007a1026	0x00b12800	OutputGen	00a92860	override	OutputGen.slot_000	FileOutputGen__vslot_000	0.90
0x00b12820	FileOutputGen	OutputGen@0x00b12800	0x00b12790	1	0	007a1060	FUN_007a1060	0x00b12800	OutputGen	007a0ddc	override	OutputGen.slot_001	FileOutputGen__vslot_001	0.90
0x00b12820	FileOutputGen	OutputGen@0x00b12800	0x00b12790	2	0	007a1098	FUN_007a1098	0x00b12800	OutputGen	007a0e16	override	OutputGen.slot_002	FileOutputGen__vslot_002	0.90
0x00b12820	FileOutputGen	OutputGen@0x00b12800	0x00b12790	3	0	007a0e54	FUN_007a0e54	0x00b12800	OutputGen	007a0e54	inherited	OutputGen.slot_003	FileOutputGen__vslot_003	0.93
0x00b12830	BufferOutputGen	OutputGen@0x00b12800	0x00b127b8	0	0	007a10d3	FUN_007a10d3	0x00b12800	OutputGen	00a92860	override	OutputGen.slot_000	BufferOutputGen__vslot_000	0.90
0x00b12830	BufferOutputGen	OutputGen@0x00b12800	0x00b127b8	1	0	007a10fe	FUN_007a10fe	0x00b12800	OutputGen	007a0ddc	override	OutputGen.slot_001	BufferOutputGen__vslot_001	0.90
0x00b12830	BufferOutputGen	OutputGen@0x00b12800	0x00b127b8	2	0	007a0e16	FUN_007a0e16	0x00b12800	OutputGen	007a0e16	inherited	OutputGen.slot_002	BufferOutputGen__vslot_002	0.93
0x00b12830	BufferOutputGen	OutputGen@0x00b12800	0x00b127b8	3	0	007a0e54	FUN_007a0e54	0x00b12800	OutputGen	007a0e54	inherited	OutputGen.slot_003	BufferOutputGen__vslot_003	0.93
0x00b12840	DebugOutputGen	OutputGen@0x00b12800	0x00b127e0	0	0	007a11cf	FUN_007a11cf	0x00b12800	OutputGen	00a92860	override	OutputGen.slot_000	DebugOutputGen__vslot_000	0.90
0x00b12840	DebugOutputGen	OutputGen@0x00b12800	0x00b127e0	1	0	007a1239	FUN_007a1239	0x00b12800	OutputGen	007a0ddc	override	OutputGen.slot_001	DebugOutputGen__vslot_001	0.90
0x00b12840	DebugOutputGen	OutputGen@0x00b12800	0x00b127e0	2	0	007a0e16	FUN_007a0e16	0x00b12800	OutputGen	007a0e16	inherited	OutputGen.slot_002	DebugOutputGen__vslot_002	0.93
0x00b12840	DebugOutputGen	OutputGen@0x00b12800	0x00b127e0	3	0	007a0e54	FUN_007a0e54	0x00b12800	OutputGen	007a0e54	inherited	OutputGen.slot_003	DebugOutputGen__vslot_003	0.93
0x00b12cf4	std::exception	std_exception@0x00b12cf4	0x00b12cbc	0	0	007a1610	FUN_007a1610				root_or_new	std_exception.slot_000	std_exception__vslot_000	0.78
0x00b12cf4	std::exception	std_exception@0x00b12cf4	0x00b12cbc	1	0	007a1637	FUN_007a1637				root_or_new	std_exception.slot_001	std_exception__vslot_001	0.78
0x00b12cf4	std::exception	std_exception@0x00b12cf4	0x00b12cbc	2	0	007a1643	FUN_007a1643				root_or_new	std_exception.slot_002	std_exception__vslot_002	0.78
0x00b12d04	std::bad_alloc	std_exception@0x00b12cf4	0x00b12cdc	0	0	007a1648	FUN_007a1648	0x00b12cf4	std::exception	007a1610	override	std_exception.slot_000	std_bad_alloc__vslot_000	0.90
0x00b12d04	std::bad_alloc	std_exception@0x00b12cf4	0x00b12cdc	1	0	007a1637	FUN_007a1637	0x00b12cf4	std::exception	007a1637	inherited	std_exception.slot_001	std_bad_alloc__vslot_001	0.93
0x00b12d04	std::bad_alloc	std_exception@0x00b12cf4	0x00b12cdc	2	0	007a166f	FUN_007a166f	0x00b12cf4	std::exception	007a1643	override	std_exception.slot_002	std_bad_alloc__vslot_002	0.90
0x00bd48a0	std::exception	std_exception@0x00bd48a0	0x00bd4808	0	0	00a91fa0	FUN_00a91fa0				root_or_new	std_exception.slot_000	std_exception__vslot_000	0.78
0x00bd48a0	std::exception	std_exception@0x00bd48a0	0x00bd4808	1	0	00a91fc6	FUN_00a91fc6				root_or_new	std_exception.slot_001	std_exception__vslot_001	0.78
0x00bd48a0	std::exception	std_exception@0x00bd48a0	0x00bd4808	2	0	00a9284f	FUN_00a9284f				root_or_new	std_exception.slot_002	std_exception__vslot_002	0.78
0x00bd48b0	std::bad_alloc	std_exception@0x00bd48a0	0x00bd4828	0	0	00a91fd9	FUN_00a91fd9	0x00bd48a0	std::exception	00a91fa0	override	std_exception.slot_000	std_bad_alloc__vslot_000	0.90
0x00bd48b0	std::bad_alloc	std_exception@0x00bd48a0	0x00bd4828	1	0	00a91fc6	FUN_00a91fc6	0x00bd48a0	std::exception	00a91fc6	inherited	std_exception.slot_001	std_bad_alloc__vslot_001	0.93
0x00bd48b0	std::bad_alloc	std_exception@0x00bd48a0	0x00bd4828	2	0	00a91fd0	FUN_00a91fd0	0x00bd48a0	std::exception	00a9284f	override	std_exception.slot_002	std_bad_alloc__vslot_002	0.90
0x00bd48c0	std::logic_error	std_exception@0x00bd48a0	0x00bd4848	0	0	00a9276f	FUN_00a9276f	0x00bd48a0	std::exception	00a91fa0	override	std_exception.slot_000	std_logic_error__vslot_000	0.90
0x00bd48c0	std::logic_error	std_exception@0x00bd48a0	0x00bd4848	1	0	00a927a7	FUN_00a927a7	0x00bd48a0	std::exception	00a91fc6	override	std_exception.slot_001	std_logic_error__vslot_001	0.90
0x00bd48c0	std::logic_error	std_exception@0x00bd48a0	0x00bd4848	2	0	00a927c4	FUN_00a927c4	0x00bd48a0	std::exception	00a9284f	override	std_exception.slot_002	std_logic_error__vslot_002	0.90
0x00bd48d0	std::length_error	std_exception@0x00bd48a0	0x00bd4868	0	0	00a927cd	FUN_00a927cd	0x00bd48c0	std::logic_error	00a9276f	override	std_exception.slot_000	std_length_error__vslot_000	0.90
0x00bd48d0	std::length_error	std_exception@0x00bd48a0	0x00bd4868	1	0	00a927a7	FUN_00a927a7	0x00bd48c0	std::logic_error	00a927a7	inherited	std_exception.slot_001	std_length_error__vslot_001	0.93
0x00bd48d0	std::length_error	std_exception@0x00bd48a0	0x00bd4868	2	0	00a92805	FUN_00a92805	0x00bd48c0	std::logic_error	00a927c4	override	std_exception.slot_002	std_length_error__vslot_002	0.90
0x00bd48e0	std::out_of_range	std_exception@0x00bd48a0	0x00bd4888	0	0	00a9280e	FUN_00a9280e	0x00bd48c0	std::logic_error	00a9276f	override	std_exception.slot_000	std_out_of_range__vslot_000	0.90
0x00bd48e0	std::out_of_range	std_exception@0x00bd48a0	0x00bd4888	1	0	00a927a7	FUN_00a927a7	0x00bd48c0	std::logic_error	00a927a7	inherited	std_exception.slot_001	std_out_of_range__vslot_001	0.93
0x00bd48e0	std::out_of_range	std_exception@0x00bd48a0	0x00bd4888	2	0	00a92846	FUN_00a92846	0x00bd48c0	std::logic_error	00a927c4	override	std_exception.slot_002	std_out_of_range__vslot_002	0.90
